TRACE::2024-12-08.17:31:38::SCWPlatform::Trying to open the hw design at F:/Education/FPGA_Labs/Labs_2/lab4/audio_new/design_1_wrapper_iz/hw/design_1_wrapper_iz.xsa
TRACE::2024-12-08.17:31:38::SCWPlatform::DSA given F:/Education/FPGA_Labs/Labs_2/lab4/audio_new/design_1_wrapper_iz/hw/design_1_wrapper_iz.xsa
TRACE::2024-12-08.17:31:38::SCWPlatform::DSA absoulate path F:/Education/FPGA_Labs/Labs_2/lab4/audio_new/design_1_wrapper_iz/hw/design_1_wrapper_iz.xsa
TRACE::2024-12-08.17:31:38::SCWPlatform::DSA directory F:/Education/FPGA_Labs/Labs_2/lab4/audio_new/design_1_wrapper_iz/hw
TRACE::2024-12-08.17:31:38::SCWPlatform:: Platform Path F:/Education/FPGA_Labs/Labs_2/lab4/audio_new/design_1_wrapper_iz/hw/design_1_wrapper_iz.xsa
TRACE::2024-12-08.17:31:38::SCWPlatform:: Unique name xilinx:zedboard::0.0
TRACE::2024-12-08.17:31:38::SCWPlatform::Do not have an existing db opened. 
TRACE::2024-12-08.17:31:40::SCWPlatform::Opened new HwDB with name design_1_wrapper_4
TRACE::2024-12-08.17:31:40::SCWWriter::formatted JSON is {
	"platformName":	"design_1_wrapper_iz",
	"sprVersion":	"2.0",
	"mode":	"gui",
	"dsaType":	"Fixed",
	"platformDesc":	"design_1_wrapper_iz",
	"platHandOff":	"<platformDir>.xsa",
	"platIntHandOff":	"<platformDir>/hw/design_1_wrapper_iz.xsa",
	"deviceType":	"zynq",
	"platIsPrebuiltAutogen":	"false",
	"platIsNoBootBsp":	"false",
	"hasFsblMakeHasChanges":	"false",
	"hasPmufwMakeHasChanges":	"false",
	"platPreBuiltFlag":	false,
	"platformSamplesDir":	""
}
TRACE::2024-12-08.17:31:40::SCWWriter::formatted JSON is {
	"platformName":	"design_1_wrapper_iz",
	"sprVersion":	"2.0",
	"mode":	"gui",
	"dsaType":	"Fixed",
	"platformDesc":	"design_1_wrapper_iz",
	"platHandOff":	"<platformDir>.xsa",
	"platIntHandOff":	"<platformDir>/hw/design_1_wrapper_iz.xsa",
	"deviceType":	"zynq",
	"platIsPrebuiltAutogen":	"false",
	"platIsNoBootBsp":	"false",
	"hasFsblMakeHasChanges":	"false",
	"hasPmufwMakeHasChanges":	"false",
	"platPreBuiltFlag":	false,
	"platformSamplesDir":	"",
	"platActiveSys":	"design_1_wrapper_iz",
	"systems":	[{
			"systemName":	"design_1_wrapper_iz",
			"systemDesc":	"design_1_wrapper_iz",
			"sysIsBootAutoGen":	"true",
			"systemDispName":	"design_1_wrapper_iz"
		}]
}
TRACE::2024-12-08.17:31:40::SCWPlatform::Boot application domains not present, creating them
TRACE::2024-12-08.17:31:40::SCWDomain::checking for install qemu data   : 
TRACE::2024-12-08.17:31:40::SCWDomain:: Using the QEMU Data from install at  : F:/Xilinx/Vitis/Vitis/2023.1/data/emulation/platforms/zynq/sw/a9_standalone/qemu/
TRACE::2024-12-08.17:31:40::SCWDomain:: Using the QEMU args  from install at  : F:/Xilinx/Vitis/Vitis/2023.1/data/emulation/platforms/zynq/sw/a9_standalone/qemu/qemu_args.txt
TRACE::2024-12-08.17:31:40::SCWPlatform::Trying to open the hw design at F:/Education/FPGA_Labs/Labs_2/lab4/audio_new/design_1_wrapper_iz/hw/design_1_wrapper_iz.xsa
TRACE::2024-12-08.17:31:40::SCWPlatform::DSA given F:/Education/FPGA_Labs/Labs_2/lab4/audio_new/design_1_wrapper_iz/hw/design_1_wrapper_iz.xsa
TRACE::2024-12-08.17:31:40::SCWPlatform::DSA absoulate path F:/Education/FPGA_Labs/Labs_2/lab4/audio_new/design_1_wrapper_iz/hw/design_1_wrapper_iz.xsa
TRACE::2024-12-08.17:31:40::SCWPlatform::DSA directory F:/Education/FPGA_Labs/Labs_2/lab4/audio_new/design_1_wrapper_iz/hw
TRACE::2024-12-08.17:31:40::SCWPlatform:: Platform Path F:/Education/FPGA_Labs/Labs_2/lab4/audio_new/design_1_wrapper_iz/hw/design_1_wrapper_iz.xsa
TRACE::2024-12-08.17:31:40::SCWPlatform:: Unique name xilinx:zedboard::0.0
TRACE::2024-12-08.17:31:40::SCWPlatform::Trying to set the existing hwdb with name design_1_wrapper_4
TRACE::2024-12-08.17:31:40::SCWPlatform::Opened existing hwdb design_1_wrapper_4
TRACE::2024-12-08.17:31:40::SCWPlatform::Found the Hw Db part of the input DSA
TRACE::2024-12-08.17:31:40::SCWPlatform::Trying to open the hw design at F:/Education/FPGA_Labs/Labs_2/lab4/audio_new/design_1_wrapper_iz/hw/design_1_wrapper_iz.xsa
TRACE::2024-12-08.17:31:40::SCWPlatform::DSA given F:/Education/FPGA_Labs/Labs_2/lab4/audio_new/design_1_wrapper_iz/hw/design_1_wrapper_iz.xsa
TRACE::2024-12-08.17:31:40::SCWPlatform::DSA absoulate path F:/Education/FPGA_Labs/Labs_2/lab4/audio_new/design_1_wrapper_iz/hw/design_1_wrapper_iz.xsa
TRACE::2024-12-08.17:31:40::SCWPlatform::DSA directory F:/Education/FPGA_Labs/Labs_2/lab4/audio_new/design_1_wrapper_iz/hw
TRACE::2024-12-08.17:31:40::SCWPlatform:: Platform Path F:/Education/FPGA_Labs/Labs_2/lab4/audio_new/design_1_wrapper_iz/hw/design_1_wrapper_iz.xsa
TRACE::2024-12-08.17:31:40::SCWPlatform:: Unique name xilinx:zedboard::0.0
TRACE::2024-12-08.17:31:40::SCWPlatform::Trying to set the existing hwdb with name design_1_wrapper_4
TRACE::2024-12-08.17:31:40::SCWPlatform::Opened existing hwdb design_1_wrapper_4
TRACE::2024-12-08.17:31:40::SCWPlatform::Found the Hw Db part of the input DSA
TRACE::2024-12-08.17:31:40::SCWPlatform::Trying to open the hw design at F:/Education/FPGA_Labs/Labs_2/lab4/audio_new/design_1_wrapper_iz/hw/design_1_wrapper_iz.xsa
TRACE::2024-12-08.17:31:40::SCWPlatform::DSA given F:/Education/FPGA_Labs/Labs_2/lab4/audio_new/design_1_wrapper_iz/hw/design_1_wrapper_iz.xsa
TRACE::2024-12-08.17:31:40::SCWPlatform::DSA absoulate path F:/Education/FPGA_Labs/Labs_2/lab4/audio_new/design_1_wrapper_iz/hw/design_1_wrapper_iz.xsa
TRACE::2024-12-08.17:31:40::SCWPlatform::DSA directory F:/Education/FPGA_Labs/Labs_2/lab4/audio_new/design_1_wrapper_iz/hw
TRACE::2024-12-08.17:31:40::SCWPlatform:: Platform Path F:/Education/FPGA_Labs/Labs_2/lab4/audio_new/design_1_wrapper_iz/hw/design_1_wrapper_iz.xsa
TRACE::2024-12-08.17:31:40::SCWPlatform:: Unique name xilinx:zedboard::0.0
TRACE::2024-12-08.17:31:40::SCWPlatform::Trying to set the existing hwdb with name design_1_wrapper_4
TRACE::2024-12-08.17:31:40::SCWPlatform::Opened existing hwdb design_1_wrapper_4
TRACE::2024-12-08.17:31:40::SCWPlatform::Found the Hw Db part of the input DSA
TRACE::2024-12-08.17:31:40::SCWPlatform::Boot application domain added for zynq_fsbl
TRACE::2024-12-08.17:31:40::SCWPlatform::Generating the sources  .
TRACE::2024-12-08.17:31:40::SCWBDomain::Generating boot domain sources.
TRACE::2024-12-08.17:31:40::SCWBDomain:: Generating the zynq_fsbl Application.
TRACE::2024-12-08.17:31:40::SCWPlatform::Trying to open the hw design at F:/Education/FPGA_Labs/Labs_2/lab4/audio_new/design_1_wrapper_iz/hw/design_1_wrapper_iz.xsa
TRACE::2024-12-08.17:31:40::SCWPlatform::DSA given F:/Education/FPGA_Labs/Labs_2/lab4/audio_new/design_1_wrapper_iz/hw/design_1_wrapper_iz.xsa
TRACE::2024-12-08.17:31:40::SCWPlatform::DSA absoulate path F:/Education/FPGA_Labs/Labs_2/lab4/audio_new/design_1_wrapper_iz/hw/design_1_wrapper_iz.xsa
TRACE::2024-12-08.17:31:40::SCWPlatform::DSA directory F:/Education/FPGA_Labs/Labs_2/lab4/audio_new/design_1_wrapper_iz/hw
TRACE::2024-12-08.17:31:40::SCWPlatform:: Platform Path F:/Education/FPGA_Labs/Labs_2/lab4/audio_new/design_1_wrapper_iz/hw/design_1_wrapper_iz.xsa
TRACE::2024-12-08.17:31:40::SCWPlatform:: Unique name xilinx:zedboard::0.0
TRACE::2024-12-08.17:31:40::SCWPlatform::Trying to set the existing hwdb with name design_1_wrapper_4
TRACE::2024-12-08.17:31:40::SCWPlatform::Opened existing hwdb design_1_wrapper_4
TRACE::2024-12-08.17:31:40::SCWPlatform::Found the Hw Db part of the input DSA
TRACE::2024-12-08.17:31:40::SCWMssOS::Checking the sw design at  F:/Education/FPGA_Labs/Labs_2/lab4/audio_new/design_1_wrapper_iz/zynq_fsbl/zynq_fsbl_bsp/system.mss
TRACE::2024-12-08.17:31:40::SCWMssOS::DEBUG:  swdes dump  F:/Education/FPGA_Labs/Labs_2/lab4/audio_new/audio/ps7_cortexa9_0/standalone_domain/bsp/system.mss|system_0||
F:/Education/FPGA_Labs/Labs_2/lab4/audio_new/audio/zynq_fsbl/zynq_fsbl_bsp/system.mss|system||

TRACE::2024-12-08.17:31:40::SCWMssOS::No sw design opened at  F:/Education/FPGA_Labs/Labs_2/lab4/audio_new/design_1_wrapper_iz/zynq_fsbl/zynq_fsbl_bsp/system.mss
TRACE::2024-12-08.17:31:40::SCWMssOS::mss does not exists at F:/Education/FPGA_Labs/Labs_2/lab4/audio_new/design_1_wrapper_iz/zynq_fsbl/zynq_fsbl_bsp/system.mss
TRACE::2024-12-08.17:31:40::SCWMssOS::Creating sw design at  F:/Education/FPGA_Labs/Labs_2/lab4/audio_new/design_1_wrapper_iz/zynq_fsbl/zynq_fsbl_bsp/system.mss
TRACE::2024-12-08.17:31:40::SCWMssOS::Adding the swdes entry, created swdb F:/Education/FPGA_Labs/Labs_2/lab4/audio_new/design_1_wrapper_iz/zynq_fsbl/zynq_fsbl_bsp/system.mss with des name F:/Education/FPGA_Labs/Labs_2/lab4/audio_new/design_1_wrapper_iz/zynq_fsbl/zynq_fsbl_bsp/system.mss
TRACE::2024-12-08.17:31:40::SCWMssOS::updating the scw layer changes to swdes at   F:/Education/FPGA_Labs/Labs_2/lab4/audio_new/design_1_wrapper_iz/zynq_fsbl/zynq_fsbl_bsp/system.mss
TRACE::2024-12-08.17:31:40::SCWMssOS::Writing mss at F:/Education/FPGA_Labs/Labs_2/lab4/audio_new/design_1_wrapper_iz/zynq_fsbl/zynq_fsbl_bsp/system.mss
TRACE::2024-12-08.17:31:40::SCWMssOS::Completed writing the mss file at F:/Education/FPGA_Labs/Labs_2/lab4/audio_new/design_1_wrapper_iz/zynq_fsbl/zynq_fsbl_bsp
TRACE::2024-12-08.17:31:40::SCWMssOS::Picking up changes from newly written mss file into SCW Layer. 
TRACE::2024-12-08.17:31:40::SCWMssOS::Updated the changes from newly written mss file into SCW Layer. 
TRACE::2024-12-08.17:31:40::SCWBDomain::Completed writing the mss file at F:/Education/FPGA_Labs/Labs_2/lab4/audio_new/design_1_wrapper_iz/zynq_fsbl/zynq_fsbl_bsp
TRACE::2024-12-08.17:31:54::SCWPlatform::Generating sources Done.
TRACE::2024-12-08.17:31:54::SCWPlatform::Trying to open the hw design at F:/Education/FPGA_Labs/Labs_2/lab4/audio_new/design_1_wrapper_iz/hw/design_1_wrapper_iz.xsa
TRACE::2024-12-08.17:31:54::SCWPlatform::DSA given F:/Education/FPGA_Labs/Labs_2/lab4/audio_new/design_1_wrapper_iz/hw/design_1_wrapper_iz.xsa
TRACE::2024-12-08.17:31:54::SCWPlatform::DSA absoulate path F:/Education/FPGA_Labs/Labs_2/lab4/audio_new/design_1_wrapper_iz/hw/design_1_wrapper_iz.xsa
TRACE::2024-12-08.17:31:54::SCWPlatform::DSA directory F:/Education/FPGA_Labs/Labs_2/lab4/audio_new/design_1_wrapper_iz/hw
TRACE::2024-12-08.17:31:54::SCWPlatform:: Platform Path F:/Education/FPGA_Labs/Labs_2/lab4/audio_new/design_1_wrapper_iz/hw/design_1_wrapper_iz.xsa
TRACE::2024-12-08.17:31:54::SCWPlatform:: Unique name xilinx:zedboard::0.0
TRACE::2024-12-08.17:31:54::SCWPlatform::Trying to set the existing hwdb with name design_1_wrapper_4
TRACE::2024-12-08.17:31:54::SCWPlatform::Opened existing hwdb design_1_wrapper_4
TRACE::2024-12-08.17:31:54::SCWPlatform::Found the Hw Db part of the input DSA
TRACE::2024-12-08.17:31:54::SCWMssOS::Checking the sw design at  F:/Education/FPGA_Labs/Labs_2/lab4/audio_new/design_1_wrapper_iz/zynq_fsbl/zynq_fsbl_bsp/system.mss
TRACE::2024-12-08.17:31:54::SCWMssOS::DEBUG:  swdes dump  F:/Education/FPGA_Labs/Labs_2/lab4/audio_new/audio/ps7_cortexa9_0/standalone_domain/bsp/system.mss|system_0||
F:/Education/FPGA_Labs/Labs_2/lab4/audio_new/audio/zynq_fsbl/zynq_fsbl_bsp/system.mss|system||

TRACE::2024-12-08.17:31:54::SCWMssOS::No sw design opened at  F:/Education/FPGA_Labs/Labs_2/lab4/audio_new/design_1_wrapper_iz/zynq_fsbl/zynq_fsbl_bsp/system.mss
TRACE::2024-12-08.17:31:54::SCWMssOS::mss exists loading the mss file  F:/Education/FPGA_Labs/Labs_2/lab4/audio_new/design_1_wrapper_iz/zynq_fsbl/zynq_fsbl_bsp/system.mss
TRACE::2024-12-08.17:31:54::SCWMssOS::Opened the sw design from mss  F:/Education/FPGA_Labs/Labs_2/lab4/audio_new/design_1_wrapper_iz/zynq_fsbl/zynq_fsbl_bsp/system.mss
TRACE::2024-12-08.17:31:54::SCWMssOS::Adding the swdes entry F:/Education/FPGA_Labs/Labs_2/lab4/audio_new/design_1_wrapper_iz/zynq_fsbl/zynq_fsbl_bsp/system.mss with des name system_1
TRACE::2024-12-08.17:31:54::SCWMssOS::updating the scw layer about changes
TRACE::2024-12-08.17:31:54::SCWMssOS::Opened the sw design.  F:/Education/FPGA_Labs/Labs_2/lab4/audio_new/design_1_wrapper_iz/zynq_fsbl/zynq_fsbl_bsp/system.mss
TRACE::2024-12-08.17:31:54::SCWMssOS::Saving the mss changes F:/Education/FPGA_Labs/Labs_2/lab4/audio_new/design_1_wrapper_iz/zynq_fsbl/zynq_fsbl_bsp/system.mss
TRACE::2024-12-08.17:31:54::SCWMssOS::Found a swdesign opened with the mssfile.
TRACE::2024-12-08.17:31:54::SCWMssOS::Completed writemss as part of save.
TRACE::2024-12-08.17:31:54::SCWMssOS::Commit changes completed.
TRACE::2024-12-08.17:31:54::SCWPlatform::Trying to open the hw design at F:/Education/FPGA_Labs/Labs_2/lab4/audio_new/design_1_wrapper_iz/hw/design_1_wrapper_iz.xsa
TRACE::2024-12-08.17:31:54::SCWPlatform::DSA given F:/Education/FPGA_Labs/Labs_2/lab4/audio_new/design_1_wrapper_iz/hw/design_1_wrapper_iz.xsa
TRACE::2024-12-08.17:31:54::SCWPlatform::DSA absoulate path F:/Education/FPGA_Labs/Labs_2/lab4/audio_new/design_1_wrapper_iz/hw/design_1_wrapper_iz.xsa
TRACE::2024-12-08.17:31:54::SCWPlatform::DSA directory F:/Education/FPGA_Labs/Labs_2/lab4/audio_new/design_1_wrapper_iz/hw
TRACE::2024-12-08.17:31:54::SCWPlatform:: Platform Path F:/Education/FPGA_Labs/Labs_2/lab4/audio_new/design_1_wrapper_iz/hw/design_1_wrapper_iz.xsa
TRACE::2024-12-08.17:31:54::SCWPlatform:: Unique name xilinx:zedboard::0.0
TRACE::2024-12-08.17:31:54::SCWPlatform::Trying to set the existing hwdb with name design_1_wrapper_4
TRACE::2024-12-08.17:31:54::SCWPlatform::Opened existing hwdb design_1_wrapper_4
TRACE::2024-12-08.17:31:54::SCWPlatform::Found the Hw Db part of the input DSA
TRACE::2024-12-08.17:31:54::SCWMssOS::Checking the sw design at  F:/Education/FPGA_Labs/Labs_2/lab4/audio_new/design_1_wrapper_iz/zynq_fsbl/zynq_fsbl_bsp/system.mss
TRACE::2024-12-08.17:31:54::SCWMssOS::DEBUG:  swdes dump  F:/Education/FPGA_Labs/Labs_2/lab4/audio_new/audio/ps7_cortexa9_0/standalone_domain/bsp/system.mss|system_0||
F:/Education/FPGA_Labs/Labs_2/lab4/audio_new/audio/zynq_fsbl/zynq_fsbl_bsp/system.mss|system||
F:/Education/FPGA_Labs/Labs_2/lab4/audio_new/design_1_wrapper_iz/zynq_fsbl/zynq_fsbl_bsp/system.mss|system_1||

TRACE::2024-12-08.17:31:54::SCWMssOS::Sw design exists and opened at  F:/Education/FPGA_Labs/Labs_2/lab4/audio_new/design_1_wrapper_iz/zynq_fsbl/zynq_fsbl_bsp/system.mss
TRACE::2024-12-08.17:31:54::SCWPlatform::Trying to open the hw design at F:/Education/FPGA_Labs/Labs_2/lab4/audio_new/design_1_wrapper_iz/hw/design_1_wrapper_iz.xsa
TRACE::2024-12-08.17:31:54::SCWPlatform::DSA given F:/Education/FPGA_Labs/Labs_2/lab4/audio_new/design_1_wrapper_iz/hw/design_1_wrapper_iz.xsa
TRACE::2024-12-08.17:31:54::SCWPlatform::DSA absoulate path F:/Education/FPGA_Labs/Labs_2/lab4/audio_new/design_1_wrapper_iz/hw/design_1_wrapper_iz.xsa
TRACE::2024-12-08.17:31:54::SCWPlatform::DSA directory F:/Education/FPGA_Labs/Labs_2/lab4/audio_new/design_1_wrapper_iz/hw
TRACE::2024-12-08.17:31:54::SCWPlatform:: Platform Path F:/Education/FPGA_Labs/Labs_2/lab4/audio_new/design_1_wrapper_iz/hw/design_1_wrapper_iz.xsa
TRACE::2024-12-08.17:31:54::SCWPlatform:: Unique name xilinx:zedboard::0.0
TRACE::2024-12-08.17:31:54::SCWPlatform::Trying to set the existing hwdb with name design_1_wrapper_4
TRACE::2024-12-08.17:31:54::SCWPlatform::Opened existing hwdb design_1_wrapper_4
TRACE::2024-12-08.17:31:54::SCWPlatform::Found the Hw Db part of the input DSA
TRACE::2024-12-08.17:31:54::SCWMssOS::Checking the sw design at  F:/Education/FPGA_Labs/Labs_2/lab4/audio_new/design_1_wrapper_iz/zynq_fsbl/zynq_fsbl_bsp/system.mss
TRACE::2024-12-08.17:31:54::SCWMssOS::DEBUG:  swdes dump  F:/Education/FPGA_Labs/Labs_2/lab4/audio_new/audio/ps7_cortexa9_0/standalone_domain/bsp/system.mss|system_0||
F:/Education/FPGA_Labs/Labs_2/lab4/audio_new/audio/zynq_fsbl/zynq_fsbl_bsp/system.mss|system||
F:/Education/FPGA_Labs/Labs_2/lab4/audio_new/design_1_wrapper_iz/zynq_fsbl/zynq_fsbl_bsp/system.mss|system_1||

TRACE::2024-12-08.17:31:54::SCWMssOS::Sw design exists and opened at  F:/Education/FPGA_Labs/Labs_2/lab4/audio_new/design_1_wrapper_iz/zynq_fsbl/zynq_fsbl_bsp/system.mss
TRACE::2024-12-08.17:31:54::SCWPlatform::Trying to open the hw design at F:/Education/FPGA_Labs/Labs_2/lab4/audio_new/design_1_wrapper_iz/hw/design_1_wrapper_iz.xsa
TRACE::2024-12-08.17:31:54::SCWPlatform::DSA given F:/Education/FPGA_Labs/Labs_2/lab4/audio_new/design_1_wrapper_iz/hw/design_1_wrapper_iz.xsa
TRACE::2024-12-08.17:31:54::SCWPlatform::DSA absoulate path F:/Education/FPGA_Labs/Labs_2/lab4/audio_new/design_1_wrapper_iz/hw/design_1_wrapper_iz.xsa
TRACE::2024-12-08.17:31:54::SCWPlatform::DSA directory F:/Education/FPGA_Labs/Labs_2/lab4/audio_new/design_1_wrapper_iz/hw
TRACE::2024-12-08.17:31:54::SCWPlatform:: Platform Path F:/Education/FPGA_Labs/Labs_2/lab4/audio_new/design_1_wrapper_iz/hw/design_1_wrapper_iz.xsa
TRACE::2024-12-08.17:31:54::SCWPlatform:: Unique name xilinx:zedboard::0.0
TRACE::2024-12-08.17:31:54::SCWPlatform::Trying to set the existing hwdb with name design_1_wrapper_4
TRACE::2024-12-08.17:31:54::SCWPlatform::Opened existing hwdb design_1_wrapper_4
TRACE::2024-12-08.17:31:54::SCWPlatform::Found the Hw Db part of the input DSA
TRACE::2024-12-08.17:31:54::SCWMssOS::Checking the sw design at  F:/Education/FPGA_Labs/Labs_2/lab4/audio_new/design_1_wrapper_iz/zynq_fsbl/zynq_fsbl_bsp/system.mss
TRACE::2024-12-08.17:31:54::SCWMssOS::DEBUG:  swdes dump  F:/Education/FPGA_Labs/Labs_2/lab4/audio_new/audio/ps7_cortexa9_0/standalone_domain/bsp/system.mss|system_0||
F:/Education/FPGA_Labs/Labs_2/lab4/audio_new/audio/zynq_fsbl/zynq_fsbl_bsp/system.mss|system||
F:/Education/FPGA_Labs/Labs_2/lab4/audio_new/design_1_wrapper_iz/zynq_fsbl/zynq_fsbl_bsp/system.mss|system_1||

TRACE::2024-12-08.17:31:54::SCWMssOS::Sw design exists and opened at  F:/Education/FPGA_Labs/Labs_2/lab4/audio_new/design_1_wrapper_iz/zynq_fsbl/zynq_fsbl_bsp/system.mss
TRACE::2024-12-08.17:31:54::SCWWriter::formatted JSON is {
	"platformName":	"design_1_wrapper_iz",
	"sprVersion":	"2.0",
	"mode":	"gui",
	"dsaType":	"Fixed",
	"platformDesc":	"design_1_wrapper_iz",
	"platHandOff":	"<platformDir>.xsa",
	"platIntHandOff":	"<platformDir>/hw/design_1_wrapper_iz.xsa",
	"deviceType":	"zynq",
	"platIsPrebuiltAutogen":	"false",
	"platIsNoBootBsp":	"false",
	"platFsblTarget":	"ps7_cortexa9_0",
	"hasFsblMakeHasChanges":	"false",
	"hasPmufwMakeHasChanges":	"false",
	"fsblExtraCompilerFlags":	"-MMD -MP       -mcpu=cortex-a9 -mfpu=vfpv3 -mfloat-abi=hard ",
	"platPreBuiltFlag":	false,
	"platformSamplesDir":	"",
	"platActiveSys":	"design_1_wrapper_iz",
	"systems":	[{
			"systemName":	"design_1_wrapper_iz",
			"systemDesc":	"design_1_wrapper_iz",
			"sysIsBootAutoGen":	"true",
			"systemDispName":	"design_1_wrapper_iz",
			"sysActiveDom":	"zynq_fsbl",
			"sysDefaultDom":	"",
			"domains":	[{
					"domainName":	"zynq_fsbl",
					"domainDispName":	"zynq_fsbl",
					"domainDesc":	"FSBL Application BSP - Auto Generated.",
					"processors":	"ps7_cortexa9_0",
					"os":	"standalone",
					"sdxOs":	"standalone",
					"debugEnable":	"",
					"domRuntimes":	["cpp"],
					"swRepo":	"",
					"mssOsVer":	"8.1",
					"mssFile":	"",
					"md5Digest":	"d9a34af2dee52f902a49b7b36c0ab938",
					"compatibleApp":	"zynq_fsbl",
					"domType":	"bootDomain",
					"arch":	"32-bit",
					"appSettings":	{
						"appCompilerFlags":	"",
						"appLinkerFlags":	""
					},
					"addedLibs":	["xilffs:5.0", "xilrsa:1.6"],
					"libOptions":	{
						"libsContainingOptions":	[]
					},
					"prebuiltLibs":	{
						"prebuiltIncPath":	[],
						"prebuiltLibPath":	[]
					},
					"isolation":	{
					}
				}]
		}]
}
TRACE::2024-12-08.17:31:54::SCWMssOS::Saving the mss changes F:/Education/FPGA_Labs/Labs_2/lab4/audio_new/design_1_wrapper_iz/zynq_fsbl/zynq_fsbl_bsp/system.mss
TRACE::2024-12-08.17:31:54::SCWMssOS::Found a swdesign opened with the mssfile.
TRACE::2024-12-08.17:31:54::SCWMssOS::Completed writemss as part of save.
TRACE::2024-12-08.17:31:54::SCWMssOS::Commit changes completed.
TRACE::2024-12-08.17:31:54::SCWPlatform::Trying to open the hw design at F:/Education/FPGA_Labs/Labs_2/lab4/audio_new/design_1_wrapper_iz/hw/design_1_wrapper_iz.xsa
TRACE::2024-12-08.17:31:54::SCWPlatform::DSA given F:/Education/FPGA_Labs/Labs_2/lab4/audio_new/design_1_wrapper_iz/hw/design_1_wrapper_iz.xsa
TRACE::2024-12-08.17:31:54::SCWPlatform::DSA absoulate path F:/Education/FPGA_Labs/Labs_2/lab4/audio_new/design_1_wrapper_iz/hw/design_1_wrapper_iz.xsa
TRACE::2024-12-08.17:31:54::SCWPlatform::DSA directory F:/Education/FPGA_Labs/Labs_2/lab4/audio_new/design_1_wrapper_iz/hw
TRACE::2024-12-08.17:31:54::SCWPlatform:: Platform Path F:/Education/FPGA_Labs/Labs_2/lab4/audio_new/design_1_wrapper_iz/hw/design_1_wrapper_iz.xsa
TRACE::2024-12-08.17:31:54::SCWPlatform:: Unique name xilinx:zedboard::0.0
TRACE::2024-12-08.17:31:54::SCWPlatform::Trying to set the existing hwdb with name design_1_wrapper_4
TRACE::2024-12-08.17:31:54::SCWPlatform::Opened existing hwdb design_1_wrapper_4
TRACE::2024-12-08.17:31:54::SCWPlatform::Found the Hw Db part of the input DSA
TRACE::2024-12-08.17:31:54::SCWMssOS::Checking the sw design at  F:/Education/FPGA_Labs/Labs_2/lab4/audio_new/design_1_wrapper_iz/zynq_fsbl/zynq_fsbl_bsp/system.mss
TRACE::2024-12-08.17:31:54::SCWMssOS::DEBUG:  swdes dump  F:/Education/FPGA_Labs/Labs_2/lab4/audio_new/audio/ps7_cortexa9_0/standalone_domain/bsp/system.mss|system_0||
F:/Education/FPGA_Labs/Labs_2/lab4/audio_new/audio/zynq_fsbl/zynq_fsbl_bsp/system.mss|system||
F:/Education/FPGA_Labs/Labs_2/lab4/audio_new/design_1_wrapper_iz/zynq_fsbl/zynq_fsbl_bsp/system.mss|system_1||

TRACE::2024-12-08.17:31:54::SCWMssOS::Sw design exists and opened at  F:/Education/FPGA_Labs/Labs_2/lab4/audio_new/design_1_wrapper_iz/zynq_fsbl/zynq_fsbl_bsp/system.mss
TRACE::2024-12-08.17:31:54::SCWPlatform::Trying to open the hw design at F:/Education/FPGA_Labs/Labs_2/lab4/audio_new/design_1_wrapper_iz/hw/design_1_wrapper_iz.xsa
TRACE::2024-12-08.17:31:54::SCWPlatform::DSA given F:/Education/FPGA_Labs/Labs_2/lab4/audio_new/design_1_wrapper_iz/hw/design_1_wrapper_iz.xsa
TRACE::2024-12-08.17:31:54::SCWPlatform::DSA absoulate path F:/Education/FPGA_Labs/Labs_2/lab4/audio_new/design_1_wrapper_iz/hw/design_1_wrapper_iz.xsa
TRACE::2024-12-08.17:31:54::SCWPlatform::DSA directory F:/Education/FPGA_Labs/Labs_2/lab4/audio_new/design_1_wrapper_iz/hw
TRACE::2024-12-08.17:31:54::SCWPlatform:: Platform Path F:/Education/FPGA_Labs/Labs_2/lab4/audio_new/design_1_wrapper_iz/hw/design_1_wrapper_iz.xsa
TRACE::2024-12-08.17:31:54::SCWPlatform:: Unique name xilinx:zedboard::0.0
TRACE::2024-12-08.17:31:54::SCWPlatform::Trying to set the existing hwdb with name design_1_wrapper_4
TRACE::2024-12-08.17:31:54::SCWPlatform::Opened existing hwdb design_1_wrapper_4
TRACE::2024-12-08.17:31:54::SCWPlatform::Found the Hw Db part of the input DSA
TRACE::2024-12-08.17:31:54::SCWMssOS::Checking the sw design at  F:/Education/FPGA_Labs/Labs_2/lab4/audio_new/design_1_wrapper_iz/zynq_fsbl/zynq_fsbl_bsp/system.mss
TRACE::2024-12-08.17:31:54::SCWMssOS::DEBUG:  swdes dump  F:/Education/FPGA_Labs/Labs_2/lab4/audio_new/audio/ps7_cortexa9_0/standalone_domain/bsp/system.mss|system_0||
F:/Education/FPGA_Labs/Labs_2/lab4/audio_new/audio/zynq_fsbl/zynq_fsbl_bsp/system.mss|system||
F:/Education/FPGA_Labs/Labs_2/lab4/audio_new/design_1_wrapper_iz/zynq_fsbl/zynq_fsbl_bsp/system.mss|system_1||

TRACE::2024-12-08.17:31:54::SCWMssOS::Sw design exists and opened at  F:/Education/FPGA_Labs/Labs_2/lab4/audio_new/design_1_wrapper_iz/zynq_fsbl/zynq_fsbl_bsp/system.mss
TRACE::2024-12-08.17:31:54::SCWPlatform::Trying to open the hw design at F:/Education/FPGA_Labs/Labs_2/lab4/audio_new/design_1_wrapper_iz/hw/design_1_wrapper_iz.xsa
TRACE::2024-12-08.17:31:54::SCWPlatform::DSA given F:/Education/FPGA_Labs/Labs_2/lab4/audio_new/design_1_wrapper_iz/hw/design_1_wrapper_iz.xsa
TRACE::2024-12-08.17:31:54::SCWPlatform::DSA absoulate path F:/Education/FPGA_Labs/Labs_2/lab4/audio_new/design_1_wrapper_iz/hw/design_1_wrapper_iz.xsa
TRACE::2024-12-08.17:31:54::SCWPlatform::DSA directory F:/Education/FPGA_Labs/Labs_2/lab4/audio_new/design_1_wrapper_iz/hw
TRACE::2024-12-08.17:31:54::SCWPlatform:: Platform Path F:/Education/FPGA_Labs/Labs_2/lab4/audio_new/design_1_wrapper_iz/hw/design_1_wrapper_iz.xsa
TRACE::2024-12-08.17:31:54::SCWPlatform:: Unique name xilinx:zedboard::0.0
TRACE::2024-12-08.17:31:54::SCWPlatform::Trying to set the existing hwdb with name design_1_wrapper_4
TRACE::2024-12-08.17:31:54::SCWPlatform::Opened existing hwdb design_1_wrapper_4
TRACE::2024-12-08.17:31:54::SCWPlatform::Found the Hw Db part of the input DSA
TRACE::2024-12-08.17:31:54::SCWMssOS::Checking the sw design at  F:/Education/FPGA_Labs/Labs_2/lab4/audio_new/design_1_wrapper_iz/zynq_fsbl/zynq_fsbl_bsp/system.mss
TRACE::2024-12-08.17:31:54::SCWMssOS::DEBUG:  swdes dump  F:/Education/FPGA_Labs/Labs_2/lab4/audio_new/audio/ps7_cortexa9_0/standalone_domain/bsp/system.mss|system_0||
F:/Education/FPGA_Labs/Labs_2/lab4/audio_new/audio/zynq_fsbl/zynq_fsbl_bsp/system.mss|system||
F:/Education/FPGA_Labs/Labs_2/lab4/audio_new/design_1_wrapper_iz/zynq_fsbl/zynq_fsbl_bsp/system.mss|system_1||

TRACE::2024-12-08.17:31:54::SCWMssOS::Sw design exists and opened at  F:/Education/FPGA_Labs/Labs_2/lab4/audio_new/design_1_wrapper_iz/zynq_fsbl/zynq_fsbl_bsp/system.mss
TRACE::2024-12-08.17:31:54::SCWWriter::formatted JSON is {
	"platformName":	"design_1_wrapper_iz",
	"sprVersion":	"2.0",
	"mode":	"gui",
	"dsaType":	"Fixed",
	"platformDesc":	"design_1_wrapper_iz",
	"platHandOff":	"<platformDir>.xsa",
	"platIntHandOff":	"<platformDir>/hw/design_1_wrapper_iz.xsa",
	"deviceType":	"zynq",
	"platIsPrebuiltAutogen":	"false",
	"platIsNoBootBsp":	"false",
	"platFsblTarget":	"ps7_cortexa9_0",
	"hasFsblMakeHasChanges":	"false",
	"hasPmufwMakeHasChanges":	"false",
	"fsblExtraCompilerFlags":	"-MMD -MP       -mcpu=cortex-a9 -mfpu=vfpv3 -mfloat-abi=hard ",
	"platPreBuiltFlag":	false,
	"platformSamplesDir":	"",
	"platActiveSys":	"design_1_wrapper_iz",
	"systems":	[{
			"systemName":	"design_1_wrapper_iz",
			"systemDesc":	"design_1_wrapper_iz",
			"sysIsBootAutoGen":	"true",
			"systemDispName":	"design_1_wrapper_iz",
			"sysActiveDom":	"zynq_fsbl",
			"sysDefaultDom":	"",
			"domains":	[{
					"domainName":	"zynq_fsbl",
					"domainDispName":	"zynq_fsbl",
					"domainDesc":	"FSBL Application BSP - Auto Generated.",
					"processors":	"ps7_cortexa9_0",
					"os":	"standalone",
					"sdxOs":	"standalone",
					"debugEnable":	"",
					"domRuntimes":	["cpp"],
					"swRepo":	"",
					"mssOsVer":	"8.1",
					"mssFile":	"",
					"md5Digest":	"d9a34af2dee52f902a49b7b36c0ab938",
					"compatibleApp":	"zynq_fsbl",
					"domType":	"bootDomain",
					"arch":	"32-bit",
					"appSettings":	{
						"appCompilerFlags":	"",
						"appLinkerFlags":	""
					},
					"addedLibs":	["xilffs:5.0", "xilrsa:1.6"],
					"libOptions":	{
						"libsContainingOptions":	[]
					},
					"prebuiltLibs":	{
						"prebuiltIncPath":	[],
						"prebuiltLibPath":	[]
					},
					"isolation":	{
					}
				}]
		}]
}
TRACE::2024-12-08.17:31:54::SCWPlatform::Trying to open the hw design at F:/Education/FPGA_Labs/Labs_2/lab4/audio_new/design_1_wrapper_iz/hw/design_1_wrapper_iz.xsa
TRACE::2024-12-08.17:31:54::SCWPlatform::DSA given F:/Education/FPGA_Labs/Labs_2/lab4/audio_new/design_1_wrapper_iz/hw/design_1_wrapper_iz.xsa
TRACE::2024-12-08.17:31:54::SCWPlatform::DSA absoulate path F:/Education/FPGA_Labs/Labs_2/lab4/audio_new/design_1_wrapper_iz/hw/design_1_wrapper_iz.xsa
TRACE::2024-12-08.17:31:54::SCWPlatform::DSA directory F:/Education/FPGA_Labs/Labs_2/lab4/audio_new/design_1_wrapper_iz/hw
TRACE::2024-12-08.17:31:54::SCWPlatform:: Platform Path F:/Education/FPGA_Labs/Labs_2/lab4/audio_new/design_1_wrapper_iz/hw/design_1_wrapper_iz.xsa
TRACE::2024-12-08.17:31:54::SCWPlatform:: Unique name xilinx:zedboard::0.0
TRACE::2024-12-08.17:31:54::SCWPlatform::Trying to set the existing hwdb with name design_1_wrapper_4
TRACE::2024-12-08.17:31:54::SCWPlatform::Opened existing hwdb design_1_wrapper_4
TRACE::2024-12-08.17:31:54::SCWPlatform::Found the Hw Db part of the input DSA
TRACE::2024-12-08.17:31:54::SCWDomain::checking for install qemu data   : 
TRACE::2024-12-08.17:31:54::SCWDomain:: Using the QEMU Data from install at  : F:/Xilinx/Vitis/Vitis/2023.1/data/emulation/platforms/zynq/sw/a9_standalone/qemu/
TRACE::2024-12-08.17:31:54::SCWDomain:: Using the QEMU args  from install at  : F:/Xilinx/Vitis/Vitis/2023.1/data/emulation/platforms/zynq/sw/a9_standalone/qemu/qemu_args.txt
TRACE::2024-12-08.17:31:54::SCWPlatform::Trying to open the hw design at F:/Education/FPGA_Labs/Labs_2/lab4/audio_new/design_1_wrapper_iz/hw/design_1_wrapper_iz.xsa
TRACE::2024-12-08.17:31:54::SCWPlatform::DSA given F:/Education/FPGA_Labs/Labs_2/lab4/audio_new/design_1_wrapper_iz/hw/design_1_wrapper_iz.xsa
TRACE::2024-12-08.17:31:54::SCWPlatform::DSA absoulate path F:/Education/FPGA_Labs/Labs_2/lab4/audio_new/design_1_wrapper_iz/hw/design_1_wrapper_iz.xsa
TRACE::2024-12-08.17:31:54::SCWPlatform::DSA directory F:/Education/FPGA_Labs/Labs_2/lab4/audio_new/design_1_wrapper_iz/hw
TRACE::2024-12-08.17:31:54::SCWPlatform:: Platform Path F:/Education/FPGA_Labs/Labs_2/lab4/audio_new/design_1_wrapper_iz/hw/design_1_wrapper_iz.xsa
TRACE::2024-12-08.17:31:54::SCWPlatform:: Unique name xilinx:zedboard::0.0
TRACE::2024-12-08.17:31:54::SCWPlatform::Trying to set the existing hwdb with name design_1_wrapper_4
TRACE::2024-12-08.17:31:54::SCWPlatform::Opened existing hwdb design_1_wrapper_4
TRACE::2024-12-08.17:31:54::SCWPlatform::Found the Hw Db part of the input DSA
TRACE::2024-12-08.17:31:54::SCWPlatform::Trying to open the hw design at F:/Education/FPGA_Labs/Labs_2/lab4/audio_new/design_1_wrapper_iz/hw/design_1_wrapper_iz.xsa
TRACE::2024-12-08.17:31:54::SCWPlatform::DSA given F:/Education/FPGA_Labs/Labs_2/lab4/audio_new/design_1_wrapper_iz/hw/design_1_wrapper_iz.xsa
TRACE::2024-12-08.17:31:54::SCWPlatform::DSA absoulate path F:/Education/FPGA_Labs/Labs_2/lab4/audio_new/design_1_wrapper_iz/hw/design_1_wrapper_iz.xsa
TRACE::2024-12-08.17:31:54::SCWPlatform::DSA directory F:/Education/FPGA_Labs/Labs_2/lab4/audio_new/design_1_wrapper_iz/hw
TRACE::2024-12-08.17:31:54::SCWPlatform:: Platform Path F:/Education/FPGA_Labs/Labs_2/lab4/audio_new/design_1_wrapper_iz/hw/design_1_wrapper_iz.xsa
TRACE::2024-12-08.17:31:54::SCWPlatform:: Unique name xilinx:zedboard::0.0
TRACE::2024-12-08.17:31:54::SCWPlatform::Trying to set the existing hwdb with name design_1_wrapper_4
TRACE::2024-12-08.17:31:54::SCWPlatform::Opened existing hwdb design_1_wrapper_4
TRACE::2024-12-08.17:31:54::SCWPlatform::Found the Hw Db part of the input DSA
TRACE::2024-12-08.17:31:54::SCWDomain::Qemu Directory name is changed from "" to "qemu"
TRACE::2024-12-08.17:31:54::SCWPlatform::Trying to open the hw design at F:/Education/FPGA_Labs/Labs_2/lab4/audio_new/design_1_wrapper_iz/hw/design_1_wrapper_iz.xsa
TRACE::2024-12-08.17:31:54::SCWPlatform::DSA given F:/Education/FPGA_Labs/Labs_2/lab4/audio_new/design_1_wrapper_iz/hw/design_1_wrapper_iz.xsa
TRACE::2024-12-08.17:31:54::SCWPlatform::DSA absoulate path F:/Education/FPGA_Labs/Labs_2/lab4/audio_new/design_1_wrapper_iz/hw/design_1_wrapper_iz.xsa
TRACE::2024-12-08.17:31:54::SCWPlatform::DSA directory F:/Education/FPGA_Labs/Labs_2/lab4/audio_new/design_1_wrapper_iz/hw
TRACE::2024-12-08.17:31:54::SCWPlatform:: Platform Path F:/Education/FPGA_Labs/Labs_2/lab4/audio_new/design_1_wrapper_iz/hw/design_1_wrapper_iz.xsa
TRACE::2024-12-08.17:31:54::SCWPlatform:: Unique name xilinx:zedboard::0.0
TRACE::2024-12-08.17:31:54::SCWPlatform::Trying to set the existing hwdb with name design_1_wrapper_4
TRACE::2024-12-08.17:31:54::SCWPlatform::Opened existing hwdb design_1_wrapper_4
TRACE::2024-12-08.17:31:54::SCWPlatform::Found the Hw Db part of the input DSA
TRACE::2024-12-08.17:31:54::SCWMssOS::Checking the sw design at  F:/Education/FPGA_Labs/Labs_2/lab4/audio_new/design_1_wrapper_iz/ps7_cortexa9_0/standalone_ps7_cortexa9_0/bsp/system.mss
TRACE::2024-12-08.17:31:54::SCWMssOS::DEBUG:  swdes dump  F:/Education/FPGA_Labs/Labs_2/lab4/audio_new/audio/ps7_cortexa9_0/standalone_domain/bsp/system.mss|system_0||
F:/Education/FPGA_Labs/Labs_2/lab4/audio_new/audio/zynq_fsbl/zynq_fsbl_bsp/system.mss|system||
F:/Education/FPGA_Labs/Labs_2/lab4/audio_new/design_1_wrapper_iz/zynq_fsbl/zynq_fsbl_bsp/system.mss|system_1||

TRACE::2024-12-08.17:31:54::SCWMssOS::No sw design opened at  F:/Education/FPGA_Labs/Labs_2/lab4/audio_new/design_1_wrapper_iz/ps7_cortexa9_0/standalone_ps7_cortexa9_0/bsp/system.mss
TRACE::2024-12-08.17:31:54::SCWMssOS::mss does not exists at F:/Education/FPGA_Labs/Labs_2/lab4/audio_new/design_1_wrapper_iz/ps7_cortexa9_0/standalone_ps7_cortexa9_0/bsp/system.mss
TRACE::2024-12-08.17:31:54::SCWMssOS::Creating sw design at  F:/Education/FPGA_Labs/Labs_2/lab4/audio_new/design_1_wrapper_iz/ps7_cortexa9_0/standalone_ps7_cortexa9_0/bsp/system.mss
TRACE::2024-12-08.17:31:54::SCWMssOS::Adding the swdes entry, created swdb F:/Education/FPGA_Labs/Labs_2/lab4/audio_new/design_1_wrapper_iz/ps7_cortexa9_0/standalone_ps7_cortexa9_0/bsp/system.mss with des name F:/Education/FPGA_Labs/Labs_2/lab4/audio_new/design_1_wrapper_iz/ps7_cortexa9_0/standalone_ps7_cortexa9_0/bsp/system.mss
TRACE::2024-12-08.17:31:54::SCWMssOS::updating the scw layer changes to swdes at   F:/Education/FPGA_Labs/Labs_2/lab4/audio_new/design_1_wrapper_iz/ps7_cortexa9_0/standalone_ps7_cortexa9_0/bsp/system.mss
TRACE::2024-12-08.17:31:54::SCWMssOS::Writing mss at F:/Education/FPGA_Labs/Labs_2/lab4/audio_new/design_1_wrapper_iz/ps7_cortexa9_0/standalone_ps7_cortexa9_0/bsp/system.mss
TRACE::2024-12-08.17:31:54::SCWMssOS::Completed writing the mss file at F:/Education/FPGA_Labs/Labs_2/lab4/audio_new/design_1_wrapper_iz/ps7_cortexa9_0/standalone_ps7_cortexa9_0/bsp
TRACE::2024-12-08.17:31:54::SCWMssOS::Picking up changes from newly written mss file into SCW Layer. 
TRACE::2024-12-08.17:31:54::SCWMssOS::Updated the changes from newly written mss file into SCW Layer. 
TRACE::2024-12-08.17:31:54::SCWMssOS::Completed writing the mss file at F:/Education/FPGA_Labs/Labs_2/lab4/audio_new/design_1_wrapper_iz/ps7_cortexa9_0/standalone_ps7_cortexa9_0/bsp
TRACE::2024-12-08.17:31:54::SCWMssOS::Forcing BSP Sources regeneration.
TRACE::2024-12-08.17:31:55::SCWMssOS::Saving the mss changes F:/Education/FPGA_Labs/Labs_2/lab4/audio_new/design_1_wrapper_iz/zynq_fsbl/zynq_fsbl_bsp/system.mss
TRACE::2024-12-08.17:31:55::SCWMssOS::Found a swdesign opened with the mssfile.
TRACE::2024-12-08.17:31:55::SCWMssOS::Completed writemss as part of save.
TRACE::2024-12-08.17:31:55::SCWMssOS::Commit changes completed.
TRACE::2024-12-08.17:31:55::SCWMssOS::Saving the mss changes F:/Education/FPGA_Labs/Labs_2/lab4/audio_new/design_1_wrapper_iz/ps7_cortexa9_0/standalone_ps7_cortexa9_0/bsp/system.mss
TRACE::2024-12-08.17:31:55::SCWMssOS::Adding the swdes entry, mss present, able to open swdb F:/Education/FPGA_Labs/Labs_2/lab4/audio_new/design_1_wrapper_iz/ps7_cortexa9_0/standalone_ps7_cortexa9_0/bsp/system.mss with des name system_2
TRACE::2024-12-08.17:31:55::SCWMssOS::Writing the mss file completed F:/Education/FPGA_Labs/Labs_2/lab4/audio_new/design_1_wrapper_iz/ps7_cortexa9_0/standalone_ps7_cortexa9_0/bsp/system.mss
TRACE::2024-12-08.17:31:55::SCWMssOS::Commit changes completed.
TRACE::2024-12-08.17:31:55::SCWPlatform::Trying to open the hw design at F:/Education/FPGA_Labs/Labs_2/lab4/audio_new/design_1_wrapper_iz/hw/design_1_wrapper_iz.xsa
TRACE::2024-12-08.17:31:55::SCWPlatform::DSA given F:/Education/FPGA_Labs/Labs_2/lab4/audio_new/design_1_wrapper_iz/hw/design_1_wrapper_iz.xsa
TRACE::2024-12-08.17:31:55::SCWPlatform::DSA absoulate path F:/Education/FPGA_Labs/Labs_2/lab4/audio_new/design_1_wrapper_iz/hw/design_1_wrapper_iz.xsa
TRACE::2024-12-08.17:31:55::SCWPlatform::DSA directory F:/Education/FPGA_Labs/Labs_2/lab4/audio_new/design_1_wrapper_iz/hw
TRACE::2024-12-08.17:31:55::SCWPlatform:: Platform Path F:/Education/FPGA_Labs/Labs_2/lab4/audio_new/design_1_wrapper_iz/hw/design_1_wrapper_iz.xsa
TRACE::2024-12-08.17:31:55::SCWPlatform:: Unique name xilinx:zedboard::0.0
TRACE::2024-12-08.17:31:55::SCWPlatform::Trying to set the existing hwdb with name design_1_wrapper_4
TRACE::2024-12-08.17:31:55::SCWPlatform::Opened existing hwdb design_1_wrapper_4
TRACE::2024-12-08.17:31:55::SCWPlatform::Found the Hw Db part of the input DSA
TRACE::2024-12-08.17:31:55::SCWMssOS::Checking the sw design at  F:/Education/FPGA_Labs/Labs_2/lab4/audio_new/design_1_wrapper_iz/zynq_fsbl/zynq_fsbl_bsp/system.mss
TRACE::2024-12-08.17:31:55::SCWMssOS::DEBUG:  swdes dump  F:/Education/FPGA_Labs/Labs_2/lab4/audio_new/audio/ps7_cortexa9_0/standalone_domain/bsp/system.mss|system_0||
F:/Education/FPGA_Labs/Labs_2/lab4/audio_new/audio/zynq_fsbl/zynq_fsbl_bsp/system.mss|system||
F:/Education/FPGA_Labs/Labs_2/lab4/audio_new/design_1_wrapper_iz/ps7_cortexa9_0/standalone_ps7_cortexa9_0/bsp/system.mss|system_2||
F:/Education/FPGA_Labs/Labs_2/lab4/audio_new/design_1_wrapper_iz/zynq_fsbl/zynq_fsbl_bsp/system.mss|system_1||

TRACE::2024-12-08.17:31:55::SCWMssOS::Sw design exists and opened at  F:/Education/FPGA_Labs/Labs_2/lab4/audio_new/design_1_wrapper_iz/zynq_fsbl/zynq_fsbl_bsp/system.mss
TRACE::2024-12-08.17:31:55::SCWPlatform::Trying to open the hw design at F:/Education/FPGA_Labs/Labs_2/lab4/audio_new/design_1_wrapper_iz/hw/design_1_wrapper_iz.xsa
TRACE::2024-12-08.17:31:55::SCWPlatform::DSA given F:/Education/FPGA_Labs/Labs_2/lab4/audio_new/design_1_wrapper_iz/hw/design_1_wrapper_iz.xsa
TRACE::2024-12-08.17:31:55::SCWPlatform::DSA absoulate path F:/Education/FPGA_Labs/Labs_2/lab4/audio_new/design_1_wrapper_iz/hw/design_1_wrapper_iz.xsa
TRACE::2024-12-08.17:31:55::SCWPlatform::DSA directory F:/Education/FPGA_Labs/Labs_2/lab4/audio_new/design_1_wrapper_iz/hw
TRACE::2024-12-08.17:31:55::SCWPlatform:: Platform Path F:/Education/FPGA_Labs/Labs_2/lab4/audio_new/design_1_wrapper_iz/hw/design_1_wrapper_iz.xsa
TRACE::2024-12-08.17:31:55::SCWPlatform:: Unique name xilinx:zedboard::0.0
TRACE::2024-12-08.17:31:55::SCWPlatform::Trying to set the existing hwdb with name design_1_wrapper_4
TRACE::2024-12-08.17:31:55::SCWPlatform::Opened existing hwdb design_1_wrapper_4
TRACE::2024-12-08.17:31:55::SCWPlatform::Found the Hw Db part of the input DSA
TRACE::2024-12-08.17:31:55::SCWMssOS::Checking the sw design at  F:/Education/FPGA_Labs/Labs_2/lab4/audio_new/design_1_wrapper_iz/zynq_fsbl/zynq_fsbl_bsp/system.mss
TRACE::2024-12-08.17:31:55::SCWMssOS::DEBUG:  swdes dump  F:/Education/FPGA_Labs/Labs_2/lab4/audio_new/audio/ps7_cortexa9_0/standalone_domain/bsp/system.mss|system_0||
F:/Education/FPGA_Labs/Labs_2/lab4/audio_new/audio/zynq_fsbl/zynq_fsbl_bsp/system.mss|system||
F:/Education/FPGA_Labs/Labs_2/lab4/audio_new/design_1_wrapper_iz/ps7_cortexa9_0/standalone_ps7_cortexa9_0/bsp/system.mss|system_2||
F:/Education/FPGA_Labs/Labs_2/lab4/audio_new/design_1_wrapper_iz/zynq_fsbl/zynq_fsbl_bsp/system.mss|system_1||

TRACE::2024-12-08.17:31:55::SCWMssOS::Sw design exists and opened at  F:/Education/FPGA_Labs/Labs_2/lab4/audio_new/design_1_wrapper_iz/zynq_fsbl/zynq_fsbl_bsp/system.mss
TRACE::2024-12-08.17:31:55::SCWPlatform::Trying to open the hw design at F:/Education/FPGA_Labs/Labs_2/lab4/audio_new/design_1_wrapper_iz/hw/design_1_wrapper_iz.xsa
TRACE::2024-12-08.17:31:55::SCWPlatform::DSA given F:/Education/FPGA_Labs/Labs_2/lab4/audio_new/design_1_wrapper_iz/hw/design_1_wrapper_iz.xsa
TRACE::2024-12-08.17:31:55::SCWPlatform::DSA absoulate path F:/Education/FPGA_Labs/Labs_2/lab4/audio_new/design_1_wrapper_iz/hw/design_1_wrapper_iz.xsa
TRACE::2024-12-08.17:31:55::SCWPlatform::DSA directory F:/Education/FPGA_Labs/Labs_2/lab4/audio_new/design_1_wrapper_iz/hw
TRACE::2024-12-08.17:31:55::SCWPlatform:: Platform Path F:/Education/FPGA_Labs/Labs_2/lab4/audio_new/design_1_wrapper_iz/hw/design_1_wrapper_iz.xsa
TRACE::2024-12-08.17:31:55::SCWPlatform:: Unique name xilinx:zedboard::0.0
TRACE::2024-12-08.17:31:55::SCWPlatform::Trying to set the existing hwdb with name design_1_wrapper_4
TRACE::2024-12-08.17:31:55::SCWPlatform::Opened existing hwdb design_1_wrapper_4
TRACE::2024-12-08.17:31:55::SCWPlatform::Found the Hw Db part of the input DSA
TRACE::2024-12-08.17:31:55::SCWMssOS::Checking the sw design at  F:/Education/FPGA_Labs/Labs_2/lab4/audio_new/design_1_wrapper_iz/zynq_fsbl/zynq_fsbl_bsp/system.mss
TRACE::2024-12-08.17:31:55::SCWMssOS::DEBUG:  swdes dump  F:/Education/FPGA_Labs/Labs_2/lab4/audio_new/audio/ps7_cortexa9_0/standalone_domain/bsp/system.mss|system_0||
F:/Education/FPGA_Labs/Labs_2/lab4/audio_new/audio/zynq_fsbl/zynq_fsbl_bsp/system.mss|system||
F:/Education/FPGA_Labs/Labs_2/lab4/audio_new/design_1_wrapper_iz/ps7_cortexa9_0/standalone_ps7_cortexa9_0/bsp/system.mss|system_2||
F:/Education/FPGA_Labs/Labs_2/lab4/audio_new/design_1_wrapper_iz/zynq_fsbl/zynq_fsbl_bsp/system.mss|system_1||

TRACE::2024-12-08.17:31:55::SCWMssOS::Sw design exists and opened at  F:/Education/FPGA_Labs/Labs_2/lab4/audio_new/design_1_wrapper_iz/zynq_fsbl/zynq_fsbl_bsp/system.mss
TRACE::2024-12-08.17:31:55::SCWPlatform::Trying to open the hw design at F:/Education/FPGA_Labs/Labs_2/lab4/audio_new/design_1_wrapper_iz/hw/design_1_wrapper_iz.xsa
TRACE::2024-12-08.17:31:55::SCWPlatform::DSA given F:/Education/FPGA_Labs/Labs_2/lab4/audio_new/design_1_wrapper_iz/hw/design_1_wrapper_iz.xsa
TRACE::2024-12-08.17:31:55::SCWPlatform::DSA absoulate path F:/Education/FPGA_Labs/Labs_2/lab4/audio_new/design_1_wrapper_iz/hw/design_1_wrapper_iz.xsa
TRACE::2024-12-08.17:31:55::SCWPlatform::DSA directory F:/Education/FPGA_Labs/Labs_2/lab4/audio_new/design_1_wrapper_iz/hw
TRACE::2024-12-08.17:31:55::SCWPlatform:: Platform Path F:/Education/FPGA_Labs/Labs_2/lab4/audio_new/design_1_wrapper_iz/hw/design_1_wrapper_iz.xsa
TRACE::2024-12-08.17:31:55::SCWPlatform:: Unique name xilinx:zedboard::0.0
TRACE::2024-12-08.17:31:55::SCWPlatform::Trying to set the existing hwdb with name design_1_wrapper_4
TRACE::2024-12-08.17:31:55::SCWPlatform::Opened existing hwdb design_1_wrapper_4
TRACE::2024-12-08.17:31:55::SCWPlatform::Found the Hw Db part of the input DSA
TRACE::2024-12-08.17:31:55::SCWMssOS::Checking the sw design at  F:/Education/FPGA_Labs/Labs_2/lab4/audio_new/design_1_wrapper_iz/ps7_cortexa9_0/standalone_ps7_cortexa9_0/bsp/system.mss
TRACE::2024-12-08.17:31:55::SCWMssOS::DEBUG:  swdes dump  F:/Education/FPGA_Labs/Labs_2/lab4/audio_new/audio/ps7_cortexa9_0/standalone_domain/bsp/system.mss|system_0||
F:/Education/FPGA_Labs/Labs_2/lab4/audio_new/audio/zynq_fsbl/zynq_fsbl_bsp/system.mss|system||
F:/Education/FPGA_Labs/Labs_2/lab4/audio_new/design_1_wrapper_iz/ps7_cortexa9_0/standalone_ps7_cortexa9_0/bsp/system.mss|system_2||
F:/Education/FPGA_Labs/Labs_2/lab4/audio_new/design_1_wrapper_iz/zynq_fsbl/zynq_fsbl_bsp/system.mss|system_1||

TRACE::2024-12-08.17:31:55::SCWMssOS::Sw design exists and opened at  F:/Education/FPGA_Labs/Labs_2/lab4/audio_new/design_1_wrapper_iz/ps7_cortexa9_0/standalone_ps7_cortexa9_0/bsp/system.mss
TRACE::2024-12-08.17:31:55::SCWPlatform::Trying to open the hw design at F:/Education/FPGA_Labs/Labs_2/lab4/audio_new/design_1_wrapper_iz/hw/design_1_wrapper_iz.xsa
TRACE::2024-12-08.17:31:55::SCWPlatform::DSA given F:/Education/FPGA_Labs/Labs_2/lab4/audio_new/design_1_wrapper_iz/hw/design_1_wrapper_iz.xsa
TRACE::2024-12-08.17:31:55::SCWPlatform::DSA absoulate path F:/Education/FPGA_Labs/Labs_2/lab4/audio_new/design_1_wrapper_iz/hw/design_1_wrapper_iz.xsa
TRACE::2024-12-08.17:31:55::SCWPlatform::DSA directory F:/Education/FPGA_Labs/Labs_2/lab4/audio_new/design_1_wrapper_iz/hw
TRACE::2024-12-08.17:31:55::SCWPlatform:: Platform Path F:/Education/FPGA_Labs/Labs_2/lab4/audio_new/design_1_wrapper_iz/hw/design_1_wrapper_iz.xsa
TRACE::2024-12-08.17:31:55::SCWPlatform:: Unique name xilinx:zedboard::0.0
TRACE::2024-12-08.17:31:55::SCWPlatform::Trying to set the existing hwdb with name design_1_wrapper_4
TRACE::2024-12-08.17:31:55::SCWPlatform::Opened existing hwdb design_1_wrapper_4
TRACE::2024-12-08.17:31:55::SCWPlatform::Found the Hw Db part of the input DSA
TRACE::2024-12-08.17:31:55::SCWMssOS::Checking the sw design at  F:/Education/FPGA_Labs/Labs_2/lab4/audio_new/design_1_wrapper_iz/ps7_cortexa9_0/standalone_ps7_cortexa9_0/bsp/system.mss
TRACE::2024-12-08.17:31:55::SCWMssOS::DEBUG:  swdes dump  F:/Education/FPGA_Labs/Labs_2/lab4/audio_new/audio/ps7_cortexa9_0/standalone_domain/bsp/system.mss|system_0||
F:/Education/FPGA_Labs/Labs_2/lab4/audio_new/audio/zynq_fsbl/zynq_fsbl_bsp/system.mss|system||
F:/Education/FPGA_Labs/Labs_2/lab4/audio_new/design_1_wrapper_iz/ps7_cortexa9_0/standalone_ps7_cortexa9_0/bsp/system.mss|system_2||
F:/Education/FPGA_Labs/Labs_2/lab4/audio_new/design_1_wrapper_iz/zynq_fsbl/zynq_fsbl_bsp/system.mss|system_1||

TRACE::2024-12-08.17:31:55::SCWMssOS::Sw design exists and opened at  F:/Education/FPGA_Labs/Labs_2/lab4/audio_new/design_1_wrapper_iz/ps7_cortexa9_0/standalone_ps7_cortexa9_0/bsp/system.mss
TRACE::2024-12-08.17:31:55::SCWPlatform::Trying to open the hw design at F:/Education/FPGA_Labs/Labs_2/lab4/audio_new/design_1_wrapper_iz/hw/design_1_wrapper_iz.xsa
TRACE::2024-12-08.17:31:55::SCWPlatform::DSA given F:/Education/FPGA_Labs/Labs_2/lab4/audio_new/design_1_wrapper_iz/hw/design_1_wrapper_iz.xsa
TRACE::2024-12-08.17:31:55::SCWPlatform::DSA absoulate path F:/Education/FPGA_Labs/Labs_2/lab4/audio_new/design_1_wrapper_iz/hw/design_1_wrapper_iz.xsa
TRACE::2024-12-08.17:31:55::SCWPlatform::DSA directory F:/Education/FPGA_Labs/Labs_2/lab4/audio_new/design_1_wrapper_iz/hw
TRACE::2024-12-08.17:31:55::SCWPlatform:: Platform Path F:/Education/FPGA_Labs/Labs_2/lab4/audio_new/design_1_wrapper_iz/hw/design_1_wrapper_iz.xsa
TRACE::2024-12-08.17:31:55::SCWPlatform:: Unique name xilinx:zedboard::0.0
TRACE::2024-12-08.17:31:55::SCWPlatform::Trying to set the existing hwdb with name design_1_wrapper_4
TRACE::2024-12-08.17:31:55::SCWPlatform::Opened existing hwdb design_1_wrapper_4
TRACE::2024-12-08.17:31:55::SCWPlatform::Found the Hw Db part of the input DSA
TRACE::2024-12-08.17:31:55::SCWMssOS::Checking the sw design at  F:/Education/FPGA_Labs/Labs_2/lab4/audio_new/design_1_wrapper_iz/ps7_cortexa9_0/standalone_ps7_cortexa9_0/bsp/system.mss
TRACE::2024-12-08.17:31:55::SCWMssOS::DEBUG:  swdes dump  F:/Education/FPGA_Labs/Labs_2/lab4/audio_new/audio/ps7_cortexa9_0/standalone_domain/bsp/system.mss|system_0||
F:/Education/FPGA_Labs/Labs_2/lab4/audio_new/audio/zynq_fsbl/zynq_fsbl_bsp/system.mss|system||
F:/Education/FPGA_Labs/Labs_2/lab4/audio_new/design_1_wrapper_iz/ps7_cortexa9_0/standalone_ps7_cortexa9_0/bsp/system.mss|system_2||
F:/Education/FPGA_Labs/Labs_2/lab4/audio_new/design_1_wrapper_iz/zynq_fsbl/zynq_fsbl_bsp/system.mss|system_1||

TRACE::2024-12-08.17:31:55::SCWMssOS::Sw design exists and opened at  F:/Education/FPGA_Labs/Labs_2/lab4/audio_new/design_1_wrapper_iz/ps7_cortexa9_0/standalone_ps7_cortexa9_0/bsp/system.mss
TRACE::2024-12-08.17:31:55::SCWWriter::formatted JSON is {
	"platformName":	"design_1_wrapper_iz",
	"sprVersion":	"2.0",
	"mode":	"gui",
	"dsaType":	"Fixed",
	"platformDesc":	"design_1_wrapper_iz",
	"platHandOff":	"<platformDir>.xsa",
	"platIntHandOff":	"<platformDir>/hw/design_1_wrapper_iz.xsa",
	"deviceType":	"zynq",
	"platIsPrebuiltAutogen":	"false",
	"platIsNoBootBsp":	"false",
	"platFsblTarget":	"ps7_cortexa9_0",
	"hasFsblMakeHasChanges":	"false",
	"hasPmufwMakeHasChanges":	"false",
	"fsblExtraCompilerFlags":	"-MMD -MP       -mcpu=cortex-a9 -mfpu=vfpv3 -mfloat-abi=hard ",
	"platPreBuiltFlag":	false,
	"platformSamplesDir":	"",
	"platActiveSys":	"design_1_wrapper_iz",
	"systems":	[{
			"systemName":	"design_1_wrapper_iz",
			"systemDesc":	"design_1_wrapper_iz",
			"sysIsBootAutoGen":	"true",
			"systemDispName":	"design_1_wrapper_iz",
			"sysActiveDom":	"standalone_ps7_cortexa9_0",
			"sysDefaultDom":	"standalone_ps7_cortexa9_0",
			"domains":	[{
					"domainName":	"zynq_fsbl",
					"domainDispName":	"zynq_fsbl",
					"domainDesc":	"FSBL Application BSP - Auto Generated.",
					"processors":	"ps7_cortexa9_0",
					"os":	"standalone",
					"sdxOs":	"standalone",
					"debugEnable":	"",
					"domRuntimes":	["cpp"],
					"swRepo":	"",
					"mssOsVer":	"8.1",
					"mssFile":	"",
					"md5Digest":	"d9a34af2dee52f902a49b7b36c0ab938",
					"compatibleApp":	"zynq_fsbl",
					"domType":	"bootDomain",
					"arch":	"32-bit",
					"appSettings":	{
						"appCompilerFlags":	"",
						"appLinkerFlags":	""
					},
					"addedLibs":	["xilffs:5.0", "xilrsa:1.6"],
					"libOptions":	{
						"libsContainingOptions":	[]
					},
					"prebuiltLibs":	{
						"prebuiltIncPath":	[],
						"prebuiltLibPath":	[]
					},
					"isolation":	{
					}
				}, {
					"domainName":	"standalone_ps7_cortexa9_0",
					"domainDispName":	"standalone_ps7_cortexa9_0",
					"domainDesc":	"standalone_ps7_cortexa9_0",
					"processors":	"ps7_cortexa9_0",
					"os":	"standalone",
					"sdxOs":	"standalone",
					"qemuArgs":	"<platformDir>/resources/design_1_wrapper_iz/standalone_ps7_cortexa9_0/qemu_args.txt",
					"qemuData":	"<platformDir>/resources/design_1_wrapper_iz/standalone_ps7_cortexa9_0/qemu",
					"debugEnable":	"False",
					"domRuntimes":	["cpp"],
					"swRepo":	"",
					"mssOsVer":	"8.1",
					"mssFile":	"",
					"md5Digest":	"9a5c07eb3fcbf029dead828c18c1b9c0",
					"compatibleApp":	"empty_application",
					"domType":	"mssDomain",
					"arch":	"32-bit",
					"appSettings":	{
						"appCompilerFlags":	"",
						"appLinkerFlags":	""
					},
					"addedLibs":	[],
					"libOptions":	{
						"libsContainingOptions":	[]
					},
					"prebuiltLibs":	{
						"prebuiltIncPath":	[],
						"prebuiltLibPath":	[]
					},
					"isolation":	{
					}
				}]
		}]
}
LOG::2024-12-08.17:31:55::SCWPlatform::Started generating the artifacts platform design_1_wrapper_iz
TRACE::2024-12-08.17:31:55::SCWPlatform::Sanity checking of platform is completed
LOG::2024-12-08.17:31:55::SCWPlatform::Started generating the artifacts for system configuration design_1_wrapper_iz
LOG::2024-12-08.17:31:55::SCWSystem::Checking the domain zynq_fsbl
LOG::2024-12-08.17:31:55::SCWSystem::Doing application build for :  zynq_fsbl
TRACE::2024-12-08.17:31:55::SCWBDomain::Not a forced makefile updation, No changes are present. 
TRACE::2024-12-08.17:31:55::SCWDomain::Skipping the build for domain :  zynq_fsbl
LOG::2024-12-08.17:31:55::SCWSystem::Checking the domain standalone_ps7_cortexa9_0
LOG::2024-12-08.17:31:55::SCWSystem::Not a boot domain 
LOG::2024-12-08.17:31:55::SCWSystem::Started Processing the domain standalone_ps7_cortexa9_0
TRACE::2024-12-08.17:31:55::SCWDomain::Generating domain artifcats
TRACE::2024-12-08.17:31:55::SCWMssOS::Generating standalone artifcats
TRACE::2024-12-08.17:31:55::SCWMssOS::Copying the qemu file from  F:/Education/FPGA_Labs/Labs_2/lab4/audio_new/design_1_wrapper_iz/resources/design_1_wrapper_iz/standalone_ps7_cortexa9_0/qemu_args.txt To F:/Education/FPGA_Labs/Labs_2/lab4/audio_new/design_1_wrapper_iz/export/design_1_wrapper_iz/sw/design_1_wrapper_iz/qemu/
TRACE::2024-12-08.17:31:55::SCWMssOS::Copying the qemu file from  F:/Education/FPGA_Labs/Labs_2/lab4/audio_new/design_1_wrapper_iz/resources/design_1_wrapper_iz/standalone_ps7_cortexa9_0/qemu_args.txt To F:/Education/FPGA_Labs/Labs_2/lab4/audio_new/design_1_wrapper_iz/export/design_1_wrapper_iz/sw/design_1_wrapper_iz/standalone_ps7_cortexa9_0/qemu/
TRACE::2024-12-08.17:31:55::SCWMssOS:: Copying the user libraries. 
TRACE::2024-12-08.17:31:55::SCWPlatform::Trying to open the hw design at F:/Education/FPGA_Labs/Labs_2/lab4/audio_new/design_1_wrapper_iz/hw/design_1_wrapper_iz.xsa
TRACE::2024-12-08.17:31:55::SCWPlatform::DSA given F:/Education/FPGA_Labs/Labs_2/lab4/audio_new/design_1_wrapper_iz/hw/design_1_wrapper_iz.xsa
TRACE::2024-12-08.17:31:55::SCWPlatform::DSA absoulate path F:/Education/FPGA_Labs/Labs_2/lab4/audio_new/design_1_wrapper_iz/hw/design_1_wrapper_iz.xsa
TRACE::2024-12-08.17:31:55::SCWPlatform::DSA directory F:/Education/FPGA_Labs/Labs_2/lab4/audio_new/design_1_wrapper_iz/hw
TRACE::2024-12-08.17:31:55::SCWPlatform:: Platform Path F:/Education/FPGA_Labs/Labs_2/lab4/audio_new/design_1_wrapper_iz/hw/design_1_wrapper_iz.xsa
TRACE::2024-12-08.17:31:55::SCWPlatform:: Unique name xilinx:zedboard::0.0
TRACE::2024-12-08.17:31:55::SCWPlatform::Trying to set the existing hwdb with name design_1_wrapper_4
TRACE::2024-12-08.17:31:55::SCWPlatform::Opened existing hwdb design_1_wrapper_4
TRACE::2024-12-08.17:31:55::SCWPlatform::Found the Hw Db part of the input DSA
TRACE::2024-12-08.17:31:55::SCWMssOS::Checking the sw design at  F:/Education/FPGA_Labs/Labs_2/lab4/audio_new/design_1_wrapper_iz/ps7_cortexa9_0/standalone_ps7_cortexa9_0/bsp/system.mss
TRACE::2024-12-08.17:31:55::SCWMssOS::DEBUG:  swdes dump  F:/Education/FPGA_Labs/Labs_2/lab4/audio_new/audio/ps7_cortexa9_0/standalone_domain/bsp/system.mss|system_0||
F:/Education/FPGA_Labs/Labs_2/lab4/audio_new/audio/zynq_fsbl/zynq_fsbl_bsp/system.mss|system||
F:/Education/FPGA_Labs/Labs_2/lab4/audio_new/design_1_wrapper_iz/ps7_cortexa9_0/standalone_ps7_cortexa9_0/bsp/system.mss|system_2||
F:/Education/FPGA_Labs/Labs_2/lab4/audio_new/design_1_wrapper_iz/zynq_fsbl/zynq_fsbl_bsp/system.mss|system_1||

TRACE::2024-12-08.17:31:55::SCWMssOS::Sw design exists and opened at  F:/Education/FPGA_Labs/Labs_2/lab4/audio_new/design_1_wrapper_iz/ps7_cortexa9_0/standalone_ps7_cortexa9_0/bsp/system.mss
TRACE::2024-12-08.17:31:55::SCWMssOS::Completed writing the mss file at F:/Education/FPGA_Labs/Labs_2/lab4/audio_new/design_1_wrapper_iz/ps7_cortexa9_0/standalone_ps7_cortexa9_0/bsp
TRACE::2024-12-08.17:31:55::SCWMssOS::Mss edits present, copying mssfile into export location F:/Education/FPGA_Labs/Labs_2/lab4/audio_new/design_1_wrapper_iz/ps7_cortexa9_0/standalone_ps7_cortexa9_0/bsp/system.mss
TRACE::2024-12-08.17:31:55::SCWMssOS::bsp generated is upto date with the mss file. Skipping bsp generation.
TRACE::2024-12-08.17:31:55::SCWMssOS::BSP is already built. skipping the bsp build ... 
TRACE::2024-12-08.17:31:55::SCWDomain::Skipping the build for domain :  standalone_ps7_cortexa9_0
TRACE::2024-12-08.17:31:55::SCWMssOS::skipping the bsp build ... 
TRACE::2024-12-08.17:31:55::SCWMssOS::Copying to export directory.
TRACE::2024-12-08.17:31:55::SCWMssOS:: Checking if to create the Supporting Applications
TRACE::2024-12-08.17:31:55::SCWMssOS:: No Linux domain exists, trying to generate FSBL 
TRACE::2024-12-08.17:31:55::SCWMssOS:: Completed Standalone Artifacts creation 
LOG::2024-12-08.17:31:55::SCWSystem::Completed Processing the domain standalone_ps7_cortexa9_0
LOG::2024-12-08.17:31:55::SCWSystem::Completed Processing the sysconfig design_1_wrapper_iz
LOG::2024-12-08.17:31:55::SCWPlatform::Completed generating the artifacts for system configuration design_1_wrapper_iz
TRACE::2024-12-08.17:31:55::SCWPlatform::Started preparing the platform 
TRACE::2024-12-08.17:31:55::SCWSystem::Writing the bif file for system config design_1_wrapper_iz
TRACE::2024-12-08.17:31:55::SCWSystem::dir created 
TRACE::2024-12-08.17:31:55::SCWSystem::Writing the bif 
TRACE::2024-12-08.17:31:55::SCWPlatform::Started writing the spfm file 
TRACE::2024-12-08.17:31:55::SCWPlatform::Started writing the xpfm file 
TRACE::2024-12-08.17:31:55::SCWPlatform::Completed generating the platform
TRACE::2024-12-08.17:31:55::SCWMssOS::Saving the mss changes F:/Education/FPGA_Labs/Labs_2/lab4/audio_new/design_1_wrapper_iz/zynq_fsbl/zynq_fsbl_bsp/system.mss
TRACE::2024-12-08.17:31:55::SCWMssOS::Found a swdesign opened with the mssfile.
TRACE::2024-12-08.17:31:55::SCWMssOS::Completed writemss as part of save.
TRACE::2024-12-08.17:31:55::SCWMssOS::Commit changes completed.
TRACE::2024-12-08.17:31:55::SCWMssOS::Saving the mss changes F:/Education/FPGA_Labs/Labs_2/lab4/audio_new/design_1_wrapper_iz/ps7_cortexa9_0/standalone_ps7_cortexa9_0/bsp/system.mss
TRACE::2024-12-08.17:31:55::SCWMssOS::Found a swdesign opened with the mssfile.
TRACE::2024-12-08.17:31:55::SCWMssOS::Completed writemss as part of save.
TRACE::2024-12-08.17:31:55::SCWMssOS::Commit changes completed.
TRACE::2024-12-08.17:31:55::SCWPlatform::Trying to open the hw design at F:/Education/FPGA_Labs/Labs_2/lab4/audio_new/design_1_wrapper_iz/hw/design_1_wrapper_iz.xsa
TRACE::2024-12-08.17:31:55::SCWPlatform::DSA given F:/Education/FPGA_Labs/Labs_2/lab4/audio_new/design_1_wrapper_iz/hw/design_1_wrapper_iz.xsa
TRACE::2024-12-08.17:31:55::SCWPlatform::DSA absoulate path F:/Education/FPGA_Labs/Labs_2/lab4/audio_new/design_1_wrapper_iz/hw/design_1_wrapper_iz.xsa
TRACE::2024-12-08.17:31:55::SCWPlatform::DSA directory F:/Education/FPGA_Labs/Labs_2/lab4/audio_new/design_1_wrapper_iz/hw
TRACE::2024-12-08.17:31:55::SCWPlatform:: Platform Path F:/Education/FPGA_Labs/Labs_2/lab4/audio_new/design_1_wrapper_iz/hw/design_1_wrapper_iz.xsa
TRACE::2024-12-08.17:31:55::SCWPlatform:: Unique name xilinx:zedboard::0.0
TRACE::2024-12-08.17:31:55::SCWPlatform::Trying to set the existing hwdb with name design_1_wrapper_4
TRACE::2024-12-08.17:31:55::SCWPlatform::Opened existing hwdb design_1_wrapper_4
TRACE::2024-12-08.17:31:55::SCWPlatform::Found the Hw Db part of the input DSA
TRACE::2024-12-08.17:31:55::SCWMssOS::Checking the sw design at  F:/Education/FPGA_Labs/Labs_2/lab4/audio_new/design_1_wrapper_iz/zynq_fsbl/zynq_fsbl_bsp/system.mss
TRACE::2024-12-08.17:31:55::SCWMssOS::DEBUG:  swdes dump  F:/Education/FPGA_Labs/Labs_2/lab4/audio_new/audio/ps7_cortexa9_0/standalone_domain/bsp/system.mss|system_0||
F:/Education/FPGA_Labs/Labs_2/lab4/audio_new/audio/zynq_fsbl/zynq_fsbl_bsp/system.mss|system||
F:/Education/FPGA_Labs/Labs_2/lab4/audio_new/design_1_wrapper_iz/ps7_cortexa9_0/standalone_ps7_cortexa9_0/bsp/system.mss|system_2||
F:/Education/FPGA_Labs/Labs_2/lab4/audio_new/design_1_wrapper_iz/zynq_fsbl/zynq_fsbl_bsp/system.mss|system_1||

TRACE::2024-12-08.17:31:55::SCWMssOS::Sw design exists and opened at  F:/Education/FPGA_Labs/Labs_2/lab4/audio_new/design_1_wrapper_iz/zynq_fsbl/zynq_fsbl_bsp/system.mss
TRACE::2024-12-08.17:31:55::SCWPlatform::Trying to open the hw design at F:/Education/FPGA_Labs/Labs_2/lab4/audio_new/design_1_wrapper_iz/hw/design_1_wrapper_iz.xsa
TRACE::2024-12-08.17:31:55::SCWPlatform::DSA given F:/Education/FPGA_Labs/Labs_2/lab4/audio_new/design_1_wrapper_iz/hw/design_1_wrapper_iz.xsa
TRACE::2024-12-08.17:31:55::SCWPlatform::DSA absoulate path F:/Education/FPGA_Labs/Labs_2/lab4/audio_new/design_1_wrapper_iz/hw/design_1_wrapper_iz.xsa
TRACE::2024-12-08.17:31:55::SCWPlatform::DSA directory F:/Education/FPGA_Labs/Labs_2/lab4/audio_new/design_1_wrapper_iz/hw
TRACE::2024-12-08.17:31:55::SCWPlatform:: Platform Path F:/Education/FPGA_Labs/Labs_2/lab4/audio_new/design_1_wrapper_iz/hw/design_1_wrapper_iz.xsa
TRACE::2024-12-08.17:31:55::SCWPlatform:: Unique name xilinx:zedboard::0.0
TRACE::2024-12-08.17:31:55::SCWPlatform::Trying to set the existing hwdb with name design_1_wrapper_4
TRACE::2024-12-08.17:31:55::SCWPlatform::Opened existing hwdb design_1_wrapper_4
TRACE::2024-12-08.17:31:55::SCWPlatform::Found the Hw Db part of the input DSA
TRACE::2024-12-08.17:31:55::SCWMssOS::Checking the sw design at  F:/Education/FPGA_Labs/Labs_2/lab4/audio_new/design_1_wrapper_iz/zynq_fsbl/zynq_fsbl_bsp/system.mss
TRACE::2024-12-08.17:31:55::SCWMssOS::DEBUG:  swdes dump  F:/Education/FPGA_Labs/Labs_2/lab4/audio_new/audio/ps7_cortexa9_0/standalone_domain/bsp/system.mss|system_0||
F:/Education/FPGA_Labs/Labs_2/lab4/audio_new/audio/zynq_fsbl/zynq_fsbl_bsp/system.mss|system||
F:/Education/FPGA_Labs/Labs_2/lab4/audio_new/design_1_wrapper_iz/ps7_cortexa9_0/standalone_ps7_cortexa9_0/bsp/system.mss|system_2||
F:/Education/FPGA_Labs/Labs_2/lab4/audio_new/design_1_wrapper_iz/zynq_fsbl/zynq_fsbl_bsp/system.mss|system_1||

TRACE::2024-12-08.17:31:55::SCWMssOS::Sw design exists and opened at  F:/Education/FPGA_Labs/Labs_2/lab4/audio_new/design_1_wrapper_iz/zynq_fsbl/zynq_fsbl_bsp/system.mss
TRACE::2024-12-08.17:31:55::SCWPlatform::Trying to open the hw design at F:/Education/FPGA_Labs/Labs_2/lab4/audio_new/design_1_wrapper_iz/hw/design_1_wrapper_iz.xsa
TRACE::2024-12-08.17:31:55::SCWPlatform::DSA given F:/Education/FPGA_Labs/Labs_2/lab4/audio_new/design_1_wrapper_iz/hw/design_1_wrapper_iz.xsa
TRACE::2024-12-08.17:31:55::SCWPlatform::DSA absoulate path F:/Education/FPGA_Labs/Labs_2/lab4/audio_new/design_1_wrapper_iz/hw/design_1_wrapper_iz.xsa
TRACE::2024-12-08.17:31:55::SCWPlatform::DSA directory F:/Education/FPGA_Labs/Labs_2/lab4/audio_new/design_1_wrapper_iz/hw
TRACE::2024-12-08.17:31:55::SCWPlatform:: Platform Path F:/Education/FPGA_Labs/Labs_2/lab4/audio_new/design_1_wrapper_iz/hw/design_1_wrapper_iz.xsa
TRACE::2024-12-08.17:31:55::SCWPlatform:: Unique name xilinx:zedboard::0.0
TRACE::2024-12-08.17:31:55::SCWPlatform::Trying to set the existing hwdb with name design_1_wrapper_4
TRACE::2024-12-08.17:31:55::SCWPlatform::Opened existing hwdb design_1_wrapper_4
TRACE::2024-12-08.17:31:55::SCWPlatform::Found the Hw Db part of the input DSA
TRACE::2024-12-08.17:31:55::SCWMssOS::Checking the sw design at  F:/Education/FPGA_Labs/Labs_2/lab4/audio_new/design_1_wrapper_iz/zynq_fsbl/zynq_fsbl_bsp/system.mss
TRACE::2024-12-08.17:31:55::SCWMssOS::DEBUG:  swdes dump  F:/Education/FPGA_Labs/Labs_2/lab4/audio_new/audio/ps7_cortexa9_0/standalone_domain/bsp/system.mss|system_0||
F:/Education/FPGA_Labs/Labs_2/lab4/audio_new/audio/zynq_fsbl/zynq_fsbl_bsp/system.mss|system||
F:/Education/FPGA_Labs/Labs_2/lab4/audio_new/design_1_wrapper_iz/ps7_cortexa9_0/standalone_ps7_cortexa9_0/bsp/system.mss|system_2||
F:/Education/FPGA_Labs/Labs_2/lab4/audio_new/design_1_wrapper_iz/zynq_fsbl/zynq_fsbl_bsp/system.mss|system_1||

TRACE::2024-12-08.17:31:55::SCWMssOS::Sw design exists and opened at  F:/Education/FPGA_Labs/Labs_2/lab4/audio_new/design_1_wrapper_iz/zynq_fsbl/zynq_fsbl_bsp/system.mss
TRACE::2024-12-08.17:31:55::SCWPlatform::Trying to open the hw design at F:/Education/FPGA_Labs/Labs_2/lab4/audio_new/design_1_wrapper_iz/hw/design_1_wrapper_iz.xsa
TRACE::2024-12-08.17:31:55::SCWPlatform::DSA given F:/Education/FPGA_Labs/Labs_2/lab4/audio_new/design_1_wrapper_iz/hw/design_1_wrapper_iz.xsa
TRACE::2024-12-08.17:31:55::SCWPlatform::DSA absoulate path F:/Education/FPGA_Labs/Labs_2/lab4/audio_new/design_1_wrapper_iz/hw/design_1_wrapper_iz.xsa
TRACE::2024-12-08.17:31:55::SCWPlatform::DSA directory F:/Education/FPGA_Labs/Labs_2/lab4/audio_new/design_1_wrapper_iz/hw
TRACE::2024-12-08.17:31:55::SCWPlatform:: Platform Path F:/Education/FPGA_Labs/Labs_2/lab4/audio_new/design_1_wrapper_iz/hw/design_1_wrapper_iz.xsa
TRACE::2024-12-08.17:31:55::SCWPlatform:: Unique name xilinx:zedboard::0.0
TRACE::2024-12-08.17:31:55::SCWPlatform::Trying to set the existing hwdb with name design_1_wrapper_4
TRACE::2024-12-08.17:31:55::SCWPlatform::Opened existing hwdb design_1_wrapper_4
TRACE::2024-12-08.17:31:55::SCWPlatform::Found the Hw Db part of the input DSA
TRACE::2024-12-08.17:31:55::SCWMssOS::Checking the sw design at  F:/Education/FPGA_Labs/Labs_2/lab4/audio_new/design_1_wrapper_iz/ps7_cortexa9_0/standalone_ps7_cortexa9_0/bsp/system.mss
TRACE::2024-12-08.17:31:55::SCWMssOS::DEBUG:  swdes dump  F:/Education/FPGA_Labs/Labs_2/lab4/audio_new/audio/ps7_cortexa9_0/standalone_domain/bsp/system.mss|system_0||
F:/Education/FPGA_Labs/Labs_2/lab4/audio_new/audio/zynq_fsbl/zynq_fsbl_bsp/system.mss|system||
F:/Education/FPGA_Labs/Labs_2/lab4/audio_new/design_1_wrapper_iz/ps7_cortexa9_0/standalone_ps7_cortexa9_0/bsp/system.mss|system_2||
F:/Education/FPGA_Labs/Labs_2/lab4/audio_new/design_1_wrapper_iz/zynq_fsbl/zynq_fsbl_bsp/system.mss|system_1||

TRACE::2024-12-08.17:31:55::SCWMssOS::Sw design exists and opened at  F:/Education/FPGA_Labs/Labs_2/lab4/audio_new/design_1_wrapper_iz/ps7_cortexa9_0/standalone_ps7_cortexa9_0/bsp/system.mss
TRACE::2024-12-08.17:31:55::SCWPlatform::Trying to open the hw design at F:/Education/FPGA_Labs/Labs_2/lab4/audio_new/design_1_wrapper_iz/hw/design_1_wrapper_iz.xsa
TRACE::2024-12-08.17:31:55::SCWPlatform::DSA given F:/Education/FPGA_Labs/Labs_2/lab4/audio_new/design_1_wrapper_iz/hw/design_1_wrapper_iz.xsa
TRACE::2024-12-08.17:31:55::SCWPlatform::DSA absoulate path F:/Education/FPGA_Labs/Labs_2/lab4/audio_new/design_1_wrapper_iz/hw/design_1_wrapper_iz.xsa
TRACE::2024-12-08.17:31:55::SCWPlatform::DSA directory F:/Education/FPGA_Labs/Labs_2/lab4/audio_new/design_1_wrapper_iz/hw
TRACE::2024-12-08.17:31:55::SCWPlatform:: Platform Path F:/Education/FPGA_Labs/Labs_2/lab4/audio_new/design_1_wrapper_iz/hw/design_1_wrapper_iz.xsa
TRACE::2024-12-08.17:31:55::SCWPlatform:: Unique name xilinx:zedboard::0.0
TRACE::2024-12-08.17:31:55::SCWPlatform::Trying to set the existing hwdb with name design_1_wrapper_4
TRACE::2024-12-08.17:31:55::SCWPlatform::Opened existing hwdb design_1_wrapper_4
TRACE::2024-12-08.17:31:55::SCWPlatform::Found the Hw Db part of the input DSA
TRACE::2024-12-08.17:31:55::SCWMssOS::Checking the sw design at  F:/Education/FPGA_Labs/Labs_2/lab4/audio_new/design_1_wrapper_iz/ps7_cortexa9_0/standalone_ps7_cortexa9_0/bsp/system.mss
TRACE::2024-12-08.17:31:55::SCWMssOS::DEBUG:  swdes dump  F:/Education/FPGA_Labs/Labs_2/lab4/audio_new/audio/ps7_cortexa9_0/standalone_domain/bsp/system.mss|system_0||
F:/Education/FPGA_Labs/Labs_2/lab4/audio_new/audio/zynq_fsbl/zynq_fsbl_bsp/system.mss|system||
F:/Education/FPGA_Labs/Labs_2/lab4/audio_new/design_1_wrapper_iz/ps7_cortexa9_0/standalone_ps7_cortexa9_0/bsp/system.mss|system_2||
F:/Education/FPGA_Labs/Labs_2/lab4/audio_new/design_1_wrapper_iz/zynq_fsbl/zynq_fsbl_bsp/system.mss|system_1||

TRACE::2024-12-08.17:31:55::SCWMssOS::Sw design exists and opened at  F:/Education/FPGA_Labs/Labs_2/lab4/audio_new/design_1_wrapper_iz/ps7_cortexa9_0/standalone_ps7_cortexa9_0/bsp/system.mss
TRACE::2024-12-08.17:31:55::SCWPlatform::Trying to open the hw design at F:/Education/FPGA_Labs/Labs_2/lab4/audio_new/design_1_wrapper_iz/hw/design_1_wrapper_iz.xsa
TRACE::2024-12-08.17:31:55::SCWPlatform::DSA given F:/Education/FPGA_Labs/Labs_2/lab4/audio_new/design_1_wrapper_iz/hw/design_1_wrapper_iz.xsa
TRACE::2024-12-08.17:31:55::SCWPlatform::DSA absoulate path F:/Education/FPGA_Labs/Labs_2/lab4/audio_new/design_1_wrapper_iz/hw/design_1_wrapper_iz.xsa
TRACE::2024-12-08.17:31:55::SCWPlatform::DSA directory F:/Education/FPGA_Labs/Labs_2/lab4/audio_new/design_1_wrapper_iz/hw
TRACE::2024-12-08.17:31:55::SCWPlatform:: Platform Path F:/Education/FPGA_Labs/Labs_2/lab4/audio_new/design_1_wrapper_iz/hw/design_1_wrapper_iz.xsa
TRACE::2024-12-08.17:31:55::SCWPlatform:: Unique name xilinx:zedboard::0.0
TRACE::2024-12-08.17:31:55::SCWPlatform::Trying to set the existing hwdb with name design_1_wrapper_4
TRACE::2024-12-08.17:31:55::SCWPlatform::Opened existing hwdb design_1_wrapper_4
TRACE::2024-12-08.17:31:55::SCWPlatform::Found the Hw Db part of the input DSA
TRACE::2024-12-08.17:31:55::SCWMssOS::Checking the sw design at  F:/Education/FPGA_Labs/Labs_2/lab4/audio_new/design_1_wrapper_iz/ps7_cortexa9_0/standalone_ps7_cortexa9_0/bsp/system.mss
TRACE::2024-12-08.17:31:55::SCWMssOS::DEBUG:  swdes dump  F:/Education/FPGA_Labs/Labs_2/lab4/audio_new/audio/ps7_cortexa9_0/standalone_domain/bsp/system.mss|system_0||
F:/Education/FPGA_Labs/Labs_2/lab4/audio_new/audio/zynq_fsbl/zynq_fsbl_bsp/system.mss|system||
F:/Education/FPGA_Labs/Labs_2/lab4/audio_new/design_1_wrapper_iz/ps7_cortexa9_0/standalone_ps7_cortexa9_0/bsp/system.mss|system_2||
F:/Education/FPGA_Labs/Labs_2/lab4/audio_new/design_1_wrapper_iz/zynq_fsbl/zynq_fsbl_bsp/system.mss|system_1||

TRACE::2024-12-08.17:31:55::SCWMssOS::Sw design exists and opened at  F:/Education/FPGA_Labs/Labs_2/lab4/audio_new/design_1_wrapper_iz/ps7_cortexa9_0/standalone_ps7_cortexa9_0/bsp/system.mss
TRACE::2024-12-08.17:31:55::SCWWriter::formatted JSON is {
	"platformName":	"design_1_wrapper_iz",
	"sprVersion":	"2.0",
	"mode":	"gui",
	"dsaType":	"Fixed",
	"platformDesc":	"design_1_wrapper_iz",
	"platHandOff":	"<platformDir>.xsa",
	"platIntHandOff":	"<platformDir>/hw/design_1_wrapper_iz.xsa",
	"deviceType":	"zynq",
	"platIsPrebuiltAutogen":	"false",
	"platIsNoBootBsp":	"false",
	"platFsblTarget":	"ps7_cortexa9_0",
	"hasFsblMakeHasChanges":	"false",
	"hasPmufwMakeHasChanges":	"false",
	"fsblExtraCompilerFlags":	"-MMD -MP       -mcpu=cortex-a9 -mfpu=vfpv3 -mfloat-abi=hard ",
	"platPreBuiltFlag":	false,
	"platformSamplesDir":	"",
	"platActiveSys":	"design_1_wrapper_iz",
	"systems":	[{
			"systemName":	"design_1_wrapper_iz",
			"systemDesc":	"design_1_wrapper_iz",
			"sysIsBootAutoGen":	"true",
			"systemDispName":	"design_1_wrapper_iz",
			"sysActiveDom":	"standalone_ps7_cortexa9_0",
			"sysDefaultDom":	"standalone_ps7_cortexa9_0",
			"domains":	[{
					"domainName":	"zynq_fsbl",
					"domainDispName":	"zynq_fsbl",
					"domainDesc":	"FSBL Application BSP - Auto Generated.",
					"processors":	"ps7_cortexa9_0",
					"os":	"standalone",
					"sdxOs":	"standalone",
					"debugEnable":	"",
					"domRuntimes":	["cpp"],
					"swRepo":	"",
					"mssOsVer":	"8.1",
					"mssFile":	"",
					"md5Digest":	"d9a34af2dee52f902a49b7b36c0ab938",
					"compatibleApp":	"zynq_fsbl",
					"domType":	"bootDomain",
					"arch":	"32-bit",
					"appSettings":	{
						"appCompilerFlags":	"",
						"appLinkerFlags":	""
					},
					"addedLibs":	["xilffs:5.0", "xilrsa:1.6"],
					"libOptions":	{
						"libsContainingOptions":	[]
					},
					"prebuiltLibs":	{
						"prebuiltIncPath":	[],
						"prebuiltLibPath":	[]
					},
					"isolation":	{
					}
				}, {
					"domainName":	"standalone_ps7_cortexa9_0",
					"domainDispName":	"standalone_ps7_cortexa9_0",
					"domainDesc":	"standalone_ps7_cortexa9_0",
					"processors":	"ps7_cortexa9_0",
					"os":	"standalone",
					"sdxOs":	"standalone",
					"qemuArgs":	"<platformDir>/resources/design_1_wrapper_iz/standalone_ps7_cortexa9_0/qemu_args.txt",
					"qemuData":	"<platformDir>/resources/design_1_wrapper_iz/standalone_ps7_cortexa9_0/qemu",
					"debugEnable":	"False",
					"domRuntimes":	["cpp"],
					"swRepo":	"",
					"mssOsVer":	"8.1",
					"mssFile":	"",
					"md5Digest":	"9a5c07eb3fcbf029dead828c18c1b9c0",
					"compatibleApp":	"empty_application",
					"domType":	"mssDomain",
					"arch":	"32-bit",
					"appSettings":	{
						"appCompilerFlags":	"",
						"appLinkerFlags":	""
					},
					"addedLibs":	[],
					"libOptions":	{
						"libsContainingOptions":	[]
					},
					"prebuiltLibs":	{
						"prebuiltIncPath":	[],
						"prebuiltLibPath":	[]
					},
					"isolation":	{
					}
				}]
		}]
}
KEYINFO::2024-12-08.17:31:55::SCWPlatform::updated the xpfm file.
TRACE::2024-12-08.17:31:56::SCWPlatform::Trying to open the hw design at F:/Education/FPGA_Labs/Labs_2/lab4/audio_new/design_1_wrapper_iz/hw/design_1_wrapper_iz.xsa
TRACE::2024-12-08.17:31:56::SCWPlatform::DSA given F:/Education/FPGA_Labs/Labs_2/lab4/audio_new/design_1_wrapper_iz/hw/design_1_wrapper_iz.xsa
TRACE::2024-12-08.17:31:56::SCWPlatform::DSA absoulate path F:/Education/FPGA_Labs/Labs_2/lab4/audio_new/design_1_wrapper_iz/hw/design_1_wrapper_iz.xsa
TRACE::2024-12-08.17:31:56::SCWPlatform::DSA directory F:/Education/FPGA_Labs/Labs_2/lab4/audio_new/design_1_wrapper_iz/hw
TRACE::2024-12-08.17:31:56::SCWPlatform:: Platform Path F:/Education/FPGA_Labs/Labs_2/lab4/audio_new/design_1_wrapper_iz/hw/design_1_wrapper_iz.xsa
TRACE::2024-12-08.17:31:56::SCWPlatform:: Unique name xilinx:zedboard::0.0
TRACE::2024-12-08.17:31:56::SCWPlatform::Trying to set the existing hwdb with name design_1_wrapper_4
TRACE::2024-12-08.17:31:56::SCWPlatform::Opened existing hwdb design_1_wrapper_4
TRACE::2024-12-08.17:31:56::SCWPlatform::Found the Hw Db part of the input DSA
TRACE::2024-12-08.17:31:56::SCWMssOS::Checking the sw design at  F:/Education/FPGA_Labs/Labs_2/lab4/audio_new/design_1_wrapper_iz/ps7_cortexa9_0/standalone_ps7_cortexa9_0/bsp/system.mss
TRACE::2024-12-08.17:31:56::SCWMssOS::DEBUG:  swdes dump  F:/Education/FPGA_Labs/Labs_2/lab4/audio_new/audio/ps7_cortexa9_0/standalone_domain/bsp/system.mss|system_0||
F:/Education/FPGA_Labs/Labs_2/lab4/audio_new/audio/zynq_fsbl/zynq_fsbl_bsp/system.mss|system||
F:/Education/FPGA_Labs/Labs_2/lab4/audio_new/design_1_wrapper_iz/ps7_cortexa9_0/standalone_ps7_cortexa9_0/bsp/system.mss|system_2||
F:/Education/FPGA_Labs/Labs_2/lab4/audio_new/design_1_wrapper_iz/zynq_fsbl/zynq_fsbl_bsp/system.mss|system_1||

TRACE::2024-12-08.17:31:56::SCWMssOS::Sw design exists and opened at  F:/Education/FPGA_Labs/Labs_2/lab4/audio_new/design_1_wrapper_iz/ps7_cortexa9_0/standalone_ps7_cortexa9_0/bsp/system.mss
TRACE::2024-12-08.17:31:56::SCWMssOS::Saving the mss changes F:/Education/FPGA_Labs/Labs_2/lab4/audio_new/design_1_wrapper_iz/zynq_fsbl/zynq_fsbl_bsp/system.mss
TRACE::2024-12-08.17:31:56::SCWMssOS::Found a swdesign opened with the mssfile.
TRACE::2024-12-08.17:31:56::SCWMssOS::Completed writemss as part of save.
TRACE::2024-12-08.17:31:56::SCWMssOS::Commit changes completed.
TRACE::2024-12-08.17:31:56::SCWMssOS::Saving the mss changes F:/Education/FPGA_Labs/Labs_2/lab4/audio_new/design_1_wrapper_iz/ps7_cortexa9_0/standalone_ps7_cortexa9_0/bsp/system.mss
TRACE::2024-12-08.17:31:56::SCWMssOS::Found a swdesign opened with the mssfile.
TRACE::2024-12-08.17:31:56::SCWMssOS::Completed writemss as part of save.
TRACE::2024-12-08.17:31:56::SCWMssOS::Commit changes completed.
TRACE::2024-12-08.17:31:56::SCWPlatform::Trying to open the hw design at F:/Education/FPGA_Labs/Labs_2/lab4/audio_new/design_1_wrapper_iz/hw/design_1_wrapper_iz.xsa
TRACE::2024-12-08.17:31:56::SCWPlatform::DSA given F:/Education/FPGA_Labs/Labs_2/lab4/audio_new/design_1_wrapper_iz/hw/design_1_wrapper_iz.xsa
TRACE::2024-12-08.17:31:56::SCWPlatform::DSA absoulate path F:/Education/FPGA_Labs/Labs_2/lab4/audio_new/design_1_wrapper_iz/hw/design_1_wrapper_iz.xsa
TRACE::2024-12-08.17:31:56::SCWPlatform::DSA directory F:/Education/FPGA_Labs/Labs_2/lab4/audio_new/design_1_wrapper_iz/hw
TRACE::2024-12-08.17:31:56::SCWPlatform:: Platform Path F:/Education/FPGA_Labs/Labs_2/lab4/audio_new/design_1_wrapper_iz/hw/design_1_wrapper_iz.xsa
TRACE::2024-12-08.17:31:56::SCWPlatform:: Unique name xilinx:zedboard::0.0
TRACE::2024-12-08.17:31:56::SCWPlatform::Trying to set the existing hwdb with name design_1_wrapper_4
TRACE::2024-12-08.17:31:56::SCWPlatform::Opened existing hwdb design_1_wrapper_4
TRACE::2024-12-08.17:31:56::SCWPlatform::Found the Hw Db part of the input DSA
TRACE::2024-12-08.17:31:56::SCWMssOS::Checking the sw design at  F:/Education/FPGA_Labs/Labs_2/lab4/audio_new/design_1_wrapper_iz/zynq_fsbl/zynq_fsbl_bsp/system.mss
TRACE::2024-12-08.17:31:56::SCWMssOS::DEBUG:  swdes dump  F:/Education/FPGA_Labs/Labs_2/lab4/audio_new/audio/ps7_cortexa9_0/standalone_domain/bsp/system.mss|system_0||
F:/Education/FPGA_Labs/Labs_2/lab4/audio_new/audio/zynq_fsbl/zynq_fsbl_bsp/system.mss|system||
F:/Education/FPGA_Labs/Labs_2/lab4/audio_new/design_1_wrapper_iz/ps7_cortexa9_0/standalone_ps7_cortexa9_0/bsp/system.mss|system_2||
F:/Education/FPGA_Labs/Labs_2/lab4/audio_new/design_1_wrapper_iz/zynq_fsbl/zynq_fsbl_bsp/system.mss|system_1||

TRACE::2024-12-08.17:31:56::SCWMssOS::Sw design exists and opened at  F:/Education/FPGA_Labs/Labs_2/lab4/audio_new/design_1_wrapper_iz/zynq_fsbl/zynq_fsbl_bsp/system.mss
TRACE::2024-12-08.17:31:56::SCWPlatform::Trying to open the hw design at F:/Education/FPGA_Labs/Labs_2/lab4/audio_new/design_1_wrapper_iz/hw/design_1_wrapper_iz.xsa
TRACE::2024-12-08.17:31:56::SCWPlatform::DSA given F:/Education/FPGA_Labs/Labs_2/lab4/audio_new/design_1_wrapper_iz/hw/design_1_wrapper_iz.xsa
TRACE::2024-12-08.17:31:56::SCWPlatform::DSA absoulate path F:/Education/FPGA_Labs/Labs_2/lab4/audio_new/design_1_wrapper_iz/hw/design_1_wrapper_iz.xsa
TRACE::2024-12-08.17:31:56::SCWPlatform::DSA directory F:/Education/FPGA_Labs/Labs_2/lab4/audio_new/design_1_wrapper_iz/hw
TRACE::2024-12-08.17:31:56::SCWPlatform:: Platform Path F:/Education/FPGA_Labs/Labs_2/lab4/audio_new/design_1_wrapper_iz/hw/design_1_wrapper_iz.xsa
TRACE::2024-12-08.17:31:56::SCWPlatform:: Unique name xilinx:zedboard::0.0
TRACE::2024-12-08.17:31:56::SCWPlatform::Trying to set the existing hwdb with name design_1_wrapper_4
TRACE::2024-12-08.17:31:56::SCWPlatform::Opened existing hwdb design_1_wrapper_4
TRACE::2024-12-08.17:31:56::SCWPlatform::Found the Hw Db part of the input DSA
TRACE::2024-12-08.17:31:56::SCWMssOS::Checking the sw design at  F:/Education/FPGA_Labs/Labs_2/lab4/audio_new/design_1_wrapper_iz/zynq_fsbl/zynq_fsbl_bsp/system.mss
TRACE::2024-12-08.17:31:56::SCWMssOS::DEBUG:  swdes dump  F:/Education/FPGA_Labs/Labs_2/lab4/audio_new/audio/ps7_cortexa9_0/standalone_domain/bsp/system.mss|system_0||
F:/Education/FPGA_Labs/Labs_2/lab4/audio_new/audio/zynq_fsbl/zynq_fsbl_bsp/system.mss|system||
F:/Education/FPGA_Labs/Labs_2/lab4/audio_new/design_1_wrapper_iz/ps7_cortexa9_0/standalone_ps7_cortexa9_0/bsp/system.mss|system_2||
F:/Education/FPGA_Labs/Labs_2/lab4/audio_new/design_1_wrapper_iz/zynq_fsbl/zynq_fsbl_bsp/system.mss|system_1||

TRACE::2024-12-08.17:31:56::SCWMssOS::Sw design exists and opened at  F:/Education/FPGA_Labs/Labs_2/lab4/audio_new/design_1_wrapper_iz/zynq_fsbl/zynq_fsbl_bsp/system.mss
TRACE::2024-12-08.17:31:56::SCWPlatform::Trying to open the hw design at F:/Education/FPGA_Labs/Labs_2/lab4/audio_new/design_1_wrapper_iz/hw/design_1_wrapper_iz.xsa
TRACE::2024-12-08.17:31:56::SCWPlatform::DSA given F:/Education/FPGA_Labs/Labs_2/lab4/audio_new/design_1_wrapper_iz/hw/design_1_wrapper_iz.xsa
TRACE::2024-12-08.17:31:56::SCWPlatform::DSA absoulate path F:/Education/FPGA_Labs/Labs_2/lab4/audio_new/design_1_wrapper_iz/hw/design_1_wrapper_iz.xsa
TRACE::2024-12-08.17:31:56::SCWPlatform::DSA directory F:/Education/FPGA_Labs/Labs_2/lab4/audio_new/design_1_wrapper_iz/hw
TRACE::2024-12-08.17:31:56::SCWPlatform:: Platform Path F:/Education/FPGA_Labs/Labs_2/lab4/audio_new/design_1_wrapper_iz/hw/design_1_wrapper_iz.xsa
TRACE::2024-12-08.17:31:56::SCWPlatform:: Unique name xilinx:zedboard::0.0
TRACE::2024-12-08.17:31:56::SCWPlatform::Trying to set the existing hwdb with name design_1_wrapper_4
TRACE::2024-12-08.17:31:56::SCWPlatform::Opened existing hwdb design_1_wrapper_4
TRACE::2024-12-08.17:31:56::SCWPlatform::Found the Hw Db part of the input DSA
TRACE::2024-12-08.17:31:56::SCWMssOS::Checking the sw design at  F:/Education/FPGA_Labs/Labs_2/lab4/audio_new/design_1_wrapper_iz/zynq_fsbl/zynq_fsbl_bsp/system.mss
TRACE::2024-12-08.17:31:56::SCWMssOS::DEBUG:  swdes dump  F:/Education/FPGA_Labs/Labs_2/lab4/audio_new/audio/ps7_cortexa9_0/standalone_domain/bsp/system.mss|system_0||
F:/Education/FPGA_Labs/Labs_2/lab4/audio_new/audio/zynq_fsbl/zynq_fsbl_bsp/system.mss|system||
F:/Education/FPGA_Labs/Labs_2/lab4/audio_new/design_1_wrapper_iz/ps7_cortexa9_0/standalone_ps7_cortexa9_0/bsp/system.mss|system_2||
F:/Education/FPGA_Labs/Labs_2/lab4/audio_new/design_1_wrapper_iz/zynq_fsbl/zynq_fsbl_bsp/system.mss|system_1||

TRACE::2024-12-08.17:31:56::SCWMssOS::Sw design exists and opened at  F:/Education/FPGA_Labs/Labs_2/lab4/audio_new/design_1_wrapper_iz/zynq_fsbl/zynq_fsbl_bsp/system.mss
TRACE::2024-12-08.17:31:56::SCWPlatform::Trying to open the hw design at F:/Education/FPGA_Labs/Labs_2/lab4/audio_new/design_1_wrapper_iz/hw/design_1_wrapper_iz.xsa
TRACE::2024-12-08.17:31:56::SCWPlatform::DSA given F:/Education/FPGA_Labs/Labs_2/lab4/audio_new/design_1_wrapper_iz/hw/design_1_wrapper_iz.xsa
TRACE::2024-12-08.17:31:56::SCWPlatform::DSA absoulate path F:/Education/FPGA_Labs/Labs_2/lab4/audio_new/design_1_wrapper_iz/hw/design_1_wrapper_iz.xsa
TRACE::2024-12-08.17:31:56::SCWPlatform::DSA directory F:/Education/FPGA_Labs/Labs_2/lab4/audio_new/design_1_wrapper_iz/hw
TRACE::2024-12-08.17:31:56::SCWPlatform:: Platform Path F:/Education/FPGA_Labs/Labs_2/lab4/audio_new/design_1_wrapper_iz/hw/design_1_wrapper_iz.xsa
TRACE::2024-12-08.17:31:56::SCWPlatform:: Unique name xilinx:zedboard::0.0
TRACE::2024-12-08.17:31:56::SCWPlatform::Trying to set the existing hwdb with name design_1_wrapper_4
TRACE::2024-12-08.17:31:56::SCWPlatform::Opened existing hwdb design_1_wrapper_4
TRACE::2024-12-08.17:31:56::SCWPlatform::Found the Hw Db part of the input DSA
TRACE::2024-12-08.17:31:56::SCWMssOS::Checking the sw design at  F:/Education/FPGA_Labs/Labs_2/lab4/audio_new/design_1_wrapper_iz/ps7_cortexa9_0/standalone_ps7_cortexa9_0/bsp/system.mss
TRACE::2024-12-08.17:31:56::SCWMssOS::DEBUG:  swdes dump  F:/Education/FPGA_Labs/Labs_2/lab4/audio_new/audio/ps7_cortexa9_0/standalone_domain/bsp/system.mss|system_0||
F:/Education/FPGA_Labs/Labs_2/lab4/audio_new/audio/zynq_fsbl/zynq_fsbl_bsp/system.mss|system||
F:/Education/FPGA_Labs/Labs_2/lab4/audio_new/design_1_wrapper_iz/ps7_cortexa9_0/standalone_ps7_cortexa9_0/bsp/system.mss|system_2||
F:/Education/FPGA_Labs/Labs_2/lab4/audio_new/design_1_wrapper_iz/zynq_fsbl/zynq_fsbl_bsp/system.mss|system_1||

TRACE::2024-12-08.17:31:56::SCWMssOS::Sw design exists and opened at  F:/Education/FPGA_Labs/Labs_2/lab4/audio_new/design_1_wrapper_iz/ps7_cortexa9_0/standalone_ps7_cortexa9_0/bsp/system.mss
TRACE::2024-12-08.17:31:56::SCWPlatform::Trying to open the hw design at F:/Education/FPGA_Labs/Labs_2/lab4/audio_new/design_1_wrapper_iz/hw/design_1_wrapper_iz.xsa
TRACE::2024-12-08.17:31:56::SCWPlatform::DSA given F:/Education/FPGA_Labs/Labs_2/lab4/audio_new/design_1_wrapper_iz/hw/design_1_wrapper_iz.xsa
TRACE::2024-12-08.17:31:56::SCWPlatform::DSA absoulate path F:/Education/FPGA_Labs/Labs_2/lab4/audio_new/design_1_wrapper_iz/hw/design_1_wrapper_iz.xsa
TRACE::2024-12-08.17:31:56::SCWPlatform::DSA directory F:/Education/FPGA_Labs/Labs_2/lab4/audio_new/design_1_wrapper_iz/hw
TRACE::2024-12-08.17:31:56::SCWPlatform:: Platform Path F:/Education/FPGA_Labs/Labs_2/lab4/audio_new/design_1_wrapper_iz/hw/design_1_wrapper_iz.xsa
TRACE::2024-12-08.17:31:56::SCWPlatform:: Unique name xilinx:zedboard::0.0
TRACE::2024-12-08.17:31:56::SCWPlatform::Trying to set the existing hwdb with name design_1_wrapper_4
TRACE::2024-12-08.17:31:56::SCWPlatform::Opened existing hwdb design_1_wrapper_4
TRACE::2024-12-08.17:31:56::SCWPlatform::Found the Hw Db part of the input DSA
TRACE::2024-12-08.17:31:56::SCWMssOS::Checking the sw design at  F:/Education/FPGA_Labs/Labs_2/lab4/audio_new/design_1_wrapper_iz/ps7_cortexa9_0/standalone_ps7_cortexa9_0/bsp/system.mss
TRACE::2024-12-08.17:31:56::SCWMssOS::DEBUG:  swdes dump  F:/Education/FPGA_Labs/Labs_2/lab4/audio_new/audio/ps7_cortexa9_0/standalone_domain/bsp/system.mss|system_0||
F:/Education/FPGA_Labs/Labs_2/lab4/audio_new/audio/zynq_fsbl/zynq_fsbl_bsp/system.mss|system||
F:/Education/FPGA_Labs/Labs_2/lab4/audio_new/design_1_wrapper_iz/ps7_cortexa9_0/standalone_ps7_cortexa9_0/bsp/system.mss|system_2||
F:/Education/FPGA_Labs/Labs_2/lab4/audio_new/design_1_wrapper_iz/zynq_fsbl/zynq_fsbl_bsp/system.mss|system_1||

TRACE::2024-12-08.17:31:56::SCWMssOS::Sw design exists and opened at  F:/Education/FPGA_Labs/Labs_2/lab4/audio_new/design_1_wrapper_iz/ps7_cortexa9_0/standalone_ps7_cortexa9_0/bsp/system.mss
TRACE::2024-12-08.17:31:56::SCWPlatform::Trying to open the hw design at F:/Education/FPGA_Labs/Labs_2/lab4/audio_new/design_1_wrapper_iz/hw/design_1_wrapper_iz.xsa
TRACE::2024-12-08.17:31:56::SCWPlatform::DSA given F:/Education/FPGA_Labs/Labs_2/lab4/audio_new/design_1_wrapper_iz/hw/design_1_wrapper_iz.xsa
TRACE::2024-12-08.17:31:56::SCWPlatform::DSA absoulate path F:/Education/FPGA_Labs/Labs_2/lab4/audio_new/design_1_wrapper_iz/hw/design_1_wrapper_iz.xsa
TRACE::2024-12-08.17:31:56::SCWPlatform::DSA directory F:/Education/FPGA_Labs/Labs_2/lab4/audio_new/design_1_wrapper_iz/hw
TRACE::2024-12-08.17:31:56::SCWPlatform:: Platform Path F:/Education/FPGA_Labs/Labs_2/lab4/audio_new/design_1_wrapper_iz/hw/design_1_wrapper_iz.xsa
TRACE::2024-12-08.17:31:56::SCWPlatform:: Unique name xilinx:zedboard::0.0
TRACE::2024-12-08.17:31:56::SCWPlatform::Trying to set the existing hwdb with name design_1_wrapper_4
TRACE::2024-12-08.17:31:56::SCWPlatform::Opened existing hwdb design_1_wrapper_4
TRACE::2024-12-08.17:31:56::SCWPlatform::Found the Hw Db part of the input DSA
TRACE::2024-12-08.17:31:56::SCWMssOS::Checking the sw design at  F:/Education/FPGA_Labs/Labs_2/lab4/audio_new/design_1_wrapper_iz/ps7_cortexa9_0/standalone_ps7_cortexa9_0/bsp/system.mss
TRACE::2024-12-08.17:31:56::SCWMssOS::DEBUG:  swdes dump  F:/Education/FPGA_Labs/Labs_2/lab4/audio_new/audio/ps7_cortexa9_0/standalone_domain/bsp/system.mss|system_0||
F:/Education/FPGA_Labs/Labs_2/lab4/audio_new/audio/zynq_fsbl/zynq_fsbl_bsp/system.mss|system||
F:/Education/FPGA_Labs/Labs_2/lab4/audio_new/design_1_wrapper_iz/ps7_cortexa9_0/standalone_ps7_cortexa9_0/bsp/system.mss|system_2||
F:/Education/FPGA_Labs/Labs_2/lab4/audio_new/design_1_wrapper_iz/zynq_fsbl/zynq_fsbl_bsp/system.mss|system_1||

TRACE::2024-12-08.17:31:56::SCWMssOS::Sw design exists and opened at  F:/Education/FPGA_Labs/Labs_2/lab4/audio_new/design_1_wrapper_iz/ps7_cortexa9_0/standalone_ps7_cortexa9_0/bsp/system.mss
TRACE::2024-12-08.17:31:56::SCWWriter::formatted JSON is {
	"platformName":	"design_1_wrapper_iz",
	"sprVersion":	"2.0",
	"mode":	"gui",
	"dsaType":	"Fixed",
	"platformDesc":	"design_1_wrapper_iz",
	"platHandOff":	"<platformDir>.xsa",
	"platIntHandOff":	"<platformDir>/hw/design_1_wrapper_iz.xsa",
	"deviceType":	"zynq",
	"platIsPrebuiltAutogen":	"false",
	"platIsNoBootBsp":	"false",
	"platFsblTarget":	"ps7_cortexa9_0",
	"hasFsblMakeHasChanges":	"false",
	"hasPmufwMakeHasChanges":	"false",
	"fsblExtraCompilerFlags":	"-MMD -MP       -mcpu=cortex-a9 -mfpu=vfpv3 -mfloat-abi=hard ",
	"platPreBuiltFlag":	false,
	"platformSamplesDir":	"",
	"platActiveSys":	"design_1_wrapper_iz",
	"systems":	[{
			"systemName":	"design_1_wrapper_iz",
			"systemDesc":	"design_1_wrapper_iz",
			"sysIsBootAutoGen":	"true",
			"systemDispName":	"design_1_wrapper_iz",
			"sysActiveDom":	"standalone_ps7_cortexa9_0",
			"sysDefaultDom":	"standalone_ps7_cortexa9_0",
			"domains":	[{
					"domainName":	"zynq_fsbl",
					"domainDispName":	"zynq_fsbl",
					"domainDesc":	"FSBL Application BSP - Auto Generated.",
					"processors":	"ps7_cortexa9_0",
					"os":	"standalone",
					"sdxOs":	"standalone",
					"debugEnable":	"",
					"domRuntimes":	["cpp"],
					"swRepo":	"",
					"mssOsVer":	"8.1",
					"mssFile":	"",
					"md5Digest":	"d9a34af2dee52f902a49b7b36c0ab938",
					"compatibleApp":	"zynq_fsbl",
					"domType":	"bootDomain",
					"arch":	"32-bit",
					"appSettings":	{
						"appCompilerFlags":	"",
						"appLinkerFlags":	""
					},
					"addedLibs":	["xilffs:5.0", "xilrsa:1.6"],
					"libOptions":	{
						"libsContainingOptions":	[]
					},
					"prebuiltLibs":	{
						"prebuiltIncPath":	[],
						"prebuiltLibPath":	[]
					},
					"isolation":	{
					}
				}, {
					"domainName":	"standalone_ps7_cortexa9_0",
					"domainDispName":	"standalone_ps7_cortexa9_0",
					"domainDesc":	"standalone_ps7_cortexa9_0",
					"processors":	"ps7_cortexa9_0",
					"os":	"standalone",
					"sdxOs":	"standalone",
					"qemuArgs":	"<platformDir>/resources/design_1_wrapper_iz/standalone_ps7_cortexa9_0/qemu_args.txt",
					"qemuData":	"<platformDir>/resources/design_1_wrapper_iz/standalone_ps7_cortexa9_0/qemu",
					"debugEnable":	"False",
					"domRuntimes":	["cpp"],
					"swRepo":	"",
					"mssOsVer":	"8.1",
					"mssFile":	"",
					"md5Digest":	"9a5c07eb3fcbf029dead828c18c1b9c0",
					"compatibleApp":	"empty_application",
					"domType":	"mssDomain",
					"arch":	"32-bit",
					"appSettings":	{
						"appCompilerFlags":	"",
						"appLinkerFlags":	""
					},
					"addedLibs":	[],
					"libOptions":	{
						"libsContainingOptions":	[]
					},
					"prebuiltLibs":	{
						"prebuiltIncPath":	[],
						"prebuiltLibPath":	[]
					},
					"isolation":	{
					}
				}]
		}]
}
TRACE::2024-12-08.17:31:56::SCWPlatform::Trying to open the hw design at F:/Education/FPGA_Labs/Labs_2/lab4/audio_new/design_1_wrapper_iz/hw/design_1_wrapper_iz.xsa
TRACE::2024-12-08.17:31:56::SCWPlatform::DSA given F:/Education/FPGA_Labs/Labs_2/lab4/audio_new/design_1_wrapper_iz/hw/design_1_wrapper_iz.xsa
TRACE::2024-12-08.17:31:56::SCWPlatform::DSA absoulate path F:/Education/FPGA_Labs/Labs_2/lab4/audio_new/design_1_wrapper_iz/hw/design_1_wrapper_iz.xsa
TRACE::2024-12-08.17:31:56::SCWPlatform::DSA directory F:/Education/FPGA_Labs/Labs_2/lab4/audio_new/design_1_wrapper_iz/hw
TRACE::2024-12-08.17:31:56::SCWPlatform:: Platform Path F:/Education/FPGA_Labs/Labs_2/lab4/audio_new/design_1_wrapper_iz/hw/design_1_wrapper_iz.xsa
TRACE::2024-12-08.17:31:56::SCWPlatform:: Unique name xilinx:zedboard::0.0
TRACE::2024-12-08.17:31:56::SCWPlatform::Trying to set the existing hwdb with name design_1_wrapper_4
TRACE::2024-12-08.17:31:56::SCWPlatform::Opened existing hwdb design_1_wrapper_4
TRACE::2024-12-08.17:31:56::SCWPlatform::Found the Hw Db part of the input DSA
TRACE::2024-12-08.17:31:56::SCWMssOS::Checking the sw design at  F:/Education/FPGA_Labs/Labs_2/lab4/audio_new/design_1_wrapper_iz/ps7_cortexa9_0/standalone_ps7_cortexa9_0/bsp/system.mss
TRACE::2024-12-08.17:31:56::SCWMssOS::DEBUG:  swdes dump  F:/Education/FPGA_Labs/Labs_2/lab4/audio_new/audio/ps7_cortexa9_0/standalone_domain/bsp/system.mss|system_0||
F:/Education/FPGA_Labs/Labs_2/lab4/audio_new/audio/zynq_fsbl/zynq_fsbl_bsp/system.mss|system||
F:/Education/FPGA_Labs/Labs_2/lab4/audio_new/design_1_wrapper_iz/ps7_cortexa9_0/standalone_ps7_cortexa9_0/bsp/system.mss|system_2||
F:/Education/FPGA_Labs/Labs_2/lab4/audio_new/design_1_wrapper_iz/zynq_fsbl/zynq_fsbl_bsp/system.mss|system_1||

TRACE::2024-12-08.17:31:56::SCWMssOS::Sw design exists and opened at  F:/Education/FPGA_Labs/Labs_2/lab4/audio_new/design_1_wrapper_iz/ps7_cortexa9_0/standalone_ps7_cortexa9_0/bsp/system.mss
TRACE::2024-12-08.17:31:56::SCWPlatform::Trying to open the hw design at F:/Education/FPGA_Labs/Labs_2/lab4/audio_new/design_1_wrapper_iz/hw/design_1_wrapper_iz.xsa
TRACE::2024-12-08.17:31:56::SCWPlatform::DSA given F:/Education/FPGA_Labs/Labs_2/lab4/audio_new/design_1_wrapper_iz/hw/design_1_wrapper_iz.xsa
TRACE::2024-12-08.17:31:56::SCWPlatform::DSA absoulate path F:/Education/FPGA_Labs/Labs_2/lab4/audio_new/design_1_wrapper_iz/hw/design_1_wrapper_iz.xsa
TRACE::2024-12-08.17:31:56::SCWPlatform::DSA directory F:/Education/FPGA_Labs/Labs_2/lab4/audio_new/design_1_wrapper_iz/hw
TRACE::2024-12-08.17:31:56::SCWPlatform:: Platform Path F:/Education/FPGA_Labs/Labs_2/lab4/audio_new/design_1_wrapper_iz/hw/design_1_wrapper_iz.xsa
TRACE::2024-12-08.17:31:56::SCWPlatform:: Unique name xilinx:zedboard::0.0
TRACE::2024-12-08.17:31:56::SCWPlatform::Trying to set the existing hwdb with name design_1_wrapper_4
TRACE::2024-12-08.17:31:56::SCWPlatform::Opened existing hwdb design_1_wrapper_4
TRACE::2024-12-08.17:31:56::SCWPlatform::Found the Hw Db part of the input DSA
TRACE::2024-12-08.17:31:56::SCWMssOS::Checking the sw design at  F:/Education/FPGA_Labs/Labs_2/lab4/audio_new/design_1_wrapper_iz/ps7_cortexa9_0/standalone_ps7_cortexa9_0/bsp/system.mss
TRACE::2024-12-08.17:31:56::SCWMssOS::DEBUG:  swdes dump  F:/Education/FPGA_Labs/Labs_2/lab4/audio_new/audio/ps7_cortexa9_0/standalone_domain/bsp/system.mss|system_0||
F:/Education/FPGA_Labs/Labs_2/lab4/audio_new/audio/zynq_fsbl/zynq_fsbl_bsp/system.mss|system||
F:/Education/FPGA_Labs/Labs_2/lab4/audio_new/design_1_wrapper_iz/ps7_cortexa9_0/standalone_ps7_cortexa9_0/bsp/system.mss|system_2||
F:/Education/FPGA_Labs/Labs_2/lab4/audio_new/design_1_wrapper_iz/zynq_fsbl/zynq_fsbl_bsp/system.mss|system_1||

TRACE::2024-12-08.17:31:56::SCWMssOS::Sw design exists and opened at  F:/Education/FPGA_Labs/Labs_2/lab4/audio_new/design_1_wrapper_iz/ps7_cortexa9_0/standalone_ps7_cortexa9_0/bsp/system.mss
TRACE::2024-12-08.17:31:56::SCWMssOS::Saving the mss changes F:/Education/FPGA_Labs/Labs_2/lab4/audio_new/design_1_wrapper_iz/zynq_fsbl/zynq_fsbl_bsp/system.mss
TRACE::2024-12-08.17:31:56::SCWMssOS::Found a swdesign opened with the mssfile.
TRACE::2024-12-08.17:31:56::SCWMssOS::Completed writemss as part of save.
TRACE::2024-12-08.17:31:56::SCWMssOS::Commit changes completed.
TRACE::2024-12-08.17:31:56::SCWMssOS::Saving the mss changes F:/Education/FPGA_Labs/Labs_2/lab4/audio_new/design_1_wrapper_iz/ps7_cortexa9_0/standalone_ps7_cortexa9_0/bsp/system.mss
TRACE::2024-12-08.17:31:56::SCWMssOS::Found a swdesign opened with the mssfile.
TRACE::2024-12-08.17:31:56::SCWMssOS::Completed writemss as part of save.
TRACE::2024-12-08.17:31:56::SCWMssOS::Commit changes completed.
TRACE::2024-12-08.17:31:56::SCWPlatform::Trying to open the hw design at F:/Education/FPGA_Labs/Labs_2/lab4/audio_new/design_1_wrapper_iz/hw/design_1_wrapper_iz.xsa
TRACE::2024-12-08.17:31:56::SCWPlatform::DSA given F:/Education/FPGA_Labs/Labs_2/lab4/audio_new/design_1_wrapper_iz/hw/design_1_wrapper_iz.xsa
TRACE::2024-12-08.17:31:56::SCWPlatform::DSA absoulate path F:/Education/FPGA_Labs/Labs_2/lab4/audio_new/design_1_wrapper_iz/hw/design_1_wrapper_iz.xsa
TRACE::2024-12-08.17:31:56::SCWPlatform::DSA directory F:/Education/FPGA_Labs/Labs_2/lab4/audio_new/design_1_wrapper_iz/hw
TRACE::2024-12-08.17:31:56::SCWPlatform:: Platform Path F:/Education/FPGA_Labs/Labs_2/lab4/audio_new/design_1_wrapper_iz/hw/design_1_wrapper_iz.xsa
TRACE::2024-12-08.17:31:56::SCWPlatform:: Unique name xilinx:zedboard::0.0
TRACE::2024-12-08.17:31:56::SCWPlatform::Trying to set the existing hwdb with name design_1_wrapper_4
TRACE::2024-12-08.17:31:56::SCWPlatform::Opened existing hwdb design_1_wrapper_4
TRACE::2024-12-08.17:31:56::SCWPlatform::Found the Hw Db part of the input DSA
TRACE::2024-12-08.17:31:56::SCWMssOS::Checking the sw design at  F:/Education/FPGA_Labs/Labs_2/lab4/audio_new/design_1_wrapper_iz/zynq_fsbl/zynq_fsbl_bsp/system.mss
TRACE::2024-12-08.17:31:56::SCWMssOS::DEBUG:  swdes dump  F:/Education/FPGA_Labs/Labs_2/lab4/audio_new/audio/ps7_cortexa9_0/standalone_domain/bsp/system.mss|system_0||
F:/Education/FPGA_Labs/Labs_2/lab4/audio_new/audio/zynq_fsbl/zynq_fsbl_bsp/system.mss|system||
F:/Education/FPGA_Labs/Labs_2/lab4/audio_new/design_1_wrapper_iz/ps7_cortexa9_0/standalone_ps7_cortexa9_0/bsp/system.mss|system_2||
F:/Education/FPGA_Labs/Labs_2/lab4/audio_new/design_1_wrapper_iz/zynq_fsbl/zynq_fsbl_bsp/system.mss|system_1||

TRACE::2024-12-08.17:31:56::SCWMssOS::Sw design exists and opened at  F:/Education/FPGA_Labs/Labs_2/lab4/audio_new/design_1_wrapper_iz/zynq_fsbl/zynq_fsbl_bsp/system.mss
TRACE::2024-12-08.17:31:56::SCWPlatform::Trying to open the hw design at F:/Education/FPGA_Labs/Labs_2/lab4/audio_new/design_1_wrapper_iz/hw/design_1_wrapper_iz.xsa
TRACE::2024-12-08.17:31:56::SCWPlatform::DSA given F:/Education/FPGA_Labs/Labs_2/lab4/audio_new/design_1_wrapper_iz/hw/design_1_wrapper_iz.xsa
TRACE::2024-12-08.17:31:56::SCWPlatform::DSA absoulate path F:/Education/FPGA_Labs/Labs_2/lab4/audio_new/design_1_wrapper_iz/hw/design_1_wrapper_iz.xsa
TRACE::2024-12-08.17:31:56::SCWPlatform::DSA directory F:/Education/FPGA_Labs/Labs_2/lab4/audio_new/design_1_wrapper_iz/hw
TRACE::2024-12-08.17:31:56::SCWPlatform:: Platform Path F:/Education/FPGA_Labs/Labs_2/lab4/audio_new/design_1_wrapper_iz/hw/design_1_wrapper_iz.xsa
TRACE::2024-12-08.17:31:56::SCWPlatform:: Unique name xilinx:zedboard::0.0
TRACE::2024-12-08.17:31:56::SCWPlatform::Trying to set the existing hwdb with name design_1_wrapper_4
TRACE::2024-12-08.17:31:56::SCWPlatform::Opened existing hwdb design_1_wrapper_4
TRACE::2024-12-08.17:31:56::SCWPlatform::Found the Hw Db part of the input DSA
TRACE::2024-12-08.17:31:56::SCWMssOS::Checking the sw design at  F:/Education/FPGA_Labs/Labs_2/lab4/audio_new/design_1_wrapper_iz/zynq_fsbl/zynq_fsbl_bsp/system.mss
TRACE::2024-12-08.17:31:56::SCWMssOS::DEBUG:  swdes dump  F:/Education/FPGA_Labs/Labs_2/lab4/audio_new/audio/ps7_cortexa9_0/standalone_domain/bsp/system.mss|system_0||
F:/Education/FPGA_Labs/Labs_2/lab4/audio_new/audio/zynq_fsbl/zynq_fsbl_bsp/system.mss|system||
F:/Education/FPGA_Labs/Labs_2/lab4/audio_new/design_1_wrapper_iz/ps7_cortexa9_0/standalone_ps7_cortexa9_0/bsp/system.mss|system_2||
F:/Education/FPGA_Labs/Labs_2/lab4/audio_new/design_1_wrapper_iz/zynq_fsbl/zynq_fsbl_bsp/system.mss|system_1||

TRACE::2024-12-08.17:31:56::SCWMssOS::Sw design exists and opened at  F:/Education/FPGA_Labs/Labs_2/lab4/audio_new/design_1_wrapper_iz/zynq_fsbl/zynq_fsbl_bsp/system.mss
TRACE::2024-12-08.17:31:56::SCWPlatform::Trying to open the hw design at F:/Education/FPGA_Labs/Labs_2/lab4/audio_new/design_1_wrapper_iz/hw/design_1_wrapper_iz.xsa
TRACE::2024-12-08.17:31:56::SCWPlatform::DSA given F:/Education/FPGA_Labs/Labs_2/lab4/audio_new/design_1_wrapper_iz/hw/design_1_wrapper_iz.xsa
TRACE::2024-12-08.17:31:56::SCWPlatform::DSA absoulate path F:/Education/FPGA_Labs/Labs_2/lab4/audio_new/design_1_wrapper_iz/hw/design_1_wrapper_iz.xsa
TRACE::2024-12-08.17:31:56::SCWPlatform::DSA directory F:/Education/FPGA_Labs/Labs_2/lab4/audio_new/design_1_wrapper_iz/hw
TRACE::2024-12-08.17:31:56::SCWPlatform:: Platform Path F:/Education/FPGA_Labs/Labs_2/lab4/audio_new/design_1_wrapper_iz/hw/design_1_wrapper_iz.xsa
TRACE::2024-12-08.17:31:56::SCWPlatform:: Unique name xilinx:zedboard::0.0
TRACE::2024-12-08.17:31:56::SCWPlatform::Trying to set the existing hwdb with name design_1_wrapper_4
TRACE::2024-12-08.17:31:56::SCWPlatform::Opened existing hwdb design_1_wrapper_4
TRACE::2024-12-08.17:31:56::SCWPlatform::Found the Hw Db part of the input DSA
TRACE::2024-12-08.17:31:56::SCWMssOS::Checking the sw design at  F:/Education/FPGA_Labs/Labs_2/lab4/audio_new/design_1_wrapper_iz/zynq_fsbl/zynq_fsbl_bsp/system.mss
TRACE::2024-12-08.17:31:56::SCWMssOS::DEBUG:  swdes dump  F:/Education/FPGA_Labs/Labs_2/lab4/audio_new/audio/ps7_cortexa9_0/standalone_domain/bsp/system.mss|system_0||
F:/Education/FPGA_Labs/Labs_2/lab4/audio_new/audio/zynq_fsbl/zynq_fsbl_bsp/system.mss|system||
F:/Education/FPGA_Labs/Labs_2/lab4/audio_new/design_1_wrapper_iz/ps7_cortexa9_0/standalone_ps7_cortexa9_0/bsp/system.mss|system_2||
F:/Education/FPGA_Labs/Labs_2/lab4/audio_new/design_1_wrapper_iz/zynq_fsbl/zynq_fsbl_bsp/system.mss|system_1||

TRACE::2024-12-08.17:31:56::SCWMssOS::Sw design exists and opened at  F:/Education/FPGA_Labs/Labs_2/lab4/audio_new/design_1_wrapper_iz/zynq_fsbl/zynq_fsbl_bsp/system.mss
TRACE::2024-12-08.17:31:56::SCWPlatform::Trying to open the hw design at F:/Education/FPGA_Labs/Labs_2/lab4/audio_new/design_1_wrapper_iz/hw/design_1_wrapper_iz.xsa
TRACE::2024-12-08.17:31:56::SCWPlatform::DSA given F:/Education/FPGA_Labs/Labs_2/lab4/audio_new/design_1_wrapper_iz/hw/design_1_wrapper_iz.xsa
TRACE::2024-12-08.17:31:56::SCWPlatform::DSA absoulate path F:/Education/FPGA_Labs/Labs_2/lab4/audio_new/design_1_wrapper_iz/hw/design_1_wrapper_iz.xsa
TRACE::2024-12-08.17:31:56::SCWPlatform::DSA directory F:/Education/FPGA_Labs/Labs_2/lab4/audio_new/design_1_wrapper_iz/hw
TRACE::2024-12-08.17:31:56::SCWPlatform:: Platform Path F:/Education/FPGA_Labs/Labs_2/lab4/audio_new/design_1_wrapper_iz/hw/design_1_wrapper_iz.xsa
TRACE::2024-12-08.17:31:56::SCWPlatform:: Unique name xilinx:zedboard::0.0
TRACE::2024-12-08.17:31:56::SCWPlatform::Trying to set the existing hwdb with name design_1_wrapper_4
TRACE::2024-12-08.17:31:56::SCWPlatform::Opened existing hwdb design_1_wrapper_4
TRACE::2024-12-08.17:31:56::SCWPlatform::Found the Hw Db part of the input DSA
TRACE::2024-12-08.17:31:56::SCWMssOS::Checking the sw design at  F:/Education/FPGA_Labs/Labs_2/lab4/audio_new/design_1_wrapper_iz/ps7_cortexa9_0/standalone_ps7_cortexa9_0/bsp/system.mss
TRACE::2024-12-08.17:31:56::SCWMssOS::DEBUG:  swdes dump  F:/Education/FPGA_Labs/Labs_2/lab4/audio_new/audio/ps7_cortexa9_0/standalone_domain/bsp/system.mss|system_0||
F:/Education/FPGA_Labs/Labs_2/lab4/audio_new/audio/zynq_fsbl/zynq_fsbl_bsp/system.mss|system||
F:/Education/FPGA_Labs/Labs_2/lab4/audio_new/design_1_wrapper_iz/ps7_cortexa9_0/standalone_ps7_cortexa9_0/bsp/system.mss|system_2||
F:/Education/FPGA_Labs/Labs_2/lab4/audio_new/design_1_wrapper_iz/zynq_fsbl/zynq_fsbl_bsp/system.mss|system_1||

TRACE::2024-12-08.17:31:56::SCWMssOS::Sw design exists and opened at  F:/Education/FPGA_Labs/Labs_2/lab4/audio_new/design_1_wrapper_iz/ps7_cortexa9_0/standalone_ps7_cortexa9_0/bsp/system.mss
TRACE::2024-12-08.17:31:56::SCWPlatform::Trying to open the hw design at F:/Education/FPGA_Labs/Labs_2/lab4/audio_new/design_1_wrapper_iz/hw/design_1_wrapper_iz.xsa
TRACE::2024-12-08.17:31:56::SCWPlatform::DSA given F:/Education/FPGA_Labs/Labs_2/lab4/audio_new/design_1_wrapper_iz/hw/design_1_wrapper_iz.xsa
TRACE::2024-12-08.17:31:56::SCWPlatform::DSA absoulate path F:/Education/FPGA_Labs/Labs_2/lab4/audio_new/design_1_wrapper_iz/hw/design_1_wrapper_iz.xsa
TRACE::2024-12-08.17:31:56::SCWPlatform::DSA directory F:/Education/FPGA_Labs/Labs_2/lab4/audio_new/design_1_wrapper_iz/hw
TRACE::2024-12-08.17:31:56::SCWPlatform:: Platform Path F:/Education/FPGA_Labs/Labs_2/lab4/audio_new/design_1_wrapper_iz/hw/design_1_wrapper_iz.xsa
TRACE::2024-12-08.17:31:56::SCWPlatform:: Unique name xilinx:zedboard::0.0
TRACE::2024-12-08.17:31:56::SCWPlatform::Trying to set the existing hwdb with name design_1_wrapper_4
TRACE::2024-12-08.17:31:56::SCWPlatform::Opened existing hwdb design_1_wrapper_4
TRACE::2024-12-08.17:31:56::SCWPlatform::Found the Hw Db part of the input DSA
TRACE::2024-12-08.17:31:56::SCWMssOS::Checking the sw design at  F:/Education/FPGA_Labs/Labs_2/lab4/audio_new/design_1_wrapper_iz/ps7_cortexa9_0/standalone_ps7_cortexa9_0/bsp/system.mss
TRACE::2024-12-08.17:31:56::SCWMssOS::DEBUG:  swdes dump  F:/Education/FPGA_Labs/Labs_2/lab4/audio_new/audio/ps7_cortexa9_0/standalone_domain/bsp/system.mss|system_0||
F:/Education/FPGA_Labs/Labs_2/lab4/audio_new/audio/zynq_fsbl/zynq_fsbl_bsp/system.mss|system||
F:/Education/FPGA_Labs/Labs_2/lab4/audio_new/design_1_wrapper_iz/ps7_cortexa9_0/standalone_ps7_cortexa9_0/bsp/system.mss|system_2||
F:/Education/FPGA_Labs/Labs_2/lab4/audio_new/design_1_wrapper_iz/zynq_fsbl/zynq_fsbl_bsp/system.mss|system_1||

TRACE::2024-12-08.17:31:56::SCWMssOS::Sw design exists and opened at  F:/Education/FPGA_Labs/Labs_2/lab4/audio_new/design_1_wrapper_iz/ps7_cortexa9_0/standalone_ps7_cortexa9_0/bsp/system.mss
TRACE::2024-12-08.17:31:56::SCWPlatform::Trying to open the hw design at F:/Education/FPGA_Labs/Labs_2/lab4/audio_new/design_1_wrapper_iz/hw/design_1_wrapper_iz.xsa
TRACE::2024-12-08.17:31:56::SCWPlatform::DSA given F:/Education/FPGA_Labs/Labs_2/lab4/audio_new/design_1_wrapper_iz/hw/design_1_wrapper_iz.xsa
TRACE::2024-12-08.17:31:56::SCWPlatform::DSA absoulate path F:/Education/FPGA_Labs/Labs_2/lab4/audio_new/design_1_wrapper_iz/hw/design_1_wrapper_iz.xsa
TRACE::2024-12-08.17:31:56::SCWPlatform::DSA directory F:/Education/FPGA_Labs/Labs_2/lab4/audio_new/design_1_wrapper_iz/hw
TRACE::2024-12-08.17:31:56::SCWPlatform:: Platform Path F:/Education/FPGA_Labs/Labs_2/lab4/audio_new/design_1_wrapper_iz/hw/design_1_wrapper_iz.xsa
TRACE::2024-12-08.17:31:56::SCWPlatform:: Unique name xilinx:zedboard::0.0
TRACE::2024-12-08.17:31:56::SCWPlatform::Trying to set the existing hwdb with name design_1_wrapper_4
TRACE::2024-12-08.17:31:56::SCWPlatform::Opened existing hwdb design_1_wrapper_4
TRACE::2024-12-08.17:31:56::SCWPlatform::Found the Hw Db part of the input DSA
TRACE::2024-12-08.17:31:56::SCWMssOS::Checking the sw design at  F:/Education/FPGA_Labs/Labs_2/lab4/audio_new/design_1_wrapper_iz/ps7_cortexa9_0/standalone_ps7_cortexa9_0/bsp/system.mss
TRACE::2024-12-08.17:31:56::SCWMssOS::DEBUG:  swdes dump  F:/Education/FPGA_Labs/Labs_2/lab4/audio_new/audio/ps7_cortexa9_0/standalone_domain/bsp/system.mss|system_0||
F:/Education/FPGA_Labs/Labs_2/lab4/audio_new/audio/zynq_fsbl/zynq_fsbl_bsp/system.mss|system||
F:/Education/FPGA_Labs/Labs_2/lab4/audio_new/design_1_wrapper_iz/ps7_cortexa9_0/standalone_ps7_cortexa9_0/bsp/system.mss|system_2||
F:/Education/FPGA_Labs/Labs_2/lab4/audio_new/design_1_wrapper_iz/zynq_fsbl/zynq_fsbl_bsp/system.mss|system_1||

TRACE::2024-12-08.17:31:56::SCWMssOS::Sw design exists and opened at  F:/Education/FPGA_Labs/Labs_2/lab4/audio_new/design_1_wrapper_iz/ps7_cortexa9_0/standalone_ps7_cortexa9_0/bsp/system.mss
TRACE::2024-12-08.17:31:56::SCWWriter::formatted JSON is {
	"platformName":	"design_1_wrapper_iz",
	"sprVersion":	"2.0",
	"mode":	"gui",
	"dsaType":	"Fixed",
	"platformDesc":	"design_1_wrapper_iz",
	"platHandOff":	"<platformDir>.xsa",
	"platIntHandOff":	"<platformDir>/hw/design_1_wrapper_iz.xsa",
	"deviceType":	"zynq",
	"platIsPrebuiltAutogen":	"false",
	"platIsNoBootBsp":	"false",
	"platFsblTarget":	"ps7_cortexa9_0",
	"hasFsblMakeHasChanges":	"false",
	"hasPmufwMakeHasChanges":	"false",
	"fsblExtraCompilerFlags":	"-MMD -MP       -mcpu=cortex-a9 -mfpu=vfpv3 -mfloat-abi=hard ",
	"platPreBuiltFlag":	false,
	"platformSamplesDir":	"",
	"platActiveSys":	"design_1_wrapper_iz",
	"systems":	[{
			"systemName":	"design_1_wrapper_iz",
			"systemDesc":	"design_1_wrapper_iz",
			"sysIsBootAutoGen":	"true",
			"systemDispName":	"design_1_wrapper_iz",
			"sysActiveDom":	"standalone_ps7_cortexa9_0",
			"sysDefaultDom":	"standalone_ps7_cortexa9_0",
			"domains":	[{
					"domainName":	"zynq_fsbl",
					"domainDispName":	"zynq_fsbl",
					"domainDesc":	"FSBL Application BSP - Auto Generated.",
					"processors":	"ps7_cortexa9_0",
					"os":	"standalone",
					"sdxOs":	"standalone",
					"debugEnable":	"",
					"domRuntimes":	["cpp"],
					"swRepo":	"",
					"mssOsVer":	"8.1",
					"mssFile":	"",
					"md5Digest":	"d9a34af2dee52f902a49b7b36c0ab938",
					"compatibleApp":	"zynq_fsbl",
					"domType":	"bootDomain",
					"arch":	"32-bit",
					"appSettings":	{
						"appCompilerFlags":	"",
						"appLinkerFlags":	""
					},
					"addedLibs":	["xilffs:5.0", "xilrsa:1.6"],
					"libOptions":	{
						"libsContainingOptions":	[]
					},
					"prebuiltLibs":	{
						"prebuiltIncPath":	[],
						"prebuiltLibPath":	[]
					},
					"isolation":	{
					}
				}, {
					"domainName":	"standalone_ps7_cortexa9_0",
					"domainDispName":	"standalone_ps7_cortexa9_0",
					"domainDesc":	"standalone_ps7_cortexa9_0",
					"processors":	"ps7_cortexa9_0",
					"os":	"standalone",
					"sdxOs":	"standalone",
					"qemuArgs":	"<platformDir>/resources/design_1_wrapper_iz/standalone_ps7_cortexa9_0/qemu_args.txt",
					"qemuData":	"<platformDir>/resources/design_1_wrapper_iz/standalone_ps7_cortexa9_0/qemu",
					"debugEnable":	"False",
					"domRuntimes":	["cpp"],
					"swRepo":	"",
					"mssOsVer":	"8.1",
					"mssFile":	"",
					"md5Digest":	"9a5c07eb3fcbf029dead828c18c1b9c0",
					"compatibleApp":	"empty_application",
					"domType":	"mssDomain",
					"arch":	"32-bit",
					"appSettings":	{
						"appCompilerFlags":	"",
						"appLinkerFlags":	""
					},
					"addedLibs":	[],
					"libOptions":	{
						"libsContainingOptions":	[]
					},
					"prebuiltLibs":	{
						"prebuiltIncPath":	[],
						"prebuiltLibPath":	[]
					},
					"isolation":	{
					}
				}]
		}]
}
LOG::2024-12-08.17:31:56::SCWPlatform::Started generating the artifacts platform design_1_wrapper_iz
TRACE::2024-12-08.17:31:56::SCWPlatform::Sanity checking of platform is completed
LOG::2024-12-08.17:31:56::SCWPlatform::Started generating the artifacts for system configuration design_1_wrapper_iz
LOG::2024-12-08.17:31:56::SCWSystem::Started Processing the domain standalone_ps7_cortexa9_0
TRACE::2024-12-08.17:31:56::SCWDomain::Generating domain artifcats
TRACE::2024-12-08.17:31:56::SCWMssOS::Generating standalone artifcats
TRACE::2024-12-08.17:31:56::SCWMssOS::Copying the qemu file from  F:/Education/FPGA_Labs/Labs_2/lab4/audio_new/design_1_wrapper_iz/resources/design_1_wrapper_iz/standalone_ps7_cortexa9_0/qemu_args.txt To F:/Education/FPGA_Labs/Labs_2/lab4/audio_new/design_1_wrapper_iz/export/design_1_wrapper_iz/sw/design_1_wrapper_iz/qemu/
TRACE::2024-12-08.17:31:56::SCWMssOS::Copying the qemu file from  F:/Education/FPGA_Labs/Labs_2/lab4/audio_new/design_1_wrapper_iz/resources/design_1_wrapper_iz/standalone_ps7_cortexa9_0/qemu_args.txt To F:/Education/FPGA_Labs/Labs_2/lab4/audio_new/design_1_wrapper_iz/export/design_1_wrapper_iz/sw/design_1_wrapper_iz/standalone_ps7_cortexa9_0/qemu/
TRACE::2024-12-08.17:31:56::SCWMssOS:: Copying the user libraries. 
TRACE::2024-12-08.17:31:56::SCWPlatform::Trying to open the hw design at F:/Education/FPGA_Labs/Labs_2/lab4/audio_new/design_1_wrapper_iz/hw/design_1_wrapper_iz.xsa
TRACE::2024-12-08.17:31:56::SCWPlatform::DSA given F:/Education/FPGA_Labs/Labs_2/lab4/audio_new/design_1_wrapper_iz/hw/design_1_wrapper_iz.xsa
TRACE::2024-12-08.17:31:56::SCWPlatform::DSA absoulate path F:/Education/FPGA_Labs/Labs_2/lab4/audio_new/design_1_wrapper_iz/hw/design_1_wrapper_iz.xsa
TRACE::2024-12-08.17:31:56::SCWPlatform::DSA directory F:/Education/FPGA_Labs/Labs_2/lab4/audio_new/design_1_wrapper_iz/hw
TRACE::2024-12-08.17:31:56::SCWPlatform:: Platform Path F:/Education/FPGA_Labs/Labs_2/lab4/audio_new/design_1_wrapper_iz/hw/design_1_wrapper_iz.xsa
TRACE::2024-12-08.17:31:56::SCWPlatform:: Unique name xilinx:zedboard::0.0
TRACE::2024-12-08.17:31:56::SCWPlatform::Trying to set the existing hwdb with name design_1_wrapper_4
TRACE::2024-12-08.17:31:56::SCWPlatform::Opened existing hwdb design_1_wrapper_4
TRACE::2024-12-08.17:31:56::SCWPlatform::Found the Hw Db part of the input DSA
TRACE::2024-12-08.17:31:56::SCWMssOS::Checking the sw design at  F:/Education/FPGA_Labs/Labs_2/lab4/audio_new/design_1_wrapper_iz/ps7_cortexa9_0/standalone_ps7_cortexa9_0/bsp/system.mss
TRACE::2024-12-08.17:31:56::SCWMssOS::DEBUG:  swdes dump  F:/Education/FPGA_Labs/Labs_2/lab4/audio_new/audio/ps7_cortexa9_0/standalone_domain/bsp/system.mss|system_0||
F:/Education/FPGA_Labs/Labs_2/lab4/audio_new/audio/zynq_fsbl/zynq_fsbl_bsp/system.mss|system||
F:/Education/FPGA_Labs/Labs_2/lab4/audio_new/design_1_wrapper_iz/ps7_cortexa9_0/standalone_ps7_cortexa9_0/bsp/system.mss|system_2||
F:/Education/FPGA_Labs/Labs_2/lab4/audio_new/design_1_wrapper_iz/zynq_fsbl/zynq_fsbl_bsp/system.mss|system_1||

TRACE::2024-12-08.17:31:56::SCWMssOS::Sw design exists and opened at  F:/Education/FPGA_Labs/Labs_2/lab4/audio_new/design_1_wrapper_iz/ps7_cortexa9_0/standalone_ps7_cortexa9_0/bsp/system.mss
TRACE::2024-12-08.17:31:56::SCWMssOS::Completed writing the mss file at F:/Education/FPGA_Labs/Labs_2/lab4/audio_new/design_1_wrapper_iz/ps7_cortexa9_0/standalone_ps7_cortexa9_0/bsp
TRACE::2024-12-08.17:31:56::SCWMssOS::Mss edits present, copying mssfile into export location F:/Education/FPGA_Labs/Labs_2/lab4/audio_new/design_1_wrapper_iz/ps7_cortexa9_0/standalone_ps7_cortexa9_0/bsp/system.mss
TRACE::2024-12-08.17:31:56::SCWMssOS::bsp generated is upto date with the mss file. Skipping bsp generation.
TRACE::2024-12-08.17:31:56::SCWMssOS::BSP is already built. skipping the bsp build ... 
TRACE::2024-12-08.17:31:56::SCWDomain::Building the domain as part of full build :  standalone_ps7_cortexa9_0
TRACE::2024-12-08.17:31:56::SCWMssOS::skipping the bsp build ... 
TRACE::2024-12-08.17:31:56::SCWMssOS::Copying to export directory.
TRACE::2024-12-08.17:31:56::SCWMssOS:: Checking if to create the Supporting Applications
TRACE::2024-12-08.17:31:56::SCWMssOS:: No Linux domain exists, trying to generate FSBL 
TRACE::2024-12-08.17:31:56::SCWMssOS:: Completed Standalone Artifacts creation 
LOG::2024-12-08.17:31:56::SCWSystem::Completed Processing the domain standalone_ps7_cortexa9_0
LOG::2024-12-08.17:31:56::SCWSystem::Completed Processing the sysconfig design_1_wrapper_iz
LOG::2024-12-08.17:31:56::SCWPlatform::Completed generating the artifacts for system configuration design_1_wrapper_iz
TRACE::2024-12-08.17:31:56::SCWPlatform::Started preparing the platform 
TRACE::2024-12-08.17:31:56::SCWSystem::Writing the bif file for system config design_1_wrapper_iz
TRACE::2024-12-08.17:31:56::SCWSystem::dir created 
TRACE::2024-12-08.17:31:56::SCWSystem::Writing the bif 
TRACE::2024-12-08.17:31:56::SCWPlatform::Started writing the spfm file 
TRACE::2024-12-08.17:31:56::SCWPlatform::Started writing the xpfm file 
TRACE::2024-12-08.17:31:56::SCWPlatform::Completed generating the platform
TRACE::2024-12-08.17:31:56::SCWMssOS::Saving the mss changes F:/Education/FPGA_Labs/Labs_2/lab4/audio_new/design_1_wrapper_iz/zynq_fsbl/zynq_fsbl_bsp/system.mss
TRACE::2024-12-08.17:31:56::SCWMssOS::Found a swdesign opened with the mssfile.
TRACE::2024-12-08.17:31:56::SCWMssOS::Completed writemss as part of save.
TRACE::2024-12-08.17:31:56::SCWMssOS::Commit changes completed.
TRACE::2024-12-08.17:31:56::SCWMssOS::Saving the mss changes F:/Education/FPGA_Labs/Labs_2/lab4/audio_new/design_1_wrapper_iz/ps7_cortexa9_0/standalone_ps7_cortexa9_0/bsp/system.mss
TRACE::2024-12-08.17:31:56::SCWMssOS::Found a swdesign opened with the mssfile.
TRACE::2024-12-08.17:31:56::SCWMssOS::Completed writemss as part of save.
TRACE::2024-12-08.17:31:56::SCWMssOS::Commit changes completed.
TRACE::2024-12-08.17:31:56::SCWPlatform::Trying to open the hw design at F:/Education/FPGA_Labs/Labs_2/lab4/audio_new/design_1_wrapper_iz/hw/design_1_wrapper_iz.xsa
TRACE::2024-12-08.17:31:56::SCWPlatform::DSA given F:/Education/FPGA_Labs/Labs_2/lab4/audio_new/design_1_wrapper_iz/hw/design_1_wrapper_iz.xsa
TRACE::2024-12-08.17:31:56::SCWPlatform::DSA absoulate path F:/Education/FPGA_Labs/Labs_2/lab4/audio_new/design_1_wrapper_iz/hw/design_1_wrapper_iz.xsa
TRACE::2024-12-08.17:31:56::SCWPlatform::DSA directory F:/Education/FPGA_Labs/Labs_2/lab4/audio_new/design_1_wrapper_iz/hw
TRACE::2024-12-08.17:31:56::SCWPlatform:: Platform Path F:/Education/FPGA_Labs/Labs_2/lab4/audio_new/design_1_wrapper_iz/hw/design_1_wrapper_iz.xsa
TRACE::2024-12-08.17:31:56::SCWPlatform:: Unique name xilinx:zedboard::0.0
TRACE::2024-12-08.17:31:56::SCWPlatform::Trying to set the existing hwdb with name design_1_wrapper_4
TRACE::2024-12-08.17:31:56::SCWPlatform::Opened existing hwdb design_1_wrapper_4
TRACE::2024-12-08.17:31:56::SCWPlatform::Found the Hw Db part of the input DSA
TRACE::2024-12-08.17:31:56::SCWMssOS::Checking the sw design at  F:/Education/FPGA_Labs/Labs_2/lab4/audio_new/design_1_wrapper_iz/zynq_fsbl/zynq_fsbl_bsp/system.mss
TRACE::2024-12-08.17:31:56::SCWMssOS::DEBUG:  swdes dump  F:/Education/FPGA_Labs/Labs_2/lab4/audio_new/audio/ps7_cortexa9_0/standalone_domain/bsp/system.mss|system_0||
F:/Education/FPGA_Labs/Labs_2/lab4/audio_new/audio/zynq_fsbl/zynq_fsbl_bsp/system.mss|system||
F:/Education/FPGA_Labs/Labs_2/lab4/audio_new/design_1_wrapper_iz/ps7_cortexa9_0/standalone_ps7_cortexa9_0/bsp/system.mss|system_2||
F:/Education/FPGA_Labs/Labs_2/lab4/audio_new/design_1_wrapper_iz/zynq_fsbl/zynq_fsbl_bsp/system.mss|system_1||

TRACE::2024-12-08.17:31:56::SCWMssOS::Sw design exists and opened at  F:/Education/FPGA_Labs/Labs_2/lab4/audio_new/design_1_wrapper_iz/zynq_fsbl/zynq_fsbl_bsp/system.mss
TRACE::2024-12-08.17:31:56::SCWPlatform::Trying to open the hw design at F:/Education/FPGA_Labs/Labs_2/lab4/audio_new/design_1_wrapper_iz/hw/design_1_wrapper_iz.xsa
TRACE::2024-12-08.17:31:56::SCWPlatform::DSA given F:/Education/FPGA_Labs/Labs_2/lab4/audio_new/design_1_wrapper_iz/hw/design_1_wrapper_iz.xsa
TRACE::2024-12-08.17:31:56::SCWPlatform::DSA absoulate path F:/Education/FPGA_Labs/Labs_2/lab4/audio_new/design_1_wrapper_iz/hw/design_1_wrapper_iz.xsa
TRACE::2024-12-08.17:31:56::SCWPlatform::DSA directory F:/Education/FPGA_Labs/Labs_2/lab4/audio_new/design_1_wrapper_iz/hw
TRACE::2024-12-08.17:31:56::SCWPlatform:: Platform Path F:/Education/FPGA_Labs/Labs_2/lab4/audio_new/design_1_wrapper_iz/hw/design_1_wrapper_iz.xsa
TRACE::2024-12-08.17:31:56::SCWPlatform:: Unique name xilinx:zedboard::0.0
TRACE::2024-12-08.17:31:56::SCWPlatform::Trying to set the existing hwdb with name design_1_wrapper_4
TRACE::2024-12-08.17:31:56::SCWPlatform::Opened existing hwdb design_1_wrapper_4
TRACE::2024-12-08.17:31:56::SCWPlatform::Found the Hw Db part of the input DSA
TRACE::2024-12-08.17:31:56::SCWMssOS::Checking the sw design at  F:/Education/FPGA_Labs/Labs_2/lab4/audio_new/design_1_wrapper_iz/zynq_fsbl/zynq_fsbl_bsp/system.mss
TRACE::2024-12-08.17:31:56::SCWMssOS::DEBUG:  swdes dump  F:/Education/FPGA_Labs/Labs_2/lab4/audio_new/audio/ps7_cortexa9_0/standalone_domain/bsp/system.mss|system_0||
F:/Education/FPGA_Labs/Labs_2/lab4/audio_new/audio/zynq_fsbl/zynq_fsbl_bsp/system.mss|system||
F:/Education/FPGA_Labs/Labs_2/lab4/audio_new/design_1_wrapper_iz/ps7_cortexa9_0/standalone_ps7_cortexa9_0/bsp/system.mss|system_2||
F:/Education/FPGA_Labs/Labs_2/lab4/audio_new/design_1_wrapper_iz/zynq_fsbl/zynq_fsbl_bsp/system.mss|system_1||

TRACE::2024-12-08.17:31:56::SCWMssOS::Sw design exists and opened at  F:/Education/FPGA_Labs/Labs_2/lab4/audio_new/design_1_wrapper_iz/zynq_fsbl/zynq_fsbl_bsp/system.mss
TRACE::2024-12-08.17:31:56::SCWPlatform::Trying to open the hw design at F:/Education/FPGA_Labs/Labs_2/lab4/audio_new/design_1_wrapper_iz/hw/design_1_wrapper_iz.xsa
TRACE::2024-12-08.17:31:56::SCWPlatform::DSA given F:/Education/FPGA_Labs/Labs_2/lab4/audio_new/design_1_wrapper_iz/hw/design_1_wrapper_iz.xsa
TRACE::2024-12-08.17:31:56::SCWPlatform::DSA absoulate path F:/Education/FPGA_Labs/Labs_2/lab4/audio_new/design_1_wrapper_iz/hw/design_1_wrapper_iz.xsa
TRACE::2024-12-08.17:31:56::SCWPlatform::DSA directory F:/Education/FPGA_Labs/Labs_2/lab4/audio_new/design_1_wrapper_iz/hw
TRACE::2024-12-08.17:31:56::SCWPlatform:: Platform Path F:/Education/FPGA_Labs/Labs_2/lab4/audio_new/design_1_wrapper_iz/hw/design_1_wrapper_iz.xsa
TRACE::2024-12-08.17:31:56::SCWPlatform:: Unique name xilinx:zedboard::0.0
TRACE::2024-12-08.17:31:56::SCWPlatform::Trying to set the existing hwdb with name design_1_wrapper_4
TRACE::2024-12-08.17:31:56::SCWPlatform::Opened existing hwdb design_1_wrapper_4
TRACE::2024-12-08.17:31:56::SCWPlatform::Found the Hw Db part of the input DSA
TRACE::2024-12-08.17:31:56::SCWMssOS::Checking the sw design at  F:/Education/FPGA_Labs/Labs_2/lab4/audio_new/design_1_wrapper_iz/zynq_fsbl/zynq_fsbl_bsp/system.mss
TRACE::2024-12-08.17:31:56::SCWMssOS::DEBUG:  swdes dump  F:/Education/FPGA_Labs/Labs_2/lab4/audio_new/audio/ps7_cortexa9_0/standalone_domain/bsp/system.mss|system_0||
F:/Education/FPGA_Labs/Labs_2/lab4/audio_new/audio/zynq_fsbl/zynq_fsbl_bsp/system.mss|system||
F:/Education/FPGA_Labs/Labs_2/lab4/audio_new/design_1_wrapper_iz/ps7_cortexa9_0/standalone_ps7_cortexa9_0/bsp/system.mss|system_2||
F:/Education/FPGA_Labs/Labs_2/lab4/audio_new/design_1_wrapper_iz/zynq_fsbl/zynq_fsbl_bsp/system.mss|system_1||

TRACE::2024-12-08.17:31:56::SCWMssOS::Sw design exists and opened at  F:/Education/FPGA_Labs/Labs_2/lab4/audio_new/design_1_wrapper_iz/zynq_fsbl/zynq_fsbl_bsp/system.mss
TRACE::2024-12-08.17:31:56::SCWPlatform::Trying to open the hw design at F:/Education/FPGA_Labs/Labs_2/lab4/audio_new/design_1_wrapper_iz/hw/design_1_wrapper_iz.xsa
TRACE::2024-12-08.17:31:56::SCWPlatform::DSA given F:/Education/FPGA_Labs/Labs_2/lab4/audio_new/design_1_wrapper_iz/hw/design_1_wrapper_iz.xsa
TRACE::2024-12-08.17:31:56::SCWPlatform::DSA absoulate path F:/Education/FPGA_Labs/Labs_2/lab4/audio_new/design_1_wrapper_iz/hw/design_1_wrapper_iz.xsa
TRACE::2024-12-08.17:31:56::SCWPlatform::DSA directory F:/Education/FPGA_Labs/Labs_2/lab4/audio_new/design_1_wrapper_iz/hw
TRACE::2024-12-08.17:31:56::SCWPlatform:: Platform Path F:/Education/FPGA_Labs/Labs_2/lab4/audio_new/design_1_wrapper_iz/hw/design_1_wrapper_iz.xsa
TRACE::2024-12-08.17:31:56::SCWPlatform:: Unique name xilinx:zedboard::0.0
TRACE::2024-12-08.17:31:56::SCWPlatform::Trying to set the existing hwdb with name design_1_wrapper_4
TRACE::2024-12-08.17:31:56::SCWPlatform::Opened existing hwdb design_1_wrapper_4
TRACE::2024-12-08.17:31:56::SCWPlatform::Found the Hw Db part of the input DSA
TRACE::2024-12-08.17:31:56::SCWMssOS::Checking the sw design at  F:/Education/FPGA_Labs/Labs_2/lab4/audio_new/design_1_wrapper_iz/ps7_cortexa9_0/standalone_ps7_cortexa9_0/bsp/system.mss
TRACE::2024-12-08.17:31:56::SCWMssOS::DEBUG:  swdes dump  F:/Education/FPGA_Labs/Labs_2/lab4/audio_new/audio/ps7_cortexa9_0/standalone_domain/bsp/system.mss|system_0||
F:/Education/FPGA_Labs/Labs_2/lab4/audio_new/audio/zynq_fsbl/zynq_fsbl_bsp/system.mss|system||
F:/Education/FPGA_Labs/Labs_2/lab4/audio_new/design_1_wrapper_iz/ps7_cortexa9_0/standalone_ps7_cortexa9_0/bsp/system.mss|system_2||
F:/Education/FPGA_Labs/Labs_2/lab4/audio_new/design_1_wrapper_iz/zynq_fsbl/zynq_fsbl_bsp/system.mss|system_1||

TRACE::2024-12-08.17:31:56::SCWMssOS::Sw design exists and opened at  F:/Education/FPGA_Labs/Labs_2/lab4/audio_new/design_1_wrapper_iz/ps7_cortexa9_0/standalone_ps7_cortexa9_0/bsp/system.mss
TRACE::2024-12-08.17:31:56::SCWPlatform::Trying to open the hw design at F:/Education/FPGA_Labs/Labs_2/lab4/audio_new/design_1_wrapper_iz/hw/design_1_wrapper_iz.xsa
TRACE::2024-12-08.17:31:56::SCWPlatform::DSA given F:/Education/FPGA_Labs/Labs_2/lab4/audio_new/design_1_wrapper_iz/hw/design_1_wrapper_iz.xsa
TRACE::2024-12-08.17:31:56::SCWPlatform::DSA absoulate path F:/Education/FPGA_Labs/Labs_2/lab4/audio_new/design_1_wrapper_iz/hw/design_1_wrapper_iz.xsa
TRACE::2024-12-08.17:31:56::SCWPlatform::DSA directory F:/Education/FPGA_Labs/Labs_2/lab4/audio_new/design_1_wrapper_iz/hw
TRACE::2024-12-08.17:31:56::SCWPlatform:: Platform Path F:/Education/FPGA_Labs/Labs_2/lab4/audio_new/design_1_wrapper_iz/hw/design_1_wrapper_iz.xsa
TRACE::2024-12-08.17:31:56::SCWPlatform:: Unique name xilinx:zedboard::0.0
TRACE::2024-12-08.17:31:56::SCWPlatform::Trying to set the existing hwdb with name design_1_wrapper_4
TRACE::2024-12-08.17:31:56::SCWPlatform::Opened existing hwdb design_1_wrapper_4
TRACE::2024-12-08.17:31:56::SCWPlatform::Found the Hw Db part of the input DSA
TRACE::2024-12-08.17:31:56::SCWMssOS::Checking the sw design at  F:/Education/FPGA_Labs/Labs_2/lab4/audio_new/design_1_wrapper_iz/ps7_cortexa9_0/standalone_ps7_cortexa9_0/bsp/system.mss
TRACE::2024-12-08.17:31:56::SCWMssOS::DEBUG:  swdes dump  F:/Education/FPGA_Labs/Labs_2/lab4/audio_new/audio/ps7_cortexa9_0/standalone_domain/bsp/system.mss|system_0||
F:/Education/FPGA_Labs/Labs_2/lab4/audio_new/audio/zynq_fsbl/zynq_fsbl_bsp/system.mss|system||
F:/Education/FPGA_Labs/Labs_2/lab4/audio_new/design_1_wrapper_iz/ps7_cortexa9_0/standalone_ps7_cortexa9_0/bsp/system.mss|system_2||
F:/Education/FPGA_Labs/Labs_2/lab4/audio_new/design_1_wrapper_iz/zynq_fsbl/zynq_fsbl_bsp/system.mss|system_1||

TRACE::2024-12-08.17:31:56::SCWMssOS::Sw design exists and opened at  F:/Education/FPGA_Labs/Labs_2/lab4/audio_new/design_1_wrapper_iz/ps7_cortexa9_0/standalone_ps7_cortexa9_0/bsp/system.mss
TRACE::2024-12-08.17:31:56::SCWPlatform::Trying to open the hw design at F:/Education/FPGA_Labs/Labs_2/lab4/audio_new/design_1_wrapper_iz/hw/design_1_wrapper_iz.xsa
TRACE::2024-12-08.17:31:56::SCWPlatform::DSA given F:/Education/FPGA_Labs/Labs_2/lab4/audio_new/design_1_wrapper_iz/hw/design_1_wrapper_iz.xsa
TRACE::2024-12-08.17:31:56::SCWPlatform::DSA absoulate path F:/Education/FPGA_Labs/Labs_2/lab4/audio_new/design_1_wrapper_iz/hw/design_1_wrapper_iz.xsa
TRACE::2024-12-08.17:31:56::SCWPlatform::DSA directory F:/Education/FPGA_Labs/Labs_2/lab4/audio_new/design_1_wrapper_iz/hw
TRACE::2024-12-08.17:31:56::SCWPlatform:: Platform Path F:/Education/FPGA_Labs/Labs_2/lab4/audio_new/design_1_wrapper_iz/hw/design_1_wrapper_iz.xsa
TRACE::2024-12-08.17:31:56::SCWPlatform:: Unique name xilinx:zedboard::0.0
TRACE::2024-12-08.17:31:56::SCWPlatform::Trying to set the existing hwdb with name design_1_wrapper_4
TRACE::2024-12-08.17:31:56::SCWPlatform::Opened existing hwdb design_1_wrapper_4
TRACE::2024-12-08.17:31:56::SCWPlatform::Found the Hw Db part of the input DSA
TRACE::2024-12-08.17:31:56::SCWMssOS::Checking the sw design at  F:/Education/FPGA_Labs/Labs_2/lab4/audio_new/design_1_wrapper_iz/ps7_cortexa9_0/standalone_ps7_cortexa9_0/bsp/system.mss
TRACE::2024-12-08.17:31:56::SCWMssOS::DEBUG:  swdes dump  F:/Education/FPGA_Labs/Labs_2/lab4/audio_new/audio/ps7_cortexa9_0/standalone_domain/bsp/system.mss|system_0||
F:/Education/FPGA_Labs/Labs_2/lab4/audio_new/audio/zynq_fsbl/zynq_fsbl_bsp/system.mss|system||
F:/Education/FPGA_Labs/Labs_2/lab4/audio_new/design_1_wrapper_iz/ps7_cortexa9_0/standalone_ps7_cortexa9_0/bsp/system.mss|system_2||
F:/Education/FPGA_Labs/Labs_2/lab4/audio_new/design_1_wrapper_iz/zynq_fsbl/zynq_fsbl_bsp/system.mss|system_1||

TRACE::2024-12-08.17:31:56::SCWMssOS::Sw design exists and opened at  F:/Education/FPGA_Labs/Labs_2/lab4/audio_new/design_1_wrapper_iz/ps7_cortexa9_0/standalone_ps7_cortexa9_0/bsp/system.mss
TRACE::2024-12-08.17:31:56::SCWWriter::formatted JSON is {
	"platformName":	"design_1_wrapper_iz",
	"sprVersion":	"2.0",
	"mode":	"gui",
	"dsaType":	"Fixed",
	"platformDesc":	"design_1_wrapper_iz",
	"platHandOff":	"<platformDir>.xsa",
	"platIntHandOff":	"<platformDir>/hw/design_1_wrapper_iz.xsa",
	"deviceType":	"zynq",
	"platIsPrebuiltAutogen":	"false",
	"platIsNoBootBsp":	"false",
	"platFsblTarget":	"ps7_cortexa9_0",
	"hasFsblMakeHasChanges":	"false",
	"hasPmufwMakeHasChanges":	"false",
	"fsblExtraCompilerFlags":	"-MMD -MP       -mcpu=cortex-a9 -mfpu=vfpv3 -mfloat-abi=hard ",
	"platPreBuiltFlag":	false,
	"platformSamplesDir":	"",
	"platActiveSys":	"design_1_wrapper_iz",
	"systems":	[{
			"systemName":	"design_1_wrapper_iz",
			"systemDesc":	"design_1_wrapper_iz",
			"sysIsBootAutoGen":	"true",
			"systemDispName":	"design_1_wrapper_iz",
			"sysActiveDom":	"standalone_ps7_cortexa9_0",
			"sysDefaultDom":	"standalone_ps7_cortexa9_0",
			"domains":	[{
					"domainName":	"zynq_fsbl",
					"domainDispName":	"zynq_fsbl",
					"domainDesc":	"FSBL Application BSP - Auto Generated.",
					"processors":	"ps7_cortexa9_0",
					"os":	"standalone",
					"sdxOs":	"standalone",
					"debugEnable":	"",
					"domRuntimes":	["cpp"],
					"swRepo":	"",
					"mssOsVer":	"8.1",
					"mssFile":	"",
					"md5Digest":	"d9a34af2dee52f902a49b7b36c0ab938",
					"compatibleApp":	"zynq_fsbl",
					"domType":	"bootDomain",
					"arch":	"32-bit",
					"appSettings":	{
						"appCompilerFlags":	"",
						"appLinkerFlags":	""
					},
					"addedLibs":	["xilffs:5.0", "xilrsa:1.6"],
					"libOptions":	{
						"libsContainingOptions":	[]
					},
					"prebuiltLibs":	{
						"prebuiltIncPath":	[],
						"prebuiltLibPath":	[]
					},
					"isolation":	{
					}
				}, {
					"domainName":	"standalone_ps7_cortexa9_0",
					"domainDispName":	"standalone_ps7_cortexa9_0",
					"domainDesc":	"standalone_ps7_cortexa9_0",
					"processors":	"ps7_cortexa9_0",
					"os":	"standalone",
					"sdxOs":	"standalone",
					"qemuArgs":	"<platformDir>/resources/design_1_wrapper_iz/standalone_ps7_cortexa9_0/qemu_args.txt",
					"qemuData":	"<platformDir>/resources/design_1_wrapper_iz/standalone_ps7_cortexa9_0/qemu",
					"debugEnable":	"False",
					"domRuntimes":	["cpp"],
					"swRepo":	"",
					"mssOsVer":	"8.1",
					"mssFile":	"",
					"md5Digest":	"9a5c07eb3fcbf029dead828c18c1b9c0",
					"compatibleApp":	"empty_application",
					"domType":	"mssDomain",
					"arch":	"32-bit",
					"appSettings":	{
						"appCompilerFlags":	"",
						"appLinkerFlags":	""
					},
					"addedLibs":	[],
					"libOptions":	{
						"libsContainingOptions":	[]
					},
					"prebuiltLibs":	{
						"prebuiltIncPath":	[],
						"prebuiltLibPath":	[]
					},
					"isolation":	{
					}
				}]
		}]
}
KEYINFO::2024-12-08.17:31:56::SCWPlatform::updated the xpfm file.
LOG::2024-12-08.17:35:43::SCWPlatform::Started generating the artifacts platform design_1_wrapper_iz
TRACE::2024-12-08.17:35:43::SCWPlatform::Sanity checking of platform is completed
LOG::2024-12-08.17:35:43::SCWPlatform::Started generating the artifacts for system configuration design_1_wrapper_iz
LOG::2024-12-08.17:35:43::SCWSystem::Checking the domain zynq_fsbl
LOG::2024-12-08.17:35:43::SCWSystem::Doing application build for :  zynq_fsbl
TRACE::2024-12-08.17:35:43::SCWBDomain::Not a forced makefile updation, No changes are present. 
TRACE::2024-12-08.17:35:43::SCWDomain::Building the domain as part of full build :  zynq_fsbl
TRACE::2024-12-08.17:35:43::SCWPlatform::Trying to open the hw design at F:/Education/FPGA_Labs/Labs_2/lab4/audio_new/design_1_wrapper_iz/hw/design_1_wrapper_iz.xsa
TRACE::2024-12-08.17:35:43::SCWPlatform::DSA given F:/Education/FPGA_Labs/Labs_2/lab4/audio_new/design_1_wrapper_iz/hw/design_1_wrapper_iz.xsa
TRACE::2024-12-08.17:35:43::SCWPlatform::DSA absoulate path F:/Education/FPGA_Labs/Labs_2/lab4/audio_new/design_1_wrapper_iz/hw/design_1_wrapper_iz.xsa
TRACE::2024-12-08.17:35:43::SCWPlatform::DSA directory F:/Education/FPGA_Labs/Labs_2/lab4/audio_new/design_1_wrapper_iz/hw
TRACE::2024-12-08.17:35:43::SCWPlatform:: Platform Path F:/Education/FPGA_Labs/Labs_2/lab4/audio_new/design_1_wrapper_iz/hw/design_1_wrapper_iz.xsa
TRACE::2024-12-08.17:35:43::SCWPlatform:: Unique name xilinx:zedboard::0.0
TRACE::2024-12-08.17:35:43::SCWPlatform::Trying to set the existing hwdb with name design_1_wrapper_4
TRACE::2024-12-08.17:35:43::SCWPlatform::Opened existing hwdb design_1_wrapper_4
TRACE::2024-12-08.17:35:43::SCWPlatform::Found the Hw Db part of the input DSA
TRACE::2024-12-08.17:35:43::SCWMssOS::Checking the sw design at  F:/Education/FPGA_Labs/Labs_2/lab4/audio_new/design_1_wrapper_iz/zynq_fsbl/zynq_fsbl_bsp/system.mss
TRACE::2024-12-08.17:35:43::SCWMssOS::DEBUG:  swdes dump  F:/Education/FPGA_Labs/Labs_2/lab4/audio_new/audio/ps7_cortexa9_0/standalone_domain/bsp/system.mss|system_0||
F:/Education/FPGA_Labs/Labs_2/lab4/audio_new/audio/zynq_fsbl/zynq_fsbl_bsp/system.mss|system||
F:/Education/FPGA_Labs/Labs_2/lab4/audio_new/design_1_wrapper_iz/ps7_cortexa9_0/standalone_ps7_cortexa9_0/bsp/system.mss|system_2||
F:/Education/FPGA_Labs/Labs_2/lab4/audio_new/design_1_wrapper_iz/zynq_fsbl/zynq_fsbl_bsp/system.mss|system_1||

TRACE::2024-12-08.17:35:43::SCWMssOS::Sw design exists and opened at  F:/Education/FPGA_Labs/Labs_2/lab4/audio_new/design_1_wrapper_iz/zynq_fsbl/zynq_fsbl_bsp/system.mss
TRACE::2024-12-08.17:35:43::SCWBDomain::Completed writing the mss file at F:/Education/FPGA_Labs/Labs_2/lab4/audio_new/design_1_wrapper_iz/zynq_fsbl/zynq_fsbl_bsp
TRACE::2024-12-08.17:35:43::SCWBDomain::bsp generated is upto date with the mss file. Skipping bsp generation.
TRACE::2024-12-08.17:35:43::SCWBDomain::Not a forced makefile updation, No changes are present. 
TRACE::2024-12-08.17:35:43::SCWBDomain::System Command Ran  F:&  cd  F:/Education/FPGA_Labs/Labs_2/lab4/audio_new/design_1_wrapper_iz/zynq_fsbl& make -C  zynq_fsbl_bsp & make 
TRACE::2024-12-08.17:35:43::SCWBDomain::make: Entering directory 'F:/Education/FPGA_Labs/Labs_2/lab4/audio_new/design_1_wrapper_iz/zynq_fsbl/zynq_fsbl_bsp'

TRACE::2024-12-08.17:35:43::SCWBDomain::make --no-print-directory seq_libs

TRACE::2024-12-08.17:35:43::SCWBDomain::"Running Make include in ps7_cortexa9_0/libsrc/coresightps_dcc_v1_8/src"

TRACE::2024-12-08.17:35:43::SCWBDomain::make -C ps7_cortexa9_0/libsrc/coresightps_dcc_v1_8/src -s include  "SHELL=CMD" "COMPILER=arm-none-eabi-gcc" "ASSEMBLER=arm-none
TRACE::2024-12-08.17:35:43::SCWBDomain::-eabi-as" "ARCHIVER=arm-none-eabi-ar" "COMPILER_FLAGS=  -O2 -c" "EXTRA_COMPILER_FLAGS=-mcpu=cortex-a9 -mfpu=vfpv3 -mfloat-abi=h
TRACE::2024-12-08.17:35:43::SCWBDomain::ard -nostartfiles -g -Wall -Wextra -fno-tree-loop-distribute-patterns"

TRACE::2024-12-08.17:35:43::SCWBDomain::"Running Make include in ps7_cortexa9_0/libsrc/cpu_cortexa9_v2_11/src"

TRACE::2024-12-08.17:35:43::SCWBDomain::make -C ps7_cortexa9_0/libsrc/cpu_cortexa9_v2_11/src -s include  "SHELL=CMD" "COMPILER=arm-none-eabi-gcc" "ASSEMBLER=arm-none-e
TRACE::2024-12-08.17:35:43::SCWBDomain::abi-as" "ARCHIVER=arm-none-eabi-ar" "COMPILER_FLAGS=  -O2 -c" "EXTRA_COMPILER_FLAGS=-mcpu=cortex-a9 -mfpu=vfpv3 -mfloat-abi=har
TRACE::2024-12-08.17:35:43::SCWBDomain::d -nostartfiles -g -Wall -Wextra -fno-tree-loop-distribute-patterns"

TRACE::2024-12-08.17:35:43::SCWBDomain::"Running Make include in ps7_cortexa9_0/libsrc/ddrps_v1_2/src"

TRACE::2024-12-08.17:35:43::SCWBDomain::make -C ps7_cortexa9_0/libsrc/ddrps_v1_2/src -s include  "SHELL=CMD" "COMPILER=arm-none-eabi-gcc" "ASSEMBLER=arm-none-eabi-as" 
TRACE::2024-12-08.17:35:43::SCWBDomain::"ARCHIVER=arm-none-eabi-ar" "COMPILER_FLAGS=  -O2 -c" "EXTRA_COMPILER_FLAGS=-mcpu=cortex-a9 -mfpu=vfpv3 -mfloat-abi=hard -nosta
TRACE::2024-12-08.17:35:43::SCWBDomain::rtfiles -g -Wall -Wextra -fno-tree-loop-distribute-patterns"

TRACE::2024-12-08.17:35:43::SCWBDomain::"Running Make include in ps7_cortexa9_0/libsrc/devcfg_v3_7/src"

TRACE::2024-12-08.17:35:43::SCWBDomain::make -C ps7_cortexa9_0/libsrc/devcfg_v3_7/src -s include  "SHELL=CMD" "COMPILER=arm-none-eabi-gcc" "ASSEMBLER=arm-none-eabi-as"
TRACE::2024-12-08.17:35:43::SCWBDomain:: "ARCHIVER=arm-none-eabi-ar" "COMPILER_FLAGS=  -O2 -c" "EXTRA_COMPILER_FLAGS=-mcpu=cortex-a9 -mfpu=vfpv3 -mfloat-abi=hard -nost
TRACE::2024-12-08.17:35:43::SCWBDomain::artfiles -g -Wall -Wextra -fno-tree-loop-distribute-patterns"

TRACE::2024-12-08.17:35:43::SCWBDomain::"Running Make include in ps7_cortexa9_0/libsrc/dmaps_v2_8/src"

TRACE::2024-12-08.17:35:43::SCWBDomain::make -C ps7_cortexa9_0/libsrc/dmaps_v2_8/src -s include  "SHELL=CMD" "COMPILER=arm-none-eabi-gcc" "ASSEMBLER=arm-none-eabi-as" 
TRACE::2024-12-08.17:35:43::SCWBDomain::"ARCHIVER=arm-none-eabi-ar" "COMPILER_FLAGS=  -O2 -c" "EXTRA_COMPILER_FLAGS=-mcpu=cortex-a9 -mfpu=vfpv3 -mfloat-abi=hard -nosta
TRACE::2024-12-08.17:35:43::SCWBDomain::rtfiles -g -Wall -Wextra -fno-tree-loop-distribute-patterns"

TRACE::2024-12-08.17:35:44::SCWBDomain::"Running Make include in ps7_cortexa9_0/libsrc/fir_v1_0/src"

TRACE::2024-12-08.17:35:44::SCWBDomain::make -C ps7_cortexa9_0/libsrc/fir_v1_0/src -s include  "SHELL=CMD" "COMPILER=arm-none-eabi-gcc" "ASSEMBLER=arm-none-eabi-as" "A
TRACE::2024-12-08.17:35:44::SCWBDomain::RCHIVER=arm-none-eabi-ar" "COMPILER_FLAGS=  -O2 -c" "EXTRA_COMPILER_FLAGS=-mcpu=cortex-a9 -mfpu=vfpv3 -mfloat-abi=hard -nostart
TRACE::2024-12-08.17:35:44::SCWBDomain::files -g -Wall -Wextra -fno-tree-loop-distribute-patterns"

TRACE::2024-12-08.17:35:44::SCWBDomain::"Running Make include in ps7_cortexa9_0/libsrc/gpio_v4_9/src"

TRACE::2024-12-08.17:35:44::SCWBDomain::make -C ps7_cortexa9_0/libsrc/gpio_v4_9/src -s include  "SHELL=CMD" "COMPILER=arm-none-eabi-gcc" "ASSEMBLER=arm-none-eabi-as" "
TRACE::2024-12-08.17:35:44::SCWBDomain::ARCHIVER=arm-none-eabi-ar" "COMPILER_FLAGS=  -O2 -c" "EXTRA_COMPILER_FLAGS=-mcpu=cortex-a9 -mfpu=vfpv3 -mfloat-abi=hard -nostar
TRACE::2024-12-08.17:35:44::SCWBDomain::tfiles -g -Wall -Wextra -fno-tree-loop-distribute-patterns"

TRACE::2024-12-08.17:35:44::SCWBDomain::"Running Make include in ps7_cortexa9_0/libsrc/iicps_v3_17/src"

TRACE::2024-12-08.17:35:44::SCWBDomain::make -C ps7_cortexa9_0/libsrc/iicps_v3_17/src -s include  "SHELL=CMD" "COMPILER=arm-none-eabi-gcc" "ASSEMBLER=arm-none-eabi-as"
TRACE::2024-12-08.17:35:44::SCWBDomain:: "ARCHIVER=arm-none-eabi-ar" "COMPILER_FLAGS=  -O2 -c" "EXTRA_COMPILER_FLAGS=-mcpu=cortex-a9 -mfpu=vfpv3 -mfloat-abi=hard -nost
TRACE::2024-12-08.17:35:44::SCWBDomain::artfiles -g -Wall -Wextra -fno-tree-loop-distribute-patterns"

TRACE::2024-12-08.17:35:44::SCWBDomain::"Running Make include in ps7_cortexa9_0/libsrc/qspips_v3_10/src"

TRACE::2024-12-08.17:35:44::SCWBDomain::make -C ps7_cortexa9_0/libsrc/qspips_v3_10/src -s include  "SHELL=CMD" "COMPILER=arm-none-eabi-gcc" "ASSEMBLER=arm-none-eabi-as
TRACE::2024-12-08.17:35:44::SCWBDomain::" "ARCHIVER=arm-none-eabi-ar" "COMPILER_FLAGS=  -O2 -c" "EXTRA_COMPILER_FLAGS=-mcpu=cortex-a9 -mfpu=vfpv3 -mfloat-abi=hard -nos
TRACE::2024-12-08.17:35:44::SCWBDomain::tartfiles -g -Wall -Wextra -fno-tree-loop-distribute-patterns"

TRACE::2024-12-08.17:35:44::SCWBDomain::"Running Make include in ps7_cortexa9_0/libsrc/scugic_v5_1/src"

TRACE::2024-12-08.17:35:44::SCWBDomain::make -C ps7_cortexa9_0/libsrc/scugic_v5_1/src -s include  "SHELL=CMD" "COMPILER=arm-none-eabi-gcc" "ASSEMBLER=arm-none-eabi-as"
TRACE::2024-12-08.17:35:44::SCWBDomain:: "ARCHIVER=arm-none-eabi-ar" "COMPILER_FLAGS=  -O2 -c" "EXTRA_COMPILER_FLAGS=-mcpu=cortex-a9 -mfpu=vfpv3 -mfloat-abi=hard -nost
TRACE::2024-12-08.17:35:44::SCWBDomain::artfiles -g -Wall -Wextra -fno-tree-loop-distribute-patterns"

TRACE::2024-12-08.17:35:44::SCWBDomain::"Running Make include in ps7_cortexa9_0/libsrc/scutimer_v2_4/src"

TRACE::2024-12-08.17:35:44::SCWBDomain::make -C ps7_cortexa9_0/libsrc/scutimer_v2_4/src -s include  "SHELL=CMD" "COMPILER=arm-none-eabi-gcc" "ASSEMBLER=arm-none-eabi-a
TRACE::2024-12-08.17:35:44::SCWBDomain::s" "ARCHIVER=arm-none-eabi-ar" "COMPILER_FLAGS=  -O2 -c" "EXTRA_COMPILER_FLAGS=-mcpu=cortex-a9 -mfpu=vfpv3 -mfloat-abi=hard -no
TRACE::2024-12-08.17:35:44::SCWBDomain::startfiles -g -Wall -Wextra -fno-tree-loop-distribute-patterns"

TRACE::2024-12-08.17:35:44::SCWBDomain::"Running Make include in ps7_cortexa9_0/libsrc/scuwdt_v2_4/src"

TRACE::2024-12-08.17:35:44::SCWBDomain::make -C ps7_cortexa9_0/libsrc/scuwdt_v2_4/src -s include  "SHELL=CMD" "COMPILER=arm-none-eabi-gcc" "ASSEMBLER=arm-none-eabi-as"
TRACE::2024-12-08.17:35:44::SCWBDomain:: "ARCHIVER=arm-none-eabi-ar" "COMPILER_FLAGS=  -O2 -c" "EXTRA_COMPILER_FLAGS=-mcpu=cortex-a9 -mfpu=vfpv3 -mfloat-abi=hard -nost
TRACE::2024-12-08.17:35:44::SCWBDomain::artfiles -g -Wall -Wextra -fno-tree-loop-distribute-patterns"

TRACE::2024-12-08.17:35:44::SCWBDomain::"Running Make include in ps7_cortexa9_0/libsrc/standalone_v8_1/src"

TRACE::2024-12-08.17:35:44::SCWBDomain::make -C ps7_cortexa9_0/libsrc/standalone_v8_1/src -s include  "SHELL=CMD" "COMPILER=arm-none-eabi-gcc" "ASSEMBLER=arm-none-eabi
TRACE::2024-12-08.17:35:44::SCWBDomain::-as" "ARCHIVER=arm-none-eabi-ar" "COMPILER_FLAGS=  -O2 -c" "EXTRA_COMPILER_FLAGS=-mcpu=cortex-a9 -mfpu=vfpv3 -mfloat-abi=hard -
TRACE::2024-12-08.17:35:44::SCWBDomain::nostartfiles -g -Wall -Wextra -fno-tree-loop-distribute-patterns"

TRACE::2024-12-08.17:35:45::SCWBDomain::"Running Make include in ps7_cortexa9_0/libsrc/uartps_v3_12/src"

TRACE::2024-12-08.17:35:45::SCWBDomain::make -C ps7_cortexa9_0/libsrc/uartps_v3_12/src -s include  "SHELL=CMD" "COMPILER=arm-none-eabi-gcc" "ASSEMBLER=arm-none-eabi-as
TRACE::2024-12-08.17:35:45::SCWBDomain::" "ARCHIVER=arm-none-eabi-ar" "COMPILER_FLAGS=  -O2 -c" "EXTRA_COMPILER_FLAGS=-mcpu=cortex-a9 -mfpu=vfpv3 -mfloat-abi=hard -nos
TRACE::2024-12-08.17:35:45::SCWBDomain::tartfiles -g -Wall -Wextra -fno-tree-loop-distribute-patterns"

TRACE::2024-12-08.17:35:45::SCWBDomain::"Running Make include in ps7_cortexa9_0/libsrc/xadcps_v2_6/src"

TRACE::2024-12-08.17:35:45::SCWBDomain::make -C ps7_cortexa9_0/libsrc/xadcps_v2_6/src -s include  "SHELL=CMD" "COMPILER=arm-none-eabi-gcc" "ASSEMBLER=arm-none-eabi-as"
TRACE::2024-12-08.17:35:45::SCWBDomain:: "ARCHIVER=arm-none-eabi-ar" "COMPILER_FLAGS=  -O2 -c" "EXTRA_COMPILER_FLAGS=-mcpu=cortex-a9 -mfpu=vfpv3 -mfloat-abi=hard -nost
TRACE::2024-12-08.17:35:45::SCWBDomain::artfiles -g -Wall -Wextra -fno-tree-loop-distribute-patterns"

TRACE::2024-12-08.17:35:45::SCWBDomain::"Running Make include in ps7_cortexa9_0/libsrc/xilffs_v5_0/src"

TRACE::2024-12-08.17:35:45::SCWBDomain::make -C ps7_cortexa9_0/libsrc/xilffs_v5_0/src -s include  "SHELL=CMD" "COMPILER=arm-none-eabi-gcc" "ASSEMBLER=arm-none-eabi-as"
TRACE::2024-12-08.17:35:45::SCWBDomain:: "ARCHIVER=arm-none-eabi-ar" "COMPILER_FLAGS=  -O2 -c" "EXTRA_COMPILER_FLAGS=-mcpu=cortex-a9 -mfpu=vfpv3 -mfloat-abi=hard -nost
TRACE::2024-12-08.17:35:45::SCWBDomain::artfiles -g -Wall -Wextra -fno-tree-loop-distribute-patterns"

TRACE::2024-12-08.17:35:45::SCWBDomain::"Running Make include in ps7_cortexa9_0/libsrc/xilrsa_v1_6/src"

TRACE::2024-12-08.17:35:45::SCWBDomain::make -C ps7_cortexa9_0/libsrc/xilrsa_v1_6/src -s include  "SHELL=CMD" "COMPILER=arm-none-eabi-gcc" "ASSEMBLER=arm-none-eabi-as"
TRACE::2024-12-08.17:35:45::SCWBDomain:: "ARCHIVER=arm-none-eabi-ar" "COMPILER_FLAGS=  -O2 -c" "EXTRA_COMPILER_FLAGS=-mcpu=cortex-a9 -mfpu=vfpv3 -mfloat-abi=hard -nost
TRACE::2024-12-08.17:35:45::SCWBDomain::artfiles -g -Wall -Wextra -fno-tree-loop-distribute-patterns"

TRACE::2024-12-08.17:35:45::SCWBDomain::"Running Make libs in ps7_cortexa9_0/libsrc/fir_v1_0/src"

TRACE::2024-12-08.17:35:45::SCWBDomain::make -C ps7_cortexa9_0/libsrc/fir_v1_0/src -s libs  "SHELL=CMD" "COMPILER=arm-none-eabi-gcc" "ASSEMBLER=arm-none-eabi-as" "ARCH
TRACE::2024-12-08.17:35:45::SCWBDomain::IVER=arm-none-eabi-ar" "COMPILER_FLAGS=  -O2 -c" "EXTRA_COMPILER_FLAGS=-mcpu=cortex-a9 -mfpu=vfpv3 -mfloat-abi=hard -nostartfil
TRACE::2024-12-08.17:35:45::SCWBDomain::es -g -Wall -Wextra -fno-tree-loop-distribute-patterns"

TRACE::2024-12-08.17:35:45::SCWBDomain::"Building fir"

TRACE::2024-12-08.17:35:45::SCWBDomain::"Running Make libs in ps7_cortexa9_0/libsrc/xilrsa_v1_6/src"

TRACE::2024-12-08.17:35:46::SCWBDomain::make -C ps7_cortexa9_0/libsrc/xilrsa_v1_6/src -s libs  "SHELL=CMD" "COMPILER=arm-none-eabi-gcc" "ASSEMBLER=arm-none-eabi-as" "A
TRACE::2024-12-08.17:35:46::SCWBDomain::RCHIVER=arm-none-eabi-ar" "COMPILER_FLAGS=  -O2 -c" "EXTRA_COMPILER_FLAGS=-mcpu=cortex-a9 -mfpu=vfpv3 -mfloat-abi=hard -nostart
TRACE::2024-12-08.17:35:46::SCWBDomain::files -g -Wall -Wextra -fno-tree-loop-distribute-patterns"

TRACE::2024-12-08.17:35:46::SCWBDomain::'Finished building libraries sequentially.'

TRACE::2024-12-08.17:35:46::SCWBDomain::make -j 10 --no-print-directory par_libs

TRACE::2024-12-08.17:35:46::SCWBDomain::"Running Make include in ps7_cortexa9_0/libsrc/coresightps_dcc_v1_8/src"

TRACE::2024-12-08.17:35:46::SCWBDomain::make -C ps7_cortexa9_0/libsrc/coresightps_dcc_v1_8/src -s include  "SHELL=CMD" "COMPILER=arm-none-eabi-gcc" "ASSEMBLER=arm-none
TRACE::2024-12-08.17:35:46::SCWBDomain::-eabi-as" "ARCHIVER=arm-none-eabi-ar" "COMPILER_FLAGS=  -O2 -c" "EXTRA_COMPILER_FLAGS=-mcpu=cortex-a9 -mfpu=vfpv3 -mfloat-abi=h
TRACE::2024-12-08.17:35:46::SCWBDomain::ard -nostartfiles -g -Wall -Wextra -fno-tree-loop-distribute-patterns"

TRACE::2024-12-08.17:35:46::SCWBDomain::"Running Make include in ps7_cortexa9_0/libsrc/cpu_cortexa9_v2_11/src"

TRACE::2024-12-08.17:35:46::SCWBDomain::make -C ps7_cortexa9_0/libsrc/cpu_cortexa9_v2_11/src -s include  "SHELL=CMD" "COMPILER=arm-none-eabi-gcc" "ASSEMBLER=arm-none-e
TRACE::2024-12-08.17:35:46::SCWBDomain::abi-as" "ARCHIVER=arm-none-eabi-ar" "COMPILER_FLAGS=  -O2 -c" "EXTRA_COMPILER_FLAGS=-mcpu=cortex-a9 -mfpu=vfpv3 -mfloat-abi=har
TRACE::2024-12-08.17:35:46::SCWBDomain::d -nostartfiles -g -Wall -Wextra -fno-tree-loop-distribute-patterns"

TRACE::2024-12-08.17:35:46::SCWBDomain::"Running Make include in ps7_cortexa9_0/libsrc/ddrps_v1_2/src"

TRACE::2024-12-08.17:35:46::SCWBDomain::make -C ps7_cortexa9_0/libsrc/ddrps_v1_2/src -s include  "SHELL=CMD" "COMPILER=arm-none-eabi-gcc" "ASSEMBLER=arm-none-eabi-as" 
TRACE::2024-12-08.17:35:46::SCWBDomain::"ARCHIVER=arm-none-eabi-ar" "COMPILER_FLAGS=  -O2 -c" "EXTRA_COMPILER_FLAGS=-mcpu=cortex-a9 -mfpu=vfpv3 -mfloat-abi=hard -nosta
TRACE::2024-12-08.17:35:46::SCWBDomain::rtfiles -g -Wall -Wextra -fno-tree-loop-distribute-patterns"

TRACE::2024-12-08.17:35:46::SCWBDomain::"Running Make include in ps7_cortexa9_0/libsrc/devcfg_v3_7/src"

TRACE::2024-12-08.17:35:46::SCWBDomain::make -C ps7_cortexa9_0/libsrc/devcfg_v3_7/src -s include  "SHELL=CMD" "COMPILER=arm-none-eabi-gcc" "ASSEMBLER=arm-none-eabi-as"
TRACE::2024-12-08.17:35:46::SCWBDomain:: "ARCHIVER=arm-none-eabi-ar" "COMPILER_FLAGS=  -O2 -c" "EXTRA_COMPILER_FLAGS=-mcpu=cortex-a9 -mfpu=vfpv3 -mfloat-abi=hard -nost
TRACE::2024-12-08.17:35:46::SCWBDomain::artfiles -g -Wall -Wextra -fno-tree-loop-distribute-patterns"

TRACE::2024-12-08.17:35:46::SCWBDomain::"Running Make include in ps7_cortexa9_0/libsrc/dmaps_v2_8/src"

TRACE::2024-12-08.17:35:46::SCWBDomain::make -C ps7_cortexa9_0/libsrc/dmaps_v2_8/src -s include  "SHELL=CMD" "COMPILER=arm-none-eabi-gcc" "ASSEMBLER=arm-none-eabi-as" 
TRACE::2024-12-08.17:35:46::SCWBDomain::"ARCHIVER=arm-none-eabi-ar" "COMPILER_FLAGS=  -O2 -c" "EXTRA_COMPILER_FLAGS=-mcpu=cortex-a9 -mfpu=vfpv3 -mfloat-abi=hard -nosta
TRACE::2024-12-08.17:35:46::SCWBDomain::rtfiles -g -Wall -Wextra -fno-tree-loop-distribute-patterns"

TRACE::2024-12-08.17:35:46::SCWBDomain::"Running Make include in ps7_cortexa9_0/libsrc/fir_v1_0/src"

TRACE::2024-12-08.17:35:46::SCWBDomain::make -C ps7_cortexa9_0/libsrc/fir_v1_0/src -s include  "SHELL=CMD" "COMPILER=arm-none-eabi-gcc" "ASSEMBLER=arm-none-eabi-as" "A
TRACE::2024-12-08.17:35:46::SCWBDomain::RCHIVER=arm-none-eabi-ar" "COMPILER_FLAGS=  -O2 -c" "EXTRA_COMPILER_FLAGS=-mcpu=cortex-a9 -mfpu=vfpv3 -mfloat-abi=hard -nostart
TRACE::2024-12-08.17:35:46::SCWBDomain::files -g -Wall -Wextra -fno-tree-loop-distribute-patterns"

TRACE::2024-12-08.17:35:46::SCWBDomain::"Running Make include in ps7_cortexa9_0/libsrc/gpio_v4_9/src"

TRACE::2024-12-08.17:35:46::SCWBDomain::make -C ps7_cortexa9_0/libsrc/gpio_v4_9/src -s include  "SHELL=CMD" "COMPILER=arm-none-eabi-gcc" "ASSEMBLER=arm-none-eabi-as" "
TRACE::2024-12-08.17:35:46::SCWBDomain::ARCHIVER=arm-none-eabi-ar" "COMPILER_FLAGS=  -O2 -c" "EXTRA_COMPILER_FLAGS=-mcpu=cortex-a9 -mfpu=vfpv3 -mfloat-abi=hard -nostar
TRACE::2024-12-08.17:35:46::SCWBDomain::tfiles -g -Wall -Wextra -fno-tree-loop-distribute-patterns"

TRACE::2024-12-08.17:35:46::SCWBDomain::"Running Make include in ps7_cortexa9_0/libsrc/iicps_v3_17/src"

TRACE::2024-12-08.17:35:46::SCWBDomain::make -C ps7_cortexa9_0/libsrc/iicps_v3_17/src -s include  "SHELL=CMD" "COMPILER=arm-none-eabi-gcc" "ASSEMBLER=arm-none-eabi-as"
TRACE::2024-12-08.17:35:46::SCWBDomain:: "ARCHIVER=arm-none-eabi-ar" "COMPILER_FLAGS=  -O2 -c" "EXTRA_COMPILER_FLAGS=-mcpu=cortex-a9 -mfpu=vfpv3 -mfloat-abi=hard -nost
TRACE::2024-12-08.17:35:46::SCWBDomain::artfiles -g -Wall -Wextra -fno-tree-loop-distribute-patterns"

TRACE::2024-12-08.17:35:46::SCWBDomain::"Running Make include in ps7_cortexa9_0/libsrc/qspips_v3_10/src"

TRACE::2024-12-08.17:35:46::SCWBDomain::make -C ps7_cortexa9_0/libsrc/qspips_v3_10/src -s include  "SHELL=CMD" "COMPILER=arm-none-eabi-gcc" "ASSEMBLER=arm-none-eabi-as
TRACE::2024-12-08.17:35:46::SCWBDomain::" "ARCHIVER=arm-none-eabi-ar" "COMPILER_FLAGS=  -O2 -c" "EXTRA_COMPILER_FLAGS=-mcpu=cortex-a9 -mfpu=vfpv3 -mfloat-abi=hard -nos
TRACE::2024-12-08.17:35:46::SCWBDomain::tartfiles -g -Wall -Wextra -fno-tree-loop-distribute-patterns"

TRACE::2024-12-08.17:35:46::SCWBDomain::"Running Make include in ps7_cortexa9_0/libsrc/scugic_v5_1/src"

TRACE::2024-12-08.17:35:46::SCWBDomain::make -C ps7_cortexa9_0/libsrc/scugic_v5_1/src -s include  "SHELL=CMD" "COMPILER=arm-none-eabi-gcc" "ASSEMBLER=arm-none-eabi-as"
TRACE::2024-12-08.17:35:46::SCWBDomain:: "ARCHIVER=arm-none-eabi-ar" "COMPILER_FLAGS=  -O2 -c" "EXTRA_COMPILER_FLAGS=-mcpu=cortex-a9 -mfpu=vfpv3 -mfloat-abi=hard -nost
TRACE::2024-12-08.17:35:46::SCWBDomain::artfiles -g -Wall -Wextra -fno-tree-loop-distribute-patterns"

TRACE::2024-12-08.17:35:46::SCWBDomain::"Running Make include in ps7_cortexa9_0/libsrc/scutimer_v2_4/src"

TRACE::2024-12-08.17:35:46::SCWBDomain::make -C ps7_cortexa9_0/libsrc/scutimer_v2_4/src -s include  "SHELL=CMD" "COMPILER=arm-none-eabi-gcc" "ASSEMBLER=arm-none-eabi-a
TRACE::2024-12-08.17:35:46::SCWBDomain::s" "ARCHIVER=arm-none-eabi-ar" "COMPILER_FLAGS=  -O2 -c" "EXTRA_COMPILER_FLAGS=-mcpu=cortex-a9 -mfpu=vfpv3 -mfloat-abi=hard -no
TRACE::2024-12-08.17:35:46::SCWBDomain::startfiles -g -Wall -Wextra -fno-tree-loop-distribute-patterns"

TRACE::2024-12-08.17:35:46::SCWBDomain::"Running Make include in ps7_cortexa9_0/libsrc/scuwdt_v2_4/src"

TRACE::2024-12-08.17:35:46::SCWBDomain::make -C ps7_cortexa9_0/libsrc/scuwdt_v2_4/src -s include  "SHELL=CMD" "COMPILER=arm-none-eabi-gcc" "ASSEMBLER=arm-none-eabi-as"
TRACE::2024-12-08.17:35:46::SCWBDomain:: "ARCHIVER=arm-none-eabi-ar" "COMPILER_FLAGS=  -O2 -c" "EXTRA_COMPILER_FLAGS=-mcpu=cortex-a9 -mfpu=vfpv3 -mfloat-abi=hard -nost
TRACE::2024-12-08.17:35:46::SCWBDomain::artfiles -g -Wall -Wextra -fno-tree-loop-distribute-patterns"

TRACE::2024-12-08.17:35:46::SCWBDomain::"Running Make include in ps7_cortexa9_0/libsrc/standalone_v8_1/src"

TRACE::2024-12-08.17:35:46::SCWBDomain::make -C ps7_cortexa9_0/libsrc/standalone_v8_1/src -s include  "SHELL=CMD" "COMPILER=arm-none-eabi-gcc" "ASSEMBLER=arm-none-eabi
TRACE::2024-12-08.17:35:46::SCWBDomain::-as" "ARCHIVER=arm-none-eabi-ar" "COMPILER_FLAGS=  -O2 -c" "EXTRA_COMPILER_FLAGS=-mcpu=cortex-a9 -mfpu=vfpv3 -mfloat-abi=hard -
TRACE::2024-12-08.17:35:46::SCWBDomain::nostartfiles -g -Wall -Wextra -fno-tree-loop-distribute-patterns"

TRACE::2024-12-08.17:35:46::SCWBDomain::"Running Make include in ps7_cortexa9_0/libsrc/uartps_v3_12/src"

TRACE::2024-12-08.17:35:46::SCWBDomain::make -C ps7_cortexa9_0/libsrc/uartps_v3_12/src -s include  "SHELL=CMD" "COMPILER=arm-none-eabi-gcc" "ASSEMBLER=arm-none-eabi-as
TRACE::2024-12-08.17:35:46::SCWBDomain::" "ARCHIVER=arm-none-eabi-ar" "COMPILER_FLAGS=  -O2 -c" "EXTRA_COMPILER_FLAGS=-mcpu=cortex-a9 -mfpu=vfpv3 -mfloat-abi=hard -nos
TRACE::2024-12-08.17:35:46::SCWBDomain::tartfiles -g -Wall -Wextra -fno-tree-loop-distribute-patterns"

TRACE::2024-12-08.17:35:46::SCWBDomain::"Running Make include in ps7_cortexa9_0/libsrc/xadcps_v2_6/src"

TRACE::2024-12-08.17:35:46::SCWBDomain::make -C ps7_cortexa9_0/libsrc/xadcps_v2_6/src -s include  "SHELL=CMD" "COMPILER=arm-none-eabi-gcc" "ASSEMBLER=arm-none-eabi-as"
TRACE::2024-12-08.17:35:46::SCWBDomain:: "ARCHIVER=arm-none-eabi-ar" "COMPILER_FLAGS=  -O2 -c" "EXTRA_COMPILER_FLAGS=-mcpu=cortex-a9 -mfpu=vfpv3 -mfloat-abi=hard -nost
TRACE::2024-12-08.17:35:46::SCWBDomain::artfiles -g -Wall -Wextra -fno-tree-loop-distribute-patterns"

TRACE::2024-12-08.17:35:46::SCWBDomain::"Running Make include in ps7_cortexa9_0/libsrc/xilffs_v5_0/src"

TRACE::2024-12-08.17:35:46::SCWBDomain::make -C ps7_cortexa9_0/libsrc/xilffs_v5_0/src -s include  "SHELL=CMD" "COMPILER=arm-none-eabi-gcc" "ASSEMBLER=arm-none-eabi-as"
TRACE::2024-12-08.17:35:46::SCWBDomain:: "ARCHIVER=arm-none-eabi-ar" "COMPILER_FLAGS=  -O2 -c" "EXTRA_COMPILER_FLAGS=-mcpu=cortex-a9 -mfpu=vfpv3 -mfloat-abi=hard -nost
TRACE::2024-12-08.17:35:46::SCWBDomain::artfiles -g -Wall -Wextra -fno-tree-loop-distribute-patterns"

TRACE::2024-12-08.17:35:46::SCWBDomain::"Running Make include in ps7_cortexa9_0/libsrc/xilrsa_v1_6/src"

TRACE::2024-12-08.17:35:46::SCWBDomain::make -C ps7_cortexa9_0/libsrc/xilrsa_v1_6/src -s include  "SHELL=CMD" "COMPILER=arm-none-eabi-gcc" "ASSEMBLER=arm-none-eabi-as"
TRACE::2024-12-08.17:35:46::SCWBDomain:: "ARCHIVER=arm-none-eabi-ar" "COMPILER_FLAGS=  -O2 -c" "EXTRA_COMPILER_FLAGS=-mcpu=cortex-a9 -mfpu=vfpv3 -mfloat-abi=hard -nost
TRACE::2024-12-08.17:35:46::SCWBDomain::artfiles -g -Wall -Wextra -fno-tree-loop-distribute-patterns"

TRACE::2024-12-08.17:35:46::SCWBDomain::"Running Make libs in ps7_cortexa9_0/libsrc/coresightps_dcc_v1_8/src"

TRACE::2024-12-08.17:35:46::SCWBDomain::make -C ps7_cortexa9_0/libsrc/coresightps_dcc_v1_8/src -s libs  "SHELL=CMD" "COMPILER=arm-none-eabi-gcc" "ASSEMBLER=arm-none-ea
TRACE::2024-12-08.17:35:46::SCWBDomain::bi-as" "ARCHIVER=arm-none-eabi-ar" "COMPILER_FLAGS=  -O2 -c" "EXTRA_COMPILER_FLAGS=-mcpu=cortex-a9 -mfpu=vfpv3 -mfloat-abi=hard
TRACE::2024-12-08.17:35:46::SCWBDomain:: -nostartfiles -g -Wall -Wextra -fno-tree-loop-distribute-patterns"

TRACE::2024-12-08.17:35:46::SCWBDomain::"Running Make libs in ps7_cortexa9_0/libsrc/cpu_cortexa9_v2_11/src"

TRACE::2024-12-08.17:35:46::SCWBDomain::make -C ps7_cortexa9_0/libsrc/cpu_cortexa9_v2_11/src -s libs  "SHELL=CMD" "COMPILER=arm-none-eabi-gcc" "ASSEMBLER=arm-none-eabi
TRACE::2024-12-08.17:35:46::SCWBDomain::-as" "ARCHIVER=arm-none-eabi-ar" "COMPILER_FLAGS=  -O2 -c" "EXTRA_COMPILER_FLAGS=-mcpu=cortex-a9 -mfpu=vfpv3 -mfloat-abi=hard -
TRACE::2024-12-08.17:35:46::SCWBDomain::nostartfiles -g -Wall -Wextra -fno-tree-loop-distribute-patterns"

TRACE::2024-12-08.17:35:46::SCWBDomain::"Running Make libs in ps7_cortexa9_0/libsrc/ddrps_v1_2/src"

TRACE::2024-12-08.17:35:46::SCWBDomain::make -C ps7_cortexa9_0/libsrc/ddrps_v1_2/src -s libs  "SHELL=CMD" "COMPILER=arm-none-eabi-gcc" "ASSEMBLER=arm-none-eabi-as" "AR
TRACE::2024-12-08.17:35:46::SCWBDomain::CHIVER=arm-none-eabi-ar" "COMPILER_FLAGS=  -O2 -c" "EXTRA_COMPILER_FLAGS=-mcpu=cortex-a9 -mfpu=vfpv3 -mfloat-abi=hard -nostartf
TRACE::2024-12-08.17:35:46::SCWBDomain::iles -g -Wall -Wextra -fno-tree-loop-distribute-patterns"

TRACE::2024-12-08.17:35:46::SCWBDomain::"Running Make libs in ps7_cortexa9_0/libsrc/devcfg_v3_7/src"

TRACE::2024-12-08.17:35:46::SCWBDomain::make -C ps7_cortexa9_0/libsrc/devcfg_v3_7/src -s libs  "SHELL=CMD" "COMPILER=arm-none-eabi-gcc" "ASSEMBLER=arm-none-eabi-as" "A
TRACE::2024-12-08.17:35:46::SCWBDomain::RCHIVER=arm-none-eabi-ar" "COMPILER_FLAGS=  -O2 -c" "EXTRA_COMPILER_FLAGS=-mcpu=cortex-a9 -mfpu=vfpv3 -mfloat-abi=hard -nostart
TRACE::2024-12-08.17:35:46::SCWBDomain::files -g -Wall -Wextra -fno-tree-loop-distribute-patterns"

TRACE::2024-12-08.17:35:46::SCWBDomain::"Running Make libs in ps7_cortexa9_0/libsrc/dmaps_v2_8/src"

TRACE::2024-12-08.17:35:46::SCWBDomain::make -C ps7_cortexa9_0/libsrc/dmaps_v2_8/src -s libs  "SHELL=CMD" "COMPILER=arm-none-eabi-gcc" "ASSEMBLER=arm-none-eabi-as" "AR
TRACE::2024-12-08.17:35:46::SCWBDomain::CHIVER=arm-none-eabi-ar" "COMPILER_FLAGS=  -O2 -c" "EXTRA_COMPILER_FLAGS=-mcpu=cortex-a9 -mfpu=vfpv3 -mfloat-abi=hard -nostartf
TRACE::2024-12-08.17:35:46::SCWBDomain::iles -g -Wall -Wextra -fno-tree-loop-distribute-patterns"

TRACE::2024-12-08.17:35:46::SCWBDomain::"Running Make libs in ps7_cortexa9_0/libsrc/gpio_v4_9/src"

TRACE::2024-12-08.17:35:46::SCWBDomain::make -C ps7_cortexa9_0/libsrc/gpio_v4_9/src -s libs  "SHELL=CMD" "COMPILER=arm-none-eabi-gcc" "ASSEMBLER=arm-none-eabi-as" "ARC
TRACE::2024-12-08.17:35:46::SCWBDomain::HIVER=arm-none-eabi-ar" "COMPILER_FLAGS=  -O2 -c" "EXTRA_COMPILER_FLAGS=-mcpu=cortex-a9 -mfpu=vfpv3 -mfloat-abi=hard -nostartfi
TRACE::2024-12-08.17:35:46::SCWBDomain::les -g -Wall -Wextra -fno-tree-loop-distribute-patterns"

TRACE::2024-12-08.17:35:46::SCWBDomain::"Running Make libs in ps7_cortexa9_0/libsrc/iicps_v3_17/src"

TRACE::2024-12-08.17:35:46::SCWBDomain::make -C ps7_cortexa9_0/libsrc/iicps_v3_17/src -s libs  "SHELL=CMD" "COMPILER=arm-none-eabi-gcc" "ASSEMBLER=arm-none-eabi-as" "A
TRACE::2024-12-08.17:35:46::SCWBDomain::RCHIVER=arm-none-eabi-ar" "COMPILER_FLAGS=  -O2 -c" "EXTRA_COMPILER_FLAGS=-mcpu=cortex-a9 -mfpu=vfpv3 -mfloat-abi=hard -nostart
TRACE::2024-12-08.17:35:46::SCWBDomain::files -g -Wall -Wextra -fno-tree-loop-distribute-patterns"

TRACE::2024-12-08.17:35:46::SCWBDomain::"Running Make libs in ps7_cortexa9_0/libsrc/qspips_v3_10/src"

TRACE::2024-12-08.17:35:46::SCWBDomain::make -C ps7_cortexa9_0/libsrc/qspips_v3_10/src -s libs  "SHELL=CMD" "COMPILER=arm-none-eabi-gcc" "ASSEMBLER=arm-none-eabi-as" "
TRACE::2024-12-08.17:35:46::SCWBDomain::ARCHIVER=arm-none-eabi-ar" "COMPILER_FLAGS=  -O2 -c" "EXTRA_COMPILER_FLAGS=-mcpu=cortex-a9 -mfpu=vfpv3 -mfloat-abi=hard -nostar
TRACE::2024-12-08.17:35:46::SCWBDomain::tfiles -g -Wall -Wextra -fno-tree-loop-distribute-patterns"

TRACE::2024-12-08.17:35:47::SCWBDomain::"Running Make libs in ps7_cortexa9_0/libsrc/scugic_v5_1/src"

TRACE::2024-12-08.17:35:47::SCWBDomain::make -C ps7_cortexa9_0/libsrc/scugic_v5_1/src -s libs  "SHELL=CMD" "COMPILER=arm-none-eabi-gcc" "ASSEMBLER=arm-none-eabi-as" "A
TRACE::2024-12-08.17:35:47::SCWBDomain::RCHIVER=arm-none-eabi-ar" "COMPILER_FLAGS=  -O2 -c" "EXTRA_COMPILER_FLAGS=-mcpu=cortex-a9 -mfpu=vfpv3 -mfloat-abi=hard -nostart
TRACE::2024-12-08.17:35:47::SCWBDomain::files -g -Wall -Wextra -fno-tree-loop-distribute-patterns"

TRACE::2024-12-08.17:35:47::SCWBDomain::"Running Make libs in ps7_cortexa9_0/libsrc/scutimer_v2_4/src"

TRACE::2024-12-08.17:35:47::SCWBDomain::make -C ps7_cortexa9_0/libsrc/scutimer_v2_4/src -s libs  "SHELL=CMD" "COMPILER=arm-none-eabi-gcc" "ASSEMBLER=arm-none-eabi-as" 
TRACE::2024-12-08.17:35:47::SCWBDomain::"ARCHIVER=arm-none-eabi-ar" "COMPILER_FLAGS=  -O2 -c" "EXTRA_COMPILER_FLAGS=-mcpu=cortex-a9 -mfpu=vfpv3 -mfloat-abi=hard -nosta
TRACE::2024-12-08.17:35:47::SCWBDomain::rtfiles -g -Wall -Wextra -fno-tree-loop-distribute-patterns"

TRACE::2024-12-08.17:35:47::SCWBDomain::"Running Make libs in ps7_cortexa9_0/libsrc/scuwdt_v2_4/src"

TRACE::2024-12-08.17:35:47::SCWBDomain::make -C ps7_cortexa9_0/libsrc/scuwdt_v2_4/src -s libs  "SHELL=CMD" "COMPILER=arm-none-eabi-gcc" "ASSEMBLER=arm-none-eabi-as" "A
TRACE::2024-12-08.17:35:47::SCWBDomain::RCHIVER=arm-none-eabi-ar" "COMPILER_FLAGS=  -O2 -c" "EXTRA_COMPILER_FLAGS=-mcpu=cortex-a9 -mfpu=vfpv3 -mfloat-abi=hard -nostart
TRACE::2024-12-08.17:35:47::SCWBDomain::files -g -Wall -Wextra -fno-tree-loop-distribute-patterns"

TRACE::2024-12-08.17:35:47::SCWBDomain::"Running Make libs in ps7_cortexa9_0/libsrc/standalone_v8_1/src"

TRACE::2024-12-08.17:35:47::SCWBDomain::make -C ps7_cortexa9_0/libsrc/standalone_v8_1/src -s libs  "SHELL=CMD" "COMPILER=arm-none-eabi-gcc" "ASSEMBLER=arm-none-eabi-as
TRACE::2024-12-08.17:35:47::SCWBDomain::" "ARCHIVER=arm-none-eabi-ar" "COMPILER_FLAGS=  -O2 -c" "EXTRA_COMPILER_FLAGS=-mcpu=cortex-a9 -mfpu=vfpv3 -mfloat-abi=hard -nos
TRACE::2024-12-08.17:35:47::SCWBDomain::tartfiles -g -Wall -Wextra -fno-tree-loop-distribute-patterns"

TRACE::2024-12-08.17:35:47::SCWBDomain::"Running Make libs in ps7_cortexa9_0/libsrc/uartps_v3_12/src"

TRACE::2024-12-08.17:35:47::SCWBDomain::make -C ps7_cortexa9_0/libsrc/uartps_v3_12/src -s libs  "SHELL=CMD" "COMPILER=arm-none-eabi-gcc" "ASSEMBLER=arm-none-eabi-as" "
TRACE::2024-12-08.17:35:47::SCWBDomain::ARCHIVER=arm-none-eabi-ar" "COMPILER_FLAGS=  -O2 -c" "EXTRA_COMPILER_FLAGS=-mcpu=cortex-a9 -mfpu=vfpv3 -mfloat-abi=hard -nostar
TRACE::2024-12-08.17:35:47::SCWBDomain::tfiles -g -Wall -Wextra -fno-tree-loop-distribute-patterns"

TRACE::2024-12-08.17:35:47::SCWBDomain::"Running Make libs in ps7_cortexa9_0/libsrc/xadcps_v2_6/src"

TRACE::2024-12-08.17:35:47::SCWBDomain::make -C ps7_cortexa9_0/libsrc/xadcps_v2_6/src -s libs  "SHELL=CMD" "COMPILER=arm-none-eabi-gcc" "ASSEMBLER=arm-none-eabi-as" "A
TRACE::2024-12-08.17:35:47::SCWBDomain::RCHIVER=arm-none-eabi-ar" "COMPILER_FLAGS=  -O2 -c" "EXTRA_COMPILER_FLAGS=-mcpu=cortex-a9 -mfpu=vfpv3 -mfloat-abi=hard -nostart
TRACE::2024-12-08.17:35:47::SCWBDomain::files -g -Wall -Wextra -fno-tree-loop-distribute-patterns"

TRACE::2024-12-08.17:35:47::SCWBDomain::"Running Make libs in ps7_cortexa9_0/libsrc/xilffs_v5_0/src"

TRACE::2024-12-08.17:35:47::SCWBDomain::make -C ps7_cortexa9_0/libsrc/xilffs_v5_0/src -s libs  "SHELL=CMD" "COMPILER=arm-none-eabi-gcc" "ASSEMBLER=arm-none-eabi-as" "A
TRACE::2024-12-08.17:35:47::SCWBDomain::RCHIVER=arm-none-eabi-ar" "COMPILER_FLAGS=  -O2 -c" "EXTRA_COMPILER_FLAGS=-mcpu=cortex-a9 -mfpu=vfpv3 -mfloat-abi=hard -nostart
TRACE::2024-12-08.17:35:47::SCWBDomain::files -g -Wall -Wextra -fno-tree-loop-distribute-patterns"

TRACE::2024-12-08.17:35:49::SCWBDomain::'Finished building libraries parallelly.'

TRACE::2024-12-08.17:35:49::SCWBDomain::make --no-print-directory archive

TRACE::2024-12-08.17:35:49::SCWBDomain::arm-none-eabi-ar -r  ps7_cortexa9_0/lib/libxil.a ps7_cortexa9_0/lib/_exit.o ps7_cortexa9_0/lib/_open.o ps7_cortexa9_0/lib/_sbrk
TRACE::2024-12-08.17:35:49::SCWBDomain::.o ps7_cortexa9_0/lib/abort.o ps7_cortexa9_0/lib/asm_vectors.o ps7_cortexa9_0/lib/boot.o ps7_cortexa9_0/lib/close.o ps7_cortexa
TRACE::2024-12-08.17:35:49::SCWBDomain::9_0/lib/cpputest_time.o ps7_cortexa9_0/lib/cpu_init.o ps7_cortexa9_0/lib/errno.o ps7_cortexa9_0/lib/fcntl.o ps7_cortexa9_0/lib/
TRACE::2024-12-08.17:35:49::SCWBDomain::fstat.o ps7_cortexa9_0/lib/getentropy.o ps7_cortexa9_0/lib/getpid.o ps7_cortexa9_0/lib/inbyte.o ps7_cortexa9_0/lib/isatty.o ps7
TRACE::2024-12-08.17:35:49::SCWBDomain::_cortexa9_0/lib/kill.o ps7_cortexa9_0/lib/lseek.o ps7_cortexa9_0/lib/open.o ps7_cortexa9_0/lib/outbyte.o ps7_cortexa9_0/lib/pri
TRACE::2024-12-08.17:35:49::SCWBDomain::nt.o ps7_cortexa9_0/lib/putnum.o ps7_cortexa9_0/lib/read.o ps7_cortexa9_0/lib/sbrk.o ps7_cortexa9_0/lib/sleep.o ps7_cortexa9_0/
TRACE::2024-12-08.17:35:49::SCWBDomain::lib/time.o ps7_cortexa9_0/lib/translation_table.o ps7_cortexa9_0/lib/unlink.o ps7_cortexa9_0/lib/usleep.o ps7_cortexa9_0/lib/ve
TRACE::2024-12-08.17:35:49::SCWBDomain::ctors.o ps7_cortexa9_0/lib/write.o ps7_cortexa9_0/lib/xadcps.o ps7_cortexa9_0/lib/xadcps_g.o ps7_cortexa9_0/lib/xadcps_intr.o p
TRACE::2024-12-08.17:35:49::SCWBDomain::s7_cortexa9_0/lib/xadcps_selftest.o ps7_cortexa9_0/lib/xadcps_sinit.o ps7_cortexa9_0/lib/xcoresightpsdcc.o ps7_cortexa9_0/lib/x
TRACE::2024-12-08.17:35:49::SCWBDomain::devcfg.o ps7_cortexa9_0/lib/xdevcfg_g.o ps7_cortexa9_0/lib/xdevcfg_hw.o ps7_cortexa9_0/lib/xdevcfg_intr.o ps7_cortexa9_0/lib/xd
TRACE::2024-12-08.17:35:49::SCWBDomain::evcfg_selftest.o ps7_cortexa9_0/lib/xdevcfg_sinit.o ps7_cortexa9_0/lib/xdmaps.o ps7_cortexa9_0/lib/xdmaps_g.o ps7_cortexa9_0/li
TRACE::2024-12-08.17:35:49::SCWBDomain::b/xdmaps_hw.o ps7_cortexa9_0/lib/xdmaps_selftest.o ps7_cortexa9_0/lib/xdmaps_sinit.o ps7_cortexa9_0/lib/xfir.o ps7_cortexa9_0/l
TRACE::2024-12-08.17:35:49::SCWBDomain::ib/xfir_g.o ps7_cortexa9_0/lib/xfir_linux.o ps7_cortexa9_0/lib/xfir_sinit.o ps7_cortexa9_0/lib/xgpio.o ps7_cortexa9_0/lib/xgpio
TRACE::2024-12-08.17:35:49::SCWBDomain::_extra.o ps7_cortexa9_0/lib/xgpio_g.o ps7_cortexa9_0/lib/xgpio_intr.o ps7_cortexa9_0/lib/xgpio_selftest.o ps7_cortexa9_0/lib/xg
TRACE::2024-12-08.17:35:49::SCWBDomain::pio_sinit.o ps7_cortexa9_0/lib/xiicps.o ps7_cortexa9_0/lib/xiicps_g.o ps7_cortexa9_0/lib/xiicps_hw.o ps7_cortexa9_0/lib/xiicps_
TRACE::2024-12-08.17:35:49::SCWBDomain::intr.o ps7_cortexa9_0/lib/xiicps_master.o ps7_cortexa9_0/lib/xiicps_options.o ps7_cortexa9_0/lib/xiicps_selftest.o ps7_cortexa9
TRACE::2024-12-08.17:35:49::SCWBDomain::_0/lib/xiicps_sinit.o ps7_cortexa9_0/lib/xiicps_slave.o ps7_cortexa9_0/lib/xiicps_xfer.o ps7_cortexa9_0/lib/xil-crt0.o ps7_cort
TRACE::2024-12-08.17:35:49::SCWBDomain::exa9_0/lib/xil_assert.o ps7_cortexa9_0/lib/xil_cache.o ps7_cortexa9_0/lib/xil_clocking.o ps7_cortexa9_0/lib/xil_exception.o ps7
TRACE::2024-12-08.17:35:49::SCWBDomain::_cortexa9_0/lib/xil_mem.o ps7_cortexa9_0/lib/xil_misc_psreset_api.o ps7_cortexa9_0/lib/xil_mmu.o ps7_cortexa9_0/lib/xil_printf.
TRACE::2024-12-08.17:35:49::SCWBDomain::o ps7_cortexa9_0/lib/xil_sleepcommon.o ps7_cortexa9_0/lib/xil_sleeptimer.o ps7_cortexa9_0/lib/xil_spinlock.o ps7_cortexa9_0/lib
TRACE::2024-12-08.17:35:49::SCWBDomain::/xil_testcache.o ps7_cortexa9_0/lib/xil_testio.o ps7_cortexa9_0/lib/xil_testmem.o ps7_cortexa9_0/lib/xil_util.o ps7_cortexa9_0/
TRACE::2024-12-08.17:35:49::SCWBDomain::lib/xinterrupt_wrap.o ps7_cortexa9_0/lib/xl2cc_counter.o ps7_cortexa9_0/lib/xplatform_info.o ps7_cortexa9_0/lib/xpm_counter.o p
TRACE::2024-12-08.17:35:49::SCWBDomain::s7_cortexa9_0/lib/xqspips.o ps7_cortexa9_0/lib/xqspips_g.o ps7_cortexa9_0/lib/xqspips_hw.o ps7_cortexa9_0/lib/xqspips_options.o
TRACE::2024-12-08.17:35:49::SCWBDomain:: ps7_cortexa9_0/lib/xqspips_selftest.o ps7_cortexa9_0/lib/xqspips_sinit.o ps7_cortexa9_0/lib/xscugic.o ps7_cortexa9_0/lib/xscug
TRACE::2024-12-08.17:35:49::SCWBDomain::ic_g.o ps7_cortexa9_0/lib/xscugic_hw.o ps7_cortexa9_0/lib/xscugic_intr.o ps7_cortexa9_0/lib/xscugic_selftest.o ps7_cortexa9_0/l
TRACE::2024-12-08.17:35:49::SCWBDomain::ib/xscugic_sinit.o ps7_cortexa9_0/lib/xscutimer.o ps7_cortexa9_0/lib/xscutimer_g.o ps7_cortexa9_0/lib/xscutimer_selftest.o ps7_
TRACE::2024-12-08.17:35:49::SCWBDomain::cortexa9_0/lib/xscutimer_sinit.o ps7_cortexa9_0/lib/xscuwdt.o ps7_cortexa9_0/lib/xscuwdt_g.o ps7_cortexa9_0/lib/xscuwdt_selftes
TRACE::2024-12-08.17:35:49::SCWBDomain::t.o ps7_cortexa9_0/lib/xscuwdt_sinit.o ps7_cortexa9_0/lib/xtime_l.o ps7_cortexa9_0/lib/xuartps.o ps7_cortexa9_0/lib/xuartps_g.o
TRACE::2024-12-08.17:35:49::SCWBDomain:: ps7_cortexa9_0/lib/xuartps_hw.o ps7_cortexa9_0/lib/xuartps_intr.o ps7_cortexa9_0/lib/xuartps_options.o ps7_cortexa9_0/lib/xuar
TRACE::2024-12-08.17:35:49::SCWBDomain::tps_selftest.o ps7_cortexa9_0/lib/xuartps_sinit.o

TRACE::2024-12-08.17:35:49::SCWBDomain::'Finished building libraries'

TRACE::2024-12-08.17:35:49::SCWBDomain::make: Leaving directory 'F:/Education/FPGA_Labs/Labs_2/lab4/audio_new/design_1_wrapper_iz/zynq_fsbl/zynq_fsbl_bsp'

TRACE::2024-12-08.17:35:49::SCWBDomain::arm-none-eabi-gcc  -O2 -c -MMD -MP       -mcpu=cortex-a9 -mfpu=vfpv3 -mfloat-abi=hard  -c sd.c -o sd.o -Izynq_fsbl_bsp/ps7_cort
TRACE::2024-12-08.17:35:49::SCWBDomain::exa9_0/include -I.

TRACE::2024-12-08.17:35:49::SCWBDomain::arm-none-eabi-gcc  -O2 -c -MMD -MP       -mcpu=cortex-a9 -mfpu=vfpv3 -mfloat-abi=hard  -c nand.c -o nand.o -Izynq_fsbl_bsp/ps7_
TRACE::2024-12-08.17:35:49::SCWBDomain::cortexa9_0/include -I.

TRACE::2024-12-08.17:35:49::SCWBDomain::arm-none-eabi-gcc  -O2 -c -MMD -MP       -mcpu=cortex-a9 -mfpu=vfpv3 -mfloat-abi=hard  -c nor.c -o nor.o -Izynq_fsbl_bsp/ps7_co
TRACE::2024-12-08.17:35:49::SCWBDomain::rtexa9_0/include -I.

TRACE::2024-12-08.17:35:49::SCWBDomain::arm-none-eabi-gcc  -O2 -c -MMD -MP       -mcpu=cortex-a9 -mfpu=vfpv3 -mfloat-abi=hard  -c image_mover.c -o image_mover.o -Izynq
TRACE::2024-12-08.17:35:49::SCWBDomain::_fsbl_bsp/ps7_cortexa9_0/include -I.

TRACE::2024-12-08.17:35:49::SCWBDomain::arm-none-eabi-gcc  -O2 -c -MMD -MP       -mcpu=cortex-a9 -mfpu=vfpv3 -mfloat-abi=hard  -c md5.c -o md5.o -Izynq_fsbl_bsp/ps7_co
TRACE::2024-12-08.17:35:49::SCWBDomain::rtexa9_0/include -I.

TRACE::2024-12-08.17:35:49::SCWBDomain::arm-none-eabi-gcc  -O2 -c -MMD -MP       -mcpu=cortex-a9 -mfpu=vfpv3 -mfloat-abi=hard  -c fsbl_hooks.c -o fsbl_hooks.o -Izynq_f
TRACE::2024-12-08.17:35:49::SCWBDomain::sbl_bsp/ps7_cortexa9_0/include -I.

TRACE::2024-12-08.17:35:49::SCWBDomain::arm-none-eabi-gcc  -O2 -c -MMD -MP       -mcpu=cortex-a9 -mfpu=vfpv3 -mfloat-abi=hard  -c main.c -o main.o -Izynq_fsbl_bsp/ps7_
TRACE::2024-12-08.17:35:49::SCWBDomain::cortexa9_0/include -I.

TRACE::2024-12-08.17:35:50::SCWBDomain::arm-none-eabi-gcc  -O2 -c -MMD -MP       -mcpu=cortex-a9 -mfpu=vfpv3 -mfloat-abi=hard  -c rsa.c -o rsa.o -Izynq_fsbl_bsp/ps7_co
TRACE::2024-12-08.17:35:50::SCWBDomain::rtexa9_0/include -I.

TRACE::2024-12-08.17:35:50::SCWBDomain::arm-none-eabi-gcc  -O2 -c -MMD -MP       -mcpu=cortex-a9 -mfpu=vfpv3 -mfloat-abi=hard  -c qspi.c -o qspi.o -Izynq_fsbl_bsp/ps7_
TRACE::2024-12-08.17:35:50::SCWBDomain::cortexa9_0/include -I.

TRACE::2024-12-08.17:35:50::SCWBDomain::arm-none-eabi-gcc  -O2 -c -MMD -MP       -mcpu=cortex-a9 -mfpu=vfpv3 -mfloat-abi=hard  -c ps7_init.c -o ps7_init.o -Izynq_fsbl_
TRACE::2024-12-08.17:35:50::SCWBDomain::bsp/ps7_cortexa9_0/include -I.

TRACE::2024-12-08.17:35:50::SCWBDomain::arm-none-eabi-gcc  -O2 -c -MMD -MP       -mcpu=cortex-a9 -mfpu=vfpv3 -mfloat-abi=hard  -c pcap.c -o pcap.o -Izynq_fsbl_bsp/ps7_
TRACE::2024-12-08.17:35:50::SCWBDomain::cortexa9_0/include -I.

TRACE::2024-12-08.17:35:50::SCWBDomain::arm-none-eabi-gcc  -O2 -c -MMD -MP       -mcpu=cortex-a9 -mfpu=vfpv3 -mfloat-abi=hard  -c fsbl_handoff.S -o fsbl_handoff.o -Izy
TRACE::2024-12-08.17:35:50::SCWBDomain::nq_fsbl_bsp/ps7_cortexa9_0/include -I.

TRACE::2024-12-08.17:35:50::SCWBDomain::arm-none-eabi-gcc -o fsbl.elf fsbl_handoff.o fsbl_hooks.o image_mover.o main.o md5.o nand.o nor.o pcap.o ps7_init.o qspi.o rsa.
TRACE::2024-12-08.17:35:50::SCWBDomain::o sd.o -MMD -MP       -mcpu=cortex-a9 -mfpu=vfpv3 -mfloat-abi=hard   -mcpu=cortex-a9 -mfpu=vfpv3 -mfloat-abi=hard -Wl,-build-id
TRACE::2024-12-08.17:35:50::SCWBDomain::=none -specs=Xilinx.spec  -lrsa -Wl,--start-group,-lxil,-lgcc,-lc,--end-group -Wl,--start-group,-lxilffs,-lxil,-lgcc,-lc,--end-
TRACE::2024-12-08.17:35:50::SCWBDomain::group -Wl,--start-group,-lrsa,-lxil,-lgcc,-lc,--end-group                                    -Wl,--gc-sections -Lzynq_fsbl_bsp/
TRACE::2024-12-08.17:35:50::SCWBDomain::ps7_cortexa9_0/lib -L./ -Tlscript.ld

LOG::2024-12-08.17:35:50::SCWSystem::Checking the domain standalone_ps7_cortexa9_0
LOG::2024-12-08.17:35:50::SCWSystem::Not a boot domain 
LOG::2024-12-08.17:35:50::SCWSystem::Started Processing the domain standalone_ps7_cortexa9_0
TRACE::2024-12-08.17:35:50::SCWDomain::Generating domain artifcats
TRACE::2024-12-08.17:35:50::SCWMssOS::Generating standalone artifcats
TRACE::2024-12-08.17:35:50::SCWMssOS::Copying the qemu file from  F:/Education/FPGA_Labs/Labs_2/lab4/audio_new/design_1_wrapper_iz/resources/design_1_wrapper_iz/standalone_ps7_cortexa9_0/qemu_args.txt To F:/Education/FPGA_Labs/Labs_2/lab4/audio_new/design_1_wrapper_iz/export/design_1_wrapper_iz/sw/design_1_wrapper_iz/qemu/
TRACE::2024-12-08.17:35:50::SCWMssOS::Copying the qemu file from  F:/Education/FPGA_Labs/Labs_2/lab4/audio_new/design_1_wrapper_iz/resources/design_1_wrapper_iz/standalone_ps7_cortexa9_0/qemu_args.txt To F:/Education/FPGA_Labs/Labs_2/lab4/audio_new/design_1_wrapper_iz/export/design_1_wrapper_iz/sw/design_1_wrapper_iz/standalone_ps7_cortexa9_0/qemu/
TRACE::2024-12-08.17:35:50::SCWMssOS:: Copying the user libraries. 
TRACE::2024-12-08.17:35:50::SCWPlatform::Trying to open the hw design at F:/Education/FPGA_Labs/Labs_2/lab4/audio_new/design_1_wrapper_iz/hw/design_1_wrapper_iz.xsa
TRACE::2024-12-08.17:35:50::SCWPlatform::DSA given F:/Education/FPGA_Labs/Labs_2/lab4/audio_new/design_1_wrapper_iz/hw/design_1_wrapper_iz.xsa
TRACE::2024-12-08.17:35:50::SCWPlatform::DSA absoulate path F:/Education/FPGA_Labs/Labs_2/lab4/audio_new/design_1_wrapper_iz/hw/design_1_wrapper_iz.xsa
TRACE::2024-12-08.17:35:50::SCWPlatform::DSA directory F:/Education/FPGA_Labs/Labs_2/lab4/audio_new/design_1_wrapper_iz/hw
TRACE::2024-12-08.17:35:50::SCWPlatform:: Platform Path F:/Education/FPGA_Labs/Labs_2/lab4/audio_new/design_1_wrapper_iz/hw/design_1_wrapper_iz.xsa
TRACE::2024-12-08.17:35:50::SCWPlatform:: Unique name xilinx:zedboard::0.0
TRACE::2024-12-08.17:35:50::SCWPlatform::Trying to set the existing hwdb with name design_1_wrapper_4
TRACE::2024-12-08.17:35:50::SCWPlatform::Opened existing hwdb design_1_wrapper_4
TRACE::2024-12-08.17:35:50::SCWPlatform::Found the Hw Db part of the input DSA
TRACE::2024-12-08.17:35:50::SCWMssOS::Checking the sw design at  F:/Education/FPGA_Labs/Labs_2/lab4/audio_new/design_1_wrapper_iz/ps7_cortexa9_0/standalone_ps7_cortexa9_0/bsp/system.mss
TRACE::2024-12-08.17:35:50::SCWMssOS::DEBUG:  swdes dump  F:/Education/FPGA_Labs/Labs_2/lab4/audio_new/audio/ps7_cortexa9_0/standalone_domain/bsp/system.mss|system_0||
F:/Education/FPGA_Labs/Labs_2/lab4/audio_new/audio/zynq_fsbl/zynq_fsbl_bsp/system.mss|system||
F:/Education/FPGA_Labs/Labs_2/lab4/audio_new/design_1_wrapper_iz/ps7_cortexa9_0/standalone_ps7_cortexa9_0/bsp/system.mss|system_2||
F:/Education/FPGA_Labs/Labs_2/lab4/audio_new/design_1_wrapper_iz/zynq_fsbl/zynq_fsbl_bsp/system.mss|system_1||

TRACE::2024-12-08.17:35:50::SCWMssOS::Sw design exists and opened at  F:/Education/FPGA_Labs/Labs_2/lab4/audio_new/design_1_wrapper_iz/ps7_cortexa9_0/standalone_ps7_cortexa9_0/bsp/system.mss
TRACE::2024-12-08.17:35:50::SCWMssOS::Completed writing the mss file at F:/Education/FPGA_Labs/Labs_2/lab4/audio_new/design_1_wrapper_iz/ps7_cortexa9_0/standalone_ps7_cortexa9_0/bsp
TRACE::2024-12-08.17:35:50::SCWMssOS::Mss edits present, copying mssfile into export location F:/Education/FPGA_Labs/Labs_2/lab4/audio_new/design_1_wrapper_iz/ps7_cortexa9_0/standalone_ps7_cortexa9_0/bsp/system.mss
TRACE::2024-12-08.17:35:50::SCWMssOS::bsp generated is upto date with the mss file. Skipping bsp generation.
TRACE::2024-12-08.17:35:50::SCWMssOS::BSP is already built. skipping the bsp build ... 
TRACE::2024-12-08.17:35:50::SCWDomain::Building the domain as part of full build :  standalone_ps7_cortexa9_0
TRACE::2024-12-08.17:35:50::SCWMssOS::doing bsp build ... 
TRACE::2024-12-08.17:35:50::SCWMssOS::System Command Ran  F: & cd  F:/Education/FPGA_Labs/Labs_2/lab4/audio_new/design_1_wrapper_iz/ps7_cortexa9_0/standalone_ps7_cortexa9_0/bsp & make 
TRACE::2024-12-08.17:35:50::SCWMssOS::make --no-print-directory seq_libs

TRACE::2024-12-08.17:35:50::SCWMssOS::"Running Make include in ps7_cortexa9_0/libsrc/coresightps_dcc_v1_8/src"

TRACE::2024-12-08.17:35:50::SCWMssOS::make -C ps7_cortexa9_0/libsrc/coresightps_dcc_v1_8/src -s include  "SHELL=CMD" "COMPILER=arm-none-eabi-gcc" "ASSEMBLER=arm-none
TRACE::2024-12-08.17:35:50::SCWMssOS::-eabi-as" "ARCHIVER=arm-none-eabi-ar" "COMPILER_FLAGS=  -O2 -c" "EXTRA_COMPILER_FLAGS=-mcpu=cortex-a9 -mfpu=vfpv3 -mfloat-abi=h
TRACE::2024-12-08.17:35:50::SCWMssOS::ard -nostartfiles -g -Wall -Wextra -fno-tree-loop-distribute-patterns"

TRACE::2024-12-08.17:35:50::SCWMssOS::"Running Make include in ps7_cortexa9_0/libsrc/cpu_cortexa9_v2_11/src"

TRACE::2024-12-08.17:35:50::SCWMssOS::make -C ps7_cortexa9_0/libsrc/cpu_cortexa9_v2_11/src -s include  "SHELL=CMD" "COMPILER=arm-none-eabi-gcc" "ASSEMBLER=arm-none-e
TRACE::2024-12-08.17:35:50::SCWMssOS::abi-as" "ARCHIVER=arm-none-eabi-ar" "COMPILER_FLAGS=  -O2 -c" "EXTRA_COMPILER_FLAGS=-mcpu=cortex-a9 -mfpu=vfpv3 -mfloat-abi=har
TRACE::2024-12-08.17:35:50::SCWMssOS::d -nostartfiles -g -Wall -Wextra -fno-tree-loop-distribute-patterns"

TRACE::2024-12-08.17:35:50::SCWMssOS::"Running Make include in ps7_cortexa9_0/libsrc/ddrps_v1_2/src"

TRACE::2024-12-08.17:35:50::SCWMssOS::make -C ps7_cortexa9_0/libsrc/ddrps_v1_2/src -s include  "SHELL=CMD" "COMPILER=arm-none-eabi-gcc" "ASSEMBLER=arm-none-eabi-as" 
TRACE::2024-12-08.17:35:50::SCWMssOS::"ARCHIVER=arm-none-eabi-ar" "COMPILER_FLAGS=  -O2 -c" "EXTRA_COMPILER_FLAGS=-mcpu=cortex-a9 -mfpu=vfpv3 -mfloat-abi=hard -nosta
TRACE::2024-12-08.17:35:50::SCWMssOS::rtfiles -g -Wall -Wextra -fno-tree-loop-distribute-patterns"

TRACE::2024-12-08.17:35:50::SCWMssOS::"Running Make include in ps7_cortexa9_0/libsrc/devcfg_v3_7/src"

TRACE::2024-12-08.17:35:50::SCWMssOS::make -C ps7_cortexa9_0/libsrc/devcfg_v3_7/src -s include  "SHELL=CMD" "COMPILER=arm-none-eabi-gcc" "ASSEMBLER=arm-none-eabi-as"
TRACE::2024-12-08.17:35:50::SCWMssOS:: "ARCHIVER=arm-none-eabi-ar" "COMPILER_FLAGS=  -O2 -c" "EXTRA_COMPILER_FLAGS=-mcpu=cortex-a9 -mfpu=vfpv3 -mfloat-abi=hard -nost
TRACE::2024-12-08.17:35:50::SCWMssOS::artfiles -g -Wall -Wextra -fno-tree-loop-distribute-patterns"

TRACE::2024-12-08.17:35:50::SCWMssOS::"Running Make include in ps7_cortexa9_0/libsrc/dmaps_v2_8/src"

TRACE::2024-12-08.17:35:50::SCWMssOS::make -C ps7_cortexa9_0/libsrc/dmaps_v2_8/src -s include  "SHELL=CMD" "COMPILER=arm-none-eabi-gcc" "ASSEMBLER=arm-none-eabi-as" 
TRACE::2024-12-08.17:35:50::SCWMssOS::"ARCHIVER=arm-none-eabi-ar" "COMPILER_FLAGS=  -O2 -c" "EXTRA_COMPILER_FLAGS=-mcpu=cortex-a9 -mfpu=vfpv3 -mfloat-abi=hard -nosta
TRACE::2024-12-08.17:35:50::SCWMssOS::rtfiles -g -Wall -Wextra -fno-tree-loop-distribute-patterns"

TRACE::2024-12-08.17:35:50::SCWMssOS::"Running Make include in ps7_cortexa9_0/libsrc/fir_v1_0/src"

TRACE::2024-12-08.17:35:50::SCWMssOS::make -C ps7_cortexa9_0/libsrc/fir_v1_0/src -s include  "SHELL=CMD" "COMPILER=arm-none-eabi-gcc" "ASSEMBLER=arm-none-eabi-as" "A
TRACE::2024-12-08.17:35:50::SCWMssOS::RCHIVER=arm-none-eabi-ar" "COMPILER_FLAGS=  -O2 -c" "EXTRA_COMPILER_FLAGS=-mcpu=cortex-a9 -mfpu=vfpv3 -mfloat-abi=hard -nostart
TRACE::2024-12-08.17:35:50::SCWMssOS::files -g -Wall -Wextra -fno-tree-loop-distribute-patterns"

TRACE::2024-12-08.17:35:51::SCWMssOS::"Running Make include in ps7_cortexa9_0/libsrc/gpio_v4_9/src"

TRACE::2024-12-08.17:35:51::SCWMssOS::make -C ps7_cortexa9_0/libsrc/gpio_v4_9/src -s include  "SHELL=CMD" "COMPILER=arm-none-eabi-gcc" "ASSEMBLER=arm-none-eabi-as" "
TRACE::2024-12-08.17:35:51::SCWMssOS::ARCHIVER=arm-none-eabi-ar" "COMPILER_FLAGS=  -O2 -c" "EXTRA_COMPILER_FLAGS=-mcpu=cortex-a9 -mfpu=vfpv3 -mfloat-abi=hard -nostar
TRACE::2024-12-08.17:35:51::SCWMssOS::tfiles -g -Wall -Wextra -fno-tree-loop-distribute-patterns"

TRACE::2024-12-08.17:35:51::SCWMssOS::"Running Make include in ps7_cortexa9_0/libsrc/iicps_v3_17/src"

TRACE::2024-12-08.17:35:51::SCWMssOS::make -C ps7_cortexa9_0/libsrc/iicps_v3_17/src -s include  "SHELL=CMD" "COMPILER=arm-none-eabi-gcc" "ASSEMBLER=arm-none-eabi-as"
TRACE::2024-12-08.17:35:51::SCWMssOS:: "ARCHIVER=arm-none-eabi-ar" "COMPILER_FLAGS=  -O2 -c" "EXTRA_COMPILER_FLAGS=-mcpu=cortex-a9 -mfpu=vfpv3 -mfloat-abi=hard -nost
TRACE::2024-12-08.17:35:51::SCWMssOS::artfiles -g -Wall -Wextra -fno-tree-loop-distribute-patterns"

TRACE::2024-12-08.17:35:51::SCWMssOS::"Running Make include in ps7_cortexa9_0/libsrc/qspips_v3_10/src"

TRACE::2024-12-08.17:35:51::SCWMssOS::make -C ps7_cortexa9_0/libsrc/qspips_v3_10/src -s include  "SHELL=CMD" "COMPILER=arm-none-eabi-gcc" "ASSEMBLER=arm-none-eabi-as
TRACE::2024-12-08.17:35:51::SCWMssOS::" "ARCHIVER=arm-none-eabi-ar" "COMPILER_FLAGS=  -O2 -c" "EXTRA_COMPILER_FLAGS=-mcpu=cortex-a9 -mfpu=vfpv3 -mfloat-abi=hard -nos
TRACE::2024-12-08.17:35:51::SCWMssOS::tartfiles -g -Wall -Wextra -fno-tree-loop-distribute-patterns"

TRACE::2024-12-08.17:35:51::SCWMssOS::"Running Make include in ps7_cortexa9_0/libsrc/scugic_v5_1/src"

TRACE::2024-12-08.17:35:51::SCWMssOS::make -C ps7_cortexa9_0/libsrc/scugic_v5_1/src -s include  "SHELL=CMD" "COMPILER=arm-none-eabi-gcc" "ASSEMBLER=arm-none-eabi-as"
TRACE::2024-12-08.17:35:51::SCWMssOS:: "ARCHIVER=arm-none-eabi-ar" "COMPILER_FLAGS=  -O2 -c" "EXTRA_COMPILER_FLAGS=-mcpu=cortex-a9 -mfpu=vfpv3 -mfloat-abi=hard -nost
TRACE::2024-12-08.17:35:51::SCWMssOS::artfiles -g -Wall -Wextra -fno-tree-loop-distribute-patterns"

TRACE::2024-12-08.17:35:51::SCWMssOS::"Running Make include in ps7_cortexa9_0/libsrc/scutimer_v2_4/src"

TRACE::2024-12-08.17:35:51::SCWMssOS::make -C ps7_cortexa9_0/libsrc/scutimer_v2_4/src -s include  "SHELL=CMD" "COMPILER=arm-none-eabi-gcc" "ASSEMBLER=arm-none-eabi-a
TRACE::2024-12-08.17:35:51::SCWMssOS::s" "ARCHIVER=arm-none-eabi-ar" "COMPILER_FLAGS=  -O2 -c" "EXTRA_COMPILER_FLAGS=-mcpu=cortex-a9 -mfpu=vfpv3 -mfloat-abi=hard -no
TRACE::2024-12-08.17:35:51::SCWMssOS::startfiles -g -Wall -Wextra -fno-tree-loop-distribute-patterns"

TRACE::2024-12-08.17:35:51::SCWMssOS::"Running Make include in ps7_cortexa9_0/libsrc/scuwdt_v2_4/src"

TRACE::2024-12-08.17:35:51::SCWMssOS::make -C ps7_cortexa9_0/libsrc/scuwdt_v2_4/src -s include  "SHELL=CMD" "COMPILER=arm-none-eabi-gcc" "ASSEMBLER=arm-none-eabi-as"
TRACE::2024-12-08.17:35:51::SCWMssOS:: "ARCHIVER=arm-none-eabi-ar" "COMPILER_FLAGS=  -O2 -c" "EXTRA_COMPILER_FLAGS=-mcpu=cortex-a9 -mfpu=vfpv3 -mfloat-abi=hard -nost
TRACE::2024-12-08.17:35:51::SCWMssOS::artfiles -g -Wall -Wextra -fno-tree-loop-distribute-patterns"

TRACE::2024-12-08.17:35:51::SCWMssOS::"Running Make include in ps7_cortexa9_0/libsrc/standalone_v8_1/src"

TRACE::2024-12-08.17:35:51::SCWMssOS::make -C ps7_cortexa9_0/libsrc/standalone_v8_1/src -s include  "SHELL=CMD" "COMPILER=arm-none-eabi-gcc" "ASSEMBLER=arm-none-eabi
TRACE::2024-12-08.17:35:51::SCWMssOS::-as" "ARCHIVER=arm-none-eabi-ar" "COMPILER_FLAGS=  -O2 -c" "EXTRA_COMPILER_FLAGS=-mcpu=cortex-a9 -mfpu=vfpv3 -mfloat-abi=hard -
TRACE::2024-12-08.17:35:51::SCWMssOS::nostartfiles -g -Wall -Wextra -fno-tree-loop-distribute-patterns"

TRACE::2024-12-08.17:35:52::SCWMssOS::"Running Make include in ps7_cortexa9_0/libsrc/uartps_v3_12/src"

TRACE::2024-12-08.17:35:52::SCWMssOS::make -C ps7_cortexa9_0/libsrc/uartps_v3_12/src -s include  "SHELL=CMD" "COMPILER=arm-none-eabi-gcc" "ASSEMBLER=arm-none-eabi-as
TRACE::2024-12-08.17:35:52::SCWMssOS::" "ARCHIVER=arm-none-eabi-ar" "COMPILER_FLAGS=  -O2 -c" "EXTRA_COMPILER_FLAGS=-mcpu=cortex-a9 -mfpu=vfpv3 -mfloat-abi=hard -nos
TRACE::2024-12-08.17:35:52::SCWMssOS::tartfiles -g -Wall -Wextra -fno-tree-loop-distribute-patterns"

TRACE::2024-12-08.17:35:52::SCWMssOS::"Running Make include in ps7_cortexa9_0/libsrc/xadcps_v2_6/src"

TRACE::2024-12-08.17:35:52::SCWMssOS::make -C ps7_cortexa9_0/libsrc/xadcps_v2_6/src -s include  "SHELL=CMD" "COMPILER=arm-none-eabi-gcc" "ASSEMBLER=arm-none-eabi-as"
TRACE::2024-12-08.17:35:52::SCWMssOS:: "ARCHIVER=arm-none-eabi-ar" "COMPILER_FLAGS=  -O2 -c" "EXTRA_COMPILER_FLAGS=-mcpu=cortex-a9 -mfpu=vfpv3 -mfloat-abi=hard -nost
TRACE::2024-12-08.17:35:52::SCWMssOS::artfiles -g -Wall -Wextra -fno-tree-loop-distribute-patterns"

TRACE::2024-12-08.17:35:52::SCWMssOS::"Running Make libs in ps7_cortexa9_0/libsrc/fir_v1_0/src"

TRACE::2024-12-08.17:35:52::SCWMssOS::make -C ps7_cortexa9_0/libsrc/fir_v1_0/src -s libs  "SHELL=CMD" "COMPILER=arm-none-eabi-gcc" "ASSEMBLER=arm-none-eabi-as" "ARCH
TRACE::2024-12-08.17:35:52::SCWMssOS::IVER=arm-none-eabi-ar" "COMPILER_FLAGS=  -O2 -c" "EXTRA_COMPILER_FLAGS=-mcpu=cortex-a9 -mfpu=vfpv3 -mfloat-abi=hard -nostartfil
TRACE::2024-12-08.17:35:52::SCWMssOS::es -g -Wall -Wextra -fno-tree-loop-distribute-patterns"

TRACE::2024-12-08.17:35:52::SCWMssOS::"Building fir"

TRACE::2024-12-08.17:35:52::SCWMssOS::'Finished building libraries sequentially.'

TRACE::2024-12-08.17:35:52::SCWMssOS::make -j 10 --no-print-directory par_libs

TRACE::2024-12-08.17:35:52::SCWMssOS::"Running Make include in ps7_cortexa9_0/libsrc/coresightps_dcc_v1_8/src"

TRACE::2024-12-08.17:35:52::SCWMssOS::make -C ps7_cortexa9_0/libsrc/coresightps_dcc_v1_8/src -s include  "SHELL=CMD" "COMPILER=arm-none-eabi-gcc" "ASSEMBLER=arm-none
TRACE::2024-12-08.17:35:52::SCWMssOS::-eabi-as" "ARCHIVER=arm-none-eabi-ar" "COMPILER_FLAGS=  -O2 -c" "EXTRA_COMPILER_FLAGS=-mcpu=cortex-a9 -mfpu=vfpv3 -mfloat-abi=h
TRACE::2024-12-08.17:35:52::SCWMssOS::ard -nostartfiles -g -Wall -Wextra -fno-tree-loop-distribute-patterns"

TRACE::2024-12-08.17:35:52::SCWMssOS::"Running Make include in ps7_cortexa9_0/libsrc/cpu_cortexa9_v2_11/src"

TRACE::2024-12-08.17:35:52::SCWMssOS::make -C ps7_cortexa9_0/libsrc/cpu_cortexa9_v2_11/src -s include  "SHELL=CMD" "COMPILER=arm-none-eabi-gcc" "ASSEMBLER=arm-none-e
TRACE::2024-12-08.17:35:52::SCWMssOS::abi-as" "ARCHIVER=arm-none-eabi-ar" "COMPILER_FLAGS=  -O2 -c" "EXTRA_COMPILER_FLAGS=-mcpu=cortex-a9 -mfpu=vfpv3 -mfloat-abi=har
TRACE::2024-12-08.17:35:52::SCWMssOS::d -nostartfiles -g -Wall -Wextra -fno-tree-loop-distribute-patterns"

TRACE::2024-12-08.17:35:52::SCWMssOS::"Running Make include in ps7_cortexa9_0/libsrc/ddrps_v1_2/src"

TRACE::2024-12-08.17:35:52::SCWMssOS::make -C ps7_cortexa9_0/libsrc/ddrps_v1_2/src -s include  "SHELL=CMD" "COMPILER=arm-none-eabi-gcc" "ASSEMBLER=arm-none-eabi-as" 
TRACE::2024-12-08.17:35:52::SCWMssOS::"ARCHIVER=arm-none-eabi-ar" "COMPILER_FLAGS=  -O2 -c" "EXTRA_COMPILER_FLAGS=-mcpu=cortex-a9 -mfpu=vfpv3 -mfloat-abi=hard -nosta
TRACE::2024-12-08.17:35:52::SCWMssOS::rtfiles -g -Wall -Wextra -fno-tree-loop-distribute-patterns"

TRACE::2024-12-08.17:35:52::SCWMssOS::"Running Make include in ps7_cortexa9_0/libsrc/devcfg_v3_7/src"

TRACE::2024-12-08.17:35:52::SCWMssOS::make -C ps7_cortexa9_0/libsrc/devcfg_v3_7/src -s include  "SHELL=CMD" "COMPILER=arm-none-eabi-gcc" "ASSEMBLER=arm-none-eabi-as"
TRACE::2024-12-08.17:35:52::SCWMssOS:: "ARCHIVER=arm-none-eabi-ar" "COMPILER_FLAGS=  -O2 -c" "EXTRA_COMPILER_FLAGS=-mcpu=cortex-a9 -mfpu=vfpv3 -mfloat-abi=hard -nost
TRACE::2024-12-08.17:35:52::SCWMssOS::artfiles -g -Wall -Wextra -fno-tree-loop-distribute-patterns"

TRACE::2024-12-08.17:35:52::SCWMssOS::"Running Make include in ps7_cortexa9_0/libsrc/dmaps_v2_8/src"

TRACE::2024-12-08.17:35:52::SCWMssOS::make -C ps7_cortexa9_0/libsrc/dmaps_v2_8/src -s include  "SHELL=CMD" "COMPILER=arm-none-eabi-gcc" "ASSEMBLER=arm-none-eabi-as" 
TRACE::2024-12-08.17:35:52::SCWMssOS::"ARCHIVER=arm-none-eabi-ar" "COMPILER_FLAGS=  -O2 -c" "EXTRA_COMPILER_FLAGS=-mcpu=cortex-a9 -mfpu=vfpv3 -mfloat-abi=hard -nosta
TRACE::2024-12-08.17:35:52::SCWMssOS::rtfiles -g -Wall -Wextra -fno-tree-loop-distribute-patterns"

TRACE::2024-12-08.17:35:52::SCWMssOS::"Running Make include in ps7_cortexa9_0/libsrc/fir_v1_0/src"

TRACE::2024-12-08.17:35:53::SCWMssOS::make -C ps7_cortexa9_0/libsrc/fir_v1_0/src -s include  "SHELL=CMD" "COMPILER=arm-none-eabi-gcc" "ASSEMBLER=arm-none-eabi-as" "A
TRACE::2024-12-08.17:35:53::SCWMssOS::RCHIVER=arm-none-eabi-ar" "COMPILER_FLAGS=  -O2 -c" "EXTRA_COMPILER_FLAGS=-mcpu=cortex-a9 -mfpu=vfpv3 -mfloat-abi=hard -nostart
TRACE::2024-12-08.17:35:53::SCWMssOS::files -g -Wall -Wextra -fno-tree-loop-distribute-patterns"

TRACE::2024-12-08.17:35:53::SCWMssOS::"Running Make include in ps7_cortexa9_0/libsrc/gpio_v4_9/src"

TRACE::2024-12-08.17:35:53::SCWMssOS::make -C ps7_cortexa9_0/libsrc/gpio_v4_9/src -s include  "SHELL=CMD" "COMPILER=arm-none-eabi-gcc" "ASSEMBLER=arm-none-eabi-as" "
TRACE::2024-12-08.17:35:53::SCWMssOS::ARCHIVER=arm-none-eabi-ar" "COMPILER_FLAGS=  -O2 -c" "EXTRA_COMPILER_FLAGS=-mcpu=cortex-a9 -mfpu=vfpv3 -mfloat-abi=hard -nostar
TRACE::2024-12-08.17:35:53::SCWMssOS::tfiles -g -Wall -Wextra -fno-tree-loop-distribute-patterns"

TRACE::2024-12-08.17:35:53::SCWMssOS::"Running Make include in ps7_cortexa9_0/libsrc/iicps_v3_17/src"

TRACE::2024-12-08.17:35:53::SCWMssOS::make -C ps7_cortexa9_0/libsrc/iicps_v3_17/src -s include  "SHELL=CMD" "COMPILER=arm-none-eabi-gcc" "ASSEMBLER=arm-none-eabi-as"
TRACE::2024-12-08.17:35:53::SCWMssOS:: "ARCHIVER=arm-none-eabi-ar" "COMPILER_FLAGS=  -O2 -c" "EXTRA_COMPILER_FLAGS=-mcpu=cortex-a9 -mfpu=vfpv3 -mfloat-abi=hard -nost
TRACE::2024-12-08.17:35:53::SCWMssOS::artfiles -g -Wall -Wextra -fno-tree-loop-distribute-patterns"

TRACE::2024-12-08.17:35:53::SCWMssOS::"Running Make include in ps7_cortexa9_0/libsrc/qspips_v3_10/src"

TRACE::2024-12-08.17:35:53::SCWMssOS::make -C ps7_cortexa9_0/libsrc/qspips_v3_10/src -s include  "SHELL=CMD" "COMPILER=arm-none-eabi-gcc" "ASSEMBLER=arm-none-eabi-as
TRACE::2024-12-08.17:35:53::SCWMssOS::" "ARCHIVER=arm-none-eabi-ar" "COMPILER_FLAGS=  -O2 -c" "EXTRA_COMPILER_FLAGS=-mcpu=cortex-a9 -mfpu=vfpv3 -mfloat-abi=hard -nos
TRACE::2024-12-08.17:35:53::SCWMssOS::tartfiles -g -Wall -Wextra -fno-tree-loop-distribute-patterns"

TRACE::2024-12-08.17:35:53::SCWMssOS::"Running Make include in ps7_cortexa9_0/libsrc/scugic_v5_1/src"

TRACE::2024-12-08.17:35:53::SCWMssOS::make -C ps7_cortexa9_0/libsrc/scugic_v5_1/src -s include  "SHELL=CMD" "COMPILER=arm-none-eabi-gcc" "ASSEMBLER=arm-none-eabi-as"
TRACE::2024-12-08.17:35:53::SCWMssOS:: "ARCHIVER=arm-none-eabi-ar" "COMPILER_FLAGS=  -O2 -c" "EXTRA_COMPILER_FLAGS=-mcpu=cortex-a9 -mfpu=vfpv3 -mfloat-abi=hard -nost
TRACE::2024-12-08.17:35:53::SCWMssOS::artfiles -g -Wall -Wextra -fno-tree-loop-distribute-patterns"

TRACE::2024-12-08.17:35:53::SCWMssOS::"Running Make include in ps7_cortexa9_0/libsrc/scutimer_v2_4/src"

TRACE::2024-12-08.17:35:53::SCWMssOS::make -C ps7_cortexa9_0/libsrc/scutimer_v2_4/src -s include  "SHELL=CMD" "COMPILER=arm-none-eabi-gcc" "ASSEMBLER=arm-none-eabi-a
TRACE::2024-12-08.17:35:53::SCWMssOS::s" "ARCHIVER=arm-none-eabi-ar" "COMPILER_FLAGS=  -O2 -c" "EXTRA_COMPILER_FLAGS=-mcpu=cortex-a9 -mfpu=vfpv3 -mfloat-abi=hard -no
TRACE::2024-12-08.17:35:53::SCWMssOS::startfiles -g -Wall -Wextra -fno-tree-loop-distribute-patterns"

TRACE::2024-12-08.17:35:53::SCWMssOS::"Running Make include in ps7_cortexa9_0/libsrc/scuwdt_v2_4/src"

TRACE::2024-12-08.17:35:53::SCWMssOS::make -C ps7_cortexa9_0/libsrc/scuwdt_v2_4/src -s include  "SHELL=CMD" "COMPILER=arm-none-eabi-gcc" "ASSEMBLER=arm-none-eabi-as"
TRACE::2024-12-08.17:35:53::SCWMssOS:: "ARCHIVER=arm-none-eabi-ar" "COMPILER_FLAGS=  -O2 -c" "EXTRA_COMPILER_FLAGS=-mcpu=cortex-a9 -mfpu=vfpv3 -mfloat-abi=hard -nost
TRACE::2024-12-08.17:35:53::SCWMssOS::artfiles -g -Wall -Wextra -fno-tree-loop-distribute-patterns"

TRACE::2024-12-08.17:35:53::SCWMssOS::"Running Make include in ps7_cortexa9_0/libsrc/standalone_v8_1/src"

TRACE::2024-12-08.17:35:53::SCWMssOS::make -C ps7_cortexa9_0/libsrc/standalone_v8_1/src -s include  "SHELL=CMD" "COMPILER=arm-none-eabi-gcc" "ASSEMBLER=arm-none-eabi
TRACE::2024-12-08.17:35:53::SCWMssOS::-as" "ARCHIVER=arm-none-eabi-ar" "COMPILER_FLAGS=  -O2 -c" "EXTRA_COMPILER_FLAGS=-mcpu=cortex-a9 -mfpu=vfpv3 -mfloat-abi=hard -
TRACE::2024-12-08.17:35:53::SCWMssOS::nostartfiles -g -Wall -Wextra -fno-tree-loop-distribute-patterns"

TRACE::2024-12-08.17:35:53::SCWMssOS::"Running Make include in ps7_cortexa9_0/libsrc/uartps_v3_12/src"

TRACE::2024-12-08.17:35:53::SCWMssOS::make -C ps7_cortexa9_0/libsrc/uartps_v3_12/src -s include  "SHELL=CMD" "COMPILER=arm-none-eabi-gcc" "ASSEMBLER=arm-none-eabi-as
TRACE::2024-12-08.17:35:53::SCWMssOS::" "ARCHIVER=arm-none-eabi-ar" "COMPILER_FLAGS=  -O2 -c" "EXTRA_COMPILER_FLAGS=-mcpu=cortex-a9 -mfpu=vfpv3 -mfloat-abi=hard -nos
TRACE::2024-12-08.17:35:53::SCWMssOS::tartfiles -g -Wall -Wextra -fno-tree-loop-distribute-patterns"

TRACE::2024-12-08.17:35:53::SCWMssOS::"Running Make include in ps7_cortexa9_0/libsrc/xadcps_v2_6/src"

TRACE::2024-12-08.17:35:53::SCWMssOS::make -C ps7_cortexa9_0/libsrc/xadcps_v2_6/src -s include  "SHELL=CMD" "COMPILER=arm-none-eabi-gcc" "ASSEMBLER=arm-none-eabi-as"
TRACE::2024-12-08.17:35:53::SCWMssOS:: "ARCHIVER=arm-none-eabi-ar" "COMPILER_FLAGS=  -O2 -c" "EXTRA_COMPILER_FLAGS=-mcpu=cortex-a9 -mfpu=vfpv3 -mfloat-abi=hard -nost
TRACE::2024-12-08.17:35:53::SCWMssOS::artfiles -g -Wall -Wextra -fno-tree-loop-distribute-patterns"

TRACE::2024-12-08.17:35:53::SCWMssOS::"Running Make libs in ps7_cortexa9_0/libsrc/coresightps_dcc_v1_8/src"

TRACE::2024-12-08.17:35:53::SCWMssOS::make -C ps7_cortexa9_0/libsrc/coresightps_dcc_v1_8/src -s libs  "SHELL=CMD" "COMPILER=arm-none-eabi-gcc" "ASSEMBLER=arm-none-ea
TRACE::2024-12-08.17:35:53::SCWMssOS::bi-as" "ARCHIVER=arm-none-eabi-ar" "COMPILER_FLAGS=  -O2 -c" "EXTRA_COMPILER_FLAGS=-mcpu=cortex-a9 -mfpu=vfpv3 -mfloat-abi=hard
TRACE::2024-12-08.17:35:53::SCWMssOS:: -nostartfiles -g -Wall -Wextra -fno-tree-loop-distribute-patterns"

TRACE::2024-12-08.17:35:53::SCWMssOS::"Running Make libs in ps7_cortexa9_0/libsrc/cpu_cortexa9_v2_11/src"

TRACE::2024-12-08.17:35:53::SCWMssOS::make -C ps7_cortexa9_0/libsrc/cpu_cortexa9_v2_11/src -s libs  "SHELL=CMD" "COMPILER=arm-none-eabi-gcc" "ASSEMBLER=arm-none-eabi
TRACE::2024-12-08.17:35:53::SCWMssOS::-as" "ARCHIVER=arm-none-eabi-ar" "COMPILER_FLAGS=  -O2 -c" "EXTRA_COMPILER_FLAGS=-mcpu=cortex-a9 -mfpu=vfpv3 -mfloat-abi=hard -
TRACE::2024-12-08.17:35:53::SCWMssOS::nostartfiles -g -Wall -Wextra -fno-tree-loop-distribute-patterns"

TRACE::2024-12-08.17:35:53::SCWMssOS::"Running Make libs in ps7_cortexa9_0/libsrc/ddrps_v1_2/src"

TRACE::2024-12-08.17:35:53::SCWMssOS::make -C ps7_cortexa9_0/libsrc/ddrps_v1_2/src -s libs  "SHELL=CMD" "COMPILER=arm-none-eabi-gcc" "ASSEMBLER=arm-none-eabi-as" "AR
TRACE::2024-12-08.17:35:53::SCWMssOS::CHIVER=arm-none-eabi-ar" "COMPILER_FLAGS=  -O2 -c" "EXTRA_COMPILER_FLAGS=-mcpu=cortex-a9 -mfpu=vfpv3 -mfloat-abi=hard -nostartf
TRACE::2024-12-08.17:35:53::SCWMssOS::iles -g -Wall -Wextra -fno-tree-loop-distribute-patterns"

TRACE::2024-12-08.17:35:53::SCWMssOS::"Running Make libs in ps7_cortexa9_0/libsrc/devcfg_v3_7/src"

TRACE::2024-12-08.17:35:53::SCWMssOS::make -C ps7_cortexa9_0/libsrc/devcfg_v3_7/src -s libs  "SHELL=CMD" "COMPILER=arm-none-eabi-gcc" "ASSEMBLER=arm-none-eabi-as" "A
TRACE::2024-12-08.17:35:53::SCWMssOS::RCHIVER=arm-none-eabi-ar" "COMPILER_FLAGS=  -O2 -c" "EXTRA_COMPILER_FLAGS=-mcpu=cortex-a9 -mfpu=vfpv3 -mfloat-abi=hard -nostart
TRACE::2024-12-08.17:35:53::SCWMssOS::files -g -Wall -Wextra -fno-tree-loop-distribute-patterns"

TRACE::2024-12-08.17:35:53::SCWMssOS::"Running Make libs in ps7_cortexa9_0/libsrc/dmaps_v2_8/src"

TRACE::2024-12-08.17:35:53::SCWMssOS::make -C ps7_cortexa9_0/libsrc/dmaps_v2_8/src -s libs  "SHELL=CMD" "COMPILER=arm-none-eabi-gcc" "ASSEMBLER=arm-none-eabi-as" "AR
TRACE::2024-12-08.17:35:53::SCWMssOS::CHIVER=arm-none-eabi-ar" "COMPILER_FLAGS=  -O2 -c" "EXTRA_COMPILER_FLAGS=-mcpu=cortex-a9 -mfpu=vfpv3 -mfloat-abi=hard -nostartf
TRACE::2024-12-08.17:35:53::SCWMssOS::iles -g -Wall -Wextra -fno-tree-loop-distribute-patterns"

TRACE::2024-12-08.17:35:53::SCWMssOS::"Running Make libs in ps7_cortexa9_0/libsrc/gpio_v4_9/src"

TRACE::2024-12-08.17:35:53::SCWMssOS::make -C ps7_cortexa9_0/libsrc/gpio_v4_9/src -s libs  "SHELL=CMD" "COMPILER=arm-none-eabi-gcc" "ASSEMBLER=arm-none-eabi-as" "ARC
TRACE::2024-12-08.17:35:53::SCWMssOS::HIVER=arm-none-eabi-ar" "COMPILER_FLAGS=  -O2 -c" "EXTRA_COMPILER_FLAGS=-mcpu=cortex-a9 -mfpu=vfpv3 -mfloat-abi=hard -nostartfi
TRACE::2024-12-08.17:35:53::SCWMssOS::les -g -Wall -Wextra -fno-tree-loop-distribute-patterns"

TRACE::2024-12-08.17:35:53::SCWMssOS::"Running Make libs in ps7_cortexa9_0/libsrc/iicps_v3_17/src"

TRACE::2024-12-08.17:35:53::SCWMssOS::make -C ps7_cortexa9_0/libsrc/iicps_v3_17/src -s libs  "SHELL=CMD" "COMPILER=arm-none-eabi-gcc" "ASSEMBLER=arm-none-eabi-as" "A
TRACE::2024-12-08.17:35:53::SCWMssOS::RCHIVER=arm-none-eabi-ar" "COMPILER_FLAGS=  -O2 -c" "EXTRA_COMPILER_FLAGS=-mcpu=cortex-a9 -mfpu=vfpv3 -mfloat-abi=hard -nostart
TRACE::2024-12-08.17:35:53::SCWMssOS::files -g -Wall -Wextra -fno-tree-loop-distribute-patterns"

TRACE::2024-12-08.17:35:53::SCWMssOS::"Running Make libs in ps7_cortexa9_0/libsrc/qspips_v3_10/src"

TRACE::2024-12-08.17:35:53::SCWMssOS::make -C ps7_cortexa9_0/libsrc/qspips_v3_10/src -s libs  "SHELL=CMD" "COMPILER=arm-none-eabi-gcc" "ASSEMBLER=arm-none-eabi-as" "
TRACE::2024-12-08.17:35:53::SCWMssOS::ARCHIVER=arm-none-eabi-ar" "COMPILER_FLAGS=  -O2 -c" "EXTRA_COMPILER_FLAGS=-mcpu=cortex-a9 -mfpu=vfpv3 -mfloat-abi=hard -nostar
TRACE::2024-12-08.17:35:53::SCWMssOS::tfiles -g -Wall -Wextra -fno-tree-loop-distribute-patterns"

TRACE::2024-12-08.17:35:53::SCWMssOS::"Running Make libs in ps7_cortexa9_0/libsrc/scugic_v5_1/src"

TRACE::2024-12-08.17:35:53::SCWMssOS::make -C ps7_cortexa9_0/libsrc/scugic_v5_1/src -s libs  "SHELL=CMD" "COMPILER=arm-none-eabi-gcc" "ASSEMBLER=arm-none-eabi-as" "A
TRACE::2024-12-08.17:35:53::SCWMssOS::RCHIVER=arm-none-eabi-ar" "COMPILER_FLAGS=  -O2 -c" "EXTRA_COMPILER_FLAGS=-mcpu=cortex-a9 -mfpu=vfpv3 -mfloat-abi=hard -nostart
TRACE::2024-12-08.17:35:53::SCWMssOS::files -g -Wall -Wextra -fno-tree-loop-distribute-patterns"

TRACE::2024-12-08.17:35:53::SCWMssOS::"Running Make libs in ps7_cortexa9_0/libsrc/scutimer_v2_4/src"

TRACE::2024-12-08.17:35:53::SCWMssOS::make -C ps7_cortexa9_0/libsrc/scutimer_v2_4/src -s libs  "SHELL=CMD" "COMPILER=arm-none-eabi-gcc" "ASSEMBLER=arm-none-eabi-as" 
TRACE::2024-12-08.17:35:53::SCWMssOS::"ARCHIVER=arm-none-eabi-ar" "COMPILER_FLAGS=  -O2 -c" "EXTRA_COMPILER_FLAGS=-mcpu=cortex-a9 -mfpu=vfpv3 -mfloat-abi=hard -nosta
TRACE::2024-12-08.17:35:53::SCWMssOS::rtfiles -g -Wall -Wextra -fno-tree-loop-distribute-patterns"

TRACE::2024-12-08.17:35:54::SCWMssOS::"Running Make libs in ps7_cortexa9_0/libsrc/scuwdt_v2_4/src"

TRACE::2024-12-08.17:35:54::SCWMssOS::make -C ps7_cortexa9_0/libsrc/scuwdt_v2_4/src -s libs  "SHELL=CMD" "COMPILER=arm-none-eabi-gcc" "ASSEMBLER=arm-none-eabi-as" "A
TRACE::2024-12-08.17:35:54::SCWMssOS::RCHIVER=arm-none-eabi-ar" "COMPILER_FLAGS=  -O2 -c" "EXTRA_COMPILER_FLAGS=-mcpu=cortex-a9 -mfpu=vfpv3 -mfloat-abi=hard -nostart
TRACE::2024-12-08.17:35:54::SCWMssOS::files -g -Wall -Wextra -fno-tree-loop-distribute-patterns"

TRACE::2024-12-08.17:35:54::SCWMssOS::"Running Make libs in ps7_cortexa9_0/libsrc/standalone_v8_1/src"

TRACE::2024-12-08.17:35:54::SCWMssOS::make -C ps7_cortexa9_0/libsrc/standalone_v8_1/src -s libs  "SHELL=CMD" "COMPILER=arm-none-eabi-gcc" "ASSEMBLER=arm-none-eabi-as
TRACE::2024-12-08.17:35:54::SCWMssOS::" "ARCHIVER=arm-none-eabi-ar" "COMPILER_FLAGS=  -O2 -c" "EXTRA_COMPILER_FLAGS=-mcpu=cortex-a9 -mfpu=vfpv3 -mfloat-abi=hard -nos
TRACE::2024-12-08.17:35:54::SCWMssOS::tartfiles -g -Wall -Wextra -fno-tree-loop-distribute-patterns"

TRACE::2024-12-08.17:35:54::SCWMssOS::"Running Make libs in ps7_cortexa9_0/libsrc/uartps_v3_12/src"

TRACE::2024-12-08.17:35:54::SCWMssOS::make -C ps7_cortexa9_0/libsrc/uartps_v3_12/src -s libs  "SHELL=CMD" "COMPILER=arm-none-eabi-gcc" "ASSEMBLER=arm-none-eabi-as" "
TRACE::2024-12-08.17:35:54::SCWMssOS::ARCHIVER=arm-none-eabi-ar" "COMPILER_FLAGS=  -O2 -c" "EXTRA_COMPILER_FLAGS=-mcpu=cortex-a9 -mfpu=vfpv3 -mfloat-abi=hard -nostar
TRACE::2024-12-08.17:35:54::SCWMssOS::tfiles -g -Wall -Wextra -fno-tree-loop-distribute-patterns"

TRACE::2024-12-08.17:35:54::SCWMssOS::"Running Make libs in ps7_cortexa9_0/libsrc/xadcps_v2_6/src"

TRACE::2024-12-08.17:35:54::SCWMssOS::make -C ps7_cortexa9_0/libsrc/xadcps_v2_6/src -s libs  "SHELL=CMD" "COMPILER=arm-none-eabi-gcc" "ASSEMBLER=arm-none-eabi-as" "A
TRACE::2024-12-08.17:35:54::SCWMssOS::RCHIVER=arm-none-eabi-ar" "COMPILER_FLAGS=  -O2 -c" "EXTRA_COMPILER_FLAGS=-mcpu=cortex-a9 -mfpu=vfpv3 -mfloat-abi=hard -nostart
TRACE::2024-12-08.17:35:54::SCWMssOS::files -g -Wall -Wextra -fno-tree-loop-distribute-patterns"

TRACE::2024-12-08.17:35:55::SCWMssOS::'Finished building libraries parallelly.'

TRACE::2024-12-08.17:35:55::SCWMssOS::make --no-print-directory archive

TRACE::2024-12-08.17:35:55::SCWMssOS::arm-none-eabi-ar -r  ps7_cortexa9_0/lib/libxil.a ps7_cortexa9_0/lib/_exit.o ps7_cortexa9_0/lib/_open.o ps7_cortexa9_0/lib/_sbrk
TRACE::2024-12-08.17:35:55::SCWMssOS::.o ps7_cortexa9_0/lib/abort.o ps7_cortexa9_0/lib/asm_vectors.o ps7_cortexa9_0/lib/boot.o ps7_cortexa9_0/lib/close.o ps7_cortexa
TRACE::2024-12-08.17:35:55::SCWMssOS::9_0/lib/cpputest_time.o ps7_cortexa9_0/lib/cpu_init.o ps7_cortexa9_0/lib/errno.o ps7_cortexa9_0/lib/fcntl.o ps7_cortexa9_0/lib/
TRACE::2024-12-08.17:35:55::SCWMssOS::fstat.o ps7_cortexa9_0/lib/getentropy.o ps7_cortexa9_0/lib/getpid.o ps7_cortexa9_0/lib/inbyte.o ps7_cortexa9_0/lib/isatty.o ps7
TRACE::2024-12-08.17:35:55::SCWMssOS::_cortexa9_0/lib/kill.o ps7_cortexa9_0/lib/lseek.o ps7_cortexa9_0/lib/open.o ps7_cortexa9_0/lib/outbyte.o ps7_cortexa9_0/lib/pri
TRACE::2024-12-08.17:35:55::SCWMssOS::nt.o ps7_cortexa9_0/lib/putnum.o ps7_cortexa9_0/lib/read.o ps7_cortexa9_0/lib/sbrk.o ps7_cortexa9_0/lib/sleep.o ps7_cortexa9_0/
TRACE::2024-12-08.17:35:55::SCWMssOS::lib/time.o ps7_cortexa9_0/lib/translation_table.o ps7_cortexa9_0/lib/unlink.o ps7_cortexa9_0/lib/usleep.o ps7_cortexa9_0/lib/ve
TRACE::2024-12-08.17:35:55::SCWMssOS::ctors.o ps7_cortexa9_0/lib/write.o ps7_cortexa9_0/lib/xadcps.o ps7_cortexa9_0/lib/xadcps_g.o ps7_cortexa9_0/lib/xadcps_intr.o p
TRACE::2024-12-08.17:35:55::SCWMssOS::s7_cortexa9_0/lib/xadcps_selftest.o ps7_cortexa9_0/lib/xadcps_sinit.o ps7_cortexa9_0/lib/xcoresightpsdcc.o ps7_cortexa9_0/lib/x
TRACE::2024-12-08.17:35:55::SCWMssOS::devcfg.o ps7_cortexa9_0/lib/xdevcfg_g.o ps7_cortexa9_0/lib/xdevcfg_hw.o ps7_cortexa9_0/lib/xdevcfg_intr.o ps7_cortexa9_0/lib/xd
TRACE::2024-12-08.17:35:55::SCWMssOS::evcfg_selftest.o ps7_cortexa9_0/lib/xdevcfg_sinit.o ps7_cortexa9_0/lib/xdmaps.o ps7_cortexa9_0/lib/xdmaps_g.o ps7_cortexa9_0/li
TRACE::2024-12-08.17:35:55::SCWMssOS::b/xdmaps_hw.o ps7_cortexa9_0/lib/xdmaps_selftest.o ps7_cortexa9_0/lib/xdmaps_sinit.o ps7_cortexa9_0/lib/xfir.o ps7_cortexa9_0/l
TRACE::2024-12-08.17:35:55::SCWMssOS::ib/xfir_g.o ps7_cortexa9_0/lib/xfir_linux.o ps7_cortexa9_0/lib/xfir_sinit.o ps7_cortexa9_0/lib/xgpio.o ps7_cortexa9_0/lib/xgpio
TRACE::2024-12-08.17:35:55::SCWMssOS::_extra.o ps7_cortexa9_0/lib/xgpio_g.o ps7_cortexa9_0/lib/xgpio_intr.o ps7_cortexa9_0/lib/xgpio_selftest.o ps7_cortexa9_0/lib/xg
TRACE::2024-12-08.17:35:55::SCWMssOS::pio_sinit.o ps7_cortexa9_0/lib/xiicps.o ps7_cortexa9_0/lib/xiicps_g.o ps7_cortexa9_0/lib/xiicps_hw.o ps7_cortexa9_0/lib/xiicps_
TRACE::2024-12-08.17:35:55::SCWMssOS::intr.o ps7_cortexa9_0/lib/xiicps_master.o ps7_cortexa9_0/lib/xiicps_options.o ps7_cortexa9_0/lib/xiicps_selftest.o ps7_cortexa9
TRACE::2024-12-08.17:35:55::SCWMssOS::_0/lib/xiicps_sinit.o ps7_cortexa9_0/lib/xiicps_slave.o ps7_cortexa9_0/lib/xiicps_xfer.o ps7_cortexa9_0/lib/xil-crt0.o ps7_cort
TRACE::2024-12-08.17:35:55::SCWMssOS::exa9_0/lib/xil_assert.o ps7_cortexa9_0/lib/xil_cache.o ps7_cortexa9_0/lib/xil_clocking.o ps7_cortexa9_0/lib/xil_exception.o ps7
TRACE::2024-12-08.17:35:55::SCWMssOS::_cortexa9_0/lib/xil_mem.o ps7_cortexa9_0/lib/xil_misc_psreset_api.o ps7_cortexa9_0/lib/xil_mmu.o ps7_cortexa9_0/lib/xil_printf.
TRACE::2024-12-08.17:35:55::SCWMssOS::o ps7_cortexa9_0/lib/xil_sleepcommon.o ps7_cortexa9_0/lib/xil_sleeptimer.o ps7_cortexa9_0/lib/xil_spinlock.o ps7_cortexa9_0/lib
TRACE::2024-12-08.17:35:55::SCWMssOS::/xil_testcache.o ps7_cortexa9_0/lib/xil_testio.o ps7_cortexa9_0/lib/xil_testmem.o ps7_cortexa9_0/lib/xil_util.o ps7_cortexa9_0/
TRACE::2024-12-08.17:35:55::SCWMssOS::lib/xinterrupt_wrap.o ps7_cortexa9_0/lib/xl2cc_counter.o ps7_cortexa9_0/lib/xplatform_info.o ps7_cortexa9_0/lib/xpm_counter.o p
TRACE::2024-12-08.17:35:55::SCWMssOS::s7_cortexa9_0/lib/xqspips.o ps7_cortexa9_0/lib/xqspips_g.o ps7_cortexa9_0/lib/xqspips_hw.o ps7_cortexa9_0/lib/xqspips_options.o
TRACE::2024-12-08.17:35:55::SCWMssOS:: ps7_cortexa9_0/lib/xqspips_selftest.o ps7_cortexa9_0/lib/xqspips_sinit.o ps7_cortexa9_0/lib/xscugic.o ps7_cortexa9_0/lib/xscug
TRACE::2024-12-08.17:35:55::SCWMssOS::ic_g.o ps7_cortexa9_0/lib/xscugic_hw.o ps7_cortexa9_0/lib/xscugic_intr.o ps7_cortexa9_0/lib/xscugic_selftest.o ps7_cortexa9_0/l
TRACE::2024-12-08.17:35:55::SCWMssOS::ib/xscugic_sinit.o ps7_cortexa9_0/lib/xscutimer.o ps7_cortexa9_0/lib/xscutimer_g.o ps7_cortexa9_0/lib/xscutimer_selftest.o ps7_
TRACE::2024-12-08.17:35:55::SCWMssOS::cortexa9_0/lib/xscutimer_sinit.o ps7_cortexa9_0/lib/xscuwdt.o ps7_cortexa9_0/lib/xscuwdt_g.o ps7_cortexa9_0/lib/xscuwdt_selftes
TRACE::2024-12-08.17:35:55::SCWMssOS::t.o ps7_cortexa9_0/lib/xscuwdt_sinit.o ps7_cortexa9_0/lib/xtime_l.o ps7_cortexa9_0/lib/xuartps.o ps7_cortexa9_0/lib/xuartps_g.o
TRACE::2024-12-08.17:35:55::SCWMssOS:: ps7_cortexa9_0/lib/xuartps_hw.o ps7_cortexa9_0/lib/xuartps_intr.o ps7_cortexa9_0/lib/xuartps_options.o ps7_cortexa9_0/lib/xuar
TRACE::2024-12-08.17:35:55::SCWMssOS::tps_selftest.o ps7_cortexa9_0/lib/xuartps_sinit.o

TRACE::2024-12-08.17:35:55::SCWMssOS::'Finished building libraries'

TRACE::2024-12-08.17:35:55::SCWMssOS::Copying to export directory.
TRACE::2024-12-08.17:35:56::SCWMssOS:: Checking if to create the Supporting Applications
TRACE::2024-12-08.17:35:56::SCWMssOS:: No Linux domain exists, trying to generate FSBL 
LOG::2024-12-08.17:35:56::SCWSystem::Completed Processing the domain standalone_ps7_cortexa9_0
LOG::2024-12-08.17:35:56::SCWSystem::Completed Processing the sysconfig design_1_wrapper_iz
LOG::2024-12-08.17:35:56::SCWPlatform::Completed generating the artifacts for system configuration design_1_wrapper_iz
TRACE::2024-12-08.17:35:56::SCWPlatform::Started preparing the platform 
TRACE::2024-12-08.17:35:56::SCWSystem::Writing the bif file for system config design_1_wrapper_iz
TRACE::2024-12-08.17:35:56::SCWSystem::dir created 
TRACE::2024-12-08.17:35:56::SCWSystem::Writing the bif 
TRACE::2024-12-08.17:35:56::SCWPlatform::Started writing the spfm file 
TRACE::2024-12-08.17:35:56::SCWPlatform::Started writing the xpfm file 
TRACE::2024-12-08.17:35:56::SCWPlatform::Completed generating the platform
TRACE::2024-12-08.17:35:56::SCWMssOS::Saving the mss changes F:/Education/FPGA_Labs/Labs_2/lab4/audio_new/design_1_wrapper_iz/zynq_fsbl/zynq_fsbl_bsp/system.mss
TRACE::2024-12-08.17:35:56::SCWMssOS::Found a swdesign opened with the mssfile.
TRACE::2024-12-08.17:35:56::SCWMssOS::Completed writemss as part of save.
TRACE::2024-12-08.17:35:56::SCWMssOS::Commit changes completed.
TRACE::2024-12-08.17:35:56::SCWMssOS::Saving the mss changes F:/Education/FPGA_Labs/Labs_2/lab4/audio_new/design_1_wrapper_iz/ps7_cortexa9_0/standalone_ps7_cortexa9_0/bsp/system.mss
TRACE::2024-12-08.17:35:56::SCWMssOS::Found a swdesign opened with the mssfile.
TRACE::2024-12-08.17:35:56::SCWMssOS::Completed writemss as part of save.
TRACE::2024-12-08.17:35:56::SCWMssOS::Commit changes completed.
TRACE::2024-12-08.17:35:56::SCWPlatform::Trying to open the hw design at F:/Education/FPGA_Labs/Labs_2/lab4/audio_new/design_1_wrapper_iz/hw/design_1_wrapper_iz.xsa
TRACE::2024-12-08.17:35:56::SCWPlatform::DSA given F:/Education/FPGA_Labs/Labs_2/lab4/audio_new/design_1_wrapper_iz/hw/design_1_wrapper_iz.xsa
TRACE::2024-12-08.17:35:56::SCWPlatform::DSA absoulate path F:/Education/FPGA_Labs/Labs_2/lab4/audio_new/design_1_wrapper_iz/hw/design_1_wrapper_iz.xsa
TRACE::2024-12-08.17:35:56::SCWPlatform::DSA directory F:/Education/FPGA_Labs/Labs_2/lab4/audio_new/design_1_wrapper_iz/hw
TRACE::2024-12-08.17:35:56::SCWPlatform:: Platform Path F:/Education/FPGA_Labs/Labs_2/lab4/audio_new/design_1_wrapper_iz/hw/design_1_wrapper_iz.xsa
TRACE::2024-12-08.17:35:56::SCWPlatform:: Unique name xilinx:zedboard::0.0
TRACE::2024-12-08.17:35:56::SCWPlatform::Trying to set the existing hwdb with name design_1_wrapper_4
TRACE::2024-12-08.17:35:56::SCWPlatform::Opened existing hwdb design_1_wrapper_4
TRACE::2024-12-08.17:35:56::SCWPlatform::Found the Hw Db part of the input DSA
TRACE::2024-12-08.17:35:56::SCWMssOS::Checking the sw design at  F:/Education/FPGA_Labs/Labs_2/lab4/audio_new/design_1_wrapper_iz/zynq_fsbl/zynq_fsbl_bsp/system.mss
TRACE::2024-12-08.17:35:56::SCWMssOS::DEBUG:  swdes dump  F:/Education/FPGA_Labs/Labs_2/lab4/audio_new/audio/ps7_cortexa9_0/standalone_domain/bsp/system.mss|system_0||
F:/Education/FPGA_Labs/Labs_2/lab4/audio_new/audio/zynq_fsbl/zynq_fsbl_bsp/system.mss|system||
F:/Education/FPGA_Labs/Labs_2/lab4/audio_new/design_1_wrapper_iz/ps7_cortexa9_0/standalone_ps7_cortexa9_0/bsp/system.mss|system_2||
F:/Education/FPGA_Labs/Labs_2/lab4/audio_new/design_1_wrapper_iz/zynq_fsbl/zynq_fsbl_bsp/system.mss|system_1||

TRACE::2024-12-08.17:35:56::SCWMssOS::Sw design exists and opened at  F:/Education/FPGA_Labs/Labs_2/lab4/audio_new/design_1_wrapper_iz/zynq_fsbl/zynq_fsbl_bsp/system.mss
TRACE::2024-12-08.17:35:56::SCWPlatform::Trying to open the hw design at F:/Education/FPGA_Labs/Labs_2/lab4/audio_new/design_1_wrapper_iz/hw/design_1_wrapper_iz.xsa
TRACE::2024-12-08.17:35:56::SCWPlatform::DSA given F:/Education/FPGA_Labs/Labs_2/lab4/audio_new/design_1_wrapper_iz/hw/design_1_wrapper_iz.xsa
TRACE::2024-12-08.17:35:56::SCWPlatform::DSA absoulate path F:/Education/FPGA_Labs/Labs_2/lab4/audio_new/design_1_wrapper_iz/hw/design_1_wrapper_iz.xsa
TRACE::2024-12-08.17:35:56::SCWPlatform::DSA directory F:/Education/FPGA_Labs/Labs_2/lab4/audio_new/design_1_wrapper_iz/hw
TRACE::2024-12-08.17:35:56::SCWPlatform:: Platform Path F:/Education/FPGA_Labs/Labs_2/lab4/audio_new/design_1_wrapper_iz/hw/design_1_wrapper_iz.xsa
TRACE::2024-12-08.17:35:56::SCWPlatform:: Unique name xilinx:zedboard::0.0
TRACE::2024-12-08.17:35:56::SCWPlatform::Trying to set the existing hwdb with name design_1_wrapper_4
TRACE::2024-12-08.17:35:56::SCWPlatform::Opened existing hwdb design_1_wrapper_4
TRACE::2024-12-08.17:35:56::SCWPlatform::Found the Hw Db part of the input DSA
TRACE::2024-12-08.17:35:56::SCWMssOS::Checking the sw design at  F:/Education/FPGA_Labs/Labs_2/lab4/audio_new/design_1_wrapper_iz/zynq_fsbl/zynq_fsbl_bsp/system.mss
TRACE::2024-12-08.17:35:56::SCWMssOS::DEBUG:  swdes dump  F:/Education/FPGA_Labs/Labs_2/lab4/audio_new/audio/ps7_cortexa9_0/standalone_domain/bsp/system.mss|system_0||
F:/Education/FPGA_Labs/Labs_2/lab4/audio_new/audio/zynq_fsbl/zynq_fsbl_bsp/system.mss|system||
F:/Education/FPGA_Labs/Labs_2/lab4/audio_new/design_1_wrapper_iz/ps7_cortexa9_0/standalone_ps7_cortexa9_0/bsp/system.mss|system_2||
F:/Education/FPGA_Labs/Labs_2/lab4/audio_new/design_1_wrapper_iz/zynq_fsbl/zynq_fsbl_bsp/system.mss|system_1||

TRACE::2024-12-08.17:35:56::SCWMssOS::Sw design exists and opened at  F:/Education/FPGA_Labs/Labs_2/lab4/audio_new/design_1_wrapper_iz/zynq_fsbl/zynq_fsbl_bsp/system.mss
TRACE::2024-12-08.17:35:56::SCWPlatform::Trying to open the hw design at F:/Education/FPGA_Labs/Labs_2/lab4/audio_new/design_1_wrapper_iz/hw/design_1_wrapper_iz.xsa
TRACE::2024-12-08.17:35:56::SCWPlatform::DSA given F:/Education/FPGA_Labs/Labs_2/lab4/audio_new/design_1_wrapper_iz/hw/design_1_wrapper_iz.xsa
TRACE::2024-12-08.17:35:56::SCWPlatform::DSA absoulate path F:/Education/FPGA_Labs/Labs_2/lab4/audio_new/design_1_wrapper_iz/hw/design_1_wrapper_iz.xsa
TRACE::2024-12-08.17:35:56::SCWPlatform::DSA directory F:/Education/FPGA_Labs/Labs_2/lab4/audio_new/design_1_wrapper_iz/hw
TRACE::2024-12-08.17:35:56::SCWPlatform:: Platform Path F:/Education/FPGA_Labs/Labs_2/lab4/audio_new/design_1_wrapper_iz/hw/design_1_wrapper_iz.xsa
TRACE::2024-12-08.17:35:56::SCWPlatform:: Unique name xilinx:zedboard::0.0
TRACE::2024-12-08.17:35:56::SCWPlatform::Trying to set the existing hwdb with name design_1_wrapper_4
TRACE::2024-12-08.17:35:56::SCWPlatform::Opened existing hwdb design_1_wrapper_4
TRACE::2024-12-08.17:35:56::SCWPlatform::Found the Hw Db part of the input DSA
TRACE::2024-12-08.17:35:56::SCWMssOS::Checking the sw design at  F:/Education/FPGA_Labs/Labs_2/lab4/audio_new/design_1_wrapper_iz/zynq_fsbl/zynq_fsbl_bsp/system.mss
TRACE::2024-12-08.17:35:56::SCWMssOS::DEBUG:  swdes dump  F:/Education/FPGA_Labs/Labs_2/lab4/audio_new/audio/ps7_cortexa9_0/standalone_domain/bsp/system.mss|system_0||
F:/Education/FPGA_Labs/Labs_2/lab4/audio_new/audio/zynq_fsbl/zynq_fsbl_bsp/system.mss|system||
F:/Education/FPGA_Labs/Labs_2/lab4/audio_new/design_1_wrapper_iz/ps7_cortexa9_0/standalone_ps7_cortexa9_0/bsp/system.mss|system_2||
F:/Education/FPGA_Labs/Labs_2/lab4/audio_new/design_1_wrapper_iz/zynq_fsbl/zynq_fsbl_bsp/system.mss|system_1||

TRACE::2024-12-08.17:35:56::SCWMssOS::Sw design exists and opened at  F:/Education/FPGA_Labs/Labs_2/lab4/audio_new/design_1_wrapper_iz/zynq_fsbl/zynq_fsbl_bsp/system.mss
TRACE::2024-12-08.17:35:56::SCWPlatform::Trying to open the hw design at F:/Education/FPGA_Labs/Labs_2/lab4/audio_new/design_1_wrapper_iz/hw/design_1_wrapper_iz.xsa
TRACE::2024-12-08.17:35:56::SCWPlatform::DSA given F:/Education/FPGA_Labs/Labs_2/lab4/audio_new/design_1_wrapper_iz/hw/design_1_wrapper_iz.xsa
TRACE::2024-12-08.17:35:56::SCWPlatform::DSA absoulate path F:/Education/FPGA_Labs/Labs_2/lab4/audio_new/design_1_wrapper_iz/hw/design_1_wrapper_iz.xsa
TRACE::2024-12-08.17:35:56::SCWPlatform::DSA directory F:/Education/FPGA_Labs/Labs_2/lab4/audio_new/design_1_wrapper_iz/hw
TRACE::2024-12-08.17:35:56::SCWPlatform:: Platform Path F:/Education/FPGA_Labs/Labs_2/lab4/audio_new/design_1_wrapper_iz/hw/design_1_wrapper_iz.xsa
TRACE::2024-12-08.17:35:56::SCWPlatform:: Unique name xilinx:zedboard::0.0
TRACE::2024-12-08.17:35:56::SCWPlatform::Trying to set the existing hwdb with name design_1_wrapper_4
TRACE::2024-12-08.17:35:56::SCWPlatform::Opened existing hwdb design_1_wrapper_4
TRACE::2024-12-08.17:35:56::SCWPlatform::Found the Hw Db part of the input DSA
TRACE::2024-12-08.17:35:56::SCWMssOS::Checking the sw design at  F:/Education/FPGA_Labs/Labs_2/lab4/audio_new/design_1_wrapper_iz/ps7_cortexa9_0/standalone_ps7_cortexa9_0/bsp/system.mss
TRACE::2024-12-08.17:35:56::SCWMssOS::DEBUG:  swdes dump  F:/Education/FPGA_Labs/Labs_2/lab4/audio_new/audio/ps7_cortexa9_0/standalone_domain/bsp/system.mss|system_0||
F:/Education/FPGA_Labs/Labs_2/lab4/audio_new/audio/zynq_fsbl/zynq_fsbl_bsp/system.mss|system||
F:/Education/FPGA_Labs/Labs_2/lab4/audio_new/design_1_wrapper_iz/ps7_cortexa9_0/standalone_ps7_cortexa9_0/bsp/system.mss|system_2||
F:/Education/FPGA_Labs/Labs_2/lab4/audio_new/design_1_wrapper_iz/zynq_fsbl/zynq_fsbl_bsp/system.mss|system_1||

TRACE::2024-12-08.17:35:56::SCWMssOS::Sw design exists and opened at  F:/Education/FPGA_Labs/Labs_2/lab4/audio_new/design_1_wrapper_iz/ps7_cortexa9_0/standalone_ps7_cortexa9_0/bsp/system.mss
TRACE::2024-12-08.17:35:56::SCWPlatform::Trying to open the hw design at F:/Education/FPGA_Labs/Labs_2/lab4/audio_new/design_1_wrapper_iz/hw/design_1_wrapper_iz.xsa
TRACE::2024-12-08.17:35:56::SCWPlatform::DSA given F:/Education/FPGA_Labs/Labs_2/lab4/audio_new/design_1_wrapper_iz/hw/design_1_wrapper_iz.xsa
TRACE::2024-12-08.17:35:56::SCWPlatform::DSA absoulate path F:/Education/FPGA_Labs/Labs_2/lab4/audio_new/design_1_wrapper_iz/hw/design_1_wrapper_iz.xsa
TRACE::2024-12-08.17:35:56::SCWPlatform::DSA directory F:/Education/FPGA_Labs/Labs_2/lab4/audio_new/design_1_wrapper_iz/hw
TRACE::2024-12-08.17:35:56::SCWPlatform:: Platform Path F:/Education/FPGA_Labs/Labs_2/lab4/audio_new/design_1_wrapper_iz/hw/design_1_wrapper_iz.xsa
TRACE::2024-12-08.17:35:56::SCWPlatform:: Unique name xilinx:zedboard::0.0
TRACE::2024-12-08.17:35:56::SCWPlatform::Trying to set the existing hwdb with name design_1_wrapper_4
TRACE::2024-12-08.17:35:56::SCWPlatform::Opened existing hwdb design_1_wrapper_4
TRACE::2024-12-08.17:35:56::SCWPlatform::Found the Hw Db part of the input DSA
TRACE::2024-12-08.17:35:56::SCWMssOS::Checking the sw design at  F:/Education/FPGA_Labs/Labs_2/lab4/audio_new/design_1_wrapper_iz/ps7_cortexa9_0/standalone_ps7_cortexa9_0/bsp/system.mss
TRACE::2024-12-08.17:35:56::SCWMssOS::DEBUG:  swdes dump  F:/Education/FPGA_Labs/Labs_2/lab4/audio_new/audio/ps7_cortexa9_0/standalone_domain/bsp/system.mss|system_0||
F:/Education/FPGA_Labs/Labs_2/lab4/audio_new/audio/zynq_fsbl/zynq_fsbl_bsp/system.mss|system||
F:/Education/FPGA_Labs/Labs_2/lab4/audio_new/design_1_wrapper_iz/ps7_cortexa9_0/standalone_ps7_cortexa9_0/bsp/system.mss|system_2||
F:/Education/FPGA_Labs/Labs_2/lab4/audio_new/design_1_wrapper_iz/zynq_fsbl/zynq_fsbl_bsp/system.mss|system_1||

TRACE::2024-12-08.17:35:56::SCWMssOS::Sw design exists and opened at  F:/Education/FPGA_Labs/Labs_2/lab4/audio_new/design_1_wrapper_iz/ps7_cortexa9_0/standalone_ps7_cortexa9_0/bsp/system.mss
TRACE::2024-12-08.17:35:56::SCWPlatform::Trying to open the hw design at F:/Education/FPGA_Labs/Labs_2/lab4/audio_new/design_1_wrapper_iz/hw/design_1_wrapper_iz.xsa
TRACE::2024-12-08.17:35:56::SCWPlatform::DSA given F:/Education/FPGA_Labs/Labs_2/lab4/audio_new/design_1_wrapper_iz/hw/design_1_wrapper_iz.xsa
TRACE::2024-12-08.17:35:56::SCWPlatform::DSA absoulate path F:/Education/FPGA_Labs/Labs_2/lab4/audio_new/design_1_wrapper_iz/hw/design_1_wrapper_iz.xsa
TRACE::2024-12-08.17:35:56::SCWPlatform::DSA directory F:/Education/FPGA_Labs/Labs_2/lab4/audio_new/design_1_wrapper_iz/hw
TRACE::2024-12-08.17:35:56::SCWPlatform:: Platform Path F:/Education/FPGA_Labs/Labs_2/lab4/audio_new/design_1_wrapper_iz/hw/design_1_wrapper_iz.xsa
TRACE::2024-12-08.17:35:56::SCWPlatform:: Unique name xilinx:zedboard::0.0
TRACE::2024-12-08.17:35:56::SCWPlatform::Trying to set the existing hwdb with name design_1_wrapper_4
TRACE::2024-12-08.17:35:56::SCWPlatform::Opened existing hwdb design_1_wrapper_4
TRACE::2024-12-08.17:35:56::SCWPlatform::Found the Hw Db part of the input DSA
TRACE::2024-12-08.17:35:56::SCWMssOS::Checking the sw design at  F:/Education/FPGA_Labs/Labs_2/lab4/audio_new/design_1_wrapper_iz/ps7_cortexa9_0/standalone_ps7_cortexa9_0/bsp/system.mss
TRACE::2024-12-08.17:35:56::SCWMssOS::DEBUG:  swdes dump  F:/Education/FPGA_Labs/Labs_2/lab4/audio_new/audio/ps7_cortexa9_0/standalone_domain/bsp/system.mss|system_0||
F:/Education/FPGA_Labs/Labs_2/lab4/audio_new/audio/zynq_fsbl/zynq_fsbl_bsp/system.mss|system||
F:/Education/FPGA_Labs/Labs_2/lab4/audio_new/design_1_wrapper_iz/ps7_cortexa9_0/standalone_ps7_cortexa9_0/bsp/system.mss|system_2||
F:/Education/FPGA_Labs/Labs_2/lab4/audio_new/design_1_wrapper_iz/zynq_fsbl/zynq_fsbl_bsp/system.mss|system_1||

TRACE::2024-12-08.17:35:56::SCWMssOS::Sw design exists and opened at  F:/Education/FPGA_Labs/Labs_2/lab4/audio_new/design_1_wrapper_iz/ps7_cortexa9_0/standalone_ps7_cortexa9_0/bsp/system.mss
TRACE::2024-12-08.17:35:56::SCWWriter::formatted JSON is {
	"platformName":	"design_1_wrapper_iz",
	"sprVersion":	"2.0",
	"mode":	"gui",
	"dsaType":	"Fixed",
	"platformDesc":	"design_1_wrapper_iz",
	"platHandOff":	"<platformDir>.xsa",
	"platIntHandOff":	"<platformDir>/hw/design_1_wrapper_iz.xsa",
	"deviceType":	"zynq",
	"platIsPrebuiltAutogen":	"false",
	"platIsNoBootBsp":	"false",
	"platFsblTarget":	"ps7_cortexa9_0",
	"hasFsblMakeHasChanges":	"false",
	"hasPmufwMakeHasChanges":	"false",
	"fsblExtraCompilerFlags":	"-MMD -MP       -mcpu=cortex-a9 -mfpu=vfpv3 -mfloat-abi=hard ",
	"platPreBuiltFlag":	false,
	"platformSamplesDir":	"",
	"platActiveSys":	"design_1_wrapper_iz",
	"systems":	[{
			"systemName":	"design_1_wrapper_iz",
			"systemDesc":	"design_1_wrapper_iz",
			"sysIsBootAutoGen":	"true",
			"systemDispName":	"design_1_wrapper_iz",
			"sysActiveDom":	"standalone_ps7_cortexa9_0",
			"sysDefaultDom":	"standalone_ps7_cortexa9_0",
			"domains":	[{
					"domainName":	"zynq_fsbl",
					"domainDispName":	"zynq_fsbl",
					"domainDesc":	"FSBL Application BSP - Auto Generated.",
					"processors":	"ps7_cortexa9_0",
					"os":	"standalone",
					"sdxOs":	"standalone",
					"debugEnable":	"",
					"domRuntimes":	["cpp"],
					"swRepo":	"",
					"mssOsVer":	"8.1",
					"mssFile":	"",
					"md5Digest":	"d9a34af2dee52f902a49b7b36c0ab938",
					"compatibleApp":	"zynq_fsbl",
					"domType":	"bootDomain",
					"arch":	"32-bit",
					"appSettings":	{
						"appCompilerFlags":	"",
						"appLinkerFlags":	""
					},
					"addedLibs":	["xilffs:5.0", "xilrsa:1.6"],
					"libOptions":	{
						"libsContainingOptions":	[]
					},
					"prebuiltLibs":	{
						"prebuiltIncPath":	[],
						"prebuiltLibPath":	[]
					},
					"isolation":	{
					}
				}, {
					"domainName":	"standalone_ps7_cortexa9_0",
					"domainDispName":	"standalone_ps7_cortexa9_0",
					"domainDesc":	"standalone_ps7_cortexa9_0",
					"processors":	"ps7_cortexa9_0",
					"os":	"standalone",
					"sdxOs":	"standalone",
					"qemuArgs":	"<platformDir>/resources/design_1_wrapper_iz/standalone_ps7_cortexa9_0/qemu_args.txt",
					"qemuData":	"<platformDir>/resources/design_1_wrapper_iz/standalone_ps7_cortexa9_0/qemu",
					"debugEnable":	"False",
					"domRuntimes":	["cpp"],
					"swRepo":	"",
					"mssOsVer":	"8.1",
					"mssFile":	"",
					"md5Digest":	"9a5c07eb3fcbf029dead828c18c1b9c0",
					"compatibleApp":	"empty_application",
					"domType":	"mssDomain",
					"arch":	"32-bit",
					"appSettings":	{
						"appCompilerFlags":	"",
						"appLinkerFlags":	""
					},
					"addedLibs":	[],
					"libOptions":	{
						"libsContainingOptions":	[]
					},
					"prebuiltLibs":	{
						"prebuiltIncPath":	[],
						"prebuiltLibPath":	[]
					},
					"isolation":	{
					}
				}]
		}]
}
KEYINFO::2024-12-08.17:35:56::SCWPlatform::updated the xpfm file.
TRACE::2024-12-08.17:35:56::SCWPlatform::Trying to open the hw design at F:/Education/FPGA_Labs/Labs_2/lab4/audio_new/design_1_wrapper_iz/hw/design_1_wrapper_iz.xsa
TRACE::2024-12-08.17:35:56::SCWPlatform::DSA given F:/Education/FPGA_Labs/Labs_2/lab4/audio_new/design_1_wrapper_iz/hw/design_1_wrapper_iz.xsa
TRACE::2024-12-08.17:35:56::SCWPlatform::DSA absoulate path F:/Education/FPGA_Labs/Labs_2/lab4/audio_new/design_1_wrapper_iz/hw/design_1_wrapper_iz.xsa
TRACE::2024-12-08.17:35:56::SCWPlatform::DSA directory F:/Education/FPGA_Labs/Labs_2/lab4/audio_new/design_1_wrapper_iz/hw
TRACE::2024-12-08.17:35:56::SCWPlatform:: Platform Path F:/Education/FPGA_Labs/Labs_2/lab4/audio_new/design_1_wrapper_iz/hw/design_1_wrapper_iz.xsa
TRACE::2024-12-08.17:35:56::SCWPlatform:: Unique name xilinx:zedboard::0.0
TRACE::2024-12-08.17:35:56::SCWPlatform::Trying to set the existing hwdb with name design_1_wrapper_4
TRACE::2024-12-08.17:35:56::SCWPlatform::Opened existing hwdb design_1_wrapper_4
TRACE::2024-12-08.17:35:56::SCWPlatform::Found the Hw Db part of the input DSA
TRACE::2024-12-08.17:35:56::SCWMssOS::Checking the sw design at  F:/Education/FPGA_Labs/Labs_2/lab4/audio_new/design_1_wrapper_iz/ps7_cortexa9_0/standalone_ps7_cortexa9_0/bsp/system.mss
TRACE::2024-12-08.17:35:56::SCWMssOS::DEBUG:  swdes dump  F:/Education/FPGA_Labs/Labs_2/lab4/audio_new/audio/ps7_cortexa9_0/standalone_domain/bsp/system.mss|system_0||
F:/Education/FPGA_Labs/Labs_2/lab4/audio_new/audio/zynq_fsbl/zynq_fsbl_bsp/system.mss|system||
F:/Education/FPGA_Labs/Labs_2/lab4/audio_new/design_1_wrapper_iz/ps7_cortexa9_0/standalone_ps7_cortexa9_0/bsp/system.mss|system_2||
F:/Education/FPGA_Labs/Labs_2/lab4/audio_new/design_1_wrapper_iz/zynq_fsbl/zynq_fsbl_bsp/system.mss|system_1||

TRACE::2024-12-08.17:35:56::SCWMssOS::Sw design exists and opened at  F:/Education/FPGA_Labs/Labs_2/lab4/audio_new/design_1_wrapper_iz/ps7_cortexa9_0/standalone_ps7_cortexa9_0/bsp/system.mss
TRACE::2024-12-08.17:53:57::SCWPlatform::Clearing the existing platform
TRACE::2024-12-08.17:53:57::SCWSystem::Clearing the existing sysconfig
TRACE::2024-12-08.17:53:57::SCWBDomain::clearing the fsbl build
TRACE::2024-12-08.17:53:57::SCWMssOS::Removing the swdes entry for  F:/Education/FPGA_Labs/Labs_2/lab4/audio_new/design_1_wrapper_iz/zynq_fsbl/zynq_fsbl_bsp/system.mss
TRACE::2024-12-08.17:53:57::SCWMssOS::Removing the swdes entry for  F:/Education/FPGA_Labs/Labs_2/lab4/audio_new/design_1_wrapper_iz/ps7_cortexa9_0/standalone_ps7_cortexa9_0/bsp/system.mss
TRACE::2024-12-08.17:53:57::SCWSystem::Clearing the domains completed.
TRACE::2024-12-08.17:53:57::SCWPlatform::Clearing the opened hw db.
TRACE::2024-12-08.17:53:57::SCWPlatform::DSA given F:/Education/FPGA_Labs/Labs_2/lab4/audio_new/design_1_wrapper_iz/hw/design_1_wrapper_iz.xsa
TRACE::2024-12-08.17:53:57::SCWPlatform::DSA absoulate path F:/Education/FPGA_Labs/Labs_2/lab4/audio_new/design_1_wrapper_iz/hw/design_1_wrapper_iz.xsa
TRACE::2024-12-08.17:53:57::SCWPlatform:: Platform location is F:/Education/FPGA_Labs/Labs_2/lab4/audio_new/design_1_wrapper_iz/hw
TRACE::2024-12-08.17:53:57::SCWPlatform:: Platform Path F:/Education/FPGA_Labs/Labs_2/lab4/audio_new/design_1_wrapper_iz/hw/design_1_wrapper_iz.xsa
TRACE::2024-12-08.17:53:57::SCWPlatform:: Unique name xilinx:zedboard::0.0
TRACE::2024-12-08.17:53:57::SCWPlatform::Removing the HwDB with name F:/Education/FPGA_Labs/Labs_2/lab4/audio_new/design_1_wrapper_iz/hw/design_1_wrapper_iz.xsa
TRACE::2024-12-08.17:53:57::SCWPlatform::Trying to open the hw design at F:/Education/FPGA_Labs/Labs_2/lab4/audio_new/design_1_wrapper_iz/hw/design_1_wrapper_iz.xsa
TRACE::2024-12-08.17:53:57::SCWPlatform::DSA given F:/Education/FPGA_Labs/Labs_2/lab4/audio_new/design_1_wrapper_iz/hw/design_1_wrapper_iz.xsa
TRACE::2024-12-08.17:53:57::SCWPlatform::DSA absoulate path F:/Education/FPGA_Labs/Labs_2/lab4/audio_new/design_1_wrapper_iz/hw/design_1_wrapper_iz.xsa
TRACE::2024-12-08.17:53:57::SCWPlatform::DSA directory F:/Education/FPGA_Labs/Labs_2/lab4/audio_new/design_1_wrapper_iz/hw
TRACE::2024-12-08.17:53:57::SCWPlatform:: Platform Path F:/Education/FPGA_Labs/Labs_2/lab4/audio_new/design_1_wrapper_iz/hw/design_1_wrapper_iz.xsa
TRACE::2024-12-08.17:53:57::SCWPlatform:: Unique name xilinx:zedboard::0.0
TRACE::2024-12-08.17:53:57::SCWPlatform::Do not have an existing db opened. 
TRACE::2024-12-08.17:53:59::SCWPlatform::Opened new HwDB with name design_1_wrapper_6
TRACE::2024-12-08.17:53:59::SCWReader::Active system found as  design_1_wrapper_iz
TRACE::2024-12-08.17:53:59::SCWReader::Handling sysconfig design_1_wrapper_iz
TRACE::2024-12-08.17:53:59::SCWDomain::checking for install qemu data   : 
TRACE::2024-12-08.17:53:59::SCWDomain:: Using the QEMU Data from install at  : F:/Xilinx/Vitis/Vitis/2023.1/data/emulation/platforms/zynq/sw/a9_standalone/qemu/
TRACE::2024-12-08.17:53:59::SCWDomain:: Using the QEMU args  from install at  : F:/Xilinx/Vitis/Vitis/2023.1/data/emulation/platforms/zynq/sw/a9_standalone/qemu/qemu_args.txt
TRACE::2024-12-08.17:53:59::SCWPlatform::Trying to open the hw design at F:/Education/FPGA_Labs/Labs_2/lab4/audio_new/design_1_wrapper_iz/hw/design_1_wrapper_iz.xsa
TRACE::2024-12-08.17:53:59::SCWPlatform::DSA given F:/Education/FPGA_Labs/Labs_2/lab4/audio_new/design_1_wrapper_iz/hw/design_1_wrapper_iz.xsa
TRACE::2024-12-08.17:53:59::SCWPlatform::DSA absoulate path F:/Education/FPGA_Labs/Labs_2/lab4/audio_new/design_1_wrapper_iz/hw/design_1_wrapper_iz.xsa
TRACE::2024-12-08.17:53:59::SCWPlatform::DSA directory F:/Education/FPGA_Labs/Labs_2/lab4/audio_new/design_1_wrapper_iz/hw
TRACE::2024-12-08.17:53:59::SCWPlatform:: Platform Path F:/Education/FPGA_Labs/Labs_2/lab4/audio_new/design_1_wrapper_iz/hw/design_1_wrapper_iz.xsa
TRACE::2024-12-08.17:53:59::SCWPlatform:: Unique name xilinx:zedboard::0.0
TRACE::2024-12-08.17:53:59::SCWPlatform::Trying to set the existing hwdb with name design_1_wrapper_6
TRACE::2024-12-08.17:53:59::SCWPlatform::Opened existing hwdb design_1_wrapper_6
TRACE::2024-12-08.17:53:59::SCWPlatform::Found the Hw Db part of the input DSA
TRACE::2024-12-08.17:53:59::SCWPlatform::Trying to open the hw design at F:/Education/FPGA_Labs/Labs_2/lab4/audio_new/design_1_wrapper_iz/hw/design_1_wrapper_iz.xsa
TRACE::2024-12-08.17:53:59::SCWPlatform::DSA given F:/Education/FPGA_Labs/Labs_2/lab4/audio_new/design_1_wrapper_iz/hw/design_1_wrapper_iz.xsa
TRACE::2024-12-08.17:53:59::SCWPlatform::DSA absoulate path F:/Education/FPGA_Labs/Labs_2/lab4/audio_new/design_1_wrapper_iz/hw/design_1_wrapper_iz.xsa
TRACE::2024-12-08.17:53:59::SCWPlatform::DSA directory F:/Education/FPGA_Labs/Labs_2/lab4/audio_new/design_1_wrapper_iz/hw
TRACE::2024-12-08.17:53:59::SCWPlatform:: Platform Path F:/Education/FPGA_Labs/Labs_2/lab4/audio_new/design_1_wrapper_iz/hw/design_1_wrapper_iz.xsa
TRACE::2024-12-08.17:53:59::SCWPlatform:: Unique name xilinx:zedboard::0.0
TRACE::2024-12-08.17:53:59::SCWPlatform::Trying to set the existing hwdb with name design_1_wrapper_6
TRACE::2024-12-08.17:53:59::SCWPlatform::Opened existing hwdb design_1_wrapper_6
TRACE::2024-12-08.17:53:59::SCWPlatform::Found the Hw Db part of the input DSA
TRACE::2024-12-08.17:53:59::SCWPlatform::Trying to open the hw design at F:/Education/FPGA_Labs/Labs_2/lab4/audio_new/design_1_wrapper_iz/hw/design_1_wrapper_iz.xsa
TRACE::2024-12-08.17:53:59::SCWPlatform::DSA given F:/Education/FPGA_Labs/Labs_2/lab4/audio_new/design_1_wrapper_iz/hw/design_1_wrapper_iz.xsa
TRACE::2024-12-08.17:53:59::SCWPlatform::DSA absoulate path F:/Education/FPGA_Labs/Labs_2/lab4/audio_new/design_1_wrapper_iz/hw/design_1_wrapper_iz.xsa
TRACE::2024-12-08.17:53:59::SCWPlatform::DSA directory F:/Education/FPGA_Labs/Labs_2/lab4/audio_new/design_1_wrapper_iz/hw
TRACE::2024-12-08.17:53:59::SCWPlatform:: Platform Path F:/Education/FPGA_Labs/Labs_2/lab4/audio_new/design_1_wrapper_iz/hw/design_1_wrapper_iz.xsa
TRACE::2024-12-08.17:53:59::SCWPlatform:: Unique name xilinx:zedboard::0.0
TRACE::2024-12-08.17:53:59::SCWPlatform::Trying to set the existing hwdb with name design_1_wrapper_6
TRACE::2024-12-08.17:53:59::SCWPlatform::Opened existing hwdb design_1_wrapper_6
TRACE::2024-12-08.17:53:59::SCWPlatform::Found the Hw Db part of the input DSA
TRACE::2024-12-08.17:53:59::SCWReader::Boot application domain added for zynq_fsbl
TRACE::2024-12-08.17:53:59::SCWPlatform::Trying to open the hw design at F:/Education/FPGA_Labs/Labs_2/lab4/audio_new/design_1_wrapper_iz/hw/design_1_wrapper_iz.xsa
TRACE::2024-12-08.17:53:59::SCWPlatform::DSA given F:/Education/FPGA_Labs/Labs_2/lab4/audio_new/design_1_wrapper_iz/hw/design_1_wrapper_iz.xsa
TRACE::2024-12-08.17:53:59::SCWPlatform::DSA absoulate path F:/Education/FPGA_Labs/Labs_2/lab4/audio_new/design_1_wrapper_iz/hw/design_1_wrapper_iz.xsa
TRACE::2024-12-08.17:53:59::SCWPlatform::DSA directory F:/Education/FPGA_Labs/Labs_2/lab4/audio_new/design_1_wrapper_iz/hw
TRACE::2024-12-08.17:53:59::SCWPlatform:: Platform Path F:/Education/FPGA_Labs/Labs_2/lab4/audio_new/design_1_wrapper_iz/hw/design_1_wrapper_iz.xsa
TRACE::2024-12-08.17:53:59::SCWPlatform:: Unique name xilinx:zedboard::0.0
TRACE::2024-12-08.17:53:59::SCWPlatform::Trying to set the existing hwdb with name design_1_wrapper_6
TRACE::2024-12-08.17:53:59::SCWPlatform::Opened existing hwdb design_1_wrapper_6
TRACE::2024-12-08.17:53:59::SCWPlatform::Found the Hw Db part of the input DSA
TRACE::2024-12-08.17:53:59::SCWMssOS::Checking the sw design at  F:/Education/FPGA_Labs/Labs_2/lab4/audio_new/design_1_wrapper_iz/zynq_fsbl/zynq_fsbl_bsp/system.mss
TRACE::2024-12-08.17:53:59::SCWMssOS::DEBUG:  swdes dump  F:/Education/FPGA_Labs/Labs_2/lab4/audio_new/audio/ps7_cortexa9_0/standalone_domain/bsp/system.mss|system_0||
F:/Education/FPGA_Labs/Labs_2/lab4/audio_new/audio/zynq_fsbl/zynq_fsbl_bsp/system.mss|system||

TRACE::2024-12-08.17:53:59::SCWMssOS::No sw design opened at  F:/Education/FPGA_Labs/Labs_2/lab4/audio_new/design_1_wrapper_iz/zynq_fsbl/zynq_fsbl_bsp/system.mss
TRACE::2024-12-08.17:53:59::SCWMssOS::mss exists loading the mss file  F:/Education/FPGA_Labs/Labs_2/lab4/audio_new/design_1_wrapper_iz/zynq_fsbl/zynq_fsbl_bsp/system.mss
TRACE::2024-12-08.17:53:59::SCWMssOS::Opened the sw design from mss  F:/Education/FPGA_Labs/Labs_2/lab4/audio_new/design_1_wrapper_iz/zynq_fsbl/zynq_fsbl_bsp/system.mss
TRACE::2024-12-08.17:53:59::SCWMssOS::Adding the swdes entry F:/Education/FPGA_Labs/Labs_2/lab4/audio_new/design_1_wrapper_iz/zynq_fsbl/zynq_fsbl_bsp/system.mss with des name system_1
TRACE::2024-12-08.17:53:59::SCWMssOS::updating the scw layer about changes
TRACE::2024-12-08.17:53:59::SCWMssOS::Opened the sw design.  F:/Education/FPGA_Labs/Labs_2/lab4/audio_new/design_1_wrapper_iz/zynq_fsbl/zynq_fsbl_bsp/system.mss
TRACE::2024-12-08.17:53:59::SCWPlatform::Trying to open the hw design at F:/Education/FPGA_Labs/Labs_2/lab4/audio_new/design_1_wrapper_iz/hw/design_1_wrapper_iz.xsa
TRACE::2024-12-08.17:53:59::SCWPlatform::DSA given F:/Education/FPGA_Labs/Labs_2/lab4/audio_new/design_1_wrapper_iz/hw/design_1_wrapper_iz.xsa
TRACE::2024-12-08.17:53:59::SCWPlatform::DSA absoulate path F:/Education/FPGA_Labs/Labs_2/lab4/audio_new/design_1_wrapper_iz/hw/design_1_wrapper_iz.xsa
TRACE::2024-12-08.17:53:59::SCWPlatform::DSA directory F:/Education/FPGA_Labs/Labs_2/lab4/audio_new/design_1_wrapper_iz/hw
TRACE::2024-12-08.17:53:59::SCWPlatform:: Platform Path F:/Education/FPGA_Labs/Labs_2/lab4/audio_new/design_1_wrapper_iz/hw/design_1_wrapper_iz.xsa
TRACE::2024-12-08.17:53:59::SCWPlatform:: Unique name xilinx:zedboard::0.0
TRACE::2024-12-08.17:53:59::SCWPlatform::Trying to set the existing hwdb with name design_1_wrapper_6
TRACE::2024-12-08.17:53:59::SCWPlatform::Opened existing hwdb design_1_wrapper_6
TRACE::2024-12-08.17:53:59::SCWPlatform::Found the Hw Db part of the input DSA
TRACE::2024-12-08.17:53:59::SCWMssOS::Checking the sw design at  F:/Education/FPGA_Labs/Labs_2/lab4/audio_new/design_1_wrapper_iz/zynq_fsbl/zynq_fsbl_bsp/system.mss
TRACE::2024-12-08.17:53:59::SCWMssOS::DEBUG:  swdes dump  F:/Education/FPGA_Labs/Labs_2/lab4/audio_new/audio/ps7_cortexa9_0/standalone_domain/bsp/system.mss|system_0||
F:/Education/FPGA_Labs/Labs_2/lab4/audio_new/audio/zynq_fsbl/zynq_fsbl_bsp/system.mss|system||
F:/Education/FPGA_Labs/Labs_2/lab4/audio_new/design_1_wrapper_iz/zynq_fsbl/zynq_fsbl_bsp/system.mss|system_1||

TRACE::2024-12-08.17:53:59::SCWMssOS::Sw design exists and opened at  F:/Education/FPGA_Labs/Labs_2/lab4/audio_new/design_1_wrapper_iz/zynq_fsbl/zynq_fsbl_bsp/system.mss
TRACE::2024-12-08.17:53:59::SCWMssOS:: library already available in sw design:  xilffs:5.0
TRACE::2024-12-08.17:53:59::SCWPlatform::Trying to open the hw design at F:/Education/FPGA_Labs/Labs_2/lab4/audio_new/design_1_wrapper_iz/hw/design_1_wrapper_iz.xsa
TRACE::2024-12-08.17:53:59::SCWPlatform::DSA given F:/Education/FPGA_Labs/Labs_2/lab4/audio_new/design_1_wrapper_iz/hw/design_1_wrapper_iz.xsa
TRACE::2024-12-08.17:53:59::SCWPlatform::DSA absoulate path F:/Education/FPGA_Labs/Labs_2/lab4/audio_new/design_1_wrapper_iz/hw/design_1_wrapper_iz.xsa
TRACE::2024-12-08.17:53:59::SCWPlatform::DSA directory F:/Education/FPGA_Labs/Labs_2/lab4/audio_new/design_1_wrapper_iz/hw
TRACE::2024-12-08.17:53:59::SCWPlatform:: Platform Path F:/Education/FPGA_Labs/Labs_2/lab4/audio_new/design_1_wrapper_iz/hw/design_1_wrapper_iz.xsa
TRACE::2024-12-08.17:53:59::SCWPlatform:: Unique name xilinx:zedboard::0.0
TRACE::2024-12-08.17:53:59::SCWPlatform::Trying to set the existing hwdb with name design_1_wrapper_6
TRACE::2024-12-08.17:53:59::SCWPlatform::Opened existing hwdb design_1_wrapper_6
TRACE::2024-12-08.17:53:59::SCWPlatform::Found the Hw Db part of the input DSA
TRACE::2024-12-08.17:53:59::SCWMssOS::Checking the sw design at  F:/Education/FPGA_Labs/Labs_2/lab4/audio_new/design_1_wrapper_iz/zynq_fsbl/zynq_fsbl_bsp/system.mss
TRACE::2024-12-08.17:53:59::SCWMssOS::DEBUG:  swdes dump  F:/Education/FPGA_Labs/Labs_2/lab4/audio_new/audio/ps7_cortexa9_0/standalone_domain/bsp/system.mss|system_0||
F:/Education/FPGA_Labs/Labs_2/lab4/audio_new/audio/zynq_fsbl/zynq_fsbl_bsp/system.mss|system||
F:/Education/FPGA_Labs/Labs_2/lab4/audio_new/design_1_wrapper_iz/zynq_fsbl/zynq_fsbl_bsp/system.mss|system_1||

TRACE::2024-12-08.17:53:59::SCWMssOS::Sw design exists and opened at  F:/Education/FPGA_Labs/Labs_2/lab4/audio_new/design_1_wrapper_iz/zynq_fsbl/zynq_fsbl_bsp/system.mss
TRACE::2024-12-08.17:53:59::SCWMssOS:: library already available in sw design:  xilrsa:1.6
TRACE::2024-12-08.17:53:59::SCWMssOS::Saving the mss changes F:/Education/FPGA_Labs/Labs_2/lab4/audio_new/design_1_wrapper_iz/zynq_fsbl/zynq_fsbl_bsp/system.mss
TRACE::2024-12-08.17:53:59::SCWMssOS::Found a swdesign opened with the mssfile.
TRACE::2024-12-08.17:53:59::SCWMssOS::Completed writemss as part of save.
TRACE::2024-12-08.17:53:59::SCWMssOS::Commit changes completed.
TRACE::2024-12-08.17:53:59::SCWReader::Adding prebuilt librarypaths as   
TRACE::2024-12-08.17:53:59::SCWReader::Adding prebuilt incpaths  as   
TRACE::2024-12-08.17:53:59::SCWPlatform::Trying to open the hw design at F:/Education/FPGA_Labs/Labs_2/lab4/audio_new/design_1_wrapper_iz/hw/design_1_wrapper_iz.xsa
TRACE::2024-12-08.17:53:59::SCWPlatform::DSA given F:/Education/FPGA_Labs/Labs_2/lab4/audio_new/design_1_wrapper_iz/hw/design_1_wrapper_iz.xsa
TRACE::2024-12-08.17:53:59::SCWPlatform::DSA absoulate path F:/Education/FPGA_Labs/Labs_2/lab4/audio_new/design_1_wrapper_iz/hw/design_1_wrapper_iz.xsa
TRACE::2024-12-08.17:53:59::SCWPlatform::DSA directory F:/Education/FPGA_Labs/Labs_2/lab4/audio_new/design_1_wrapper_iz/hw
TRACE::2024-12-08.17:53:59::SCWPlatform:: Platform Path F:/Education/FPGA_Labs/Labs_2/lab4/audio_new/design_1_wrapper_iz/hw/design_1_wrapper_iz.xsa
TRACE::2024-12-08.17:53:59::SCWPlatform:: Unique name xilinx:zedboard::0.0
TRACE::2024-12-08.17:53:59::SCWPlatform::Trying to set the existing hwdb with name design_1_wrapper_6
TRACE::2024-12-08.17:53:59::SCWPlatform::Opened existing hwdb design_1_wrapper_6
TRACE::2024-12-08.17:53:59::SCWPlatform::Found the Hw Db part of the input DSA
TRACE::2024-12-08.17:53:59::SCWMssOS::Checking the sw design at  F:/Education/FPGA_Labs/Labs_2/lab4/audio_new/design_1_wrapper_iz/zynq_fsbl/zynq_fsbl_bsp/system.mss
TRACE::2024-12-08.17:53:59::SCWMssOS::DEBUG:  swdes dump  F:/Education/FPGA_Labs/Labs_2/lab4/audio_new/audio/ps7_cortexa9_0/standalone_domain/bsp/system.mss|system_0||
F:/Education/FPGA_Labs/Labs_2/lab4/audio_new/audio/zynq_fsbl/zynq_fsbl_bsp/system.mss|system||
F:/Education/FPGA_Labs/Labs_2/lab4/audio_new/design_1_wrapper_iz/zynq_fsbl/zynq_fsbl_bsp/system.mss|system_1||

TRACE::2024-12-08.17:53:59::SCWMssOS::Sw design exists and opened at  F:/Education/FPGA_Labs/Labs_2/lab4/audio_new/design_1_wrapper_iz/zynq_fsbl/zynq_fsbl_bsp/system.mss
TRACE::2024-12-08.17:53:59::SCWReader::No isolation master present  
TRACE::2024-12-08.17:53:59::SCWDomain::checking for install qemu data   : 
TRACE::2024-12-08.17:53:59::SCWDomain:: Using the QEMU Data from install at  : F:/Xilinx/Vitis/Vitis/2023.1/data/emulation/platforms/zynq/sw/a9_standalone/qemu/
TRACE::2024-12-08.17:53:59::SCWDomain:: Using the QEMU args  from install at  : F:/Xilinx/Vitis/Vitis/2023.1/data/emulation/platforms/zynq/sw/a9_standalone/qemu/qemu_args.txt
TRACE::2024-12-08.17:53:59::SCWPlatform::Trying to open the hw design at F:/Education/FPGA_Labs/Labs_2/lab4/audio_new/design_1_wrapper_iz/hw/design_1_wrapper_iz.xsa
TRACE::2024-12-08.17:53:59::SCWPlatform::DSA given F:/Education/FPGA_Labs/Labs_2/lab4/audio_new/design_1_wrapper_iz/hw/design_1_wrapper_iz.xsa
TRACE::2024-12-08.17:53:59::SCWPlatform::DSA absoulate path F:/Education/FPGA_Labs/Labs_2/lab4/audio_new/design_1_wrapper_iz/hw/design_1_wrapper_iz.xsa
TRACE::2024-12-08.17:53:59::SCWPlatform::DSA directory F:/Education/FPGA_Labs/Labs_2/lab4/audio_new/design_1_wrapper_iz/hw
TRACE::2024-12-08.17:53:59::SCWPlatform:: Platform Path F:/Education/FPGA_Labs/Labs_2/lab4/audio_new/design_1_wrapper_iz/hw/design_1_wrapper_iz.xsa
TRACE::2024-12-08.17:53:59::SCWPlatform:: Unique name xilinx:zedboard::0.0
TRACE::2024-12-08.17:53:59::SCWPlatform::Trying to set the existing hwdb with name design_1_wrapper_6
TRACE::2024-12-08.17:53:59::SCWPlatform::Opened existing hwdb design_1_wrapper_6
TRACE::2024-12-08.17:53:59::SCWPlatform::Found the Hw Db part of the input DSA
TRACE::2024-12-08.17:53:59::SCWPlatform::Trying to open the hw design at F:/Education/FPGA_Labs/Labs_2/lab4/audio_new/design_1_wrapper_iz/hw/design_1_wrapper_iz.xsa
TRACE::2024-12-08.17:53:59::SCWPlatform::DSA given F:/Education/FPGA_Labs/Labs_2/lab4/audio_new/design_1_wrapper_iz/hw/design_1_wrapper_iz.xsa
TRACE::2024-12-08.17:53:59::SCWPlatform::DSA absoulate path F:/Education/FPGA_Labs/Labs_2/lab4/audio_new/design_1_wrapper_iz/hw/design_1_wrapper_iz.xsa
TRACE::2024-12-08.17:53:59::SCWPlatform::DSA directory F:/Education/FPGA_Labs/Labs_2/lab4/audio_new/design_1_wrapper_iz/hw
TRACE::2024-12-08.17:53:59::SCWPlatform:: Platform Path F:/Education/FPGA_Labs/Labs_2/lab4/audio_new/design_1_wrapper_iz/hw/design_1_wrapper_iz.xsa
TRACE::2024-12-08.17:53:59::SCWPlatform:: Unique name xilinx:zedboard::0.0
TRACE::2024-12-08.17:53:59::SCWPlatform::Trying to set the existing hwdb with name design_1_wrapper_6
TRACE::2024-12-08.17:53:59::SCWPlatform::Opened existing hwdb design_1_wrapper_6
TRACE::2024-12-08.17:53:59::SCWPlatform::Found the Hw Db part of the input DSA
TRACE::2024-12-08.17:53:59::SCWPlatform::Trying to open the hw design at F:/Education/FPGA_Labs/Labs_2/lab4/audio_new/design_1_wrapper_iz/hw/design_1_wrapper_iz.xsa
TRACE::2024-12-08.17:53:59::SCWPlatform::DSA given F:/Education/FPGA_Labs/Labs_2/lab4/audio_new/design_1_wrapper_iz/hw/design_1_wrapper_iz.xsa
TRACE::2024-12-08.17:53:59::SCWPlatform::DSA absoulate path F:/Education/FPGA_Labs/Labs_2/lab4/audio_new/design_1_wrapper_iz/hw/design_1_wrapper_iz.xsa
TRACE::2024-12-08.17:53:59::SCWPlatform::DSA directory F:/Education/FPGA_Labs/Labs_2/lab4/audio_new/design_1_wrapper_iz/hw
TRACE::2024-12-08.17:53:59::SCWPlatform:: Platform Path F:/Education/FPGA_Labs/Labs_2/lab4/audio_new/design_1_wrapper_iz/hw/design_1_wrapper_iz.xsa
TRACE::2024-12-08.17:53:59::SCWPlatform:: Unique name xilinx:zedboard::0.0
TRACE::2024-12-08.17:53:59::SCWPlatform::Trying to set the existing hwdb with name design_1_wrapper_6
TRACE::2024-12-08.17:53:59::SCWPlatform::Opened existing hwdb design_1_wrapper_6
TRACE::2024-12-08.17:53:59::SCWPlatform::Found the Hw Db part of the input DSA
TRACE::2024-12-08.17:53:59::SCWMssOS::Checking the sw design at  F:/Education/FPGA_Labs/Labs_2/lab4/audio_new/design_1_wrapper_iz/ps7_cortexa9_0/standalone_ps7_cortexa9_0/bsp/system.mss
TRACE::2024-12-08.17:53:59::SCWMssOS::DEBUG:  swdes dump  F:/Education/FPGA_Labs/Labs_2/lab4/audio_new/audio/ps7_cortexa9_0/standalone_domain/bsp/system.mss|system_0||
F:/Education/FPGA_Labs/Labs_2/lab4/audio_new/audio/zynq_fsbl/zynq_fsbl_bsp/system.mss|system||
F:/Education/FPGA_Labs/Labs_2/lab4/audio_new/design_1_wrapper_iz/zynq_fsbl/zynq_fsbl_bsp/system.mss|system_1||

TRACE::2024-12-08.17:53:59::SCWMssOS::No sw design opened at  F:/Education/FPGA_Labs/Labs_2/lab4/audio_new/design_1_wrapper_iz/ps7_cortexa9_0/standalone_ps7_cortexa9_0/bsp/system.mss
TRACE::2024-12-08.17:53:59::SCWMssOS::mss exists loading the mss file  F:/Education/FPGA_Labs/Labs_2/lab4/audio_new/design_1_wrapper_iz/ps7_cortexa9_0/standalone_ps7_cortexa9_0/bsp/system.mss
TRACE::2024-12-08.17:53:59::SCWMssOS::Opened the sw design from mss  F:/Education/FPGA_Labs/Labs_2/lab4/audio_new/design_1_wrapper_iz/ps7_cortexa9_0/standalone_ps7_cortexa9_0/bsp/system.mss
TRACE::2024-12-08.17:53:59::SCWMssOS::Adding the swdes entry F:/Education/FPGA_Labs/Labs_2/lab4/audio_new/design_1_wrapper_iz/ps7_cortexa9_0/standalone_ps7_cortexa9_0/bsp/system.mss with des name system_2
TRACE::2024-12-08.17:53:59::SCWMssOS::updating the scw layer about changes
TRACE::2024-12-08.17:53:59::SCWMssOS::Opened the sw design.  F:/Education/FPGA_Labs/Labs_2/lab4/audio_new/design_1_wrapper_iz/ps7_cortexa9_0/standalone_ps7_cortexa9_0/bsp/system.mss
TRACE::2024-12-08.17:53:59::SCWMssOS::Saving the mss changes F:/Education/FPGA_Labs/Labs_2/lab4/audio_new/design_1_wrapper_iz/ps7_cortexa9_0/standalone_ps7_cortexa9_0/bsp/system.mss
TRACE::2024-12-08.17:53:59::SCWMssOS::Found a swdesign opened with the mssfile.
TRACE::2024-12-08.17:53:59::SCWMssOS::Completed writemss as part of save.
TRACE::2024-12-08.17:53:59::SCWMssOS::Commit changes completed.
TRACE::2024-12-08.17:53:59::SCWReader::Adding prebuilt librarypaths as   
TRACE::2024-12-08.17:53:59::SCWReader::Adding prebuilt incpaths  as   
TRACE::2024-12-08.17:53:59::SCWPlatform::Trying to open the hw design at F:/Education/FPGA_Labs/Labs_2/lab4/audio_new/design_1_wrapper_iz/hw/design_1_wrapper_iz.xsa
TRACE::2024-12-08.17:53:59::SCWPlatform::DSA given F:/Education/FPGA_Labs/Labs_2/lab4/audio_new/design_1_wrapper_iz/hw/design_1_wrapper_iz.xsa
TRACE::2024-12-08.17:53:59::SCWPlatform::DSA absoulate path F:/Education/FPGA_Labs/Labs_2/lab4/audio_new/design_1_wrapper_iz/hw/design_1_wrapper_iz.xsa
TRACE::2024-12-08.17:53:59::SCWPlatform::DSA directory F:/Education/FPGA_Labs/Labs_2/lab4/audio_new/design_1_wrapper_iz/hw
TRACE::2024-12-08.17:53:59::SCWPlatform:: Platform Path F:/Education/FPGA_Labs/Labs_2/lab4/audio_new/design_1_wrapper_iz/hw/design_1_wrapper_iz.xsa
TRACE::2024-12-08.17:53:59::SCWPlatform:: Unique name xilinx:zedboard::0.0
TRACE::2024-12-08.17:53:59::SCWPlatform::Trying to set the existing hwdb with name design_1_wrapper_6
TRACE::2024-12-08.17:53:59::SCWPlatform::Opened existing hwdb design_1_wrapper_6
TRACE::2024-12-08.17:53:59::SCWPlatform::Found the Hw Db part of the input DSA
TRACE::2024-12-08.17:53:59::SCWMssOS::Checking the sw design at  F:/Education/FPGA_Labs/Labs_2/lab4/audio_new/design_1_wrapper_iz/ps7_cortexa9_0/standalone_ps7_cortexa9_0/bsp/system.mss
TRACE::2024-12-08.17:53:59::SCWMssOS::DEBUG:  swdes dump  F:/Education/FPGA_Labs/Labs_2/lab4/audio_new/audio/ps7_cortexa9_0/standalone_domain/bsp/system.mss|system_0||
F:/Education/FPGA_Labs/Labs_2/lab4/audio_new/audio/zynq_fsbl/zynq_fsbl_bsp/system.mss|system||
F:/Education/FPGA_Labs/Labs_2/lab4/audio_new/design_1_wrapper_iz/ps7_cortexa9_0/standalone_ps7_cortexa9_0/bsp/system.mss|system_2||
F:/Education/FPGA_Labs/Labs_2/lab4/audio_new/design_1_wrapper_iz/zynq_fsbl/zynq_fsbl_bsp/system.mss|system_1||

TRACE::2024-12-08.17:53:59::SCWMssOS::Sw design exists and opened at  F:/Education/FPGA_Labs/Labs_2/lab4/audio_new/design_1_wrapper_iz/ps7_cortexa9_0/standalone_ps7_cortexa9_0/bsp/system.mss
TRACE::2024-12-08.17:53:59::SCWReader::No isolation master present  
TRACE::2024-12-08.17:54:06::SCWPlatform::DSA given F:/Education/FPGA_Labs/Labs_2/lab4/audio_new/design_1_wrapper_iz/tempdsa/iz_2_design_1_wrapper.xsa
TRACE::2024-12-08.17:54:06::SCWPlatform::DSA absoulate path F:/Education/FPGA_Labs/Labs_2/lab4/audio_new/design_1_wrapper_iz/tempdsa/iz_2_design_1_wrapper.xsa
TRACE::2024-12-08.17:54:06::SCWPlatform:: Platform location is F:/Education/FPGA_Labs/Labs_2/lab4/audio_new/design_1_wrapper_iz/tempdsa
TRACE::2024-12-08.17:54:06::SCWPlatform:: Platform Path F:/Education/FPGA_Labs/Labs_2/lab4/audio_new/design_1_wrapper_iz/tempdsa/iz_2_design_1_wrapper.xsa
TRACE::2024-12-08.17:54:06::SCWPlatform:: Unique name xilinx:zedboard::0.0
TRACE::2024-12-08.17:54:08::SCWPlatform::Found the Hw Db part of the input DSA
TRACE::2024-12-08.17:54:08::SCWMssOS::Doing hw sync for the mss in domain: zynq_fsbl
TRACE::2024-12-08.17:54:08::SCWPlatform::Trying to open the hw design at F:/Education/FPGA_Labs/Labs_2/lab4/audio_new/design_1_wrapper_iz/hw/design_1_wrapper_iz.xsa
TRACE::2024-12-08.17:54:08::SCWPlatform::DSA given F:/Education/FPGA_Labs/Labs_2/lab4/audio_new/design_1_wrapper_iz/hw/design_1_wrapper_iz.xsa
TRACE::2024-12-08.17:54:08::SCWPlatform::DSA absoulate path F:/Education/FPGA_Labs/Labs_2/lab4/audio_new/design_1_wrapper_iz/hw/design_1_wrapper_iz.xsa
TRACE::2024-12-08.17:54:08::SCWPlatform::DSA directory F:/Education/FPGA_Labs/Labs_2/lab4/audio_new/design_1_wrapper_iz/hw
TRACE::2024-12-08.17:54:08::SCWPlatform:: Platform Path F:/Education/FPGA_Labs/Labs_2/lab4/audio_new/design_1_wrapper_iz/hw/design_1_wrapper_iz.xsa
TRACE::2024-12-08.17:54:08::SCWPlatform:: Unique name xilinx:zedboard::0.0
TRACE::2024-12-08.17:54:08::SCWPlatform::Trying to set the existing hwdb with name design_1_wrapper_6
TRACE::2024-12-08.17:54:08::SCWPlatform::Opened existing hwdb design_1_wrapper_6
TRACE::2024-12-08.17:54:08::SCWPlatform::Found the Hw Db part of the input DSA
TRACE::2024-12-08.17:54:08::SCWPlatform::Trying to open the hw design at F:/Education/FPGA_Labs/Labs_2/lab4/audio_new/design_1_wrapper_iz/hw/design_1_wrapper_iz.xsa
TRACE::2024-12-08.17:54:08::SCWPlatform::DSA given F:/Education/FPGA_Labs/Labs_2/lab4/audio_new/design_1_wrapper_iz/hw/design_1_wrapper_iz.xsa
TRACE::2024-12-08.17:54:08::SCWPlatform::DSA absoulate path F:/Education/FPGA_Labs/Labs_2/lab4/audio_new/design_1_wrapper_iz/hw/design_1_wrapper_iz.xsa
TRACE::2024-12-08.17:54:08::SCWPlatform::DSA directory F:/Education/FPGA_Labs/Labs_2/lab4/audio_new/design_1_wrapper_iz/hw
TRACE::2024-12-08.17:54:08::SCWPlatform:: Platform Path F:/Education/FPGA_Labs/Labs_2/lab4/audio_new/design_1_wrapper_iz/hw/design_1_wrapper_iz.xsa
TRACE::2024-12-08.17:54:08::SCWPlatform:: Unique name xilinx:zedboard::0.0
TRACE::2024-12-08.17:54:08::SCWPlatform::Trying to set the existing hwdb with name design_1_wrapper_6
TRACE::2024-12-08.17:54:08::SCWPlatform::Opened existing hwdb design_1_wrapper_6
TRACE::2024-12-08.17:54:08::SCWPlatform::Found the Hw Db part of the input DSA
TRACE::2024-12-08.17:54:08::SCWMssOS::Checking the sw design at  F:/Education/FPGA_Labs/Labs_2/lab4/audio_new/design_1_wrapper_iz/zynq_fsbl/zynq_fsbl_bsp/system.mss
TRACE::2024-12-08.17:54:08::SCWMssOS::DEBUG:  swdes dump  F:/Education/FPGA_Labs/Labs_2/lab4/audio_new/audio/ps7_cortexa9_0/standalone_domain/bsp/system.mss|system_0||
F:/Education/FPGA_Labs/Labs_2/lab4/audio_new/audio/zynq_fsbl/zynq_fsbl_bsp/system.mss|system||
F:/Education/FPGA_Labs/Labs_2/lab4/audio_new/design_1_wrapper_iz/ps7_cortexa9_0/standalone_ps7_cortexa9_0/bsp/system.mss|system_2||
F:/Education/FPGA_Labs/Labs_2/lab4/audio_new/design_1_wrapper_iz/zynq_fsbl/zynq_fsbl_bsp/system.mss|system_1||

TRACE::2024-12-08.17:54:08::SCWMssOS::Sw design exists and opened at  F:/Education/FPGA_Labs/Labs_2/lab4/audio_new/design_1_wrapper_iz/zynq_fsbl/zynq_fsbl_bsp/system.mss
TRACE::2024-12-08.17:54:08::SCWPlatform::Trying to open the hw design at F:/Education/FPGA_Labs/Labs_2/lab4/audio_new/design_1_wrapper_iz/tempdsa/iz_2_design_1_wrapper.xsa
TRACE::2024-12-08.17:54:08::SCWPlatform::DSA given F:/Education/FPGA_Labs/Labs_2/lab4/audio_new/design_1_wrapper_iz/tempdsa/iz_2_design_1_wrapper.xsa
TRACE::2024-12-08.17:54:08::SCWPlatform::DSA absoulate path F:/Education/FPGA_Labs/Labs_2/lab4/audio_new/design_1_wrapper_iz/tempdsa/iz_2_design_1_wrapper.xsa
TRACE::2024-12-08.17:54:08::SCWPlatform::DSA directory F:/Education/FPGA_Labs/Labs_2/lab4/audio_new/design_1_wrapper_iz/tempdsa
TRACE::2024-12-08.17:54:08::SCWPlatform:: Platform Path F:/Education/FPGA_Labs/Labs_2/lab4/audio_new/design_1_wrapper_iz/tempdsa/iz_2_design_1_wrapper.xsa
TRACE::2024-12-08.17:54:08::SCWPlatform:: Unique name xilinx:zedboard::0.0
TRACE::2024-12-08.17:54:08::SCWPlatform::update - Opened existing hwdb design_1_wrapper_7
TRACE::2024-12-08.17:54:08::SCWPlatform::Found the Hw Db part of the input DSA
TRACE::2024-12-08.17:54:08::SCWMssOS::Doing hw sync for the mss in domain: standalone_ps7_cortexa9_0
TRACE::2024-12-08.17:54:08::SCWPlatform::Trying to open the hw design at F:/Education/FPGA_Labs/Labs_2/lab4/audio_new/design_1_wrapper_iz/hw/design_1_wrapper_iz.xsa
TRACE::2024-12-08.17:54:08::SCWPlatform::DSA given F:/Education/FPGA_Labs/Labs_2/lab4/audio_new/design_1_wrapper_iz/hw/design_1_wrapper_iz.xsa
TRACE::2024-12-08.17:54:08::SCWPlatform::DSA absoulate path F:/Education/FPGA_Labs/Labs_2/lab4/audio_new/design_1_wrapper_iz/hw/design_1_wrapper_iz.xsa
TRACE::2024-12-08.17:54:08::SCWPlatform::DSA directory F:/Education/FPGA_Labs/Labs_2/lab4/audio_new/design_1_wrapper_iz/hw
TRACE::2024-12-08.17:54:08::SCWPlatform:: Platform Path F:/Education/FPGA_Labs/Labs_2/lab4/audio_new/design_1_wrapper_iz/hw/design_1_wrapper_iz.xsa
TRACE::2024-12-08.17:54:08::SCWPlatform:: Unique name xilinx:zedboard::0.0
TRACE::2024-12-08.17:54:08::SCWPlatform::Trying to set the existing hwdb with name design_1_wrapper_6
TRACE::2024-12-08.17:54:08::SCWPlatform::Opened existing hwdb design_1_wrapper_6
TRACE::2024-12-08.17:54:08::SCWPlatform::Found the Hw Db part of the input DSA
TRACE::2024-12-08.17:54:08::SCWPlatform::Trying to open the hw design at F:/Education/FPGA_Labs/Labs_2/lab4/audio_new/design_1_wrapper_iz/hw/design_1_wrapper_iz.xsa
TRACE::2024-12-08.17:54:08::SCWPlatform::DSA given F:/Education/FPGA_Labs/Labs_2/lab4/audio_new/design_1_wrapper_iz/hw/design_1_wrapper_iz.xsa
TRACE::2024-12-08.17:54:08::SCWPlatform::DSA absoulate path F:/Education/FPGA_Labs/Labs_2/lab4/audio_new/design_1_wrapper_iz/hw/design_1_wrapper_iz.xsa
TRACE::2024-12-08.17:54:08::SCWPlatform::DSA directory F:/Education/FPGA_Labs/Labs_2/lab4/audio_new/design_1_wrapper_iz/hw
TRACE::2024-12-08.17:54:08::SCWPlatform:: Platform Path F:/Education/FPGA_Labs/Labs_2/lab4/audio_new/design_1_wrapper_iz/hw/design_1_wrapper_iz.xsa
TRACE::2024-12-08.17:54:08::SCWPlatform:: Unique name xilinx:zedboard::0.0
TRACE::2024-12-08.17:54:08::SCWPlatform::Trying to set the existing hwdb with name design_1_wrapper_6
TRACE::2024-12-08.17:54:08::SCWPlatform::Opened existing hwdb design_1_wrapper_6
TRACE::2024-12-08.17:54:08::SCWPlatform::Found the Hw Db part of the input DSA
TRACE::2024-12-08.17:54:08::SCWMssOS::Checking the sw design at  F:/Education/FPGA_Labs/Labs_2/lab4/audio_new/design_1_wrapper_iz/ps7_cortexa9_0/standalone_ps7_cortexa9_0/bsp/system.mss
TRACE::2024-12-08.17:54:08::SCWMssOS::DEBUG:  swdes dump  F:/Education/FPGA_Labs/Labs_2/lab4/audio_new/audio/ps7_cortexa9_0/standalone_domain/bsp/system.mss|system_0||
F:/Education/FPGA_Labs/Labs_2/lab4/audio_new/audio/zynq_fsbl/zynq_fsbl_bsp/system.mss|system||
F:/Education/FPGA_Labs/Labs_2/lab4/audio_new/design_1_wrapper_iz/ps7_cortexa9_0/standalone_ps7_cortexa9_0/bsp/system.mss|system_2||
F:/Education/FPGA_Labs/Labs_2/lab4/audio_new/design_1_wrapper_iz/zynq_fsbl/zynq_fsbl_bsp/system.mss|system_1||

TRACE::2024-12-08.17:54:08::SCWMssOS::Sw design exists and opened at  F:/Education/FPGA_Labs/Labs_2/lab4/audio_new/design_1_wrapper_iz/ps7_cortexa9_0/standalone_ps7_cortexa9_0/bsp/system.mss
TRACE::2024-12-08.17:54:08::SCWPlatform::Trying to open the hw design at F:/Education/FPGA_Labs/Labs_2/lab4/audio_new/design_1_wrapper_iz/tempdsa/iz_2_design_1_wrapper.xsa
TRACE::2024-12-08.17:54:08::SCWPlatform::DSA given F:/Education/FPGA_Labs/Labs_2/lab4/audio_new/design_1_wrapper_iz/tempdsa/iz_2_design_1_wrapper.xsa
TRACE::2024-12-08.17:54:08::SCWPlatform::DSA absoulate path F:/Education/FPGA_Labs/Labs_2/lab4/audio_new/design_1_wrapper_iz/tempdsa/iz_2_design_1_wrapper.xsa
TRACE::2024-12-08.17:54:08::SCWPlatform::DSA directory F:/Education/FPGA_Labs/Labs_2/lab4/audio_new/design_1_wrapper_iz/tempdsa
TRACE::2024-12-08.17:54:08::SCWPlatform:: Platform Path F:/Education/FPGA_Labs/Labs_2/lab4/audio_new/design_1_wrapper_iz/tempdsa/iz_2_design_1_wrapper.xsa
TRACE::2024-12-08.17:54:08::SCWPlatform:: Unique name xilinx:zedboard::0.0
TRACE::2024-12-08.17:54:08::SCWPlatform::update - Opened existing hwdb design_1_wrapper_7
TRACE::2024-12-08.17:54:08::SCWPlatform::Found the Hw Db part of the input DSA
TRACE::2024-12-08.17:54:08::SCWMssOS::Saving the mss changes F:/Education/FPGA_Labs/Labs_2/lab4/audio_new/design_1_wrapper_iz/zynq_fsbl/zynq_fsbl_bsp/system.mss
TRACE::2024-12-08.17:54:08::SCWMssOS::Found a swdesign opened with the mssfile.
TRACE::2024-12-08.17:54:08::SCWMssOS::Completed writemss as part of save.
TRACE::2024-12-08.17:54:08::SCWMssOS::Commit changes completed.
TRACE::2024-12-08.17:54:08::SCWMssOS::Completed hw sync for the mss in domain: zynq_fsbl
TRACE::2024-12-08.17:54:08::SCWMssOS::Removing the swdes entry for  F:/Education/FPGA_Labs/Labs_2/lab4/audio_new/design_1_wrapper_iz/zynq_fsbl/zynq_fsbl_bsp/system.mss
TRACE::2024-12-08.17:54:08::SCWMssOS::Saving the mss changes F:/Education/FPGA_Labs/Labs_2/lab4/audio_new/design_1_wrapper_iz/ps7_cortexa9_0/standalone_ps7_cortexa9_0/bsp/system.mss
TRACE::2024-12-08.17:54:08::SCWMssOS::Found a swdesign opened with the mssfile.
TRACE::2024-12-08.17:54:08::SCWMssOS::Completed writemss as part of save.
TRACE::2024-12-08.17:54:08::SCWMssOS::Commit changes completed.
TRACE::2024-12-08.17:54:08::SCWMssOS::Completed hw sync for the mss in domain: standalone_ps7_cortexa9_0
TRACE::2024-12-08.17:54:08::SCWMssOS::Removing the swdes entry for  F:/Education/FPGA_Labs/Labs_2/lab4/audio_new/design_1_wrapper_iz/ps7_cortexa9_0/standalone_ps7_cortexa9_0/bsp/system.mss
TRACE::2024-12-08.17:54:08::SCWPlatform::Trying to open the hw design at F:/Education/FPGA_Labs/Labs_2/lab4/audio_new/design_1_wrapper_iz/hw/iz_2_design_1_wrapper.xsa
TRACE::2024-12-08.17:54:08::SCWPlatform::DSA given F:/Education/FPGA_Labs/Labs_2/lab4/audio_new/design_1_wrapper_iz/hw/iz_2_design_1_wrapper.xsa
TRACE::2024-12-08.17:54:08::SCWPlatform::DSA absoulate path F:/Education/FPGA_Labs/Labs_2/lab4/audio_new/design_1_wrapper_iz/hw/iz_2_design_1_wrapper.xsa
TRACE::2024-12-08.17:54:08::SCWPlatform::DSA directory F:/Education/FPGA_Labs/Labs_2/lab4/audio_new/design_1_wrapper_iz/hw
TRACE::2024-12-08.17:54:08::SCWPlatform:: Platform Path F:/Education/FPGA_Labs/Labs_2/lab4/audio_new/design_1_wrapper_iz/hw/iz_2_design_1_wrapper.xsa
TRACE::2024-12-08.17:54:08::SCWPlatform:: Unique name xilinx:zedboard::0.0
TRACE::2024-12-08.17:54:08::SCWPlatform::Do not have an existing db opened. 
TRACE::2024-12-08.17:54:09::SCWPlatform::Opened new HwDB with name design_1_wrapper_8
TRACE::2024-12-08.17:54:09::SCWMssOS::Saving the mss changes F:/Education/FPGA_Labs/Labs_2/lab4/audio_new/design_1_wrapper_iz/zynq_fsbl/zynq_fsbl_bsp/system.mss
TRACE::2024-12-08.17:54:09::SCWMssOS::Adding the swdes entry, mss present, able to open swdb F:/Education/FPGA_Labs/Labs_2/lab4/audio_new/design_1_wrapper_iz/zynq_fsbl/zynq_fsbl_bsp/system.mss with des name system_1
TRACE::2024-12-08.17:54:09::SCWMssOS::Writing the mss file completed F:/Education/FPGA_Labs/Labs_2/lab4/audio_new/design_1_wrapper_iz/zynq_fsbl/zynq_fsbl_bsp/system.mss
TRACE::2024-12-08.17:54:09::SCWMssOS::Commit changes completed.
TRACE::2024-12-08.17:54:09::SCWMssOS::Saving the mss changes F:/Education/FPGA_Labs/Labs_2/lab4/audio_new/design_1_wrapper_iz/ps7_cortexa9_0/standalone_ps7_cortexa9_0/bsp/system.mss
TRACE::2024-12-08.17:54:09::SCWMssOS::Adding the swdes entry, mss present, able to open swdb F:/Education/FPGA_Labs/Labs_2/lab4/audio_new/design_1_wrapper_iz/ps7_cortexa9_0/standalone_ps7_cortexa9_0/bsp/system.mss with des name system_2
TRACE::2024-12-08.17:54:09::SCWMssOS::Writing the mss file completed F:/Education/FPGA_Labs/Labs_2/lab4/audio_new/design_1_wrapper_iz/ps7_cortexa9_0/standalone_ps7_cortexa9_0/bsp/system.mss
TRACE::2024-12-08.17:54:09::SCWMssOS::Commit changes completed.
TRACE::2024-12-08.17:54:09::SCWPlatform::Trying to open the hw design at F:/Education/FPGA_Labs/Labs_2/lab4/audio_new/design_1_wrapper_iz/hw/iz_2_design_1_wrapper.xsa
TRACE::2024-12-08.17:54:09::SCWPlatform::DSA given F:/Education/FPGA_Labs/Labs_2/lab4/audio_new/design_1_wrapper_iz/hw/iz_2_design_1_wrapper.xsa
TRACE::2024-12-08.17:54:09::SCWPlatform::DSA absoulate path F:/Education/FPGA_Labs/Labs_2/lab4/audio_new/design_1_wrapper_iz/hw/iz_2_design_1_wrapper.xsa
TRACE::2024-12-08.17:54:09::SCWPlatform::DSA directory F:/Education/FPGA_Labs/Labs_2/lab4/audio_new/design_1_wrapper_iz/hw
TRACE::2024-12-08.17:54:09::SCWPlatform:: Platform Path F:/Education/FPGA_Labs/Labs_2/lab4/audio_new/design_1_wrapper_iz/hw/iz_2_design_1_wrapper.xsa
TRACE::2024-12-08.17:54:09::SCWPlatform:: Unique name xilinx:zedboard::0.0
TRACE::2024-12-08.17:54:09::SCWPlatform::Trying to set the existing hwdb with name design_1_wrapper_8
TRACE::2024-12-08.17:54:09::SCWPlatform::Opened existing hwdb design_1_wrapper_8
TRACE::2024-12-08.17:54:09::SCWPlatform::Found the Hw Db part of the input DSA
TRACE::2024-12-08.17:54:09::SCWMssOS::Checking the sw design at  F:/Education/FPGA_Labs/Labs_2/lab4/audio_new/design_1_wrapper_iz/zynq_fsbl/zynq_fsbl_bsp/system.mss
TRACE::2024-12-08.17:54:09::SCWMssOS::DEBUG:  swdes dump  F:/Education/FPGA_Labs/Labs_2/lab4/audio_new/audio/ps7_cortexa9_0/standalone_domain/bsp/system.mss|system_0||
F:/Education/FPGA_Labs/Labs_2/lab4/audio_new/audio/zynq_fsbl/zynq_fsbl_bsp/system.mss|system||
F:/Education/FPGA_Labs/Labs_2/lab4/audio_new/design_1_wrapper_iz/ps7_cortexa9_0/standalone_ps7_cortexa9_0/bsp/system.mss|system_2||
F:/Education/FPGA_Labs/Labs_2/lab4/audio_new/design_1_wrapper_iz/zynq_fsbl/zynq_fsbl_bsp/system.mss|system_1||

TRACE::2024-12-08.17:54:09::SCWMssOS::Sw design exists and opened at  F:/Education/FPGA_Labs/Labs_2/lab4/audio_new/design_1_wrapper_iz/zynq_fsbl/zynq_fsbl_bsp/system.mss
TRACE::2024-12-08.17:54:09::SCWPlatform::Trying to open the hw design at F:/Education/FPGA_Labs/Labs_2/lab4/audio_new/design_1_wrapper_iz/hw/iz_2_design_1_wrapper.xsa
TRACE::2024-12-08.17:54:09::SCWPlatform::DSA given F:/Education/FPGA_Labs/Labs_2/lab4/audio_new/design_1_wrapper_iz/hw/iz_2_design_1_wrapper.xsa
TRACE::2024-12-08.17:54:09::SCWPlatform::DSA absoulate path F:/Education/FPGA_Labs/Labs_2/lab4/audio_new/design_1_wrapper_iz/hw/iz_2_design_1_wrapper.xsa
TRACE::2024-12-08.17:54:09::SCWPlatform::DSA directory F:/Education/FPGA_Labs/Labs_2/lab4/audio_new/design_1_wrapper_iz/hw
TRACE::2024-12-08.17:54:09::SCWPlatform:: Platform Path F:/Education/FPGA_Labs/Labs_2/lab4/audio_new/design_1_wrapper_iz/hw/iz_2_design_1_wrapper.xsa
TRACE::2024-12-08.17:54:09::SCWPlatform:: Unique name xilinx:zedboard::0.0
TRACE::2024-12-08.17:54:09::SCWPlatform::Trying to set the existing hwdb with name design_1_wrapper_8
TRACE::2024-12-08.17:54:09::SCWPlatform::Opened existing hwdb design_1_wrapper_8
TRACE::2024-12-08.17:54:09::SCWPlatform::Found the Hw Db part of the input DSA
TRACE::2024-12-08.17:54:09::SCWMssOS::Checking the sw design at  F:/Education/FPGA_Labs/Labs_2/lab4/audio_new/design_1_wrapper_iz/ps7_cortexa9_0/standalone_ps7_cortexa9_0/bsp/system.mss
TRACE::2024-12-08.17:54:09::SCWMssOS::DEBUG:  swdes dump  F:/Education/FPGA_Labs/Labs_2/lab4/audio_new/audio/ps7_cortexa9_0/standalone_domain/bsp/system.mss|system_0||
F:/Education/FPGA_Labs/Labs_2/lab4/audio_new/audio/zynq_fsbl/zynq_fsbl_bsp/system.mss|system||
F:/Education/FPGA_Labs/Labs_2/lab4/audio_new/design_1_wrapper_iz/ps7_cortexa9_0/standalone_ps7_cortexa9_0/bsp/system.mss|system_2||
F:/Education/FPGA_Labs/Labs_2/lab4/audio_new/design_1_wrapper_iz/zynq_fsbl/zynq_fsbl_bsp/system.mss|system_1||

TRACE::2024-12-08.17:54:09::SCWMssOS::Sw design exists and opened at  F:/Education/FPGA_Labs/Labs_2/lab4/audio_new/design_1_wrapper_iz/ps7_cortexa9_0/standalone_ps7_cortexa9_0/bsp/system.mss
TRACE::2024-12-08.17:54:09::SCWWriter::formatted JSON is {
	"platformName":	"design_1_wrapper_iz",
	"sprVersion":	"2.0",
	"mode":	"gui",
	"dsaType":	"Fixed",
	"platformDesc":	"design_1_wrapper_iz",
	"platHandOff":	"F:/Education/FPGA_Labs/Labs_2/lab4/audio_new/iz_2_design_1_wrapper.xsa",
	"platIntHandOff":	"<platformDir>/hw/iz_2_design_1_wrapper.xsa",
	"deviceType":	"zynq",
	"platIsPrebuiltAutogen":	"false",
	"platIsNoBootBsp":	"false",
	"hasFsblMakeHasChanges":	"false",
	"hasPmufwMakeHasChanges":	"false",
	"fsblExtraCompilerFlags":	"-MMD -MP       -mcpu=cortex-a9 -mfpu=vfpv3 -mfloat-abi=hard ",
	"platPreBuiltFlag":	false,
	"platformSamplesDir":	"",
	"platActiveSys":	"design_1_wrapper_iz",
	"systems":	[{
			"systemName":	"design_1_wrapper_iz",
			"systemDesc":	"design_1_wrapper_iz",
			"sysIsBootAutoGen":	"true",
			"systemDispName":	"design_1_wrapper_iz",
			"sysActiveDom":	"standalone_ps7_cortexa9_0",
			"sysDefaultDom":	"standalone_ps7_cortexa9_0",
			"domains":	[{
					"domainName":	"zynq_fsbl",
					"domainDispName":	"zynq_fsbl",
					"domainDesc":	"FSBL Application BSP - Auto Generated.",
					"processors":	"ps7_cortexa9_0",
					"os":	"standalone",
					"sdxOs":	"standalone",
					"debugEnable":	"",
					"domRuntimes":	["cpp"],
					"swRepo":	"",
					"mssOsVer":	"8.1",
					"mssFile":	"",
					"md5Digest":	"d9a34af2dee52f902a49b7b36c0ab9381",
					"compatibleApp":	"zynq_fsbl",
					"domType":	"bootDomain",
					"arch":	"32-bit",
					"appSettings":	{
						"appCompilerFlags":	"",
						"appLinkerFlags":	""
					},
					"addedLibs":	["xilffs:5.0", "xilrsa:1.6"],
					"libOptions":	{
						"libsContainingOptions":	[]
					},
					"prebuiltLibs":	{
						"prebuiltIncPath":	[],
						"prebuiltLibPath":	[]
					},
					"isolation":	{
					}
				}, {
					"domainName":	"standalone_ps7_cortexa9_0",
					"domainDispName":	"standalone_ps7_cortexa9_0",
					"domainDesc":	"standalone_ps7_cortexa9_0",
					"processors":	"ps7_cortexa9_0",
					"os":	"standalone",
					"sdxOs":	"standalone",
					"qemuArgs":	"<platformDir>/resources/design_1_wrapper_iz/standalone_ps7_cortexa9_0/qemu_args.txt",
					"qemuData":	"<platformDir>/resources/design_1_wrapper_iz/standalone_ps7_cortexa9_0/qemu",
					"debugEnable":	"False",
					"domRuntimes":	["cpp"],
					"swRepo":	"",
					"mssOsVer":	"8.1",
					"mssFile":	"",
					"md5Digest":	"9a5c07eb3fcbf029dead828c18c1b9c01",
					"compatibleApp":	"",
					"domType":	"mssDomain",
					"arch":	"32-bit",
					"appSettings":	{
						"appCompilerFlags":	"",
						"appLinkerFlags":	""
					},
					"addedLibs":	[],
					"libOptions":	{
						"libsContainingOptions":	[]
					},
					"prebuiltLibs":	{
						"prebuiltIncPath":	[],
						"prebuiltLibPath":	[]
					},
					"isolation":	{
					}
				}]
		}]
}
TRACE::2024-12-08.17:54:24::SCWPlatform::Clearing the existing platform
TRACE::2024-12-08.17:54:24::SCWSystem::Clearing the existing sysconfig
TRACE::2024-12-08.17:54:24::SCWBDomain::clearing the fsbl build
TRACE::2024-12-08.17:54:24::SCWMssOS::Removing the swdes entry for  F:/Education/FPGA_Labs/Labs_2/lab4/audio_new/design_1_wrapper_iz/zynq_fsbl/zynq_fsbl_bsp/system.mss
TRACE::2024-12-08.17:54:24::SCWMssOS::Removing the swdes entry for  F:/Education/FPGA_Labs/Labs_2/lab4/audio_new/design_1_wrapper_iz/ps7_cortexa9_0/standalone_ps7_cortexa9_0/bsp/system.mss
TRACE::2024-12-08.17:54:24::SCWSystem::Clearing the domains completed.
TRACE::2024-12-08.17:54:24::SCWPlatform::Clearing the opened hw db.
TRACE::2024-12-08.17:54:24::SCWPlatform::DSA given F:/Education/FPGA_Labs/Labs_2/lab4/audio_new/design_1_wrapper_iz/hw/iz_2_design_1_wrapper.xsa
TRACE::2024-12-08.17:54:24::SCWPlatform::DSA absoulate path F:/Education/FPGA_Labs/Labs_2/lab4/audio_new/design_1_wrapper_iz/hw/iz_2_design_1_wrapper.xsa
TRACE::2024-12-08.17:54:24::SCWPlatform:: Platform location is F:/Education/FPGA_Labs/Labs_2/lab4/audio_new/design_1_wrapper_iz/hw
TRACE::2024-12-08.17:54:24::SCWPlatform:: Platform Path F:/Education/FPGA_Labs/Labs_2/lab4/audio_new/design_1_wrapper_iz/hw/iz_2_design_1_wrapper.xsa
TRACE::2024-12-08.17:54:24::SCWPlatform:: Unique name xilinx:zedboard::0.0
TRACE::2024-12-08.17:54:24::SCWPlatform::Removing the HwDB with name F:/Education/FPGA_Labs/Labs_2/lab4/audio_new/design_1_wrapper_iz/hw/iz_2_design_1_wrapper.xsa
TRACE::2024-12-08.17:54:24::SCWPlatform::Trying to open the hw design at F:/Education/FPGA_Labs/Labs_2/lab4/audio_new/design_1_wrapper_iz/hw/iz_2_design_1_wrapper.xsa
TRACE::2024-12-08.17:54:24::SCWPlatform::DSA given F:/Education/FPGA_Labs/Labs_2/lab4/audio_new/design_1_wrapper_iz/hw/iz_2_design_1_wrapper.xsa
TRACE::2024-12-08.17:54:24::SCWPlatform::DSA absoulate path F:/Education/FPGA_Labs/Labs_2/lab4/audio_new/design_1_wrapper_iz/hw/iz_2_design_1_wrapper.xsa
TRACE::2024-12-08.17:54:24::SCWPlatform::DSA directory F:/Education/FPGA_Labs/Labs_2/lab4/audio_new/design_1_wrapper_iz/hw
TRACE::2024-12-08.17:54:24::SCWPlatform:: Platform Path F:/Education/FPGA_Labs/Labs_2/lab4/audio_new/design_1_wrapper_iz/hw/iz_2_design_1_wrapper.xsa
TRACE::2024-12-08.17:54:24::SCWPlatform:: Unique name xilinx:zedboard::0.0
TRACE::2024-12-08.17:54:24::SCWPlatform::Do not have an existing db opened. 
TRACE::2024-12-08.17:54:26::SCWPlatform::Opened new HwDB with name design_1_wrapper_9
TRACE::2024-12-08.17:54:26::SCWReader::Active system found as  design_1_wrapper_iz
TRACE::2024-12-08.17:54:26::SCWReader::Handling sysconfig design_1_wrapper_iz
TRACE::2024-12-08.17:54:26::SCWDomain::checking for install qemu data   : 
TRACE::2024-12-08.17:54:26::SCWDomain:: Using the QEMU Data from install at  : F:/Xilinx/Vitis/Vitis/2023.1/data/emulation/platforms/zynq/sw/a9_standalone/qemu/
TRACE::2024-12-08.17:54:26::SCWDomain:: Using the QEMU args  from install at  : F:/Xilinx/Vitis/Vitis/2023.1/data/emulation/platforms/zynq/sw/a9_standalone/qemu/qemu_args.txt
TRACE::2024-12-08.17:54:26::SCWPlatform::Trying to open the hw design at F:/Education/FPGA_Labs/Labs_2/lab4/audio_new/design_1_wrapper_iz/hw/iz_2_design_1_wrapper.xsa
TRACE::2024-12-08.17:54:26::SCWPlatform::DSA given F:/Education/FPGA_Labs/Labs_2/lab4/audio_new/design_1_wrapper_iz/hw/iz_2_design_1_wrapper.xsa
TRACE::2024-12-08.17:54:26::SCWPlatform::DSA absoulate path F:/Education/FPGA_Labs/Labs_2/lab4/audio_new/design_1_wrapper_iz/hw/iz_2_design_1_wrapper.xsa
TRACE::2024-12-08.17:54:26::SCWPlatform::DSA directory F:/Education/FPGA_Labs/Labs_2/lab4/audio_new/design_1_wrapper_iz/hw
TRACE::2024-12-08.17:54:26::SCWPlatform:: Platform Path F:/Education/FPGA_Labs/Labs_2/lab4/audio_new/design_1_wrapper_iz/hw/iz_2_design_1_wrapper.xsa
TRACE::2024-12-08.17:54:26::SCWPlatform:: Unique name xilinx:zedboard::0.0
TRACE::2024-12-08.17:54:26::SCWPlatform::Trying to set the existing hwdb with name design_1_wrapper_9
TRACE::2024-12-08.17:54:26::SCWPlatform::Opened existing hwdb design_1_wrapper_9
TRACE::2024-12-08.17:54:26::SCWPlatform::Found the Hw Db part of the input DSA
TRACE::2024-12-08.17:54:26::SCWPlatform::Trying to open the hw design at F:/Education/FPGA_Labs/Labs_2/lab4/audio_new/design_1_wrapper_iz/hw/iz_2_design_1_wrapper.xsa
TRACE::2024-12-08.17:54:26::SCWPlatform::DSA given F:/Education/FPGA_Labs/Labs_2/lab4/audio_new/design_1_wrapper_iz/hw/iz_2_design_1_wrapper.xsa
TRACE::2024-12-08.17:54:26::SCWPlatform::DSA absoulate path F:/Education/FPGA_Labs/Labs_2/lab4/audio_new/design_1_wrapper_iz/hw/iz_2_design_1_wrapper.xsa
TRACE::2024-12-08.17:54:26::SCWPlatform::DSA directory F:/Education/FPGA_Labs/Labs_2/lab4/audio_new/design_1_wrapper_iz/hw
TRACE::2024-12-08.17:54:26::SCWPlatform:: Platform Path F:/Education/FPGA_Labs/Labs_2/lab4/audio_new/design_1_wrapper_iz/hw/iz_2_design_1_wrapper.xsa
TRACE::2024-12-08.17:54:26::SCWPlatform:: Unique name xilinx:zedboard::0.0
TRACE::2024-12-08.17:54:26::SCWPlatform::Trying to set the existing hwdb with name design_1_wrapper_9
TRACE::2024-12-08.17:54:26::SCWPlatform::Opened existing hwdb design_1_wrapper_9
TRACE::2024-12-08.17:54:26::SCWPlatform::Found the Hw Db part of the input DSA
TRACE::2024-12-08.17:54:26::SCWPlatform::Trying to open the hw design at F:/Education/FPGA_Labs/Labs_2/lab4/audio_new/design_1_wrapper_iz/hw/iz_2_design_1_wrapper.xsa
TRACE::2024-12-08.17:54:26::SCWPlatform::DSA given F:/Education/FPGA_Labs/Labs_2/lab4/audio_new/design_1_wrapper_iz/hw/iz_2_design_1_wrapper.xsa
TRACE::2024-12-08.17:54:26::SCWPlatform::DSA absoulate path F:/Education/FPGA_Labs/Labs_2/lab4/audio_new/design_1_wrapper_iz/hw/iz_2_design_1_wrapper.xsa
TRACE::2024-12-08.17:54:26::SCWPlatform::DSA directory F:/Education/FPGA_Labs/Labs_2/lab4/audio_new/design_1_wrapper_iz/hw
TRACE::2024-12-08.17:54:26::SCWPlatform:: Platform Path F:/Education/FPGA_Labs/Labs_2/lab4/audio_new/design_1_wrapper_iz/hw/iz_2_design_1_wrapper.xsa
TRACE::2024-12-08.17:54:26::SCWPlatform:: Unique name xilinx:zedboard::0.0
TRACE::2024-12-08.17:54:26::SCWPlatform::Trying to set the existing hwdb with name design_1_wrapper_9
TRACE::2024-12-08.17:54:26::SCWPlatform::Opened existing hwdb design_1_wrapper_9
TRACE::2024-12-08.17:54:26::SCWPlatform::Found the Hw Db part of the input DSA
TRACE::2024-12-08.17:54:26::SCWReader::Boot application domain added for zynq_fsbl
TRACE::2024-12-08.17:54:26::SCWPlatform::Trying to open the hw design at F:/Education/FPGA_Labs/Labs_2/lab4/audio_new/design_1_wrapper_iz/hw/iz_2_design_1_wrapper.xsa
TRACE::2024-12-08.17:54:26::SCWPlatform::DSA given F:/Education/FPGA_Labs/Labs_2/lab4/audio_new/design_1_wrapper_iz/hw/iz_2_design_1_wrapper.xsa
TRACE::2024-12-08.17:54:26::SCWPlatform::DSA absoulate path F:/Education/FPGA_Labs/Labs_2/lab4/audio_new/design_1_wrapper_iz/hw/iz_2_design_1_wrapper.xsa
TRACE::2024-12-08.17:54:26::SCWPlatform::DSA directory F:/Education/FPGA_Labs/Labs_2/lab4/audio_new/design_1_wrapper_iz/hw
TRACE::2024-12-08.17:54:26::SCWPlatform:: Platform Path F:/Education/FPGA_Labs/Labs_2/lab4/audio_new/design_1_wrapper_iz/hw/iz_2_design_1_wrapper.xsa
TRACE::2024-12-08.17:54:26::SCWPlatform:: Unique name xilinx:zedboard::0.0
TRACE::2024-12-08.17:54:26::SCWPlatform::Trying to set the existing hwdb with name design_1_wrapper_9
TRACE::2024-12-08.17:54:26::SCWPlatform::Opened existing hwdb design_1_wrapper_9
TRACE::2024-12-08.17:54:26::SCWPlatform::Found the Hw Db part of the input DSA
TRACE::2024-12-08.17:54:26::SCWMssOS::Checking the sw design at  F:/Education/FPGA_Labs/Labs_2/lab4/audio_new/design_1_wrapper_iz/zynq_fsbl/zynq_fsbl_bsp/system.mss
TRACE::2024-12-08.17:54:26::SCWMssOS::DEBUG:  swdes dump  F:/Education/FPGA_Labs/Labs_2/lab4/audio_new/audio/ps7_cortexa9_0/standalone_domain/bsp/system.mss|system_0||
F:/Education/FPGA_Labs/Labs_2/lab4/audio_new/audio/zynq_fsbl/zynq_fsbl_bsp/system.mss|system||

TRACE::2024-12-08.17:54:26::SCWMssOS::No sw design opened at  F:/Education/FPGA_Labs/Labs_2/lab4/audio_new/design_1_wrapper_iz/zynq_fsbl/zynq_fsbl_bsp/system.mss
TRACE::2024-12-08.17:54:26::SCWMssOS::mss exists loading the mss file  F:/Education/FPGA_Labs/Labs_2/lab4/audio_new/design_1_wrapper_iz/zynq_fsbl/zynq_fsbl_bsp/system.mss
TRACE::2024-12-08.17:54:26::SCWMssOS::Opened the sw design from mss  F:/Education/FPGA_Labs/Labs_2/lab4/audio_new/design_1_wrapper_iz/zynq_fsbl/zynq_fsbl_bsp/system.mss
TRACE::2024-12-08.17:54:26::SCWMssOS::Adding the swdes entry F:/Education/FPGA_Labs/Labs_2/lab4/audio_new/design_1_wrapper_iz/zynq_fsbl/zynq_fsbl_bsp/system.mss with des name system_1
TRACE::2024-12-08.17:54:26::SCWMssOS::updating the scw layer about changes
TRACE::2024-12-08.17:54:26::SCWMssOS::Opened the sw design.  F:/Education/FPGA_Labs/Labs_2/lab4/audio_new/design_1_wrapper_iz/zynq_fsbl/zynq_fsbl_bsp/system.mss
TRACE::2024-12-08.17:54:26::SCWPlatform::Trying to open the hw design at F:/Education/FPGA_Labs/Labs_2/lab4/audio_new/design_1_wrapper_iz/hw/iz_2_design_1_wrapper.xsa
TRACE::2024-12-08.17:54:26::SCWPlatform::DSA given F:/Education/FPGA_Labs/Labs_2/lab4/audio_new/design_1_wrapper_iz/hw/iz_2_design_1_wrapper.xsa
TRACE::2024-12-08.17:54:26::SCWPlatform::DSA absoulate path F:/Education/FPGA_Labs/Labs_2/lab4/audio_new/design_1_wrapper_iz/hw/iz_2_design_1_wrapper.xsa
TRACE::2024-12-08.17:54:26::SCWPlatform::DSA directory F:/Education/FPGA_Labs/Labs_2/lab4/audio_new/design_1_wrapper_iz/hw
TRACE::2024-12-08.17:54:26::SCWPlatform:: Platform Path F:/Education/FPGA_Labs/Labs_2/lab4/audio_new/design_1_wrapper_iz/hw/iz_2_design_1_wrapper.xsa
TRACE::2024-12-08.17:54:26::SCWPlatform:: Unique name xilinx:zedboard::0.0
TRACE::2024-12-08.17:54:26::SCWPlatform::Trying to set the existing hwdb with name design_1_wrapper_9
TRACE::2024-12-08.17:54:26::SCWPlatform::Opened existing hwdb design_1_wrapper_9
TRACE::2024-12-08.17:54:26::SCWPlatform::Found the Hw Db part of the input DSA
TRACE::2024-12-08.17:54:26::SCWMssOS::Checking the sw design at  F:/Education/FPGA_Labs/Labs_2/lab4/audio_new/design_1_wrapper_iz/zynq_fsbl/zynq_fsbl_bsp/system.mss
TRACE::2024-12-08.17:54:26::SCWMssOS::DEBUG:  swdes dump  F:/Education/FPGA_Labs/Labs_2/lab4/audio_new/audio/ps7_cortexa9_0/standalone_domain/bsp/system.mss|system_0||
F:/Education/FPGA_Labs/Labs_2/lab4/audio_new/audio/zynq_fsbl/zynq_fsbl_bsp/system.mss|system||
F:/Education/FPGA_Labs/Labs_2/lab4/audio_new/design_1_wrapper_iz/zynq_fsbl/zynq_fsbl_bsp/system.mss|system_1||

TRACE::2024-12-08.17:54:26::SCWMssOS::Sw design exists and opened at  F:/Education/FPGA_Labs/Labs_2/lab4/audio_new/design_1_wrapper_iz/zynq_fsbl/zynq_fsbl_bsp/system.mss
TRACE::2024-12-08.17:54:26::SCWMssOS:: library already available in sw design:  xilffs:5.0
TRACE::2024-12-08.17:54:26::SCWPlatform::Trying to open the hw design at F:/Education/FPGA_Labs/Labs_2/lab4/audio_new/design_1_wrapper_iz/hw/iz_2_design_1_wrapper.xsa
TRACE::2024-12-08.17:54:26::SCWPlatform::DSA given F:/Education/FPGA_Labs/Labs_2/lab4/audio_new/design_1_wrapper_iz/hw/iz_2_design_1_wrapper.xsa
TRACE::2024-12-08.17:54:26::SCWPlatform::DSA absoulate path F:/Education/FPGA_Labs/Labs_2/lab4/audio_new/design_1_wrapper_iz/hw/iz_2_design_1_wrapper.xsa
TRACE::2024-12-08.17:54:26::SCWPlatform::DSA directory F:/Education/FPGA_Labs/Labs_2/lab4/audio_new/design_1_wrapper_iz/hw
TRACE::2024-12-08.17:54:26::SCWPlatform:: Platform Path F:/Education/FPGA_Labs/Labs_2/lab4/audio_new/design_1_wrapper_iz/hw/iz_2_design_1_wrapper.xsa
TRACE::2024-12-08.17:54:26::SCWPlatform:: Unique name xilinx:zedboard::0.0
TRACE::2024-12-08.17:54:26::SCWPlatform::Trying to set the existing hwdb with name design_1_wrapper_9
TRACE::2024-12-08.17:54:26::SCWPlatform::Opened existing hwdb design_1_wrapper_9
TRACE::2024-12-08.17:54:26::SCWPlatform::Found the Hw Db part of the input DSA
TRACE::2024-12-08.17:54:26::SCWMssOS::Checking the sw design at  F:/Education/FPGA_Labs/Labs_2/lab4/audio_new/design_1_wrapper_iz/zynq_fsbl/zynq_fsbl_bsp/system.mss
TRACE::2024-12-08.17:54:26::SCWMssOS::DEBUG:  swdes dump  F:/Education/FPGA_Labs/Labs_2/lab4/audio_new/audio/ps7_cortexa9_0/standalone_domain/bsp/system.mss|system_0||
F:/Education/FPGA_Labs/Labs_2/lab4/audio_new/audio/zynq_fsbl/zynq_fsbl_bsp/system.mss|system||
F:/Education/FPGA_Labs/Labs_2/lab4/audio_new/design_1_wrapper_iz/zynq_fsbl/zynq_fsbl_bsp/system.mss|system_1||

TRACE::2024-12-08.17:54:26::SCWMssOS::Sw design exists and opened at  F:/Education/FPGA_Labs/Labs_2/lab4/audio_new/design_1_wrapper_iz/zynq_fsbl/zynq_fsbl_bsp/system.mss
TRACE::2024-12-08.17:54:26::SCWMssOS:: library already available in sw design:  xilrsa:1.6
TRACE::2024-12-08.17:54:26::SCWMssOS::Saving the mss changes F:/Education/FPGA_Labs/Labs_2/lab4/audio_new/design_1_wrapper_iz/zynq_fsbl/zynq_fsbl_bsp/system.mss
TRACE::2024-12-08.17:54:26::SCWMssOS::Found a swdesign opened with the mssfile.
TRACE::2024-12-08.17:54:26::SCWMssOS::Completed writemss as part of save.
TRACE::2024-12-08.17:54:26::SCWMssOS::Commit changes completed.
TRACE::2024-12-08.17:54:26::SCWReader::Adding prebuilt librarypaths as   
TRACE::2024-12-08.17:54:26::SCWReader::Adding prebuilt incpaths  as   
TRACE::2024-12-08.17:54:26::SCWPlatform::Trying to open the hw design at F:/Education/FPGA_Labs/Labs_2/lab4/audio_new/design_1_wrapper_iz/hw/iz_2_design_1_wrapper.xsa
TRACE::2024-12-08.17:54:26::SCWPlatform::DSA given F:/Education/FPGA_Labs/Labs_2/lab4/audio_new/design_1_wrapper_iz/hw/iz_2_design_1_wrapper.xsa
TRACE::2024-12-08.17:54:26::SCWPlatform::DSA absoulate path F:/Education/FPGA_Labs/Labs_2/lab4/audio_new/design_1_wrapper_iz/hw/iz_2_design_1_wrapper.xsa
TRACE::2024-12-08.17:54:26::SCWPlatform::DSA directory F:/Education/FPGA_Labs/Labs_2/lab4/audio_new/design_1_wrapper_iz/hw
TRACE::2024-12-08.17:54:26::SCWPlatform:: Platform Path F:/Education/FPGA_Labs/Labs_2/lab4/audio_new/design_1_wrapper_iz/hw/iz_2_design_1_wrapper.xsa
TRACE::2024-12-08.17:54:26::SCWPlatform:: Unique name xilinx:zedboard::0.0
TRACE::2024-12-08.17:54:26::SCWPlatform::Trying to set the existing hwdb with name design_1_wrapper_9
TRACE::2024-12-08.17:54:26::SCWPlatform::Opened existing hwdb design_1_wrapper_9
TRACE::2024-12-08.17:54:26::SCWPlatform::Found the Hw Db part of the input DSA
TRACE::2024-12-08.17:54:26::SCWMssOS::Checking the sw design at  F:/Education/FPGA_Labs/Labs_2/lab4/audio_new/design_1_wrapper_iz/zynq_fsbl/zynq_fsbl_bsp/system.mss
TRACE::2024-12-08.17:54:26::SCWMssOS::DEBUG:  swdes dump  F:/Education/FPGA_Labs/Labs_2/lab4/audio_new/audio/ps7_cortexa9_0/standalone_domain/bsp/system.mss|system_0||
F:/Education/FPGA_Labs/Labs_2/lab4/audio_new/audio/zynq_fsbl/zynq_fsbl_bsp/system.mss|system||
F:/Education/FPGA_Labs/Labs_2/lab4/audio_new/design_1_wrapper_iz/zynq_fsbl/zynq_fsbl_bsp/system.mss|system_1||

TRACE::2024-12-08.17:54:26::SCWMssOS::Sw design exists and opened at  F:/Education/FPGA_Labs/Labs_2/lab4/audio_new/design_1_wrapper_iz/zynq_fsbl/zynq_fsbl_bsp/system.mss
TRACE::2024-12-08.17:54:26::SCWReader::No isolation master present  
TRACE::2024-12-08.17:54:26::SCWDomain::checking for install qemu data   : 
TRACE::2024-12-08.17:54:26::SCWDomain:: Using the QEMU Data from install at  : F:/Xilinx/Vitis/Vitis/2023.1/data/emulation/platforms/zynq/sw/a9_standalone/qemu/
TRACE::2024-12-08.17:54:26::SCWDomain:: Using the QEMU args  from install at  : F:/Xilinx/Vitis/Vitis/2023.1/data/emulation/platforms/zynq/sw/a9_standalone/qemu/qemu_args.txt
TRACE::2024-12-08.17:54:26::SCWPlatform::Trying to open the hw design at F:/Education/FPGA_Labs/Labs_2/lab4/audio_new/design_1_wrapper_iz/hw/iz_2_design_1_wrapper.xsa
TRACE::2024-12-08.17:54:26::SCWPlatform::DSA given F:/Education/FPGA_Labs/Labs_2/lab4/audio_new/design_1_wrapper_iz/hw/iz_2_design_1_wrapper.xsa
TRACE::2024-12-08.17:54:26::SCWPlatform::DSA absoulate path F:/Education/FPGA_Labs/Labs_2/lab4/audio_new/design_1_wrapper_iz/hw/iz_2_design_1_wrapper.xsa
TRACE::2024-12-08.17:54:26::SCWPlatform::DSA directory F:/Education/FPGA_Labs/Labs_2/lab4/audio_new/design_1_wrapper_iz/hw
TRACE::2024-12-08.17:54:26::SCWPlatform:: Platform Path F:/Education/FPGA_Labs/Labs_2/lab4/audio_new/design_1_wrapper_iz/hw/iz_2_design_1_wrapper.xsa
TRACE::2024-12-08.17:54:26::SCWPlatform:: Unique name xilinx:zedboard::0.0
TRACE::2024-12-08.17:54:26::SCWPlatform::Trying to set the existing hwdb with name design_1_wrapper_9
TRACE::2024-12-08.17:54:26::SCWPlatform::Opened existing hwdb design_1_wrapper_9
TRACE::2024-12-08.17:54:26::SCWPlatform::Found the Hw Db part of the input DSA
TRACE::2024-12-08.17:54:26::SCWPlatform::Trying to open the hw design at F:/Education/FPGA_Labs/Labs_2/lab4/audio_new/design_1_wrapper_iz/hw/iz_2_design_1_wrapper.xsa
TRACE::2024-12-08.17:54:26::SCWPlatform::DSA given F:/Education/FPGA_Labs/Labs_2/lab4/audio_new/design_1_wrapper_iz/hw/iz_2_design_1_wrapper.xsa
TRACE::2024-12-08.17:54:26::SCWPlatform::DSA absoulate path F:/Education/FPGA_Labs/Labs_2/lab4/audio_new/design_1_wrapper_iz/hw/iz_2_design_1_wrapper.xsa
TRACE::2024-12-08.17:54:26::SCWPlatform::DSA directory F:/Education/FPGA_Labs/Labs_2/lab4/audio_new/design_1_wrapper_iz/hw
TRACE::2024-12-08.17:54:26::SCWPlatform:: Platform Path F:/Education/FPGA_Labs/Labs_2/lab4/audio_new/design_1_wrapper_iz/hw/iz_2_design_1_wrapper.xsa
TRACE::2024-12-08.17:54:26::SCWPlatform:: Unique name xilinx:zedboard::0.0
TRACE::2024-12-08.17:54:26::SCWPlatform::Trying to set the existing hwdb with name design_1_wrapper_9
TRACE::2024-12-08.17:54:26::SCWPlatform::Opened existing hwdb design_1_wrapper_9
TRACE::2024-12-08.17:54:26::SCWPlatform::Found the Hw Db part of the input DSA
TRACE::2024-12-08.17:54:26::SCWPlatform::Trying to open the hw design at F:/Education/FPGA_Labs/Labs_2/lab4/audio_new/design_1_wrapper_iz/hw/iz_2_design_1_wrapper.xsa
TRACE::2024-12-08.17:54:26::SCWPlatform::DSA given F:/Education/FPGA_Labs/Labs_2/lab4/audio_new/design_1_wrapper_iz/hw/iz_2_design_1_wrapper.xsa
TRACE::2024-12-08.17:54:26::SCWPlatform::DSA absoulate path F:/Education/FPGA_Labs/Labs_2/lab4/audio_new/design_1_wrapper_iz/hw/iz_2_design_1_wrapper.xsa
TRACE::2024-12-08.17:54:26::SCWPlatform::DSA directory F:/Education/FPGA_Labs/Labs_2/lab4/audio_new/design_1_wrapper_iz/hw
TRACE::2024-12-08.17:54:26::SCWPlatform:: Platform Path F:/Education/FPGA_Labs/Labs_2/lab4/audio_new/design_1_wrapper_iz/hw/iz_2_design_1_wrapper.xsa
TRACE::2024-12-08.17:54:26::SCWPlatform:: Unique name xilinx:zedboard::0.0
TRACE::2024-12-08.17:54:26::SCWPlatform::Trying to set the existing hwdb with name design_1_wrapper_9
TRACE::2024-12-08.17:54:26::SCWPlatform::Opened existing hwdb design_1_wrapper_9
TRACE::2024-12-08.17:54:26::SCWPlatform::Found the Hw Db part of the input DSA
TRACE::2024-12-08.17:54:26::SCWMssOS::Checking the sw design at  F:/Education/FPGA_Labs/Labs_2/lab4/audio_new/design_1_wrapper_iz/ps7_cortexa9_0/standalone_ps7_cortexa9_0/bsp/system.mss
TRACE::2024-12-08.17:54:26::SCWMssOS::DEBUG:  swdes dump  F:/Education/FPGA_Labs/Labs_2/lab4/audio_new/audio/ps7_cortexa9_0/standalone_domain/bsp/system.mss|system_0||
F:/Education/FPGA_Labs/Labs_2/lab4/audio_new/audio/zynq_fsbl/zynq_fsbl_bsp/system.mss|system||
F:/Education/FPGA_Labs/Labs_2/lab4/audio_new/design_1_wrapper_iz/zynq_fsbl/zynq_fsbl_bsp/system.mss|system_1||

TRACE::2024-12-08.17:54:26::SCWMssOS::No sw design opened at  F:/Education/FPGA_Labs/Labs_2/lab4/audio_new/design_1_wrapper_iz/ps7_cortexa9_0/standalone_ps7_cortexa9_0/bsp/system.mss
TRACE::2024-12-08.17:54:26::SCWMssOS::mss exists loading the mss file  F:/Education/FPGA_Labs/Labs_2/lab4/audio_new/design_1_wrapper_iz/ps7_cortexa9_0/standalone_ps7_cortexa9_0/bsp/system.mss
TRACE::2024-12-08.17:54:26::SCWMssOS::Opened the sw design from mss  F:/Education/FPGA_Labs/Labs_2/lab4/audio_new/design_1_wrapper_iz/ps7_cortexa9_0/standalone_ps7_cortexa9_0/bsp/system.mss
TRACE::2024-12-08.17:54:26::SCWMssOS::Adding the swdes entry F:/Education/FPGA_Labs/Labs_2/lab4/audio_new/design_1_wrapper_iz/ps7_cortexa9_0/standalone_ps7_cortexa9_0/bsp/system.mss with des name system_2
TRACE::2024-12-08.17:54:26::SCWMssOS::updating the scw layer about changes
TRACE::2024-12-08.17:54:26::SCWMssOS::Opened the sw design.  F:/Education/FPGA_Labs/Labs_2/lab4/audio_new/design_1_wrapper_iz/ps7_cortexa9_0/standalone_ps7_cortexa9_0/bsp/system.mss
TRACE::2024-12-08.17:54:26::SCWMssOS::Saving the mss changes F:/Education/FPGA_Labs/Labs_2/lab4/audio_new/design_1_wrapper_iz/ps7_cortexa9_0/standalone_ps7_cortexa9_0/bsp/system.mss
TRACE::2024-12-08.17:54:26::SCWMssOS::Found a swdesign opened with the mssfile.
TRACE::2024-12-08.17:54:26::SCWMssOS::Completed writemss as part of save.
TRACE::2024-12-08.17:54:26::SCWMssOS::Commit changes completed.
TRACE::2024-12-08.17:54:26::SCWReader::Adding prebuilt librarypaths as   
TRACE::2024-12-08.17:54:26::SCWReader::Adding prebuilt incpaths  as   
TRACE::2024-12-08.17:54:26::SCWPlatform::Trying to open the hw design at F:/Education/FPGA_Labs/Labs_2/lab4/audio_new/design_1_wrapper_iz/hw/iz_2_design_1_wrapper.xsa
TRACE::2024-12-08.17:54:26::SCWPlatform::DSA given F:/Education/FPGA_Labs/Labs_2/lab4/audio_new/design_1_wrapper_iz/hw/iz_2_design_1_wrapper.xsa
TRACE::2024-12-08.17:54:26::SCWPlatform::DSA absoulate path F:/Education/FPGA_Labs/Labs_2/lab4/audio_new/design_1_wrapper_iz/hw/iz_2_design_1_wrapper.xsa
TRACE::2024-12-08.17:54:26::SCWPlatform::DSA directory F:/Education/FPGA_Labs/Labs_2/lab4/audio_new/design_1_wrapper_iz/hw
TRACE::2024-12-08.17:54:26::SCWPlatform:: Platform Path F:/Education/FPGA_Labs/Labs_2/lab4/audio_new/design_1_wrapper_iz/hw/iz_2_design_1_wrapper.xsa
TRACE::2024-12-08.17:54:26::SCWPlatform:: Unique name xilinx:zedboard::0.0
TRACE::2024-12-08.17:54:26::SCWPlatform::Trying to set the existing hwdb with name design_1_wrapper_9
TRACE::2024-12-08.17:54:26::SCWPlatform::Opened existing hwdb design_1_wrapper_9
TRACE::2024-12-08.17:54:26::SCWPlatform::Found the Hw Db part of the input DSA
TRACE::2024-12-08.17:54:26::SCWMssOS::Checking the sw design at  F:/Education/FPGA_Labs/Labs_2/lab4/audio_new/design_1_wrapper_iz/ps7_cortexa9_0/standalone_ps7_cortexa9_0/bsp/system.mss
TRACE::2024-12-08.17:54:26::SCWMssOS::DEBUG:  swdes dump  F:/Education/FPGA_Labs/Labs_2/lab4/audio_new/audio/ps7_cortexa9_0/standalone_domain/bsp/system.mss|system_0||
F:/Education/FPGA_Labs/Labs_2/lab4/audio_new/audio/zynq_fsbl/zynq_fsbl_bsp/system.mss|system||
F:/Education/FPGA_Labs/Labs_2/lab4/audio_new/design_1_wrapper_iz/ps7_cortexa9_0/standalone_ps7_cortexa9_0/bsp/system.mss|system_2||
F:/Education/FPGA_Labs/Labs_2/lab4/audio_new/design_1_wrapper_iz/zynq_fsbl/zynq_fsbl_bsp/system.mss|system_1||

TRACE::2024-12-08.17:54:26::SCWMssOS::Sw design exists and opened at  F:/Education/FPGA_Labs/Labs_2/lab4/audio_new/design_1_wrapper_iz/ps7_cortexa9_0/standalone_ps7_cortexa9_0/bsp/system.mss
TRACE::2024-12-08.17:54:26::SCWReader::No isolation master present  
TRACE::2024-12-08.17:54:30::SCWPlatform::DSA given F:/Education/FPGA_Labs/Labs_2/lab4/audio_new/design_1_wrapper_iz/tempdsa/iz_2_design_1_wrapper.xsa
TRACE::2024-12-08.17:54:30::SCWPlatform::DSA absoulate path F:/Education/FPGA_Labs/Labs_2/lab4/audio_new/design_1_wrapper_iz/tempdsa/iz_2_design_1_wrapper.xsa
TRACE::2024-12-08.17:54:30::SCWPlatform:: Platform location is F:/Education/FPGA_Labs/Labs_2/lab4/audio_new/design_1_wrapper_iz/tempdsa
TRACE::2024-12-08.17:54:30::SCWPlatform:: Platform Path F:/Education/FPGA_Labs/Labs_2/lab4/audio_new/design_1_wrapper_iz/tempdsa/iz_2_design_1_wrapper.xsa
TRACE::2024-12-08.17:54:30::SCWPlatform:: Unique name xilinx:zedboard::0.0
TRACE::2024-12-08.17:54:32::SCWPlatform::Found the Hw Db part of the input DSA
TRACE::2024-12-08.17:54:32::SCWMssOS::Doing hw sync for the mss in domain: zynq_fsbl
TRACE::2024-12-08.17:54:32::SCWPlatform::Trying to open the hw design at F:/Education/FPGA_Labs/Labs_2/lab4/audio_new/design_1_wrapper_iz/hw/iz_2_design_1_wrapper.xsa
TRACE::2024-12-08.17:54:32::SCWPlatform::DSA given F:/Education/FPGA_Labs/Labs_2/lab4/audio_new/design_1_wrapper_iz/hw/iz_2_design_1_wrapper.xsa
TRACE::2024-12-08.17:54:32::SCWPlatform::DSA absoulate path F:/Education/FPGA_Labs/Labs_2/lab4/audio_new/design_1_wrapper_iz/hw/iz_2_design_1_wrapper.xsa
TRACE::2024-12-08.17:54:32::SCWPlatform::DSA directory F:/Education/FPGA_Labs/Labs_2/lab4/audio_new/design_1_wrapper_iz/hw
TRACE::2024-12-08.17:54:32::SCWPlatform:: Platform Path F:/Education/FPGA_Labs/Labs_2/lab4/audio_new/design_1_wrapper_iz/hw/iz_2_design_1_wrapper.xsa
TRACE::2024-12-08.17:54:32::SCWPlatform:: Unique name xilinx:zedboard::0.0
TRACE::2024-12-08.17:54:32::SCWPlatform::Trying to set the existing hwdb with name design_1_wrapper_9
TRACE::2024-12-08.17:54:32::SCWPlatform::Opened existing hwdb design_1_wrapper_9
TRACE::2024-12-08.17:54:32::SCWPlatform::Found the Hw Db part of the input DSA
TRACE::2024-12-08.17:54:32::SCWPlatform::Trying to open the hw design at F:/Education/FPGA_Labs/Labs_2/lab4/audio_new/design_1_wrapper_iz/hw/iz_2_design_1_wrapper.xsa
TRACE::2024-12-08.17:54:32::SCWPlatform::DSA given F:/Education/FPGA_Labs/Labs_2/lab4/audio_new/design_1_wrapper_iz/hw/iz_2_design_1_wrapper.xsa
TRACE::2024-12-08.17:54:32::SCWPlatform::DSA absoulate path F:/Education/FPGA_Labs/Labs_2/lab4/audio_new/design_1_wrapper_iz/hw/iz_2_design_1_wrapper.xsa
TRACE::2024-12-08.17:54:32::SCWPlatform::DSA directory F:/Education/FPGA_Labs/Labs_2/lab4/audio_new/design_1_wrapper_iz/hw
TRACE::2024-12-08.17:54:32::SCWPlatform:: Platform Path F:/Education/FPGA_Labs/Labs_2/lab4/audio_new/design_1_wrapper_iz/hw/iz_2_design_1_wrapper.xsa
TRACE::2024-12-08.17:54:32::SCWPlatform:: Unique name xilinx:zedboard::0.0
TRACE::2024-12-08.17:54:32::SCWPlatform::Trying to set the existing hwdb with name design_1_wrapper_9
TRACE::2024-12-08.17:54:32::SCWPlatform::Opened existing hwdb design_1_wrapper_9
TRACE::2024-12-08.17:54:32::SCWPlatform::Found the Hw Db part of the input DSA
TRACE::2024-12-08.17:54:32::SCWMssOS::Checking the sw design at  F:/Education/FPGA_Labs/Labs_2/lab4/audio_new/design_1_wrapper_iz/zynq_fsbl/zynq_fsbl_bsp/system.mss
TRACE::2024-12-08.17:54:32::SCWMssOS::DEBUG:  swdes dump  F:/Education/FPGA_Labs/Labs_2/lab4/audio_new/audio/ps7_cortexa9_0/standalone_domain/bsp/system.mss|system_0||
F:/Education/FPGA_Labs/Labs_2/lab4/audio_new/audio/zynq_fsbl/zynq_fsbl_bsp/system.mss|system||
F:/Education/FPGA_Labs/Labs_2/lab4/audio_new/design_1_wrapper_iz/ps7_cortexa9_0/standalone_ps7_cortexa9_0/bsp/system.mss|system_2||
F:/Education/FPGA_Labs/Labs_2/lab4/audio_new/design_1_wrapper_iz/zynq_fsbl/zynq_fsbl_bsp/system.mss|system_1||

TRACE::2024-12-08.17:54:32::SCWMssOS::Sw design exists and opened at  F:/Education/FPGA_Labs/Labs_2/lab4/audio_new/design_1_wrapper_iz/zynq_fsbl/zynq_fsbl_bsp/system.mss
TRACE::2024-12-08.17:54:32::SCWPlatform::Trying to open the hw design at F:/Education/FPGA_Labs/Labs_2/lab4/audio_new/design_1_wrapper_iz/tempdsa/iz_2_design_1_wrapper.xsa
TRACE::2024-12-08.17:54:32::SCWPlatform::DSA given F:/Education/FPGA_Labs/Labs_2/lab4/audio_new/design_1_wrapper_iz/tempdsa/iz_2_design_1_wrapper.xsa
TRACE::2024-12-08.17:54:32::SCWPlatform::DSA absoulate path F:/Education/FPGA_Labs/Labs_2/lab4/audio_new/design_1_wrapper_iz/tempdsa/iz_2_design_1_wrapper.xsa
TRACE::2024-12-08.17:54:32::SCWPlatform::DSA directory F:/Education/FPGA_Labs/Labs_2/lab4/audio_new/design_1_wrapper_iz/tempdsa
TRACE::2024-12-08.17:54:32::SCWPlatform:: Platform Path F:/Education/FPGA_Labs/Labs_2/lab4/audio_new/design_1_wrapper_iz/tempdsa/iz_2_design_1_wrapper.xsa
TRACE::2024-12-08.17:54:32::SCWPlatform:: Unique name xilinx:zedboard::0.0
TRACE::2024-12-08.17:54:32::SCWPlatform::update - Opened existing hwdb design_1_wrapper_10
TRACE::2024-12-08.17:54:32::SCWPlatform::Found the Hw Db part of the input DSA
TRACE::2024-12-08.17:54:32::SCWMssOS::Doing hw sync for the mss in domain: standalone_ps7_cortexa9_0
TRACE::2024-12-08.17:54:32::SCWPlatform::Trying to open the hw design at F:/Education/FPGA_Labs/Labs_2/lab4/audio_new/design_1_wrapper_iz/hw/iz_2_design_1_wrapper.xsa
TRACE::2024-12-08.17:54:32::SCWPlatform::DSA given F:/Education/FPGA_Labs/Labs_2/lab4/audio_new/design_1_wrapper_iz/hw/iz_2_design_1_wrapper.xsa
TRACE::2024-12-08.17:54:32::SCWPlatform::DSA absoulate path F:/Education/FPGA_Labs/Labs_2/lab4/audio_new/design_1_wrapper_iz/hw/iz_2_design_1_wrapper.xsa
TRACE::2024-12-08.17:54:32::SCWPlatform::DSA directory F:/Education/FPGA_Labs/Labs_2/lab4/audio_new/design_1_wrapper_iz/hw
TRACE::2024-12-08.17:54:32::SCWPlatform:: Platform Path F:/Education/FPGA_Labs/Labs_2/lab4/audio_new/design_1_wrapper_iz/hw/iz_2_design_1_wrapper.xsa
TRACE::2024-12-08.17:54:32::SCWPlatform:: Unique name xilinx:zedboard::0.0
TRACE::2024-12-08.17:54:32::SCWPlatform::Trying to set the existing hwdb with name design_1_wrapper_9
TRACE::2024-12-08.17:54:32::SCWPlatform::Opened existing hwdb design_1_wrapper_9
TRACE::2024-12-08.17:54:32::SCWPlatform::Found the Hw Db part of the input DSA
TRACE::2024-12-08.17:54:32::SCWPlatform::Trying to open the hw design at F:/Education/FPGA_Labs/Labs_2/lab4/audio_new/design_1_wrapper_iz/hw/iz_2_design_1_wrapper.xsa
TRACE::2024-12-08.17:54:32::SCWPlatform::DSA given F:/Education/FPGA_Labs/Labs_2/lab4/audio_new/design_1_wrapper_iz/hw/iz_2_design_1_wrapper.xsa
TRACE::2024-12-08.17:54:32::SCWPlatform::DSA absoulate path F:/Education/FPGA_Labs/Labs_2/lab4/audio_new/design_1_wrapper_iz/hw/iz_2_design_1_wrapper.xsa
TRACE::2024-12-08.17:54:32::SCWPlatform::DSA directory F:/Education/FPGA_Labs/Labs_2/lab4/audio_new/design_1_wrapper_iz/hw
TRACE::2024-12-08.17:54:32::SCWPlatform:: Platform Path F:/Education/FPGA_Labs/Labs_2/lab4/audio_new/design_1_wrapper_iz/hw/iz_2_design_1_wrapper.xsa
TRACE::2024-12-08.17:54:32::SCWPlatform:: Unique name xilinx:zedboard::0.0
TRACE::2024-12-08.17:54:32::SCWPlatform::Trying to set the existing hwdb with name design_1_wrapper_9
TRACE::2024-12-08.17:54:32::SCWPlatform::Opened existing hwdb design_1_wrapper_9
TRACE::2024-12-08.17:54:32::SCWPlatform::Found the Hw Db part of the input DSA
TRACE::2024-12-08.17:54:32::SCWMssOS::Checking the sw design at  F:/Education/FPGA_Labs/Labs_2/lab4/audio_new/design_1_wrapper_iz/ps7_cortexa9_0/standalone_ps7_cortexa9_0/bsp/system.mss
TRACE::2024-12-08.17:54:32::SCWMssOS::DEBUG:  swdes dump  F:/Education/FPGA_Labs/Labs_2/lab4/audio_new/audio/ps7_cortexa9_0/standalone_domain/bsp/system.mss|system_0||
F:/Education/FPGA_Labs/Labs_2/lab4/audio_new/audio/zynq_fsbl/zynq_fsbl_bsp/system.mss|system||
F:/Education/FPGA_Labs/Labs_2/lab4/audio_new/design_1_wrapper_iz/ps7_cortexa9_0/standalone_ps7_cortexa9_0/bsp/system.mss|system_2||
F:/Education/FPGA_Labs/Labs_2/lab4/audio_new/design_1_wrapper_iz/zynq_fsbl/zynq_fsbl_bsp/system.mss|system_1||

TRACE::2024-12-08.17:54:32::SCWMssOS::Sw design exists and opened at  F:/Education/FPGA_Labs/Labs_2/lab4/audio_new/design_1_wrapper_iz/ps7_cortexa9_0/standalone_ps7_cortexa9_0/bsp/system.mss
TRACE::2024-12-08.17:54:32::SCWPlatform::Trying to open the hw design at F:/Education/FPGA_Labs/Labs_2/lab4/audio_new/design_1_wrapper_iz/tempdsa/iz_2_design_1_wrapper.xsa
TRACE::2024-12-08.17:54:32::SCWPlatform::DSA given F:/Education/FPGA_Labs/Labs_2/lab4/audio_new/design_1_wrapper_iz/tempdsa/iz_2_design_1_wrapper.xsa
TRACE::2024-12-08.17:54:32::SCWPlatform::DSA absoulate path F:/Education/FPGA_Labs/Labs_2/lab4/audio_new/design_1_wrapper_iz/tempdsa/iz_2_design_1_wrapper.xsa
TRACE::2024-12-08.17:54:32::SCWPlatform::DSA directory F:/Education/FPGA_Labs/Labs_2/lab4/audio_new/design_1_wrapper_iz/tempdsa
TRACE::2024-12-08.17:54:32::SCWPlatform:: Platform Path F:/Education/FPGA_Labs/Labs_2/lab4/audio_new/design_1_wrapper_iz/tempdsa/iz_2_design_1_wrapper.xsa
TRACE::2024-12-08.17:54:32::SCWPlatform:: Unique name xilinx:zedboard::0.0
TRACE::2024-12-08.17:54:32::SCWPlatform::update - Opened existing hwdb design_1_wrapper_10
TRACE::2024-12-08.17:54:32::SCWPlatform::Found the Hw Db part of the input DSA
TRACE::2024-12-08.17:54:32::SCWMssOS::Saving the mss changes F:/Education/FPGA_Labs/Labs_2/lab4/audio_new/design_1_wrapper_iz/zynq_fsbl/zynq_fsbl_bsp/system.mss
TRACE::2024-12-08.17:54:32::SCWMssOS::Found a swdesign opened with the mssfile.
TRACE::2024-12-08.17:54:32::SCWMssOS::Completed writemss as part of save.
TRACE::2024-12-08.17:54:32::SCWMssOS::Commit changes completed.
TRACE::2024-12-08.17:54:32::SCWMssOS::Completed hw sync for the mss in domain: zynq_fsbl
TRACE::2024-12-08.17:54:32::SCWMssOS::Removing the swdes entry for  F:/Education/FPGA_Labs/Labs_2/lab4/audio_new/design_1_wrapper_iz/zynq_fsbl/zynq_fsbl_bsp/system.mss
TRACE::2024-12-08.17:54:32::SCWMssOS::Saving the mss changes F:/Education/FPGA_Labs/Labs_2/lab4/audio_new/design_1_wrapper_iz/ps7_cortexa9_0/standalone_ps7_cortexa9_0/bsp/system.mss
TRACE::2024-12-08.17:54:32::SCWMssOS::Found a swdesign opened with the mssfile.
TRACE::2024-12-08.17:54:32::SCWMssOS::Completed writemss as part of save.
TRACE::2024-12-08.17:54:32::SCWMssOS::Commit changes completed.
TRACE::2024-12-08.17:54:32::SCWMssOS::Completed hw sync for the mss in domain: standalone_ps7_cortexa9_0
TRACE::2024-12-08.17:54:32::SCWMssOS::Removing the swdes entry for  F:/Education/FPGA_Labs/Labs_2/lab4/audio_new/design_1_wrapper_iz/ps7_cortexa9_0/standalone_ps7_cortexa9_0/bsp/system.mss
TRACE::2024-12-08.17:54:32::SCWPlatform::Trying to open the hw design at F:/Education/FPGA_Labs/Labs_2/lab4/audio_new/design_1_wrapper_iz/hw/iz_2_design_1_wrapper.xsa
TRACE::2024-12-08.17:54:32::SCWPlatform::DSA given F:/Education/FPGA_Labs/Labs_2/lab4/audio_new/design_1_wrapper_iz/hw/iz_2_design_1_wrapper.xsa
TRACE::2024-12-08.17:54:32::SCWPlatform::DSA absoulate path F:/Education/FPGA_Labs/Labs_2/lab4/audio_new/design_1_wrapper_iz/hw/iz_2_design_1_wrapper.xsa
TRACE::2024-12-08.17:54:32::SCWPlatform::DSA directory F:/Education/FPGA_Labs/Labs_2/lab4/audio_new/design_1_wrapper_iz/hw
TRACE::2024-12-08.17:54:32::SCWPlatform:: Platform Path F:/Education/FPGA_Labs/Labs_2/lab4/audio_new/design_1_wrapper_iz/hw/iz_2_design_1_wrapper.xsa
TRACE::2024-12-08.17:54:32::SCWPlatform:: Unique name xilinx:zedboard::0.0
TRACE::2024-12-08.17:54:32::SCWPlatform::Do not have an existing db opened. 
TRACE::2024-12-08.17:54:33::SCWPlatform::Opened new HwDB with name design_1_wrapper_11
TRACE::2024-12-08.17:54:33::SCWMssOS::Saving the mss changes F:/Education/FPGA_Labs/Labs_2/lab4/audio_new/design_1_wrapper_iz/zynq_fsbl/zynq_fsbl_bsp/system.mss
TRACE::2024-12-08.17:54:33::SCWMssOS::Adding the swdes entry, mss present, able to open swdb F:/Education/FPGA_Labs/Labs_2/lab4/audio_new/design_1_wrapper_iz/zynq_fsbl/zynq_fsbl_bsp/system.mss with des name system_1
TRACE::2024-12-08.17:54:33::SCWMssOS::Writing the mss file completed F:/Education/FPGA_Labs/Labs_2/lab4/audio_new/design_1_wrapper_iz/zynq_fsbl/zynq_fsbl_bsp/system.mss
TRACE::2024-12-08.17:54:33::SCWMssOS::Commit changes completed.
TRACE::2024-12-08.17:54:33::SCWMssOS::Saving the mss changes F:/Education/FPGA_Labs/Labs_2/lab4/audio_new/design_1_wrapper_iz/ps7_cortexa9_0/standalone_ps7_cortexa9_0/bsp/system.mss
TRACE::2024-12-08.17:54:33::SCWMssOS::Adding the swdes entry, mss present, able to open swdb F:/Education/FPGA_Labs/Labs_2/lab4/audio_new/design_1_wrapper_iz/ps7_cortexa9_0/standalone_ps7_cortexa9_0/bsp/system.mss with des name system_2
TRACE::2024-12-08.17:54:33::SCWMssOS::Writing the mss file completed F:/Education/FPGA_Labs/Labs_2/lab4/audio_new/design_1_wrapper_iz/ps7_cortexa9_0/standalone_ps7_cortexa9_0/bsp/system.mss
TRACE::2024-12-08.17:54:33::SCWMssOS::Commit changes completed.
TRACE::2024-12-08.17:54:33::SCWPlatform::Trying to open the hw design at F:/Education/FPGA_Labs/Labs_2/lab4/audio_new/design_1_wrapper_iz/hw/iz_2_design_1_wrapper.xsa
TRACE::2024-12-08.17:54:33::SCWPlatform::DSA given F:/Education/FPGA_Labs/Labs_2/lab4/audio_new/design_1_wrapper_iz/hw/iz_2_design_1_wrapper.xsa
TRACE::2024-12-08.17:54:33::SCWPlatform::DSA absoulate path F:/Education/FPGA_Labs/Labs_2/lab4/audio_new/design_1_wrapper_iz/hw/iz_2_design_1_wrapper.xsa
TRACE::2024-12-08.17:54:33::SCWPlatform::DSA directory F:/Education/FPGA_Labs/Labs_2/lab4/audio_new/design_1_wrapper_iz/hw
TRACE::2024-12-08.17:54:33::SCWPlatform:: Platform Path F:/Education/FPGA_Labs/Labs_2/lab4/audio_new/design_1_wrapper_iz/hw/iz_2_design_1_wrapper.xsa
TRACE::2024-12-08.17:54:33::SCWPlatform:: Unique name xilinx:zedboard::0.0
TRACE::2024-12-08.17:54:33::SCWPlatform::Trying to set the existing hwdb with name design_1_wrapper_11
TRACE::2024-12-08.17:54:33::SCWPlatform::Opened existing hwdb design_1_wrapper_11
TRACE::2024-12-08.17:54:33::SCWPlatform::Found the Hw Db part of the input DSA
TRACE::2024-12-08.17:54:33::SCWMssOS::Checking the sw design at  F:/Education/FPGA_Labs/Labs_2/lab4/audio_new/design_1_wrapper_iz/zynq_fsbl/zynq_fsbl_bsp/system.mss
TRACE::2024-12-08.17:54:33::SCWMssOS::DEBUG:  swdes dump  F:/Education/FPGA_Labs/Labs_2/lab4/audio_new/audio/ps7_cortexa9_0/standalone_domain/bsp/system.mss|system_0||
F:/Education/FPGA_Labs/Labs_2/lab4/audio_new/audio/zynq_fsbl/zynq_fsbl_bsp/system.mss|system||
F:/Education/FPGA_Labs/Labs_2/lab4/audio_new/design_1_wrapper_iz/ps7_cortexa9_0/standalone_ps7_cortexa9_0/bsp/system.mss|system_2||
F:/Education/FPGA_Labs/Labs_2/lab4/audio_new/design_1_wrapper_iz/zynq_fsbl/zynq_fsbl_bsp/system.mss|system_1||

TRACE::2024-12-08.17:54:33::SCWMssOS::Sw design exists and opened at  F:/Education/FPGA_Labs/Labs_2/lab4/audio_new/design_1_wrapper_iz/zynq_fsbl/zynq_fsbl_bsp/system.mss
TRACE::2024-12-08.17:54:33::SCWPlatform::Trying to open the hw design at F:/Education/FPGA_Labs/Labs_2/lab4/audio_new/design_1_wrapper_iz/hw/iz_2_design_1_wrapper.xsa
TRACE::2024-12-08.17:54:33::SCWPlatform::DSA given F:/Education/FPGA_Labs/Labs_2/lab4/audio_new/design_1_wrapper_iz/hw/iz_2_design_1_wrapper.xsa
TRACE::2024-12-08.17:54:33::SCWPlatform::DSA absoulate path F:/Education/FPGA_Labs/Labs_2/lab4/audio_new/design_1_wrapper_iz/hw/iz_2_design_1_wrapper.xsa
TRACE::2024-12-08.17:54:33::SCWPlatform::DSA directory F:/Education/FPGA_Labs/Labs_2/lab4/audio_new/design_1_wrapper_iz/hw
TRACE::2024-12-08.17:54:33::SCWPlatform:: Platform Path F:/Education/FPGA_Labs/Labs_2/lab4/audio_new/design_1_wrapper_iz/hw/iz_2_design_1_wrapper.xsa
TRACE::2024-12-08.17:54:33::SCWPlatform:: Unique name xilinx:zedboard::0.0
TRACE::2024-12-08.17:54:33::SCWPlatform::Trying to set the existing hwdb with name design_1_wrapper_11
TRACE::2024-12-08.17:54:33::SCWPlatform::Opened existing hwdb design_1_wrapper_11
TRACE::2024-12-08.17:54:33::SCWPlatform::Found the Hw Db part of the input DSA
TRACE::2024-12-08.17:54:33::SCWMssOS::Checking the sw design at  F:/Education/FPGA_Labs/Labs_2/lab4/audio_new/design_1_wrapper_iz/ps7_cortexa9_0/standalone_ps7_cortexa9_0/bsp/system.mss
TRACE::2024-12-08.17:54:33::SCWMssOS::DEBUG:  swdes dump  F:/Education/FPGA_Labs/Labs_2/lab4/audio_new/audio/ps7_cortexa9_0/standalone_domain/bsp/system.mss|system_0||
F:/Education/FPGA_Labs/Labs_2/lab4/audio_new/audio/zynq_fsbl/zynq_fsbl_bsp/system.mss|system||
F:/Education/FPGA_Labs/Labs_2/lab4/audio_new/design_1_wrapper_iz/ps7_cortexa9_0/standalone_ps7_cortexa9_0/bsp/system.mss|system_2||
F:/Education/FPGA_Labs/Labs_2/lab4/audio_new/design_1_wrapper_iz/zynq_fsbl/zynq_fsbl_bsp/system.mss|system_1||

TRACE::2024-12-08.17:54:33::SCWMssOS::Sw design exists and opened at  F:/Education/FPGA_Labs/Labs_2/lab4/audio_new/design_1_wrapper_iz/ps7_cortexa9_0/standalone_ps7_cortexa9_0/bsp/system.mss
TRACE::2024-12-08.17:54:33::SCWWriter::formatted JSON is {
	"platformName":	"design_1_wrapper_iz",
	"sprVersion":	"2.0",
	"mode":	"gui",
	"dsaType":	"Fixed",
	"platformDesc":	"design_1_wrapper_iz",
	"platHandOff":	"F:/Education/FPGA_Labs/Labs_2/lab4/audio_new/iz_2_design_1_wrapper.xsa",
	"platIntHandOff":	"<platformDir>/hw/iz_2_design_1_wrapper.xsa",
	"deviceType":	"zynq",
	"platIsPrebuiltAutogen":	"false",
	"platIsNoBootBsp":	"false",
	"hasFsblMakeHasChanges":	"false",
	"hasPmufwMakeHasChanges":	"false",
	"fsblExtraCompilerFlags":	"-MMD -MP       -mcpu=cortex-a9 -mfpu=vfpv3 -mfloat-abi=hard ",
	"platPreBuiltFlag":	false,
	"platformSamplesDir":	"",
	"platActiveSys":	"design_1_wrapper_iz",
	"systems":	[{
			"systemName":	"design_1_wrapper_iz",
			"systemDesc":	"design_1_wrapper_iz",
			"sysIsBootAutoGen":	"true",
			"systemDispName":	"design_1_wrapper_iz",
			"sysActiveDom":	"standalone_ps7_cortexa9_0",
			"sysDefaultDom":	"standalone_ps7_cortexa9_0",
			"domains":	[{
					"domainName":	"zynq_fsbl",
					"domainDispName":	"zynq_fsbl",
					"domainDesc":	"FSBL Application BSP - Auto Generated.",
					"processors":	"ps7_cortexa9_0",
					"os":	"standalone",
					"sdxOs":	"standalone",
					"debugEnable":	"",
					"domRuntimes":	["cpp"],
					"swRepo":	"",
					"mssOsVer":	"8.1",
					"mssFile":	"",
					"md5Digest":	"d9a34af2dee52f902a49b7b36c0ab9381",
					"compatibleApp":	"zynq_fsbl",
					"domType":	"bootDomain",
					"arch":	"32-bit",
					"appSettings":	{
						"appCompilerFlags":	"",
						"appLinkerFlags":	""
					},
					"addedLibs":	["xilffs:5.0", "xilrsa:1.6"],
					"libOptions":	{
						"libsContainingOptions":	[]
					},
					"prebuiltLibs":	{
						"prebuiltIncPath":	[],
						"prebuiltLibPath":	[]
					},
					"isolation":	{
					}
				}, {
					"domainName":	"standalone_ps7_cortexa9_0",
					"domainDispName":	"standalone_ps7_cortexa9_0",
					"domainDesc":	"standalone_ps7_cortexa9_0",
					"processors":	"ps7_cortexa9_0",
					"os":	"standalone",
					"sdxOs":	"standalone",
					"qemuArgs":	"<platformDir>/resources/design_1_wrapper_iz/standalone_ps7_cortexa9_0/qemu_args.txt",
					"qemuData":	"<platformDir>/resources/design_1_wrapper_iz/standalone_ps7_cortexa9_0/qemu",
					"debugEnable":	"False",
					"domRuntimes":	["cpp"],
					"swRepo":	"",
					"mssOsVer":	"8.1",
					"mssFile":	"",
					"md5Digest":	"9a5c07eb3fcbf029dead828c18c1b9c01",
					"compatibleApp":	"",
					"domType":	"mssDomain",
					"arch":	"32-bit",
					"appSettings":	{
						"appCompilerFlags":	"",
						"appLinkerFlags":	""
					},
					"addedLibs":	[],
					"libOptions":	{
						"libsContainingOptions":	[]
					},
					"prebuiltLibs":	{
						"prebuiltIncPath":	[],
						"prebuiltLibPath":	[]
					},
					"isolation":	{
					}
				}]
		}]
}
TRACE::2024-12-08.17:54:40::SCWBDomain::System Command Ran  F:&  cd  F:/Education/FPGA_Labs/Labs_2/lab4/audio_new/design_1_wrapper_iz/zynq_fsbl & make clean
TRACE::2024-12-08.17:54:41::SCWBDomain::rm -rf  sd.o  nand.o  image_mover.o  md5.o  fsbl_hooks.o  main.o  nor.o  qspi.o  rsa.o  ps7_init.o  pcap.o  fsbl_handoff.o zynq
TRACE::2024-12-08.17:54:41::SCWBDomain::_fsbl_bsp/ps7_cortexa9_0/lib/libxil.a fsbl.elf *.o

TRACE::2024-12-08.17:54:41::SCWBDomain::System Command Ran  F:&  cd  F:/Education/FPGA_Labs/Labs_2/lab4/audio_new/design_1_wrapper_iz/zynq_fsbl/zynq_fsbl_bsp & make clean
TRACE::2024-12-08.17:54:41::SCWBDomain::make -C ps7_cortexa9_0/libsrc/coresightps_dcc_v1_8/src -s clean 

TRACE::2024-12-08.17:54:41::SCWBDomain::make -C ps7_cortexa9_0/libsrc/cpu_cortexa9_v2_11/src -s clean 

TRACE::2024-12-08.17:54:41::SCWBDomain::make -C ps7_cortexa9_0/libsrc/ddrps_v1_2/src -s clean 

TRACE::2024-12-08.17:54:41::SCWBDomain::make -C ps7_cortexa9_0/libsrc/devcfg_v3_7/src -s clean 

TRACE::2024-12-08.17:54:41::SCWBDomain::make -C ps7_cortexa9_0/libsrc/dmaps_v2_8/src -s clean 

TRACE::2024-12-08.17:54:41::SCWBDomain::make -C ps7_cortexa9_0/libsrc/fir_v1_0/src -s clean 

TRACE::2024-12-08.17:54:41::SCWBDomain::make -C ps7_cortexa9_0/libsrc/gpio_v4_9/src -s clean 

TRACE::2024-12-08.17:54:41::SCWBDomain::make -C ps7_cortexa9_0/libsrc/iicps_v3_17/src -s clean 

TRACE::2024-12-08.17:54:41::SCWBDomain::make -C ps7_cortexa9_0/libsrc/qspips_v3_10/src -s clean 

TRACE::2024-12-08.17:54:41::SCWBDomain::make -C ps7_cortexa9_0/libsrc/scugic_v5_1/src -s clean 

TRACE::2024-12-08.17:54:41::SCWBDomain::make -C ps7_cortexa9_0/libsrc/scutimer_v2_4/src -s clean 

TRACE::2024-12-08.17:54:41::SCWBDomain::make -C ps7_cortexa9_0/libsrc/scuwdt_v2_4/src -s clean 

TRACE::2024-12-08.17:54:41::SCWBDomain::make -C ps7_cortexa9_0/libsrc/standalone_v8_1/src -s clean 

TRACE::2024-12-08.17:54:42::SCWBDomain::make -C ps7_cortexa9_0/libsrc/uartps_v3_12/src -s clean 

TRACE::2024-12-08.17:54:42::SCWBDomain::make -C ps7_cortexa9_0/libsrc/xadcps_v2_6/src -s clean 

TRACE::2024-12-08.17:54:42::SCWBDomain::make -C ps7_cortexa9_0/libsrc/xilffs_v5_0/src -s clean 

TRACE::2024-12-08.17:54:42::SCWBDomain::make -C ps7_cortexa9_0/libsrc/xilrsa_v1_6/src -s clean 

TRACE::2024-12-08.17:54:42::SCWBDomain::rm -f ps7_cortexa9_0/lib/libxil.a

TRACE::2024-12-08.17:54:42::SCWMssOS::cleaning the bsp 
TRACE::2024-12-08.17:54:42::SCWMssOS::System Command Ran  F: & cd  F:/Education/FPGA_Labs/Labs_2/lab4/audio_new/design_1_wrapper_iz/ps7_cortexa9_0/standalone_ps7_cortexa9_0/bsp & make clean 
TRACE::2024-12-08.17:54:42::SCWMssOS::make -C ps7_cortexa9_0/libsrc/coresightps_dcc_v1_8/src -s clean 

TRACE::2024-12-08.17:54:42::SCWMssOS::make -C ps7_cortexa9_0/libsrc/cpu_cortexa9_v2_11/src -s clean 

TRACE::2024-12-08.17:54:42::SCWMssOS::make -C ps7_cortexa9_0/libsrc/ddrps_v1_2/src -s clean 

TRACE::2024-12-08.17:54:42::SCWMssOS::make -C ps7_cortexa9_0/libsrc/devcfg_v3_7/src -s clean 

TRACE::2024-12-08.17:54:42::SCWMssOS::make -C ps7_cortexa9_0/libsrc/dmaps_v2_8/src -s clean 

TRACE::2024-12-08.17:54:43::SCWMssOS::make -C ps7_cortexa9_0/libsrc/fir_v1_0/src -s clean 

TRACE::2024-12-08.17:54:43::SCWMssOS::make -C ps7_cortexa9_0/libsrc/gpio_v4_9/src -s clean 

TRACE::2024-12-08.17:54:43::SCWMssOS::make -C ps7_cortexa9_0/libsrc/iicps_v3_17/src -s clean 

TRACE::2024-12-08.17:54:43::SCWMssOS::make -C ps7_cortexa9_0/libsrc/qspips_v3_10/src -s clean 

TRACE::2024-12-08.17:54:43::SCWMssOS::make -C ps7_cortexa9_0/libsrc/scugic_v5_1/src -s clean 

TRACE::2024-12-08.17:54:43::SCWMssOS::make -C ps7_cortexa9_0/libsrc/scutimer_v2_4/src -s clean 

TRACE::2024-12-08.17:54:43::SCWMssOS::make -C ps7_cortexa9_0/libsrc/scuwdt_v2_4/src -s clean 

TRACE::2024-12-08.17:54:43::SCWMssOS::make -C ps7_cortexa9_0/libsrc/standalone_v8_1/src -s clean 

TRACE::2024-12-08.17:54:43::SCWMssOS::make -C ps7_cortexa9_0/libsrc/uartps_v3_12/src -s clean 

TRACE::2024-12-08.17:54:43::SCWMssOS::make -C ps7_cortexa9_0/libsrc/xadcps_v2_6/src -s clean 

TRACE::2024-12-08.17:54:43::SCWMssOS::rm -f ps7_cortexa9_0/lib/libxil.a

LOG::2024-12-08.17:54:52::SCWPlatform::Started generating the artifacts platform design_1_wrapper_iz
TRACE::2024-12-08.17:54:52::SCWPlatform::Sanity checking of platform is completed
LOG::2024-12-08.17:54:52::SCWPlatform::Started generating the artifacts for system configuration design_1_wrapper_iz
LOG::2024-12-08.17:54:52::SCWSystem::Checking the domain zynq_fsbl
LOG::2024-12-08.17:54:52::SCWSystem::Doing application build for :  zynq_fsbl
TRACE::2024-12-08.17:54:52::SCWBDomain::Not a forced makefile updation, No changes are present. 
TRACE::2024-12-08.17:54:52::SCWDomain::Building the domain as part of full build :  zynq_fsbl
TRACE::2024-12-08.17:54:52::SCWPlatform::Trying to open the hw design at F:/Education/FPGA_Labs/Labs_2/lab4/audio_new/design_1_wrapper_iz/hw/iz_2_design_1_wrapper.xsa
TRACE::2024-12-08.17:54:52::SCWPlatform::DSA given F:/Education/FPGA_Labs/Labs_2/lab4/audio_new/design_1_wrapper_iz/hw/iz_2_design_1_wrapper.xsa
TRACE::2024-12-08.17:54:52::SCWPlatform::DSA absoulate path F:/Education/FPGA_Labs/Labs_2/lab4/audio_new/design_1_wrapper_iz/hw/iz_2_design_1_wrapper.xsa
TRACE::2024-12-08.17:54:52::SCWPlatform::DSA directory F:/Education/FPGA_Labs/Labs_2/lab4/audio_new/design_1_wrapper_iz/hw
TRACE::2024-12-08.17:54:52::SCWPlatform:: Platform Path F:/Education/FPGA_Labs/Labs_2/lab4/audio_new/design_1_wrapper_iz/hw/iz_2_design_1_wrapper.xsa
TRACE::2024-12-08.17:54:52::SCWPlatform:: Unique name xilinx:zedboard::0.0
TRACE::2024-12-08.17:54:52::SCWPlatform::Trying to set the existing hwdb with name design_1_wrapper_11
TRACE::2024-12-08.17:54:52::SCWPlatform::Opened existing hwdb design_1_wrapper_11
TRACE::2024-12-08.17:54:52::SCWPlatform::Found the Hw Db part of the input DSA
TRACE::2024-12-08.17:54:52::SCWMssOS::Checking the sw design at  F:/Education/FPGA_Labs/Labs_2/lab4/audio_new/design_1_wrapper_iz/zynq_fsbl/zynq_fsbl_bsp/system.mss
TRACE::2024-12-08.17:54:52::SCWMssOS::DEBUG:  swdes dump  F:/Education/FPGA_Labs/Labs_2/lab4/audio_new/audio/ps7_cortexa9_0/standalone_domain/bsp/system.mss|system_0||
F:/Education/FPGA_Labs/Labs_2/lab4/audio_new/audio/zynq_fsbl/zynq_fsbl_bsp/system.mss|system||
F:/Education/FPGA_Labs/Labs_2/lab4/audio_new/design_1_wrapper_iz/ps7_cortexa9_0/standalone_ps7_cortexa9_0/bsp/system.mss|system_2||
F:/Education/FPGA_Labs/Labs_2/lab4/audio_new/design_1_wrapper_iz/zynq_fsbl/zynq_fsbl_bsp/system.mss|system_1||

TRACE::2024-12-08.17:54:52::SCWMssOS::Sw design exists and opened at  F:/Education/FPGA_Labs/Labs_2/lab4/audio_new/design_1_wrapper_iz/zynq_fsbl/zynq_fsbl_bsp/system.mss
TRACE::2024-12-08.17:54:52::SCWBDomain::Completed writing the mss file at F:/Education/FPGA_Labs/Labs_2/lab4/audio_new/design_1_wrapper_iz/zynq_fsbl/zynq_fsbl_bsp
TRACE::2024-12-08.17:54:52::SCWBDomain::bsp generated is stale removing and regenerating. 
KEYINFO::2024-12-08.17:54:53::SCWMssOS::Removing file F:/Education/FPGA_Labs/Labs_2/lab4/audio_new/design_1_wrapper_iz/zynq_fsbl/zynq_fsbl_bsp\system_1.mss
TRACE::2024-12-08.17:54:53::SCWBDomain::Updating the makefile used for building the Application zynq_fsbl
TRACE::2024-12-08.17:54:53::SCWPlatform::Trying to open the hw design at F:/Education/FPGA_Labs/Labs_2/lab4/audio_new/design_1_wrapper_iz/hw/iz_2_design_1_wrapper.xsa
TRACE::2024-12-08.17:54:53::SCWPlatform::DSA given F:/Education/FPGA_Labs/Labs_2/lab4/audio_new/design_1_wrapper_iz/hw/iz_2_design_1_wrapper.xsa
TRACE::2024-12-08.17:54:53::SCWPlatform::DSA absoulate path F:/Education/FPGA_Labs/Labs_2/lab4/audio_new/design_1_wrapper_iz/hw/iz_2_design_1_wrapper.xsa
TRACE::2024-12-08.17:54:53::SCWPlatform::DSA directory F:/Education/FPGA_Labs/Labs_2/lab4/audio_new/design_1_wrapper_iz/hw
TRACE::2024-12-08.17:54:53::SCWPlatform:: Platform Path F:/Education/FPGA_Labs/Labs_2/lab4/audio_new/design_1_wrapper_iz/hw/iz_2_design_1_wrapper.xsa
TRACE::2024-12-08.17:54:53::SCWPlatform:: Unique name xilinx:zedboard::0.0
TRACE::2024-12-08.17:54:53::SCWPlatform::Trying to set the existing hwdb with name design_1_wrapper_11
TRACE::2024-12-08.17:54:53::SCWPlatform::Opened existing hwdb design_1_wrapper_11
TRACE::2024-12-08.17:54:53::SCWPlatform::Found the Hw Db part of the input DSA
TRACE::2024-12-08.17:54:53::SCWMssOS::Checking the sw design at  F:/Education/FPGA_Labs/Labs_2/lab4/audio_new/design_1_wrapper_iz/zynq_fsbl/zynq_fsbl_bsp/system.mss
TRACE::2024-12-08.17:54:53::SCWMssOS::DEBUG:  swdes dump  F:/Education/FPGA_Labs/Labs_2/lab4/audio_new/audio/ps7_cortexa9_0/standalone_domain/bsp/system.mss|system_0||
F:/Education/FPGA_Labs/Labs_2/lab4/audio_new/audio/zynq_fsbl/zynq_fsbl_bsp/system.mss|system||
F:/Education/FPGA_Labs/Labs_2/lab4/audio_new/design_1_wrapper_iz/ps7_cortexa9_0/standalone_ps7_cortexa9_0/bsp/system.mss|system_2||

TRACE::2024-12-08.17:54:53::SCWMssOS::No sw design opened at  F:/Education/FPGA_Labs/Labs_2/lab4/audio_new/design_1_wrapper_iz/zynq_fsbl/zynq_fsbl_bsp/system.mss
TRACE::2024-12-08.17:54:53::SCWMssOS::mss exists loading the mss file  F:/Education/FPGA_Labs/Labs_2/lab4/audio_new/design_1_wrapper_iz/zynq_fsbl/zynq_fsbl_bsp/system.mss
TRACE::2024-12-08.17:54:53::SCWMssOS::Opened the sw design from mss  F:/Education/FPGA_Labs/Labs_2/lab4/audio_new/design_1_wrapper_iz/zynq_fsbl/zynq_fsbl_bsp/system.mss
TRACE::2024-12-08.17:54:53::SCWMssOS::Adding the swdes entry F:/Education/FPGA_Labs/Labs_2/lab4/audio_new/design_1_wrapper_iz/zynq_fsbl/zynq_fsbl_bsp/system.mss with des name system_1
TRACE::2024-12-08.17:54:53::SCWMssOS::updating the scw layer about changes
TRACE::2024-12-08.17:54:53::SCWMssOS::Opened the sw design.  F:/Education/FPGA_Labs/Labs_2/lab4/audio_new/design_1_wrapper_iz/zynq_fsbl/zynq_fsbl_bsp/system.mss
TRACE::2024-12-08.17:54:58::SCWBDomain::removing the temporary location in _platform.
TRACE::2024-12-08.17:54:58::SCWBDomain::Makefile is Updated.
TRACE::2024-12-08.17:54:58::SCWBDomain::doing clean.
TRACE::2024-12-08.17:54:58::SCWBDomain::System Command Ran  F:&  cd  F:/Education/FPGA_Labs/Labs_2/lab4/audio_new/design_1_wrapper_iz/zynq_fsbl & make clean
TRACE::2024-12-08.17:54:59::SCWBDomain::rm -rf  sd.o  nand.o  image_mover.o  md5.o  fsbl_hooks.o  main.o  rsa.o  nor.o  qspi.o  ps7_init.o  pcap.o  fsbl_handoff.o zynq
TRACE::2024-12-08.17:54:59::SCWBDomain::_fsbl_bsp/ps7_cortexa9_0/lib/libxil.a fsbl.elf *.o

TRACE::2024-12-08.17:54:59::SCWBDomain::System Command Ran  F:&  cd  F:/Education/FPGA_Labs/Labs_2/lab4/audio_new/design_1_wrapper_iz/zynq_fsbl& make -C  zynq_fsbl_bsp & make 
TRACE::2024-12-08.17:54:59::SCWBDomain::make: Entering directory 'F:/Education/FPGA_Labs/Labs_2/lab4/audio_new/design_1_wrapper_iz/zynq_fsbl/zynq_fsbl_bsp'

TRACE::2024-12-08.17:54:59::SCWBDomain::make --no-print-directory seq_libs

TRACE::2024-12-08.17:54:59::SCWBDomain::"Running Make include in ps7_cortexa9_0/libsrc/coresightps_dcc_v1_8/src"

TRACE::2024-12-08.17:54:59::SCWBDomain::make -C ps7_cortexa9_0/libsrc/coresightps_dcc_v1_8/src -s include  "SHELL=CMD" "COMPILER=arm-none-eabi-gcc" "ASSEMBLER=arm-none
TRACE::2024-12-08.17:54:59::SCWBDomain::-eabi-as" "ARCHIVER=arm-none-eabi-ar" "COMPILER_FLAGS=  -O2 -c" "EXTRA_COMPILER_FLAGS=-mcpu=cortex-a9 -mfpu=vfpv3 -mfloat-abi=h
TRACE::2024-12-08.17:54:59::SCWBDomain::ard -nostartfiles -g -Wall -Wextra -fno-tree-loop-distribute-patterns"

TRACE::2024-12-08.17:54:59::SCWBDomain::"Running Make include in ps7_cortexa9_0/libsrc/cpu_cortexa9_v2_11/src"

TRACE::2024-12-08.17:54:59::SCWBDomain::make -C ps7_cortexa9_0/libsrc/cpu_cortexa9_v2_11/src -s include  "SHELL=CMD" "COMPILER=arm-none-eabi-gcc" "ASSEMBLER=arm-none-e
TRACE::2024-12-08.17:54:59::SCWBDomain::abi-as" "ARCHIVER=arm-none-eabi-ar" "COMPILER_FLAGS=  -O2 -c" "EXTRA_COMPILER_FLAGS=-mcpu=cortex-a9 -mfpu=vfpv3 -mfloat-abi=har
TRACE::2024-12-08.17:54:59::SCWBDomain::d -nostartfiles -g -Wall -Wextra -fno-tree-loop-distribute-patterns"

TRACE::2024-12-08.17:54:59::SCWBDomain::"Running Make include in ps7_cortexa9_0/libsrc/ddrps_v1_2/src"

TRACE::2024-12-08.17:54:59::SCWBDomain::make -C ps7_cortexa9_0/libsrc/ddrps_v1_2/src -s include  "SHELL=CMD" "COMPILER=arm-none-eabi-gcc" "ASSEMBLER=arm-none-eabi-as" 
TRACE::2024-12-08.17:54:59::SCWBDomain::"ARCHIVER=arm-none-eabi-ar" "COMPILER_FLAGS=  -O2 -c" "EXTRA_COMPILER_FLAGS=-mcpu=cortex-a9 -mfpu=vfpv3 -mfloat-abi=hard -nosta
TRACE::2024-12-08.17:54:59::SCWBDomain::rtfiles -g -Wall -Wextra -fno-tree-loop-distribute-patterns"

TRACE::2024-12-08.17:54:59::SCWBDomain::"Running Make include in ps7_cortexa9_0/libsrc/devcfg_v3_7/src"

TRACE::2024-12-08.17:54:59::SCWBDomain::make -C ps7_cortexa9_0/libsrc/devcfg_v3_7/src -s include  "SHELL=CMD" "COMPILER=arm-none-eabi-gcc" "ASSEMBLER=arm-none-eabi-as"
TRACE::2024-12-08.17:54:59::SCWBDomain:: "ARCHIVER=arm-none-eabi-ar" "COMPILER_FLAGS=  -O2 -c" "EXTRA_COMPILER_FLAGS=-mcpu=cortex-a9 -mfpu=vfpv3 -mfloat-abi=hard -nost
TRACE::2024-12-08.17:54:59::SCWBDomain::artfiles -g -Wall -Wextra -fno-tree-loop-distribute-patterns"

TRACE::2024-12-08.17:54:59::SCWBDomain::"Running Make include in ps7_cortexa9_0/libsrc/dmaps_v2_8/src"

TRACE::2024-12-08.17:54:59::SCWBDomain::make -C ps7_cortexa9_0/libsrc/dmaps_v2_8/src -s include  "SHELL=CMD" "COMPILER=arm-none-eabi-gcc" "ASSEMBLER=arm-none-eabi-as" 
TRACE::2024-12-08.17:54:59::SCWBDomain::"ARCHIVER=arm-none-eabi-ar" "COMPILER_FLAGS=  -O2 -c" "EXTRA_COMPILER_FLAGS=-mcpu=cortex-a9 -mfpu=vfpv3 -mfloat-abi=hard -nosta
TRACE::2024-12-08.17:54:59::SCWBDomain::rtfiles -g -Wall -Wextra -fno-tree-loop-distribute-patterns"

TRACE::2024-12-08.17:54:59::SCWBDomain::"Running Make include in ps7_cortexa9_0/libsrc/fir_v1_0/src"

TRACE::2024-12-08.17:54:59::SCWBDomain::make -C ps7_cortexa9_0/libsrc/fir_v1_0/src -s include  "SHELL=CMD" "COMPILER=arm-none-eabi-gcc" "ASSEMBLER=arm-none-eabi-as" "A
TRACE::2024-12-08.17:54:59::SCWBDomain::RCHIVER=arm-none-eabi-ar" "COMPILER_FLAGS=  -O2 -c" "EXTRA_COMPILER_FLAGS=-mcpu=cortex-a9 -mfpu=vfpv3 -mfloat-abi=hard -nostart
TRACE::2024-12-08.17:54:59::SCWBDomain::files -g -Wall -Wextra -fno-tree-loop-distribute-patterns"

TRACE::2024-12-08.17:54:59::SCWBDomain::"Running Make include in ps7_cortexa9_0/libsrc/gpio_v4_9/src"

TRACE::2024-12-08.17:54:59::SCWBDomain::make -C ps7_cortexa9_0/libsrc/gpio_v4_9/src -s include  "SHELL=CMD" "COMPILER=arm-none-eabi-gcc" "ASSEMBLER=arm-none-eabi-as" "
TRACE::2024-12-08.17:54:59::SCWBDomain::ARCHIVER=arm-none-eabi-ar" "COMPILER_FLAGS=  -O2 -c" "EXTRA_COMPILER_FLAGS=-mcpu=cortex-a9 -mfpu=vfpv3 -mfloat-abi=hard -nostar
TRACE::2024-12-08.17:54:59::SCWBDomain::tfiles -g -Wall -Wextra -fno-tree-loop-distribute-patterns"

TRACE::2024-12-08.17:54:59::SCWBDomain::"Running Make include in ps7_cortexa9_0/libsrc/iicps_v3_17/src"

TRACE::2024-12-08.17:54:59::SCWBDomain::make -C ps7_cortexa9_0/libsrc/iicps_v3_17/src -s include  "SHELL=CMD" "COMPILER=arm-none-eabi-gcc" "ASSEMBLER=arm-none-eabi-as"
TRACE::2024-12-08.17:54:59::SCWBDomain:: "ARCHIVER=arm-none-eabi-ar" "COMPILER_FLAGS=  -O2 -c" "EXTRA_COMPILER_FLAGS=-mcpu=cortex-a9 -mfpu=vfpv3 -mfloat-abi=hard -nost
TRACE::2024-12-08.17:54:59::SCWBDomain::artfiles -g -Wall -Wextra -fno-tree-loop-distribute-patterns"

TRACE::2024-12-08.17:54:59::SCWBDomain::"Running Make include in ps7_cortexa9_0/libsrc/qspips_v3_10/src"

TRACE::2024-12-08.17:54:59::SCWBDomain::make -C ps7_cortexa9_0/libsrc/qspips_v3_10/src -s include  "SHELL=CMD" "COMPILER=arm-none-eabi-gcc" "ASSEMBLER=arm-none-eabi-as
TRACE::2024-12-08.17:54:59::SCWBDomain::" "ARCHIVER=arm-none-eabi-ar" "COMPILER_FLAGS=  -O2 -c" "EXTRA_COMPILER_FLAGS=-mcpu=cortex-a9 -mfpu=vfpv3 -mfloat-abi=hard -nos
TRACE::2024-12-08.17:54:59::SCWBDomain::tartfiles -g -Wall -Wextra -fno-tree-loop-distribute-patterns"

TRACE::2024-12-08.17:54:59::SCWBDomain::"Running Make include in ps7_cortexa9_0/libsrc/scugic_v5_1/src"

TRACE::2024-12-08.17:54:59::SCWBDomain::make -C ps7_cortexa9_0/libsrc/scugic_v5_1/src -s include  "SHELL=CMD" "COMPILER=arm-none-eabi-gcc" "ASSEMBLER=arm-none-eabi-as"
TRACE::2024-12-08.17:54:59::SCWBDomain:: "ARCHIVER=arm-none-eabi-ar" "COMPILER_FLAGS=  -O2 -c" "EXTRA_COMPILER_FLAGS=-mcpu=cortex-a9 -mfpu=vfpv3 -mfloat-abi=hard -nost
TRACE::2024-12-08.17:54:59::SCWBDomain::artfiles -g -Wall -Wextra -fno-tree-loop-distribute-patterns"

TRACE::2024-12-08.17:54:59::SCWBDomain::"Running Make include in ps7_cortexa9_0/libsrc/scutimer_v2_4/src"

TRACE::2024-12-08.17:54:59::SCWBDomain::make -C ps7_cortexa9_0/libsrc/scutimer_v2_4/src -s include  "SHELL=CMD" "COMPILER=arm-none-eabi-gcc" "ASSEMBLER=arm-none-eabi-a
TRACE::2024-12-08.17:54:59::SCWBDomain::s" "ARCHIVER=arm-none-eabi-ar" "COMPILER_FLAGS=  -O2 -c" "EXTRA_COMPILER_FLAGS=-mcpu=cortex-a9 -mfpu=vfpv3 -mfloat-abi=hard -no
TRACE::2024-12-08.17:54:59::SCWBDomain::startfiles -g -Wall -Wextra -fno-tree-loop-distribute-patterns"

TRACE::2024-12-08.17:55:00::SCWBDomain::"Running Make include in ps7_cortexa9_0/libsrc/scuwdt_v2_4/src"

TRACE::2024-12-08.17:55:00::SCWBDomain::make -C ps7_cortexa9_0/libsrc/scuwdt_v2_4/src -s include  "SHELL=CMD" "COMPILER=arm-none-eabi-gcc" "ASSEMBLER=arm-none-eabi-as"
TRACE::2024-12-08.17:55:00::SCWBDomain:: "ARCHIVER=arm-none-eabi-ar" "COMPILER_FLAGS=  -O2 -c" "EXTRA_COMPILER_FLAGS=-mcpu=cortex-a9 -mfpu=vfpv3 -mfloat-abi=hard -nost
TRACE::2024-12-08.17:55:00::SCWBDomain::artfiles -g -Wall -Wextra -fno-tree-loop-distribute-patterns"

TRACE::2024-12-08.17:55:00::SCWBDomain::"Running Make include in ps7_cortexa9_0/libsrc/standalone_v8_1/src"

TRACE::2024-12-08.17:55:00::SCWBDomain::make -C ps7_cortexa9_0/libsrc/standalone_v8_1/src -s include  "SHELL=CMD" "COMPILER=arm-none-eabi-gcc" "ASSEMBLER=arm-none-eabi
TRACE::2024-12-08.17:55:00::SCWBDomain::-as" "ARCHIVER=arm-none-eabi-ar" "COMPILER_FLAGS=  -O2 -c" "EXTRA_COMPILER_FLAGS=-mcpu=cortex-a9 -mfpu=vfpv3 -mfloat-abi=hard -
TRACE::2024-12-08.17:55:00::SCWBDomain::nostartfiles -g -Wall -Wextra -fno-tree-loop-distribute-patterns"

TRACE::2024-12-08.17:55:01::SCWBDomain::"Running Make include in ps7_cortexa9_0/libsrc/uartps_v3_12/src"

TRACE::2024-12-08.17:55:01::SCWBDomain::make -C ps7_cortexa9_0/libsrc/uartps_v3_12/src -s include  "SHELL=CMD" "COMPILER=arm-none-eabi-gcc" "ASSEMBLER=arm-none-eabi-as
TRACE::2024-12-08.17:55:01::SCWBDomain::" "ARCHIVER=arm-none-eabi-ar" "COMPILER_FLAGS=  -O2 -c" "EXTRA_COMPILER_FLAGS=-mcpu=cortex-a9 -mfpu=vfpv3 -mfloat-abi=hard -nos
TRACE::2024-12-08.17:55:01::SCWBDomain::tartfiles -g -Wall -Wextra -fno-tree-loop-distribute-patterns"

TRACE::2024-12-08.17:55:01::SCWBDomain::"Running Make include in ps7_cortexa9_0/libsrc/xadcps_v2_6/src"

TRACE::2024-12-08.17:55:01::SCWBDomain::make -C ps7_cortexa9_0/libsrc/xadcps_v2_6/src -s include  "SHELL=CMD" "COMPILER=arm-none-eabi-gcc" "ASSEMBLER=arm-none-eabi-as"
TRACE::2024-12-08.17:55:01::SCWBDomain:: "ARCHIVER=arm-none-eabi-ar" "COMPILER_FLAGS=  -O2 -c" "EXTRA_COMPILER_FLAGS=-mcpu=cortex-a9 -mfpu=vfpv3 -mfloat-abi=hard -nost
TRACE::2024-12-08.17:55:01::SCWBDomain::artfiles -g -Wall -Wextra -fno-tree-loop-distribute-patterns"

TRACE::2024-12-08.17:55:01::SCWBDomain::"Running Make include in ps7_cortexa9_0/libsrc/xilffs_v5_0/src"

TRACE::2024-12-08.17:55:01::SCWBDomain::make -C ps7_cortexa9_0/libsrc/xilffs_v5_0/src -s include  "SHELL=CMD" "COMPILER=arm-none-eabi-gcc" "ASSEMBLER=arm-none-eabi-as"
TRACE::2024-12-08.17:55:01::SCWBDomain:: "ARCHIVER=arm-none-eabi-ar" "COMPILER_FLAGS=  -O2 -c" "EXTRA_COMPILER_FLAGS=-mcpu=cortex-a9 -mfpu=vfpv3 -mfloat-abi=hard -nost
TRACE::2024-12-08.17:55:01::SCWBDomain::artfiles -g -Wall -Wextra -fno-tree-loop-distribute-patterns"

TRACE::2024-12-08.17:55:01::SCWBDomain::"Running Make include in ps7_cortexa9_0/libsrc/xilrsa_v1_6/src"

TRACE::2024-12-08.17:55:01::SCWBDomain::make -C ps7_cortexa9_0/libsrc/xilrsa_v1_6/src -s include  "SHELL=CMD" "COMPILER=arm-none-eabi-gcc" "ASSEMBLER=arm-none-eabi-as"
TRACE::2024-12-08.17:55:01::SCWBDomain:: "ARCHIVER=arm-none-eabi-ar" "COMPILER_FLAGS=  -O2 -c" "EXTRA_COMPILER_FLAGS=-mcpu=cortex-a9 -mfpu=vfpv3 -mfloat-abi=hard -nost
TRACE::2024-12-08.17:55:01::SCWBDomain::artfiles -g -Wall -Wextra -fno-tree-loop-distribute-patterns"

TRACE::2024-12-08.17:55:01::SCWBDomain::"Running Make libs in ps7_cortexa9_0/libsrc/fir_v1_0/src"

TRACE::2024-12-08.17:55:01::SCWBDomain::make -C ps7_cortexa9_0/libsrc/fir_v1_0/src -s libs  "SHELL=CMD" "COMPILER=arm-none-eabi-gcc" "ASSEMBLER=arm-none-eabi-as" "ARCH
TRACE::2024-12-08.17:55:01::SCWBDomain::IVER=arm-none-eabi-ar" "COMPILER_FLAGS=  -O2 -c" "EXTRA_COMPILER_FLAGS=-mcpu=cortex-a9 -mfpu=vfpv3 -mfloat-abi=hard -nostartfil
TRACE::2024-12-08.17:55:01::SCWBDomain::es -g -Wall -Wextra -fno-tree-loop-distribute-patterns"

TRACE::2024-12-08.17:55:01::SCWBDomain::"Building fir"

TRACE::2024-12-08.17:55:01::SCWBDomain::"Running Make libs in ps7_cortexa9_0/libsrc/xilrsa_v1_6/src"

TRACE::2024-12-08.17:55:01::SCWBDomain::make -C ps7_cortexa9_0/libsrc/xilrsa_v1_6/src -s libs  "SHELL=CMD" "COMPILER=arm-none-eabi-gcc" "ASSEMBLER=arm-none-eabi-as" "A
TRACE::2024-12-08.17:55:01::SCWBDomain::RCHIVER=arm-none-eabi-ar" "COMPILER_FLAGS=  -O2 -c" "EXTRA_COMPILER_FLAGS=-mcpu=cortex-a9 -mfpu=vfpv3 -mfloat-abi=hard -nostart
TRACE::2024-12-08.17:55:01::SCWBDomain::files -g -Wall -Wextra -fno-tree-loop-distribute-patterns"

TRACE::2024-12-08.17:55:01::SCWBDomain::'Finished building libraries sequentially.'

TRACE::2024-12-08.17:55:01::SCWBDomain::make -j 10 --no-print-directory par_libs

TRACE::2024-12-08.17:55:01::SCWBDomain::"Running Make include in ps7_cortexa9_0/libsrc/coresightps_dcc_v1_8/src"

TRACE::2024-12-08.17:55:02::SCWBDomain::make -C ps7_cortexa9_0/libsrc/coresightps_dcc_v1_8/src -s include  "SHELL=CMD" "COMPILER=arm-none-eabi-gcc" "ASSEMBLER=arm-none
TRACE::2024-12-08.17:55:02::SCWBDomain::-eabi-as" "ARCHIVER=arm-none-eabi-ar" "COMPILER_FLAGS=  -O2 -c" "EXTRA_COMPILER_FLAGS=-mcpu=cortex-a9 -mfpu=vfpv3 -mfloat-abi=h
TRACE::2024-12-08.17:55:02::SCWBDomain::ard -nostartfiles -g -Wall -Wextra -fno-tree-loop-distribute-patterns"

TRACE::2024-12-08.17:55:02::SCWBDomain::"Running Make include in ps7_cortexa9_0/libsrc/cpu_cortexa9_v2_11/src"

TRACE::2024-12-08.17:55:02::SCWBDomain::make -C ps7_cortexa9_0/libsrc/cpu_cortexa9_v2_11/src -s include  "SHELL=CMD" "COMPILER=arm-none-eabi-gcc" "ASSEMBLER=arm-none-e
TRACE::2024-12-08.17:55:02::SCWBDomain::abi-as" "ARCHIVER=arm-none-eabi-ar" "COMPILER_FLAGS=  -O2 -c" "EXTRA_COMPILER_FLAGS=-mcpu=cortex-a9 -mfpu=vfpv3 -mfloat-abi=har
TRACE::2024-12-08.17:55:02::SCWBDomain::d -nostartfiles -g -Wall -Wextra -fno-tree-loop-distribute-patterns"

TRACE::2024-12-08.17:55:02::SCWBDomain::"Running Make include in ps7_cortexa9_0/libsrc/ddrps_v1_2/src"

TRACE::2024-12-08.17:55:02::SCWBDomain::make -C ps7_cortexa9_0/libsrc/ddrps_v1_2/src -s include  "SHELL=CMD" "COMPILER=arm-none-eabi-gcc" "ASSEMBLER=arm-none-eabi-as" 
TRACE::2024-12-08.17:55:02::SCWBDomain::"ARCHIVER=arm-none-eabi-ar" "COMPILER_FLAGS=  -O2 -c" "EXTRA_COMPILER_FLAGS=-mcpu=cortex-a9 -mfpu=vfpv3 -mfloat-abi=hard -nosta
TRACE::2024-12-08.17:55:02::SCWBDomain::rtfiles -g -Wall -Wextra -fno-tree-loop-distribute-patterns"

TRACE::2024-12-08.17:55:02::SCWBDomain::"Running Make include in ps7_cortexa9_0/libsrc/devcfg_v3_7/src"

TRACE::2024-12-08.17:55:02::SCWBDomain::make -C ps7_cortexa9_0/libsrc/devcfg_v3_7/src -s include  "SHELL=CMD" "COMPILER=arm-none-eabi-gcc" "ASSEMBLER=arm-none-eabi-as"
TRACE::2024-12-08.17:55:02::SCWBDomain:: "ARCHIVER=arm-none-eabi-ar" "COMPILER_FLAGS=  -O2 -c" "EXTRA_COMPILER_FLAGS=-mcpu=cortex-a9 -mfpu=vfpv3 -mfloat-abi=hard -nost
TRACE::2024-12-08.17:55:02::SCWBDomain::artfiles -g -Wall -Wextra -fno-tree-loop-distribute-patterns"

TRACE::2024-12-08.17:55:02::SCWBDomain::"Running Make include in ps7_cortexa9_0/libsrc/dmaps_v2_8/src"

TRACE::2024-12-08.17:55:02::SCWBDomain::make -C ps7_cortexa9_0/libsrc/dmaps_v2_8/src -s include  "SHELL=CMD" "COMPILER=arm-none-eabi-gcc" "ASSEMBLER=arm-none-eabi-as" 
TRACE::2024-12-08.17:55:02::SCWBDomain::"ARCHIVER=arm-none-eabi-ar" "COMPILER_FLAGS=  -O2 -c" "EXTRA_COMPILER_FLAGS=-mcpu=cortex-a9 -mfpu=vfpv3 -mfloat-abi=hard -nosta
TRACE::2024-12-08.17:55:02::SCWBDomain::rtfiles -g -Wall -Wextra -fno-tree-loop-distribute-patterns"

TRACE::2024-12-08.17:55:02::SCWBDomain::"Running Make include in ps7_cortexa9_0/libsrc/fir_v1_0/src"

TRACE::2024-12-08.17:55:02::SCWBDomain::make -C ps7_cortexa9_0/libsrc/fir_v1_0/src -s include  "SHELL=CMD" "COMPILER=arm-none-eabi-gcc" "ASSEMBLER=arm-none-eabi-as" "A
TRACE::2024-12-08.17:55:02::SCWBDomain::RCHIVER=arm-none-eabi-ar" "COMPILER_FLAGS=  -O2 -c" "EXTRA_COMPILER_FLAGS=-mcpu=cortex-a9 -mfpu=vfpv3 -mfloat-abi=hard -nostart
TRACE::2024-12-08.17:55:02::SCWBDomain::files -g -Wall -Wextra -fno-tree-loop-distribute-patterns"

TRACE::2024-12-08.17:55:02::SCWBDomain::"Running Make include in ps7_cortexa9_0/libsrc/gpio_v4_9/src"

TRACE::2024-12-08.17:55:02::SCWBDomain::make -C ps7_cortexa9_0/libsrc/gpio_v4_9/src -s include  "SHELL=CMD" "COMPILER=arm-none-eabi-gcc" "ASSEMBLER=arm-none-eabi-as" "
TRACE::2024-12-08.17:55:02::SCWBDomain::ARCHIVER=arm-none-eabi-ar" "COMPILER_FLAGS=  -O2 -c" "EXTRA_COMPILER_FLAGS=-mcpu=cortex-a9 -mfpu=vfpv3 -mfloat-abi=hard -nostar
TRACE::2024-12-08.17:55:02::SCWBDomain::tfiles -g -Wall -Wextra -fno-tree-loop-distribute-patterns"

TRACE::2024-12-08.17:55:02::SCWBDomain::"Running Make include in ps7_cortexa9_0/libsrc/iicps_v3_17/src"

TRACE::2024-12-08.17:55:02::SCWBDomain::make -C ps7_cortexa9_0/libsrc/iicps_v3_17/src -s include  "SHELL=CMD" "COMPILER=arm-none-eabi-gcc" "ASSEMBLER=arm-none-eabi-as"
TRACE::2024-12-08.17:55:02::SCWBDomain:: "ARCHIVER=arm-none-eabi-ar" "COMPILER_FLAGS=  -O2 -c" "EXTRA_COMPILER_FLAGS=-mcpu=cortex-a9 -mfpu=vfpv3 -mfloat-abi=hard -nost
TRACE::2024-12-08.17:55:02::SCWBDomain::artfiles -g -Wall -Wextra -fno-tree-loop-distribute-patterns"

TRACE::2024-12-08.17:55:02::SCWBDomain::"Running Make include in ps7_cortexa9_0/libsrc/qspips_v3_10/src"

TRACE::2024-12-08.17:55:02::SCWBDomain::make -C ps7_cortexa9_0/libsrc/qspips_v3_10/src -s include  "SHELL=CMD" "COMPILER=arm-none-eabi-gcc" "ASSEMBLER=arm-none-eabi-as
TRACE::2024-12-08.17:55:02::SCWBDomain::" "ARCHIVER=arm-none-eabi-ar" "COMPILER_FLAGS=  -O2 -c" "EXTRA_COMPILER_FLAGS=-mcpu=cortex-a9 -mfpu=vfpv3 -mfloat-abi=hard -nos
TRACE::2024-12-08.17:55:02::SCWBDomain::tartfiles -g -Wall -Wextra -fno-tree-loop-distribute-patterns"

TRACE::2024-12-08.17:55:02::SCWBDomain::"Running Make include in ps7_cortexa9_0/libsrc/scugic_v5_1/src"

TRACE::2024-12-08.17:55:02::SCWBDomain::make -C ps7_cortexa9_0/libsrc/scugic_v5_1/src -s include  "SHELL=CMD" "COMPILER=arm-none-eabi-gcc" "ASSEMBLER=arm-none-eabi-as"
TRACE::2024-12-08.17:55:02::SCWBDomain:: "ARCHIVER=arm-none-eabi-ar" "COMPILER_FLAGS=  -O2 -c" "EXTRA_COMPILER_FLAGS=-mcpu=cortex-a9 -mfpu=vfpv3 -mfloat-abi=hard -nost
TRACE::2024-12-08.17:55:02::SCWBDomain::artfiles -g -Wall -Wextra -fno-tree-loop-distribute-patterns"

TRACE::2024-12-08.17:55:02::SCWBDomain::"Running Make include in ps7_cortexa9_0/libsrc/scutimer_v2_4/src"

TRACE::2024-12-08.17:55:02::SCWBDomain::make -C ps7_cortexa9_0/libsrc/scutimer_v2_4/src -s include  "SHELL=CMD" "COMPILER=arm-none-eabi-gcc" "ASSEMBLER=arm-none-eabi-a
TRACE::2024-12-08.17:55:02::SCWBDomain::s" "ARCHIVER=arm-none-eabi-ar" "COMPILER_FLAGS=  -O2 -c" "EXTRA_COMPILER_FLAGS=-mcpu=cortex-a9 -mfpu=vfpv3 -mfloat-abi=hard -no
TRACE::2024-12-08.17:55:02::SCWBDomain::startfiles -g -Wall -Wextra -fno-tree-loop-distribute-patterns"

TRACE::2024-12-08.17:55:02::SCWBDomain::"Running Make include in ps7_cortexa9_0/libsrc/scuwdt_v2_4/src"

TRACE::2024-12-08.17:55:02::SCWBDomain::make -C ps7_cortexa9_0/libsrc/scuwdt_v2_4/src -s include  "SHELL=CMD" "COMPILER=arm-none-eabi-gcc" "ASSEMBLER=arm-none-eabi-as"
TRACE::2024-12-08.17:55:02::SCWBDomain:: "ARCHIVER=arm-none-eabi-ar" "COMPILER_FLAGS=  -O2 -c" "EXTRA_COMPILER_FLAGS=-mcpu=cortex-a9 -mfpu=vfpv3 -mfloat-abi=hard -nost
TRACE::2024-12-08.17:55:02::SCWBDomain::artfiles -g -Wall -Wextra -fno-tree-loop-distribute-patterns"

TRACE::2024-12-08.17:55:02::SCWBDomain::"Running Make include in ps7_cortexa9_0/libsrc/standalone_v8_1/src"

TRACE::2024-12-08.17:55:02::SCWBDomain::make -C ps7_cortexa9_0/libsrc/standalone_v8_1/src -s include  "SHELL=CMD" "COMPILER=arm-none-eabi-gcc" "ASSEMBLER=arm-none-eabi
TRACE::2024-12-08.17:55:02::SCWBDomain::-as" "ARCHIVER=arm-none-eabi-ar" "COMPILER_FLAGS=  -O2 -c" "EXTRA_COMPILER_FLAGS=-mcpu=cortex-a9 -mfpu=vfpv3 -mfloat-abi=hard -
TRACE::2024-12-08.17:55:02::SCWBDomain::nostartfiles -g -Wall -Wextra -fno-tree-loop-distribute-patterns"

TRACE::2024-12-08.17:55:02::SCWBDomain::"Running Make include in ps7_cortexa9_0/libsrc/uartps_v3_12/src"

TRACE::2024-12-08.17:55:02::SCWBDomain::make -C ps7_cortexa9_0/libsrc/uartps_v3_12/src -s include  "SHELL=CMD" "COMPILER=arm-none-eabi-gcc" "ASSEMBLER=arm-none-eabi-as
TRACE::2024-12-08.17:55:02::SCWBDomain::" "ARCHIVER=arm-none-eabi-ar" "COMPILER_FLAGS=  -O2 -c" "EXTRA_COMPILER_FLAGS=-mcpu=cortex-a9 -mfpu=vfpv3 -mfloat-abi=hard -nos
TRACE::2024-12-08.17:55:02::SCWBDomain::tartfiles -g -Wall -Wextra -fno-tree-loop-distribute-patterns"

TRACE::2024-12-08.17:55:02::SCWBDomain::"Running Make include in ps7_cortexa9_0/libsrc/xadcps_v2_6/src"

TRACE::2024-12-08.17:55:02::SCWBDomain::make -C ps7_cortexa9_0/libsrc/xadcps_v2_6/src -s include  "SHELL=CMD" "COMPILER=arm-none-eabi-gcc" "ASSEMBLER=arm-none-eabi-as"
TRACE::2024-12-08.17:55:02::SCWBDomain:: "ARCHIVER=arm-none-eabi-ar" "COMPILER_FLAGS=  -O2 -c" "EXTRA_COMPILER_FLAGS=-mcpu=cortex-a9 -mfpu=vfpv3 -mfloat-abi=hard -nost
TRACE::2024-12-08.17:55:02::SCWBDomain::artfiles -g -Wall -Wextra -fno-tree-loop-distribute-patterns"

TRACE::2024-12-08.17:55:02::SCWBDomain::"Running Make include in ps7_cortexa9_0/libsrc/xilffs_v5_0/src"

TRACE::2024-12-08.17:55:02::SCWBDomain::make -C ps7_cortexa9_0/libsrc/xilffs_v5_0/src -s include  "SHELL=CMD" "COMPILER=arm-none-eabi-gcc" "ASSEMBLER=arm-none-eabi-as"
TRACE::2024-12-08.17:55:02::SCWBDomain:: "ARCHIVER=arm-none-eabi-ar" "COMPILER_FLAGS=  -O2 -c" "EXTRA_COMPILER_FLAGS=-mcpu=cortex-a9 -mfpu=vfpv3 -mfloat-abi=hard -nost
TRACE::2024-12-08.17:55:02::SCWBDomain::artfiles -g -Wall -Wextra -fno-tree-loop-distribute-patterns"

TRACE::2024-12-08.17:55:02::SCWBDomain::"Running Make include in ps7_cortexa9_0/libsrc/xilrsa_v1_6/src"

TRACE::2024-12-08.17:55:02::SCWBDomain::make -C ps7_cortexa9_0/libsrc/xilrsa_v1_6/src -s include  "SHELL=CMD" "COMPILER=arm-none-eabi-gcc" "ASSEMBLER=arm-none-eabi-as"
TRACE::2024-12-08.17:55:02::SCWBDomain:: "ARCHIVER=arm-none-eabi-ar" "COMPILER_FLAGS=  -O2 -c" "EXTRA_COMPILER_FLAGS=-mcpu=cortex-a9 -mfpu=vfpv3 -mfloat-abi=hard -nost
TRACE::2024-12-08.17:55:02::SCWBDomain::artfiles -g -Wall -Wextra -fno-tree-loop-distribute-patterns"

TRACE::2024-12-08.17:55:02::SCWBDomain::"Running Make libs in ps7_cortexa9_0/libsrc/coresightps_dcc_v1_8/src"

TRACE::2024-12-08.17:55:02::SCWBDomain::make -C ps7_cortexa9_0/libsrc/coresightps_dcc_v1_8/src -s libs  "SHELL=CMD" "COMPILER=arm-none-eabi-gcc" "ASSEMBLER=arm-none-ea
TRACE::2024-12-08.17:55:02::SCWBDomain::bi-as" "ARCHIVER=arm-none-eabi-ar" "COMPILER_FLAGS=  -O2 -c" "EXTRA_COMPILER_FLAGS=-mcpu=cortex-a9 -mfpu=vfpv3 -mfloat-abi=hard
TRACE::2024-12-08.17:55:02::SCWBDomain:: -nostartfiles -g -Wall -Wextra -fno-tree-loop-distribute-patterns"

TRACE::2024-12-08.17:55:02::SCWBDomain::"Running Make libs in ps7_cortexa9_0/libsrc/cpu_cortexa9_v2_11/src"

TRACE::2024-12-08.17:55:02::SCWBDomain::make -C ps7_cortexa9_0/libsrc/cpu_cortexa9_v2_11/src -s libs  "SHELL=CMD" "COMPILER=arm-none-eabi-gcc" "ASSEMBLER=arm-none-eabi
TRACE::2024-12-08.17:55:02::SCWBDomain::-as" "ARCHIVER=arm-none-eabi-ar" "COMPILER_FLAGS=  -O2 -c" "EXTRA_COMPILER_FLAGS=-mcpu=cortex-a9 -mfpu=vfpv3 -mfloat-abi=hard -
TRACE::2024-12-08.17:55:02::SCWBDomain::nostartfiles -g -Wall -Wextra -fno-tree-loop-distribute-patterns"

TRACE::2024-12-08.17:55:02::SCWBDomain::"Running Make libs in ps7_cortexa9_0/libsrc/ddrps_v1_2/src"

TRACE::2024-12-08.17:55:02::SCWBDomain::make -C ps7_cortexa9_0/libsrc/ddrps_v1_2/src -s libs  "SHELL=CMD" "COMPILER=arm-none-eabi-gcc" "ASSEMBLER=arm-none-eabi-as" "AR
TRACE::2024-12-08.17:55:02::SCWBDomain::CHIVER=arm-none-eabi-ar" "COMPILER_FLAGS=  -O2 -c" "EXTRA_COMPILER_FLAGS=-mcpu=cortex-a9 -mfpu=vfpv3 -mfloat-abi=hard -nostartf
TRACE::2024-12-08.17:55:02::SCWBDomain::iles -g -Wall -Wextra -fno-tree-loop-distribute-patterns"

TRACE::2024-12-08.17:55:02::SCWBDomain::"Running Make libs in ps7_cortexa9_0/libsrc/devcfg_v3_7/src"

TRACE::2024-12-08.17:55:02::SCWBDomain::make -C ps7_cortexa9_0/libsrc/devcfg_v3_7/src -s libs  "SHELL=CMD" "COMPILER=arm-none-eabi-gcc" "ASSEMBLER=arm-none-eabi-as" "A
TRACE::2024-12-08.17:55:02::SCWBDomain::RCHIVER=arm-none-eabi-ar" "COMPILER_FLAGS=  -O2 -c" "EXTRA_COMPILER_FLAGS=-mcpu=cortex-a9 -mfpu=vfpv3 -mfloat-abi=hard -nostart
TRACE::2024-12-08.17:55:02::SCWBDomain::files -g -Wall -Wextra -fno-tree-loop-distribute-patterns"

TRACE::2024-12-08.17:55:02::SCWBDomain::"Running Make libs in ps7_cortexa9_0/libsrc/dmaps_v2_8/src"

TRACE::2024-12-08.17:55:02::SCWBDomain::make -C ps7_cortexa9_0/libsrc/dmaps_v2_8/src -s libs  "SHELL=CMD" "COMPILER=arm-none-eabi-gcc" "ASSEMBLER=arm-none-eabi-as" "AR
TRACE::2024-12-08.17:55:02::SCWBDomain::CHIVER=arm-none-eabi-ar" "COMPILER_FLAGS=  -O2 -c" "EXTRA_COMPILER_FLAGS=-mcpu=cortex-a9 -mfpu=vfpv3 -mfloat-abi=hard -nostartf
TRACE::2024-12-08.17:55:02::SCWBDomain::iles -g -Wall -Wextra -fno-tree-loop-distribute-patterns"

TRACE::2024-12-08.17:55:02::SCWBDomain::"Running Make libs in ps7_cortexa9_0/libsrc/gpio_v4_9/src"

TRACE::2024-12-08.17:55:02::SCWBDomain::make -C ps7_cortexa9_0/libsrc/gpio_v4_9/src -s libs  "SHELL=CMD" "COMPILER=arm-none-eabi-gcc" "ASSEMBLER=arm-none-eabi-as" "ARC
TRACE::2024-12-08.17:55:02::SCWBDomain::HIVER=arm-none-eabi-ar" "COMPILER_FLAGS=  -O2 -c" "EXTRA_COMPILER_FLAGS=-mcpu=cortex-a9 -mfpu=vfpv3 -mfloat-abi=hard -nostartfi
TRACE::2024-12-08.17:55:02::SCWBDomain::les -g -Wall -Wextra -fno-tree-loop-distribute-patterns"

TRACE::2024-12-08.17:55:02::SCWBDomain::"Running Make libs in ps7_cortexa9_0/libsrc/iicps_v3_17/src"

TRACE::2024-12-08.17:55:02::SCWBDomain::make -C ps7_cortexa9_0/libsrc/iicps_v3_17/src -s libs  "SHELL=CMD" "COMPILER=arm-none-eabi-gcc" "ASSEMBLER=arm-none-eabi-as" "A
TRACE::2024-12-08.17:55:02::SCWBDomain::RCHIVER=arm-none-eabi-ar" "COMPILER_FLAGS=  -O2 -c" "EXTRA_COMPILER_FLAGS=-mcpu=cortex-a9 -mfpu=vfpv3 -mfloat-abi=hard -nostart
TRACE::2024-12-08.17:55:02::SCWBDomain::files -g -Wall -Wextra -fno-tree-loop-distribute-patterns"

TRACE::2024-12-08.17:55:02::SCWBDomain::"Running Make libs in ps7_cortexa9_0/libsrc/qspips_v3_10/src"

TRACE::2024-12-08.17:55:02::SCWBDomain::make -C ps7_cortexa9_0/libsrc/qspips_v3_10/src -s libs  "SHELL=CMD" "COMPILER=arm-none-eabi-gcc" "ASSEMBLER=arm-none-eabi-as" "
TRACE::2024-12-08.17:55:02::SCWBDomain::ARCHIVER=arm-none-eabi-ar" "COMPILER_FLAGS=  -O2 -c" "EXTRA_COMPILER_FLAGS=-mcpu=cortex-a9 -mfpu=vfpv3 -mfloat-abi=hard -nostar
TRACE::2024-12-08.17:55:02::SCWBDomain::tfiles -g -Wall -Wextra -fno-tree-loop-distribute-patterns"

TRACE::2024-12-08.17:55:02::SCWBDomain::"Running Make libs in ps7_cortexa9_0/libsrc/scugic_v5_1/src"

TRACE::2024-12-08.17:55:02::SCWBDomain::make -C ps7_cortexa9_0/libsrc/scugic_v5_1/src -s libs  "SHELL=CMD" "COMPILER=arm-none-eabi-gcc" "ASSEMBLER=arm-none-eabi-as" "A
TRACE::2024-12-08.17:55:02::SCWBDomain::RCHIVER=arm-none-eabi-ar" "COMPILER_FLAGS=  -O2 -c" "EXTRA_COMPILER_FLAGS=-mcpu=cortex-a9 -mfpu=vfpv3 -mfloat-abi=hard -nostart
TRACE::2024-12-08.17:55:02::SCWBDomain::files -g -Wall -Wextra -fno-tree-loop-distribute-patterns"

TRACE::2024-12-08.17:55:02::SCWBDomain::"Running Make libs in ps7_cortexa9_0/libsrc/scutimer_v2_4/src"

TRACE::2024-12-08.17:55:02::SCWBDomain::make -C ps7_cortexa9_0/libsrc/scutimer_v2_4/src -s libs  "SHELL=CMD" "COMPILER=arm-none-eabi-gcc" "ASSEMBLER=arm-none-eabi-as" 
TRACE::2024-12-08.17:55:02::SCWBDomain::"ARCHIVER=arm-none-eabi-ar" "COMPILER_FLAGS=  -O2 -c" "EXTRA_COMPILER_FLAGS=-mcpu=cortex-a9 -mfpu=vfpv3 -mfloat-abi=hard -nosta
TRACE::2024-12-08.17:55:02::SCWBDomain::rtfiles -g -Wall -Wextra -fno-tree-loop-distribute-patterns"

TRACE::2024-12-08.17:55:03::SCWBDomain::"Running Make libs in ps7_cortexa9_0/libsrc/scuwdt_v2_4/src"

TRACE::2024-12-08.17:55:03::SCWBDomain::make -C ps7_cortexa9_0/libsrc/scuwdt_v2_4/src -s libs  "SHELL=CMD" "COMPILER=arm-none-eabi-gcc" "ASSEMBLER=arm-none-eabi-as" "A
TRACE::2024-12-08.17:55:03::SCWBDomain::RCHIVER=arm-none-eabi-ar" "COMPILER_FLAGS=  -O2 -c" "EXTRA_COMPILER_FLAGS=-mcpu=cortex-a9 -mfpu=vfpv3 -mfloat-abi=hard -nostart
TRACE::2024-12-08.17:55:03::SCWBDomain::files -g -Wall -Wextra -fno-tree-loop-distribute-patterns"

TRACE::2024-12-08.17:55:03::SCWBDomain::"Running Make libs in ps7_cortexa9_0/libsrc/standalone_v8_1/src"

TRACE::2024-12-08.17:55:03::SCWBDomain::make -C ps7_cortexa9_0/libsrc/standalone_v8_1/src -s libs  "SHELL=CMD" "COMPILER=arm-none-eabi-gcc" "ASSEMBLER=arm-none-eabi-as
TRACE::2024-12-08.17:55:03::SCWBDomain::" "ARCHIVER=arm-none-eabi-ar" "COMPILER_FLAGS=  -O2 -c" "EXTRA_COMPILER_FLAGS=-mcpu=cortex-a9 -mfpu=vfpv3 -mfloat-abi=hard -nos
TRACE::2024-12-08.17:55:03::SCWBDomain::tartfiles -g -Wall -Wextra -fno-tree-loop-distribute-patterns"

TRACE::2024-12-08.17:55:03::SCWBDomain::"Running Make libs in ps7_cortexa9_0/libsrc/uartps_v3_12/src"

TRACE::2024-12-08.17:55:03::SCWBDomain::make -C ps7_cortexa9_0/libsrc/uartps_v3_12/src -s libs  "SHELL=CMD" "COMPILER=arm-none-eabi-gcc" "ASSEMBLER=arm-none-eabi-as" "
TRACE::2024-12-08.17:55:03::SCWBDomain::ARCHIVER=arm-none-eabi-ar" "COMPILER_FLAGS=  -O2 -c" "EXTRA_COMPILER_FLAGS=-mcpu=cortex-a9 -mfpu=vfpv3 -mfloat-abi=hard -nostar
TRACE::2024-12-08.17:55:03::SCWBDomain::tfiles -g -Wall -Wextra -fno-tree-loop-distribute-patterns"

TRACE::2024-12-08.17:55:03::SCWBDomain::"Running Make libs in ps7_cortexa9_0/libsrc/xadcps_v2_6/src"

TRACE::2024-12-08.17:55:03::SCWBDomain::make -C ps7_cortexa9_0/libsrc/xadcps_v2_6/src -s libs  "SHELL=CMD" "COMPILER=arm-none-eabi-gcc" "ASSEMBLER=arm-none-eabi-as" "A
TRACE::2024-12-08.17:55:03::SCWBDomain::RCHIVER=arm-none-eabi-ar" "COMPILER_FLAGS=  -O2 -c" "EXTRA_COMPILER_FLAGS=-mcpu=cortex-a9 -mfpu=vfpv3 -mfloat-abi=hard -nostart
TRACE::2024-12-08.17:55:03::SCWBDomain::files -g -Wall -Wextra -fno-tree-loop-distribute-patterns"

TRACE::2024-12-08.17:55:03::SCWBDomain::"Running Make libs in ps7_cortexa9_0/libsrc/xilffs_v5_0/src"

TRACE::2024-12-08.17:55:03::SCWBDomain::make -C ps7_cortexa9_0/libsrc/xilffs_v5_0/src -s libs  "SHELL=CMD" "COMPILER=arm-none-eabi-gcc" "ASSEMBLER=arm-none-eabi-as" "A
TRACE::2024-12-08.17:55:03::SCWBDomain::RCHIVER=arm-none-eabi-ar" "COMPILER_FLAGS=  -O2 -c" "EXTRA_COMPILER_FLAGS=-mcpu=cortex-a9 -mfpu=vfpv3 -mfloat-abi=hard -nostart
TRACE::2024-12-08.17:55:03::SCWBDomain::files -g -Wall -Wextra -fno-tree-loop-distribute-patterns"

TRACE::2024-12-08.17:55:05::SCWBDomain::'Finished building libraries parallelly.'

TRACE::2024-12-08.17:55:05::SCWBDomain::make --no-print-directory archive

TRACE::2024-12-08.17:55:05::SCWBDomain::arm-none-eabi-ar -r  ps7_cortexa9_0/lib/libxil.a ps7_cortexa9_0/lib/_exit.o ps7_cortexa9_0/lib/_open.o ps7_cortexa9_0/lib/_sbrk
TRACE::2024-12-08.17:55:05::SCWBDomain::.o ps7_cortexa9_0/lib/abort.o ps7_cortexa9_0/lib/asm_vectors.o ps7_cortexa9_0/lib/boot.o ps7_cortexa9_0/lib/close.o ps7_cortexa
TRACE::2024-12-08.17:55:05::SCWBDomain::9_0/lib/cpputest_time.o ps7_cortexa9_0/lib/cpu_init.o ps7_cortexa9_0/lib/errno.o ps7_cortexa9_0/lib/fcntl.o ps7_cortexa9_0/lib/
TRACE::2024-12-08.17:55:05::SCWBDomain::fstat.o ps7_cortexa9_0/lib/getentropy.o ps7_cortexa9_0/lib/getpid.o ps7_cortexa9_0/lib/inbyte.o ps7_cortexa9_0/lib/isatty.o ps7
TRACE::2024-12-08.17:55:05::SCWBDomain::_cortexa9_0/lib/kill.o ps7_cortexa9_0/lib/lseek.o ps7_cortexa9_0/lib/open.o ps7_cortexa9_0/lib/outbyte.o ps7_cortexa9_0/lib/pri
TRACE::2024-12-08.17:55:05::SCWBDomain::nt.o ps7_cortexa9_0/lib/putnum.o ps7_cortexa9_0/lib/read.o ps7_cortexa9_0/lib/sbrk.o ps7_cortexa9_0/lib/sleep.o ps7_cortexa9_0/
TRACE::2024-12-08.17:55:05::SCWBDomain::lib/time.o ps7_cortexa9_0/lib/translation_table.o ps7_cortexa9_0/lib/unlink.o ps7_cortexa9_0/lib/usleep.o ps7_cortexa9_0/lib/ve
TRACE::2024-12-08.17:55:05::SCWBDomain::ctors.o ps7_cortexa9_0/lib/write.o ps7_cortexa9_0/lib/xadcps.o ps7_cortexa9_0/lib/xadcps_g.o ps7_cortexa9_0/lib/xadcps_intr.o p
TRACE::2024-12-08.17:55:05::SCWBDomain::s7_cortexa9_0/lib/xadcps_selftest.o ps7_cortexa9_0/lib/xadcps_sinit.o ps7_cortexa9_0/lib/xcoresightpsdcc.o ps7_cortexa9_0/lib/x
TRACE::2024-12-08.17:55:05::SCWBDomain::devcfg.o ps7_cortexa9_0/lib/xdevcfg_g.o ps7_cortexa9_0/lib/xdevcfg_hw.o ps7_cortexa9_0/lib/xdevcfg_intr.o ps7_cortexa9_0/lib/xd
TRACE::2024-12-08.17:55:05::SCWBDomain::evcfg_selftest.o ps7_cortexa9_0/lib/xdevcfg_sinit.o ps7_cortexa9_0/lib/xdmaps.o ps7_cortexa9_0/lib/xdmaps_g.o ps7_cortexa9_0/li
TRACE::2024-12-08.17:55:05::SCWBDomain::b/xdmaps_hw.o ps7_cortexa9_0/lib/xdmaps_selftest.o ps7_cortexa9_0/lib/xdmaps_sinit.o ps7_cortexa9_0/lib/xfir.o ps7_cortexa9_0/l
TRACE::2024-12-08.17:55:05::SCWBDomain::ib/xfir_g.o ps7_cortexa9_0/lib/xfir_linux.o ps7_cortexa9_0/lib/xfir_sinit.o ps7_cortexa9_0/lib/xgpio.o ps7_cortexa9_0/lib/xgpio
TRACE::2024-12-08.17:55:05::SCWBDomain::_extra.o ps7_cortexa9_0/lib/xgpio_g.o ps7_cortexa9_0/lib/xgpio_intr.o ps7_cortexa9_0/lib/xgpio_selftest.o ps7_cortexa9_0/lib/xg
TRACE::2024-12-08.17:55:05::SCWBDomain::pio_sinit.o ps7_cortexa9_0/lib/xiicps.o ps7_cortexa9_0/lib/xiicps_g.o ps7_cortexa9_0/lib/xiicps_hw.o ps7_cortexa9_0/lib/xiicps_
TRACE::2024-12-08.17:55:05::SCWBDomain::intr.o ps7_cortexa9_0/lib/xiicps_master.o ps7_cortexa9_0/lib/xiicps_options.o ps7_cortexa9_0/lib/xiicps_selftest.o ps7_cortexa9
TRACE::2024-12-08.17:55:05::SCWBDomain::_0/lib/xiicps_sinit.o ps7_cortexa9_0/lib/xiicps_slave.o ps7_cortexa9_0/lib/xiicps_xfer.o ps7_cortexa9_0/lib/xil-crt0.o ps7_cort
TRACE::2024-12-08.17:55:05::SCWBDomain::exa9_0/lib/xil_assert.o ps7_cortexa9_0/lib/xil_cache.o ps7_cortexa9_0/lib/xil_clocking.o ps7_cortexa9_0/lib/xil_exception.o ps7
TRACE::2024-12-08.17:55:05::SCWBDomain::_cortexa9_0/lib/xil_mem.o ps7_cortexa9_0/lib/xil_misc_psreset_api.o ps7_cortexa9_0/lib/xil_mmu.o ps7_cortexa9_0/lib/xil_printf.
TRACE::2024-12-08.17:55:05::SCWBDomain::o ps7_cortexa9_0/lib/xil_sleepcommon.o ps7_cortexa9_0/lib/xil_sleeptimer.o ps7_cortexa9_0/lib/xil_spinlock.o ps7_cortexa9_0/lib
TRACE::2024-12-08.17:55:05::SCWBDomain::/xil_testcache.o ps7_cortexa9_0/lib/xil_testio.o ps7_cortexa9_0/lib/xil_testmem.o ps7_cortexa9_0/lib/xil_util.o ps7_cortexa9_0/
TRACE::2024-12-08.17:55:05::SCWBDomain::lib/xinterrupt_wrap.o ps7_cortexa9_0/lib/xl2cc_counter.o ps7_cortexa9_0/lib/xplatform_info.o ps7_cortexa9_0/lib/xpm_counter.o p
TRACE::2024-12-08.17:55:05::SCWBDomain::s7_cortexa9_0/lib/xqspips.o ps7_cortexa9_0/lib/xqspips_g.o ps7_cortexa9_0/lib/xqspips_hw.o ps7_cortexa9_0/lib/xqspips_options.o
TRACE::2024-12-08.17:55:05::SCWBDomain:: ps7_cortexa9_0/lib/xqspips_selftest.o ps7_cortexa9_0/lib/xqspips_sinit.o ps7_cortexa9_0/lib/xscugic.o ps7_cortexa9_0/lib/xscug
TRACE::2024-12-08.17:55:05::SCWBDomain::ic_g.o ps7_cortexa9_0/lib/xscugic_hw.o ps7_cortexa9_0/lib/xscugic_intr.o ps7_cortexa9_0/lib/xscugic_selftest.o ps7_cortexa9_0/l
TRACE::2024-12-08.17:55:05::SCWBDomain::ib/xscugic_sinit.o ps7_cortexa9_0/lib/xscutimer.o ps7_cortexa9_0/lib/xscutimer_g.o ps7_cortexa9_0/lib/xscutimer_selftest.o ps7_
TRACE::2024-12-08.17:55:05::SCWBDomain::cortexa9_0/lib/xscutimer_sinit.o ps7_cortexa9_0/lib/xscuwdt.o ps7_cortexa9_0/lib/xscuwdt_g.o ps7_cortexa9_0/lib/xscuwdt_selftes
TRACE::2024-12-08.17:55:05::SCWBDomain::t.o ps7_cortexa9_0/lib/xscuwdt_sinit.o ps7_cortexa9_0/lib/xtime_l.o ps7_cortexa9_0/lib/xuartps.o ps7_cortexa9_0/lib/xuartps_g.o
TRACE::2024-12-08.17:55:05::SCWBDomain:: ps7_cortexa9_0/lib/xuartps_hw.o ps7_cortexa9_0/lib/xuartps_intr.o ps7_cortexa9_0/lib/xuartps_options.o ps7_cortexa9_0/lib/xuar
TRACE::2024-12-08.17:55:05::SCWBDomain::tps_selftest.o ps7_cortexa9_0/lib/xuartps_sinit.o

TRACE::2024-12-08.17:55:05::SCWBDomain::'Finished building libraries'

TRACE::2024-12-08.17:55:05::SCWBDomain::make: Leaving directory 'F:/Education/FPGA_Labs/Labs_2/lab4/audio_new/design_1_wrapper_iz/zynq_fsbl/zynq_fsbl_bsp'

TRACE::2024-12-08.17:55:05::SCWBDomain::arm-none-eabi-gcc  -O2 -c -MMD -MP       -mcpu=cortex-a9 -mfpu=vfpv3 -mfloat-abi=hard  -c sd.c -o sd.o -Izynq_fsbl_bsp/ps7_cort
TRACE::2024-12-08.17:55:05::SCWBDomain::exa9_0/include -I.

TRACE::2024-12-08.17:55:05::SCWBDomain::arm-none-eabi-gcc  -O2 -c -MMD -MP       -mcpu=cortex-a9 -mfpu=vfpv3 -mfloat-abi=hard  -c nand.c -o nand.o -Izynq_fsbl_bsp/ps7_
TRACE::2024-12-08.17:55:05::SCWBDomain::cortexa9_0/include -I.

TRACE::2024-12-08.17:55:05::SCWBDomain::arm-none-eabi-gcc  -O2 -c -MMD -MP       -mcpu=cortex-a9 -mfpu=vfpv3 -mfloat-abi=hard  -c image_mover.c -o image_mover.o -Izynq
TRACE::2024-12-08.17:55:05::SCWBDomain::_fsbl_bsp/ps7_cortexa9_0/include -I.

TRACE::2024-12-08.17:55:05::SCWBDomain::arm-none-eabi-gcc  -O2 -c -MMD -MP       -mcpu=cortex-a9 -mfpu=vfpv3 -mfloat-abi=hard  -c md5.c -o md5.o -Izynq_fsbl_bsp/ps7_co
TRACE::2024-12-08.17:55:05::SCWBDomain::rtexa9_0/include -I.

TRACE::2024-12-08.17:55:05::SCWBDomain::arm-none-eabi-gcc  -O2 -c -MMD -MP       -mcpu=cortex-a9 -mfpu=vfpv3 -mfloat-abi=hard  -c fsbl_hooks.c -o fsbl_hooks.o -Izynq_f
TRACE::2024-12-08.17:55:05::SCWBDomain::sbl_bsp/ps7_cortexa9_0/include -I.

TRACE::2024-12-08.17:55:05::SCWBDomain::arm-none-eabi-gcc  -O2 -c -MMD -MP       -mcpu=cortex-a9 -mfpu=vfpv3 -mfloat-abi=hard  -c main.c -o main.o -Izynq_fsbl_bsp/ps7_
TRACE::2024-12-08.17:55:05::SCWBDomain::cortexa9_0/include -I.

TRACE::2024-12-08.17:55:05::SCWBDomain::arm-none-eabi-gcc  -O2 -c -MMD -MP       -mcpu=cortex-a9 -mfpu=vfpv3 -mfloat-abi=hard  -c rsa.c -o rsa.o -Izynq_fsbl_bsp/ps7_co
TRACE::2024-12-08.17:55:05::SCWBDomain::rtexa9_0/include -I.

TRACE::2024-12-08.17:55:05::SCWBDomain::arm-none-eabi-gcc  -O2 -c -MMD -MP       -mcpu=cortex-a9 -mfpu=vfpv3 -mfloat-abi=hard  -c nor.c -o nor.o -Izynq_fsbl_bsp/ps7_co
TRACE::2024-12-08.17:55:05::SCWBDomain::rtexa9_0/include -I.

TRACE::2024-12-08.17:55:06::SCWBDomain::arm-none-eabi-gcc  -O2 -c -MMD -MP       -mcpu=cortex-a9 -mfpu=vfpv3 -mfloat-abi=hard  -c qspi.c -o qspi.o -Izynq_fsbl_bsp/ps7_
TRACE::2024-12-08.17:55:06::SCWBDomain::cortexa9_0/include -I.

TRACE::2024-12-08.17:55:06::SCWBDomain::arm-none-eabi-gcc  -O2 -c -MMD -MP       -mcpu=cortex-a9 -mfpu=vfpv3 -mfloat-abi=hard  -c ps7_init.c -o ps7_init.o -Izynq_fsbl_
TRACE::2024-12-08.17:55:06::SCWBDomain::bsp/ps7_cortexa9_0/include -I.

TRACE::2024-12-08.17:55:06::SCWBDomain::arm-none-eabi-gcc  -O2 -c -MMD -MP       -mcpu=cortex-a9 -mfpu=vfpv3 -mfloat-abi=hard  -c pcap.c -o pcap.o -Izynq_fsbl_bsp/ps7_
TRACE::2024-12-08.17:55:06::SCWBDomain::cortexa9_0/include -I.

TRACE::2024-12-08.17:55:06::SCWBDomain::arm-none-eabi-gcc  -O2 -c -MMD -MP       -mcpu=cortex-a9 -mfpu=vfpv3 -mfloat-abi=hard  -c fsbl_handoff.S -o fsbl_handoff.o -Izy
TRACE::2024-12-08.17:55:06::SCWBDomain::nq_fsbl_bsp/ps7_cortexa9_0/include -I.

TRACE::2024-12-08.17:55:06::SCWBDomain::arm-none-eabi-gcc -o fsbl.elf fsbl_handoff.o fsbl_hooks.o image_mover.o main.o md5.o nand.o nor.o pcap.o ps7_init.o qspi.o rsa.
TRACE::2024-12-08.17:55:06::SCWBDomain::o sd.o -MMD -MP       -mcpu=cortex-a9 -mfpu=vfpv3 -mfloat-abi=hard   -mcpu=cortex-a9 -mfpu=vfpv3 -mfloat-abi=hard -Wl,-build-id
TRACE::2024-12-08.17:55:06::SCWBDomain::=none -specs=Xilinx.spec  -lrsa -Wl,--start-group,-lxil,-lgcc,-lc,--end-group -Wl,--start-group,-lxilffs,-lxil,-lgcc,-lc,--end-
TRACE::2024-12-08.17:55:06::SCWBDomain::group -Wl,--start-group,-lrsa,-lxil,-lgcc,-lc,--end-group                                    -Wl,--gc-sections -Lzynq_fsbl_bsp/
TRACE::2024-12-08.17:55:06::SCWBDomain::ps7_cortexa9_0/lib -L./ -Tlscript.ld

LOG::2024-12-08.17:55:06::SCWSystem::Checking the domain standalone_ps7_cortexa9_0
LOG::2024-12-08.17:55:06::SCWSystem::Not a boot domain 
LOG::2024-12-08.17:55:06::SCWSystem::Started Processing the domain standalone_ps7_cortexa9_0
TRACE::2024-12-08.17:55:06::SCWDomain::Generating domain artifcats
TRACE::2024-12-08.17:55:06::SCWMssOS::Generating standalone artifcats
TRACE::2024-12-08.17:55:06::SCWMssOS::Copying the qemu file from  F:/Education/FPGA_Labs/Labs_2/lab4/audio_new/design_1_wrapper_iz/resources/design_1_wrapper_iz/standalone_ps7_cortexa9_0/qemu_args.txt To F:/Education/FPGA_Labs/Labs_2/lab4/audio_new/design_1_wrapper_iz/export/design_1_wrapper_iz/sw/design_1_wrapper_iz/qemu/
TRACE::2024-12-08.17:55:06::SCWMssOS::Copying the qemu file from  F:/Education/FPGA_Labs/Labs_2/lab4/audio_new/design_1_wrapper_iz/resources/design_1_wrapper_iz/standalone_ps7_cortexa9_0/qemu_args.txt To F:/Education/FPGA_Labs/Labs_2/lab4/audio_new/design_1_wrapper_iz/export/design_1_wrapper_iz/sw/design_1_wrapper_iz/standalone_ps7_cortexa9_0/qemu/
TRACE::2024-12-08.17:55:06::SCWMssOS:: Copying the user libraries. 
TRACE::2024-12-08.17:55:06::SCWPlatform::Trying to open the hw design at F:/Education/FPGA_Labs/Labs_2/lab4/audio_new/design_1_wrapper_iz/hw/iz_2_design_1_wrapper.xsa
TRACE::2024-12-08.17:55:06::SCWPlatform::DSA given F:/Education/FPGA_Labs/Labs_2/lab4/audio_new/design_1_wrapper_iz/hw/iz_2_design_1_wrapper.xsa
TRACE::2024-12-08.17:55:06::SCWPlatform::DSA absoulate path F:/Education/FPGA_Labs/Labs_2/lab4/audio_new/design_1_wrapper_iz/hw/iz_2_design_1_wrapper.xsa
TRACE::2024-12-08.17:55:06::SCWPlatform::DSA directory F:/Education/FPGA_Labs/Labs_2/lab4/audio_new/design_1_wrapper_iz/hw
TRACE::2024-12-08.17:55:06::SCWPlatform:: Platform Path F:/Education/FPGA_Labs/Labs_2/lab4/audio_new/design_1_wrapper_iz/hw/iz_2_design_1_wrapper.xsa
TRACE::2024-12-08.17:55:06::SCWPlatform:: Unique name xilinx:zedboard::0.0
TRACE::2024-12-08.17:55:06::SCWPlatform::Trying to set the existing hwdb with name design_1_wrapper_11
TRACE::2024-12-08.17:55:06::SCWPlatform::Opened existing hwdb design_1_wrapper_11
TRACE::2024-12-08.17:55:06::SCWPlatform::Found the Hw Db part of the input DSA
TRACE::2024-12-08.17:55:06::SCWMssOS::Checking the sw design at  F:/Education/FPGA_Labs/Labs_2/lab4/audio_new/design_1_wrapper_iz/ps7_cortexa9_0/standalone_ps7_cortexa9_0/bsp/system.mss
TRACE::2024-12-08.17:55:06::SCWMssOS::DEBUG:  swdes dump  F:/Education/FPGA_Labs/Labs_2/lab4/audio_new/audio/ps7_cortexa9_0/standalone_domain/bsp/system.mss|system_0||
F:/Education/FPGA_Labs/Labs_2/lab4/audio_new/audio/zynq_fsbl/zynq_fsbl_bsp/system.mss|system||
F:/Education/FPGA_Labs/Labs_2/lab4/audio_new/design_1_wrapper_iz/ps7_cortexa9_0/standalone_ps7_cortexa9_0/bsp/system.mss|system_2||
F:/Education/FPGA_Labs/Labs_2/lab4/audio_new/design_1_wrapper_iz/zynq_fsbl/zynq_fsbl_bsp/system.mss|system_1||

TRACE::2024-12-08.17:55:06::SCWMssOS::Sw design exists and opened at  F:/Education/FPGA_Labs/Labs_2/lab4/audio_new/design_1_wrapper_iz/ps7_cortexa9_0/standalone_ps7_cortexa9_0/bsp/system.mss
TRACE::2024-12-08.17:55:06::SCWMssOS::Completed writing the mss file at F:/Education/FPGA_Labs/Labs_2/lab4/audio_new/design_1_wrapper_iz/ps7_cortexa9_0/standalone_ps7_cortexa9_0/bsp
TRACE::2024-12-08.17:55:06::SCWMssOS::Mss edits present, copying mssfile into export location F:/Education/FPGA_Labs/Labs_2/lab4/audio_new/design_1_wrapper_iz/ps7_cortexa9_0/standalone_ps7_cortexa9_0/bsp/system.mss
TRACE::2024-12-08.17:55:06::SCWMssOS::bsp generated is stale removing and regenerating. 
TRACE::2024-12-08.17:55:07::SCWMssOS::doing bsp build ... 
TRACE::2024-12-08.17:55:07::SCWMssOS::System Command Ran  F: & cd  F:/Education/FPGA_Labs/Labs_2/lab4/audio_new/design_1_wrapper_iz/ps7_cortexa9_0/standalone_ps7_cortexa9_0/bsp & make 
TRACE::2024-12-08.17:55:07::SCWMssOS::make --no-print-directory seq_libs

TRACE::2024-12-08.17:55:07::SCWMssOS::"Running Make include in ps7_cortexa9_0/libsrc/coresightps_dcc_v1_8/src"

TRACE::2024-12-08.17:55:07::SCWMssOS::make -C ps7_cortexa9_0/libsrc/coresightps_dcc_v1_8/src -s include  "SHELL=CMD" "COMPILER=arm-none-eabi-gcc" "ASSEMBLER=arm-none
TRACE::2024-12-08.17:55:07::SCWMssOS::-eabi-as" "ARCHIVER=arm-none-eabi-ar" "COMPILER_FLAGS=  -O2 -c" "EXTRA_COMPILER_FLAGS=-mcpu=cortex-a9 -mfpu=vfpv3 -mfloat-abi=h
TRACE::2024-12-08.17:55:07::SCWMssOS::ard -nostartfiles -g -Wall -Wextra -fno-tree-loop-distribute-patterns"

TRACE::2024-12-08.17:55:07::SCWMssOS::"Running Make include in ps7_cortexa9_0/libsrc/cpu_cortexa9_v2_11/src"

TRACE::2024-12-08.17:55:07::SCWMssOS::make -C ps7_cortexa9_0/libsrc/cpu_cortexa9_v2_11/src -s include  "SHELL=CMD" "COMPILER=arm-none-eabi-gcc" "ASSEMBLER=arm-none-e
TRACE::2024-12-08.17:55:07::SCWMssOS::abi-as" "ARCHIVER=arm-none-eabi-ar" "COMPILER_FLAGS=  -O2 -c" "EXTRA_COMPILER_FLAGS=-mcpu=cortex-a9 -mfpu=vfpv3 -mfloat-abi=har
TRACE::2024-12-08.17:55:07::SCWMssOS::d -nostartfiles -g -Wall -Wextra -fno-tree-loop-distribute-patterns"

TRACE::2024-12-08.17:55:07::SCWMssOS::"Running Make include in ps7_cortexa9_0/libsrc/ddrps_v1_2/src"

TRACE::2024-12-08.17:55:07::SCWMssOS::make -C ps7_cortexa9_0/libsrc/ddrps_v1_2/src -s include  "SHELL=CMD" "COMPILER=arm-none-eabi-gcc" "ASSEMBLER=arm-none-eabi-as" 
TRACE::2024-12-08.17:55:07::SCWMssOS::"ARCHIVER=arm-none-eabi-ar" "COMPILER_FLAGS=  -O2 -c" "EXTRA_COMPILER_FLAGS=-mcpu=cortex-a9 -mfpu=vfpv3 -mfloat-abi=hard -nosta
TRACE::2024-12-08.17:55:07::SCWMssOS::rtfiles -g -Wall -Wextra -fno-tree-loop-distribute-patterns"

TRACE::2024-12-08.17:55:07::SCWMssOS::"Running Make include in ps7_cortexa9_0/libsrc/devcfg_v3_7/src"

TRACE::2024-12-08.17:55:07::SCWMssOS::make -C ps7_cortexa9_0/libsrc/devcfg_v3_7/src -s include  "SHELL=CMD" "COMPILER=arm-none-eabi-gcc" "ASSEMBLER=arm-none-eabi-as"
TRACE::2024-12-08.17:55:07::SCWMssOS:: "ARCHIVER=arm-none-eabi-ar" "COMPILER_FLAGS=  -O2 -c" "EXTRA_COMPILER_FLAGS=-mcpu=cortex-a9 -mfpu=vfpv3 -mfloat-abi=hard -nost
TRACE::2024-12-08.17:55:07::SCWMssOS::artfiles -g -Wall -Wextra -fno-tree-loop-distribute-patterns"

TRACE::2024-12-08.17:55:07::SCWMssOS::"Running Make include in ps7_cortexa9_0/libsrc/dmaps_v2_8/src"

TRACE::2024-12-08.17:55:07::SCWMssOS::make -C ps7_cortexa9_0/libsrc/dmaps_v2_8/src -s include  "SHELL=CMD" "COMPILER=arm-none-eabi-gcc" "ASSEMBLER=arm-none-eabi-as" 
TRACE::2024-12-08.17:55:07::SCWMssOS::"ARCHIVER=arm-none-eabi-ar" "COMPILER_FLAGS=  -O2 -c" "EXTRA_COMPILER_FLAGS=-mcpu=cortex-a9 -mfpu=vfpv3 -mfloat-abi=hard -nosta
TRACE::2024-12-08.17:55:07::SCWMssOS::rtfiles -g -Wall -Wextra -fno-tree-loop-distribute-patterns"

TRACE::2024-12-08.17:55:07::SCWMssOS::"Running Make include in ps7_cortexa9_0/libsrc/fir_v1_0/src"

TRACE::2024-12-08.17:55:07::SCWMssOS::make -C ps7_cortexa9_0/libsrc/fir_v1_0/src -s include  "SHELL=CMD" "COMPILER=arm-none-eabi-gcc" "ASSEMBLER=arm-none-eabi-as" "A
TRACE::2024-12-08.17:55:07::SCWMssOS::RCHIVER=arm-none-eabi-ar" "COMPILER_FLAGS=  -O2 -c" "EXTRA_COMPILER_FLAGS=-mcpu=cortex-a9 -mfpu=vfpv3 -mfloat-abi=hard -nostart
TRACE::2024-12-08.17:55:07::SCWMssOS::files -g -Wall -Wextra -fno-tree-loop-distribute-patterns"

TRACE::2024-12-08.17:55:07::SCWMssOS::"Running Make include in ps7_cortexa9_0/libsrc/gpio_v4_9/src"

TRACE::2024-12-08.17:55:07::SCWMssOS::make -C ps7_cortexa9_0/libsrc/gpio_v4_9/src -s include  "SHELL=CMD" "COMPILER=arm-none-eabi-gcc" "ASSEMBLER=arm-none-eabi-as" "
TRACE::2024-12-08.17:55:07::SCWMssOS::ARCHIVER=arm-none-eabi-ar" "COMPILER_FLAGS=  -O2 -c" "EXTRA_COMPILER_FLAGS=-mcpu=cortex-a9 -mfpu=vfpv3 -mfloat-abi=hard -nostar
TRACE::2024-12-08.17:55:07::SCWMssOS::tfiles -g -Wall -Wextra -fno-tree-loop-distribute-patterns"

TRACE::2024-12-08.17:55:08::SCWMssOS::"Running Make include in ps7_cortexa9_0/libsrc/iicps_v3_17/src"

TRACE::2024-12-08.17:55:08::SCWMssOS::make -C ps7_cortexa9_0/libsrc/iicps_v3_17/src -s include  "SHELL=CMD" "COMPILER=arm-none-eabi-gcc" "ASSEMBLER=arm-none-eabi-as"
TRACE::2024-12-08.17:55:08::SCWMssOS:: "ARCHIVER=arm-none-eabi-ar" "COMPILER_FLAGS=  -O2 -c" "EXTRA_COMPILER_FLAGS=-mcpu=cortex-a9 -mfpu=vfpv3 -mfloat-abi=hard -nost
TRACE::2024-12-08.17:55:08::SCWMssOS::artfiles -g -Wall -Wextra -fno-tree-loop-distribute-patterns"

TRACE::2024-12-08.17:55:08::SCWMssOS::"Running Make include in ps7_cortexa9_0/libsrc/qspips_v3_10/src"

TRACE::2024-12-08.17:55:08::SCWMssOS::make -C ps7_cortexa9_0/libsrc/qspips_v3_10/src -s include  "SHELL=CMD" "COMPILER=arm-none-eabi-gcc" "ASSEMBLER=arm-none-eabi-as
TRACE::2024-12-08.17:55:08::SCWMssOS::" "ARCHIVER=arm-none-eabi-ar" "COMPILER_FLAGS=  -O2 -c" "EXTRA_COMPILER_FLAGS=-mcpu=cortex-a9 -mfpu=vfpv3 -mfloat-abi=hard -nos
TRACE::2024-12-08.17:55:08::SCWMssOS::tartfiles -g -Wall -Wextra -fno-tree-loop-distribute-patterns"

TRACE::2024-12-08.17:55:08::SCWMssOS::"Running Make include in ps7_cortexa9_0/libsrc/scugic_v5_1/src"

TRACE::2024-12-08.17:55:08::SCWMssOS::make -C ps7_cortexa9_0/libsrc/scugic_v5_1/src -s include  "SHELL=CMD" "COMPILER=arm-none-eabi-gcc" "ASSEMBLER=arm-none-eabi-as"
TRACE::2024-12-08.17:55:08::SCWMssOS:: "ARCHIVER=arm-none-eabi-ar" "COMPILER_FLAGS=  -O2 -c" "EXTRA_COMPILER_FLAGS=-mcpu=cortex-a9 -mfpu=vfpv3 -mfloat-abi=hard -nost
TRACE::2024-12-08.17:55:08::SCWMssOS::artfiles -g -Wall -Wextra -fno-tree-loop-distribute-patterns"

TRACE::2024-12-08.17:55:08::SCWMssOS::"Running Make include in ps7_cortexa9_0/libsrc/scutimer_v2_4/src"

TRACE::2024-12-08.17:55:08::SCWMssOS::make -C ps7_cortexa9_0/libsrc/scutimer_v2_4/src -s include  "SHELL=CMD" "COMPILER=arm-none-eabi-gcc" "ASSEMBLER=arm-none-eabi-a
TRACE::2024-12-08.17:55:08::SCWMssOS::s" "ARCHIVER=arm-none-eabi-ar" "COMPILER_FLAGS=  -O2 -c" "EXTRA_COMPILER_FLAGS=-mcpu=cortex-a9 -mfpu=vfpv3 -mfloat-abi=hard -no
TRACE::2024-12-08.17:55:08::SCWMssOS::startfiles -g -Wall -Wextra -fno-tree-loop-distribute-patterns"

TRACE::2024-12-08.17:55:08::SCWMssOS::"Running Make include in ps7_cortexa9_0/libsrc/scuwdt_v2_4/src"

TRACE::2024-12-08.17:55:08::SCWMssOS::make -C ps7_cortexa9_0/libsrc/scuwdt_v2_4/src -s include  "SHELL=CMD" "COMPILER=arm-none-eabi-gcc" "ASSEMBLER=arm-none-eabi-as"
TRACE::2024-12-08.17:55:08::SCWMssOS:: "ARCHIVER=arm-none-eabi-ar" "COMPILER_FLAGS=  -O2 -c" "EXTRA_COMPILER_FLAGS=-mcpu=cortex-a9 -mfpu=vfpv3 -mfloat-abi=hard -nost
TRACE::2024-12-08.17:55:08::SCWMssOS::artfiles -g -Wall -Wextra -fno-tree-loop-distribute-patterns"

TRACE::2024-12-08.17:55:08::SCWMssOS::"Running Make include in ps7_cortexa9_0/libsrc/standalone_v8_1/src"

TRACE::2024-12-08.17:55:08::SCWMssOS::make -C ps7_cortexa9_0/libsrc/standalone_v8_1/src -s include  "SHELL=CMD" "COMPILER=arm-none-eabi-gcc" "ASSEMBLER=arm-none-eabi
TRACE::2024-12-08.17:55:08::SCWMssOS::-as" "ARCHIVER=arm-none-eabi-ar" "COMPILER_FLAGS=  -O2 -c" "EXTRA_COMPILER_FLAGS=-mcpu=cortex-a9 -mfpu=vfpv3 -mfloat-abi=hard -
TRACE::2024-12-08.17:55:08::SCWMssOS::nostartfiles -g -Wall -Wextra -fno-tree-loop-distribute-patterns"

TRACE::2024-12-08.17:55:09::SCWMssOS::"Running Make include in ps7_cortexa9_0/libsrc/uartps_v3_12/src"

TRACE::2024-12-08.17:55:09::SCWMssOS::make -C ps7_cortexa9_0/libsrc/uartps_v3_12/src -s include  "SHELL=CMD" "COMPILER=arm-none-eabi-gcc" "ASSEMBLER=arm-none-eabi-as
TRACE::2024-12-08.17:55:09::SCWMssOS::" "ARCHIVER=arm-none-eabi-ar" "COMPILER_FLAGS=  -O2 -c" "EXTRA_COMPILER_FLAGS=-mcpu=cortex-a9 -mfpu=vfpv3 -mfloat-abi=hard -nos
TRACE::2024-12-08.17:55:09::SCWMssOS::tartfiles -g -Wall -Wextra -fno-tree-loop-distribute-patterns"

TRACE::2024-12-08.17:55:09::SCWMssOS::"Running Make include in ps7_cortexa9_0/libsrc/xadcps_v2_6/src"

TRACE::2024-12-08.17:55:09::SCWMssOS::make -C ps7_cortexa9_0/libsrc/xadcps_v2_6/src -s include  "SHELL=CMD" "COMPILER=arm-none-eabi-gcc" "ASSEMBLER=arm-none-eabi-as"
TRACE::2024-12-08.17:55:09::SCWMssOS:: "ARCHIVER=arm-none-eabi-ar" "COMPILER_FLAGS=  -O2 -c" "EXTRA_COMPILER_FLAGS=-mcpu=cortex-a9 -mfpu=vfpv3 -mfloat-abi=hard -nost
TRACE::2024-12-08.17:55:09::SCWMssOS::artfiles -g -Wall -Wextra -fno-tree-loop-distribute-patterns"

TRACE::2024-12-08.17:55:09::SCWMssOS::"Running Make libs in ps7_cortexa9_0/libsrc/fir_v1_0/src"

TRACE::2024-12-08.17:55:09::SCWMssOS::make -C ps7_cortexa9_0/libsrc/fir_v1_0/src -s libs  "SHELL=CMD" "COMPILER=arm-none-eabi-gcc" "ASSEMBLER=arm-none-eabi-as" "ARCH
TRACE::2024-12-08.17:55:09::SCWMssOS::IVER=arm-none-eabi-ar" "COMPILER_FLAGS=  -O2 -c" "EXTRA_COMPILER_FLAGS=-mcpu=cortex-a9 -mfpu=vfpv3 -mfloat-abi=hard -nostartfil
TRACE::2024-12-08.17:55:09::SCWMssOS::es -g -Wall -Wextra -fno-tree-loop-distribute-patterns"

TRACE::2024-12-08.17:55:10::SCWMssOS::"Building fir"

TRACE::2024-12-08.17:55:10::SCWMssOS::'Finished building libraries sequentially.'

TRACE::2024-12-08.17:55:10::SCWMssOS::make -j 10 --no-print-directory par_libs

TRACE::2024-12-08.17:55:10::SCWMssOS::"Running Make include in ps7_cortexa9_0/libsrc/coresightps_dcc_v1_8/src"

TRACE::2024-12-08.17:55:10::SCWMssOS::make -C ps7_cortexa9_0/libsrc/coresightps_dcc_v1_8/src -s include  "SHELL=CMD" "COMPILER=arm-none-eabi-gcc" "ASSEMBLER=arm-none
TRACE::2024-12-08.17:55:10::SCWMssOS::-eabi-as" "ARCHIVER=arm-none-eabi-ar" "COMPILER_FLAGS=  -O2 -c" "EXTRA_COMPILER_FLAGS=-mcpu=cortex-a9 -mfpu=vfpv3 -mfloat-abi=h
TRACE::2024-12-08.17:55:10::SCWMssOS::ard -nostartfiles -g -Wall -Wextra -fno-tree-loop-distribute-patterns"

TRACE::2024-12-08.17:55:10::SCWMssOS::"Running Make include in ps7_cortexa9_0/libsrc/cpu_cortexa9_v2_11/src"

TRACE::2024-12-08.17:55:10::SCWMssOS::make -C ps7_cortexa9_0/libsrc/cpu_cortexa9_v2_11/src -s include  "SHELL=CMD" "COMPILER=arm-none-eabi-gcc" "ASSEMBLER=arm-none-e
TRACE::2024-12-08.17:55:10::SCWMssOS::abi-as" "ARCHIVER=arm-none-eabi-ar" "COMPILER_FLAGS=  -O2 -c" "EXTRA_COMPILER_FLAGS=-mcpu=cortex-a9 -mfpu=vfpv3 -mfloat-abi=har
TRACE::2024-12-08.17:55:10::SCWMssOS::d -nostartfiles -g -Wall -Wextra -fno-tree-loop-distribute-patterns"

TRACE::2024-12-08.17:55:10::SCWMssOS::"Running Make include in ps7_cortexa9_0/libsrc/ddrps_v1_2/src"

TRACE::2024-12-08.17:55:10::SCWMssOS::make -C ps7_cortexa9_0/libsrc/ddrps_v1_2/src -s include  "SHELL=CMD" "COMPILER=arm-none-eabi-gcc" "ASSEMBLER=arm-none-eabi-as" 
TRACE::2024-12-08.17:55:10::SCWMssOS::"ARCHIVER=arm-none-eabi-ar" "COMPILER_FLAGS=  -O2 -c" "EXTRA_COMPILER_FLAGS=-mcpu=cortex-a9 -mfpu=vfpv3 -mfloat-abi=hard -nosta
TRACE::2024-12-08.17:55:10::SCWMssOS::rtfiles -g -Wall -Wextra -fno-tree-loop-distribute-patterns"

TRACE::2024-12-08.17:55:10::SCWMssOS::"Running Make include in ps7_cortexa9_0/libsrc/devcfg_v3_7/src"

TRACE::2024-12-08.17:55:10::SCWMssOS::make -C ps7_cortexa9_0/libsrc/devcfg_v3_7/src -s include  "SHELL=CMD" "COMPILER=arm-none-eabi-gcc" "ASSEMBLER=arm-none-eabi-as"
TRACE::2024-12-08.17:55:10::SCWMssOS:: "ARCHIVER=arm-none-eabi-ar" "COMPILER_FLAGS=  -O2 -c" "EXTRA_COMPILER_FLAGS=-mcpu=cortex-a9 -mfpu=vfpv3 -mfloat-abi=hard -nost
TRACE::2024-12-08.17:55:10::SCWMssOS::artfiles -g -Wall -Wextra -fno-tree-loop-distribute-patterns"

TRACE::2024-12-08.17:55:10::SCWMssOS::"Running Make include in ps7_cortexa9_0/libsrc/dmaps_v2_8/src"

TRACE::2024-12-08.17:55:10::SCWMssOS::make -C ps7_cortexa9_0/libsrc/dmaps_v2_8/src -s include  "SHELL=CMD" "COMPILER=arm-none-eabi-gcc" "ASSEMBLER=arm-none-eabi-as" 
TRACE::2024-12-08.17:55:10::SCWMssOS::"ARCHIVER=arm-none-eabi-ar" "COMPILER_FLAGS=  -O2 -c" "EXTRA_COMPILER_FLAGS=-mcpu=cortex-a9 -mfpu=vfpv3 -mfloat-abi=hard -nosta
TRACE::2024-12-08.17:55:10::SCWMssOS::rtfiles -g -Wall -Wextra -fno-tree-loop-distribute-patterns"

TRACE::2024-12-08.17:55:10::SCWMssOS::"Running Make include in ps7_cortexa9_0/libsrc/fir_v1_0/src"

TRACE::2024-12-08.17:55:10::SCWMssOS::make -C ps7_cortexa9_0/libsrc/fir_v1_0/src -s include  "SHELL=CMD" "COMPILER=arm-none-eabi-gcc" "ASSEMBLER=arm-none-eabi-as" "A
TRACE::2024-12-08.17:55:10::SCWMssOS::RCHIVER=arm-none-eabi-ar" "COMPILER_FLAGS=  -O2 -c" "EXTRA_COMPILER_FLAGS=-mcpu=cortex-a9 -mfpu=vfpv3 -mfloat-abi=hard -nostart
TRACE::2024-12-08.17:55:10::SCWMssOS::files -g -Wall -Wextra -fno-tree-loop-distribute-patterns"

TRACE::2024-12-08.17:55:10::SCWMssOS::"Running Make include in ps7_cortexa9_0/libsrc/gpio_v4_9/src"

TRACE::2024-12-08.17:55:10::SCWMssOS::make -C ps7_cortexa9_0/libsrc/gpio_v4_9/src -s include  "SHELL=CMD" "COMPILER=arm-none-eabi-gcc" "ASSEMBLER=arm-none-eabi-as" "
TRACE::2024-12-08.17:55:10::SCWMssOS::ARCHIVER=arm-none-eabi-ar" "COMPILER_FLAGS=  -O2 -c" "EXTRA_COMPILER_FLAGS=-mcpu=cortex-a9 -mfpu=vfpv3 -mfloat-abi=hard -nostar
TRACE::2024-12-08.17:55:10::SCWMssOS::tfiles -g -Wall -Wextra -fno-tree-loop-distribute-patterns"

TRACE::2024-12-08.17:55:10::SCWMssOS::"Running Make include in ps7_cortexa9_0/libsrc/iicps_v3_17/src"

TRACE::2024-12-08.17:55:10::SCWMssOS::make -C ps7_cortexa9_0/libsrc/iicps_v3_17/src -s include  "SHELL=CMD" "COMPILER=arm-none-eabi-gcc" "ASSEMBLER=arm-none-eabi-as"
TRACE::2024-12-08.17:55:10::SCWMssOS:: "ARCHIVER=arm-none-eabi-ar" "COMPILER_FLAGS=  -O2 -c" "EXTRA_COMPILER_FLAGS=-mcpu=cortex-a9 -mfpu=vfpv3 -mfloat-abi=hard -nost
TRACE::2024-12-08.17:55:10::SCWMssOS::artfiles -g -Wall -Wextra -fno-tree-loop-distribute-patterns"

TRACE::2024-12-08.17:55:10::SCWMssOS::"Running Make include in ps7_cortexa9_0/libsrc/qspips_v3_10/src"

TRACE::2024-12-08.17:55:10::SCWMssOS::make -C ps7_cortexa9_0/libsrc/qspips_v3_10/src -s include  "SHELL=CMD" "COMPILER=arm-none-eabi-gcc" "ASSEMBLER=arm-none-eabi-as
TRACE::2024-12-08.17:55:10::SCWMssOS::" "ARCHIVER=arm-none-eabi-ar" "COMPILER_FLAGS=  -O2 -c" "EXTRA_COMPILER_FLAGS=-mcpu=cortex-a9 -mfpu=vfpv3 -mfloat-abi=hard -nos
TRACE::2024-12-08.17:55:10::SCWMssOS::tartfiles -g -Wall -Wextra -fno-tree-loop-distribute-patterns"

TRACE::2024-12-08.17:55:10::SCWMssOS::"Running Make include in ps7_cortexa9_0/libsrc/scugic_v5_1/src"

TRACE::2024-12-08.17:55:10::SCWMssOS::make -C ps7_cortexa9_0/libsrc/scugic_v5_1/src -s include  "SHELL=CMD" "COMPILER=arm-none-eabi-gcc" "ASSEMBLER=arm-none-eabi-as"
TRACE::2024-12-08.17:55:10::SCWMssOS:: "ARCHIVER=arm-none-eabi-ar" "COMPILER_FLAGS=  -O2 -c" "EXTRA_COMPILER_FLAGS=-mcpu=cortex-a9 -mfpu=vfpv3 -mfloat-abi=hard -nost
TRACE::2024-12-08.17:55:10::SCWMssOS::artfiles -g -Wall -Wextra -fno-tree-loop-distribute-patterns"

TRACE::2024-12-08.17:55:10::SCWMssOS::"Running Make include in ps7_cortexa9_0/libsrc/scutimer_v2_4/src"

TRACE::2024-12-08.17:55:10::SCWMssOS::make -C ps7_cortexa9_0/libsrc/scutimer_v2_4/src -s include  "SHELL=CMD" "COMPILER=arm-none-eabi-gcc" "ASSEMBLER=arm-none-eabi-a
TRACE::2024-12-08.17:55:10::SCWMssOS::s" "ARCHIVER=arm-none-eabi-ar" "COMPILER_FLAGS=  -O2 -c" "EXTRA_COMPILER_FLAGS=-mcpu=cortex-a9 -mfpu=vfpv3 -mfloat-abi=hard -no
TRACE::2024-12-08.17:55:10::SCWMssOS::startfiles -g -Wall -Wextra -fno-tree-loop-distribute-patterns"

TRACE::2024-12-08.17:55:10::SCWMssOS::"Running Make include in ps7_cortexa9_0/libsrc/scuwdt_v2_4/src"

TRACE::2024-12-08.17:55:10::SCWMssOS::make -C ps7_cortexa9_0/libsrc/scuwdt_v2_4/src -s include  "SHELL=CMD" "COMPILER=arm-none-eabi-gcc" "ASSEMBLER=arm-none-eabi-as"
TRACE::2024-12-08.17:55:10::SCWMssOS:: "ARCHIVER=arm-none-eabi-ar" "COMPILER_FLAGS=  -O2 -c" "EXTRA_COMPILER_FLAGS=-mcpu=cortex-a9 -mfpu=vfpv3 -mfloat-abi=hard -nost
TRACE::2024-12-08.17:55:10::SCWMssOS::artfiles -g -Wall -Wextra -fno-tree-loop-distribute-patterns"

TRACE::2024-12-08.17:55:10::SCWMssOS::"Running Make include in ps7_cortexa9_0/libsrc/standalone_v8_1/src"

TRACE::2024-12-08.17:55:10::SCWMssOS::make -C ps7_cortexa9_0/libsrc/standalone_v8_1/src -s include  "SHELL=CMD" "COMPILER=arm-none-eabi-gcc" "ASSEMBLER=arm-none-eabi
TRACE::2024-12-08.17:55:10::SCWMssOS::-as" "ARCHIVER=arm-none-eabi-ar" "COMPILER_FLAGS=  -O2 -c" "EXTRA_COMPILER_FLAGS=-mcpu=cortex-a9 -mfpu=vfpv3 -mfloat-abi=hard -
TRACE::2024-12-08.17:55:10::SCWMssOS::nostartfiles -g -Wall -Wextra -fno-tree-loop-distribute-patterns"

TRACE::2024-12-08.17:55:10::SCWMssOS::"Running Make include in ps7_cortexa9_0/libsrc/uartps_v3_12/src"

TRACE::2024-12-08.17:55:10::SCWMssOS::make -C ps7_cortexa9_0/libsrc/uartps_v3_12/src -s include  "SHELL=CMD" "COMPILER=arm-none-eabi-gcc" "ASSEMBLER=arm-none-eabi-as
TRACE::2024-12-08.17:55:10::SCWMssOS::" "ARCHIVER=arm-none-eabi-ar" "COMPILER_FLAGS=  -O2 -c" "EXTRA_COMPILER_FLAGS=-mcpu=cortex-a9 -mfpu=vfpv3 -mfloat-abi=hard -nos
TRACE::2024-12-08.17:55:10::SCWMssOS::tartfiles -g -Wall -Wextra -fno-tree-loop-distribute-patterns"

TRACE::2024-12-08.17:55:10::SCWMssOS::"Running Make include in ps7_cortexa9_0/libsrc/xadcps_v2_6/src"

TRACE::2024-12-08.17:55:10::SCWMssOS::make -C ps7_cortexa9_0/libsrc/xadcps_v2_6/src -s include  "SHELL=CMD" "COMPILER=arm-none-eabi-gcc" "ASSEMBLER=arm-none-eabi-as"
TRACE::2024-12-08.17:55:10::SCWMssOS:: "ARCHIVER=arm-none-eabi-ar" "COMPILER_FLAGS=  -O2 -c" "EXTRA_COMPILER_FLAGS=-mcpu=cortex-a9 -mfpu=vfpv3 -mfloat-abi=hard -nost
TRACE::2024-12-08.17:55:10::SCWMssOS::artfiles -g -Wall -Wextra -fno-tree-loop-distribute-patterns"

TRACE::2024-12-08.17:55:10::SCWMssOS::"Running Make libs in ps7_cortexa9_0/libsrc/coresightps_dcc_v1_8/src"

TRACE::2024-12-08.17:55:10::SCWMssOS::make -C ps7_cortexa9_0/libsrc/coresightps_dcc_v1_8/src -s libs  "SHELL=CMD" "COMPILER=arm-none-eabi-gcc" "ASSEMBLER=arm-none-ea
TRACE::2024-12-08.17:55:10::SCWMssOS::bi-as" "ARCHIVER=arm-none-eabi-ar" "COMPILER_FLAGS=  -O2 -c" "EXTRA_COMPILER_FLAGS=-mcpu=cortex-a9 -mfpu=vfpv3 -mfloat-abi=hard
TRACE::2024-12-08.17:55:10::SCWMssOS:: -nostartfiles -g -Wall -Wextra -fno-tree-loop-distribute-patterns"

TRACE::2024-12-08.17:55:10::SCWMssOS::"Running Make libs in ps7_cortexa9_0/libsrc/cpu_cortexa9_v2_11/src"

TRACE::2024-12-08.17:55:10::SCWMssOS::make -C ps7_cortexa9_0/libsrc/cpu_cortexa9_v2_11/src -s libs  "SHELL=CMD" "COMPILER=arm-none-eabi-gcc" "ASSEMBLER=arm-none-eabi
TRACE::2024-12-08.17:55:10::SCWMssOS::-as" "ARCHIVER=arm-none-eabi-ar" "COMPILER_FLAGS=  -O2 -c" "EXTRA_COMPILER_FLAGS=-mcpu=cortex-a9 -mfpu=vfpv3 -mfloat-abi=hard -
TRACE::2024-12-08.17:55:10::SCWMssOS::nostartfiles -g -Wall -Wextra -fno-tree-loop-distribute-patterns"

TRACE::2024-12-08.17:55:10::SCWMssOS::"Running Make libs in ps7_cortexa9_0/libsrc/ddrps_v1_2/src"

TRACE::2024-12-08.17:55:10::SCWMssOS::make -C ps7_cortexa9_0/libsrc/ddrps_v1_2/src -s libs  "SHELL=CMD" "COMPILER=arm-none-eabi-gcc" "ASSEMBLER=arm-none-eabi-as" "AR
TRACE::2024-12-08.17:55:10::SCWMssOS::CHIVER=arm-none-eabi-ar" "COMPILER_FLAGS=  -O2 -c" "EXTRA_COMPILER_FLAGS=-mcpu=cortex-a9 -mfpu=vfpv3 -mfloat-abi=hard -nostartf
TRACE::2024-12-08.17:55:10::SCWMssOS::iles -g -Wall -Wextra -fno-tree-loop-distribute-patterns"

TRACE::2024-12-08.17:55:10::SCWMssOS::"Running Make libs in ps7_cortexa9_0/libsrc/devcfg_v3_7/src"

TRACE::2024-12-08.17:55:10::SCWMssOS::make -C ps7_cortexa9_0/libsrc/devcfg_v3_7/src -s libs  "SHELL=CMD" "COMPILER=arm-none-eabi-gcc" "ASSEMBLER=arm-none-eabi-as" "A
TRACE::2024-12-08.17:55:10::SCWMssOS::RCHIVER=arm-none-eabi-ar" "COMPILER_FLAGS=  -O2 -c" "EXTRA_COMPILER_FLAGS=-mcpu=cortex-a9 -mfpu=vfpv3 -mfloat-abi=hard -nostart
TRACE::2024-12-08.17:55:10::SCWMssOS::files -g -Wall -Wextra -fno-tree-loop-distribute-patterns"

TRACE::2024-12-08.17:55:10::SCWMssOS::"Running Make libs in ps7_cortexa9_0/libsrc/dmaps_v2_8/src"

TRACE::2024-12-08.17:55:10::SCWMssOS::make -C ps7_cortexa9_0/libsrc/dmaps_v2_8/src -s libs  "SHELL=CMD" "COMPILER=arm-none-eabi-gcc" "ASSEMBLER=arm-none-eabi-as" "AR
TRACE::2024-12-08.17:55:10::SCWMssOS::CHIVER=arm-none-eabi-ar" "COMPILER_FLAGS=  -O2 -c" "EXTRA_COMPILER_FLAGS=-mcpu=cortex-a9 -mfpu=vfpv3 -mfloat-abi=hard -nostartf
TRACE::2024-12-08.17:55:10::SCWMssOS::iles -g -Wall -Wextra -fno-tree-loop-distribute-patterns"

TRACE::2024-12-08.17:55:10::SCWMssOS::"Running Make libs in ps7_cortexa9_0/libsrc/gpio_v4_9/src"

TRACE::2024-12-08.17:55:10::SCWMssOS::make -C ps7_cortexa9_0/libsrc/gpio_v4_9/src -s libs  "SHELL=CMD" "COMPILER=arm-none-eabi-gcc" "ASSEMBLER=arm-none-eabi-as" "ARC
TRACE::2024-12-08.17:55:10::SCWMssOS::HIVER=arm-none-eabi-ar" "COMPILER_FLAGS=  -O2 -c" "EXTRA_COMPILER_FLAGS=-mcpu=cortex-a9 -mfpu=vfpv3 -mfloat-abi=hard -nostartfi
TRACE::2024-12-08.17:55:10::SCWMssOS::les -g -Wall -Wextra -fno-tree-loop-distribute-patterns"

TRACE::2024-12-08.17:55:10::SCWMssOS::"Running Make libs in ps7_cortexa9_0/libsrc/iicps_v3_17/src"

TRACE::2024-12-08.17:55:10::SCWMssOS::make -C ps7_cortexa9_0/libsrc/iicps_v3_17/src -s libs  "SHELL=CMD" "COMPILER=arm-none-eabi-gcc" "ASSEMBLER=arm-none-eabi-as" "A
TRACE::2024-12-08.17:55:10::SCWMssOS::RCHIVER=arm-none-eabi-ar" "COMPILER_FLAGS=  -O2 -c" "EXTRA_COMPILER_FLAGS=-mcpu=cortex-a9 -mfpu=vfpv3 -mfloat-abi=hard -nostart
TRACE::2024-12-08.17:55:10::SCWMssOS::files -g -Wall -Wextra -fno-tree-loop-distribute-patterns"

TRACE::2024-12-08.17:55:11::SCWMssOS::"Running Make libs in ps7_cortexa9_0/libsrc/qspips_v3_10/src"

TRACE::2024-12-08.17:55:11::SCWMssOS::make -C ps7_cortexa9_0/libsrc/qspips_v3_10/src -s libs  "SHELL=CMD" "COMPILER=arm-none-eabi-gcc" "ASSEMBLER=arm-none-eabi-as" "
TRACE::2024-12-08.17:55:11::SCWMssOS::ARCHIVER=arm-none-eabi-ar" "COMPILER_FLAGS=  -O2 -c" "EXTRA_COMPILER_FLAGS=-mcpu=cortex-a9 -mfpu=vfpv3 -mfloat-abi=hard -nostar
TRACE::2024-12-08.17:55:11::SCWMssOS::tfiles -g -Wall -Wextra -fno-tree-loop-distribute-patterns"

TRACE::2024-12-08.17:55:11::SCWMssOS::"Running Make libs in ps7_cortexa9_0/libsrc/scugic_v5_1/src"

TRACE::2024-12-08.17:55:11::SCWMssOS::make -C ps7_cortexa9_0/libsrc/scugic_v5_1/src -s libs  "SHELL=CMD" "COMPILER=arm-none-eabi-gcc" "ASSEMBLER=arm-none-eabi-as" "A
TRACE::2024-12-08.17:55:11::SCWMssOS::RCHIVER=arm-none-eabi-ar" "COMPILER_FLAGS=  -O2 -c" "EXTRA_COMPILER_FLAGS=-mcpu=cortex-a9 -mfpu=vfpv3 -mfloat-abi=hard -nostart
TRACE::2024-12-08.17:55:11::SCWMssOS::files -g -Wall -Wextra -fno-tree-loop-distribute-patterns"

TRACE::2024-12-08.17:55:11::SCWMssOS::"Running Make libs in ps7_cortexa9_0/libsrc/scutimer_v2_4/src"

TRACE::2024-12-08.17:55:11::SCWMssOS::make -C ps7_cortexa9_0/libsrc/scutimer_v2_4/src -s libs  "SHELL=CMD" "COMPILER=arm-none-eabi-gcc" "ASSEMBLER=arm-none-eabi-as" 
TRACE::2024-12-08.17:55:11::SCWMssOS::"ARCHIVER=arm-none-eabi-ar" "COMPILER_FLAGS=  -O2 -c" "EXTRA_COMPILER_FLAGS=-mcpu=cortex-a9 -mfpu=vfpv3 -mfloat-abi=hard -nosta
TRACE::2024-12-08.17:55:11::SCWMssOS::rtfiles -g -Wall -Wextra -fno-tree-loop-distribute-patterns"

TRACE::2024-12-08.17:55:11::SCWMssOS::"Running Make libs in ps7_cortexa9_0/libsrc/scuwdt_v2_4/src"

TRACE::2024-12-08.17:55:11::SCWMssOS::make -C ps7_cortexa9_0/libsrc/scuwdt_v2_4/src -s libs  "SHELL=CMD" "COMPILER=arm-none-eabi-gcc" "ASSEMBLER=arm-none-eabi-as" "A
TRACE::2024-12-08.17:55:11::SCWMssOS::RCHIVER=arm-none-eabi-ar" "COMPILER_FLAGS=  -O2 -c" "EXTRA_COMPILER_FLAGS=-mcpu=cortex-a9 -mfpu=vfpv3 -mfloat-abi=hard -nostart
TRACE::2024-12-08.17:55:11::SCWMssOS::files -g -Wall -Wextra -fno-tree-loop-distribute-patterns"

TRACE::2024-12-08.17:55:11::SCWMssOS::"Running Make libs in ps7_cortexa9_0/libsrc/standalone_v8_1/src"

TRACE::2024-12-08.17:55:11::SCWMssOS::make -C ps7_cortexa9_0/libsrc/standalone_v8_1/src -s libs  "SHELL=CMD" "COMPILER=arm-none-eabi-gcc" "ASSEMBLER=arm-none-eabi-as
TRACE::2024-12-08.17:55:11::SCWMssOS::" "ARCHIVER=arm-none-eabi-ar" "COMPILER_FLAGS=  -O2 -c" "EXTRA_COMPILER_FLAGS=-mcpu=cortex-a9 -mfpu=vfpv3 -mfloat-abi=hard -nos
TRACE::2024-12-08.17:55:11::SCWMssOS::tartfiles -g -Wall -Wextra -fno-tree-loop-distribute-patterns"

TRACE::2024-12-08.17:55:11::SCWMssOS::"Running Make libs in ps7_cortexa9_0/libsrc/uartps_v3_12/src"

TRACE::2024-12-08.17:55:11::SCWMssOS::make -C ps7_cortexa9_0/libsrc/uartps_v3_12/src -s libs  "SHELL=CMD" "COMPILER=arm-none-eabi-gcc" "ASSEMBLER=arm-none-eabi-as" "
TRACE::2024-12-08.17:55:11::SCWMssOS::ARCHIVER=arm-none-eabi-ar" "COMPILER_FLAGS=  -O2 -c" "EXTRA_COMPILER_FLAGS=-mcpu=cortex-a9 -mfpu=vfpv3 -mfloat-abi=hard -nostar
TRACE::2024-12-08.17:55:11::SCWMssOS::tfiles -g -Wall -Wextra -fno-tree-loop-distribute-patterns"

TRACE::2024-12-08.17:55:11::SCWMssOS::"Running Make libs in ps7_cortexa9_0/libsrc/xadcps_v2_6/src"

TRACE::2024-12-08.17:55:11::SCWMssOS::make -C ps7_cortexa9_0/libsrc/xadcps_v2_6/src -s libs  "SHELL=CMD" "COMPILER=arm-none-eabi-gcc" "ASSEMBLER=arm-none-eabi-as" "A
TRACE::2024-12-08.17:55:11::SCWMssOS::RCHIVER=arm-none-eabi-ar" "COMPILER_FLAGS=  -O2 -c" "EXTRA_COMPILER_FLAGS=-mcpu=cortex-a9 -mfpu=vfpv3 -mfloat-abi=hard -nostart
TRACE::2024-12-08.17:55:11::SCWMssOS::files -g -Wall -Wextra -fno-tree-loop-distribute-patterns"

TRACE::2024-12-08.17:55:13::SCWMssOS::'Finished building libraries parallelly.'

TRACE::2024-12-08.17:55:13::SCWMssOS::make --no-print-directory archive

TRACE::2024-12-08.17:55:13::SCWMssOS::arm-none-eabi-ar -r  ps7_cortexa9_0/lib/libxil.a ps7_cortexa9_0/lib/_exit.o ps7_cortexa9_0/lib/_open.o ps7_cortexa9_0/lib/_sbrk
TRACE::2024-12-08.17:55:13::SCWMssOS::.o ps7_cortexa9_0/lib/abort.o ps7_cortexa9_0/lib/asm_vectors.o ps7_cortexa9_0/lib/boot.o ps7_cortexa9_0/lib/close.o ps7_cortexa
TRACE::2024-12-08.17:55:13::SCWMssOS::9_0/lib/cpputest_time.o ps7_cortexa9_0/lib/cpu_init.o ps7_cortexa9_0/lib/errno.o ps7_cortexa9_0/lib/fcntl.o ps7_cortexa9_0/lib/
TRACE::2024-12-08.17:55:13::SCWMssOS::fstat.o ps7_cortexa9_0/lib/getentropy.o ps7_cortexa9_0/lib/getpid.o ps7_cortexa9_0/lib/inbyte.o ps7_cortexa9_0/lib/isatty.o ps7
TRACE::2024-12-08.17:55:13::SCWMssOS::_cortexa9_0/lib/kill.o ps7_cortexa9_0/lib/lseek.o ps7_cortexa9_0/lib/open.o ps7_cortexa9_0/lib/outbyte.o ps7_cortexa9_0/lib/pri
TRACE::2024-12-08.17:55:13::SCWMssOS::nt.o ps7_cortexa9_0/lib/putnum.o ps7_cortexa9_0/lib/read.o ps7_cortexa9_0/lib/sbrk.o ps7_cortexa9_0/lib/sleep.o ps7_cortexa9_0/
TRACE::2024-12-08.17:55:13::SCWMssOS::lib/time.o ps7_cortexa9_0/lib/translation_table.o ps7_cortexa9_0/lib/unlink.o ps7_cortexa9_0/lib/usleep.o ps7_cortexa9_0/lib/ve
TRACE::2024-12-08.17:55:13::SCWMssOS::ctors.o ps7_cortexa9_0/lib/write.o ps7_cortexa9_0/lib/xadcps.o ps7_cortexa9_0/lib/xadcps_g.o ps7_cortexa9_0/lib/xadcps_intr.o p
TRACE::2024-12-08.17:55:13::SCWMssOS::s7_cortexa9_0/lib/xadcps_selftest.o ps7_cortexa9_0/lib/xadcps_sinit.o ps7_cortexa9_0/lib/xcoresightpsdcc.o ps7_cortexa9_0/lib/x
TRACE::2024-12-08.17:55:13::SCWMssOS::devcfg.o ps7_cortexa9_0/lib/xdevcfg_g.o ps7_cortexa9_0/lib/xdevcfg_hw.o ps7_cortexa9_0/lib/xdevcfg_intr.o ps7_cortexa9_0/lib/xd
TRACE::2024-12-08.17:55:13::SCWMssOS::evcfg_selftest.o ps7_cortexa9_0/lib/xdevcfg_sinit.o ps7_cortexa9_0/lib/xdmaps.o ps7_cortexa9_0/lib/xdmaps_g.o ps7_cortexa9_0/li
TRACE::2024-12-08.17:55:13::SCWMssOS::b/xdmaps_hw.o ps7_cortexa9_0/lib/xdmaps_selftest.o ps7_cortexa9_0/lib/xdmaps_sinit.o ps7_cortexa9_0/lib/xfir.o ps7_cortexa9_0/l
TRACE::2024-12-08.17:55:13::SCWMssOS::ib/xfir_g.o ps7_cortexa9_0/lib/xfir_linux.o ps7_cortexa9_0/lib/xfir_sinit.o ps7_cortexa9_0/lib/xgpio.o ps7_cortexa9_0/lib/xgpio
TRACE::2024-12-08.17:55:13::SCWMssOS::_extra.o ps7_cortexa9_0/lib/xgpio_g.o ps7_cortexa9_0/lib/xgpio_intr.o ps7_cortexa9_0/lib/xgpio_selftest.o ps7_cortexa9_0/lib/xg
TRACE::2024-12-08.17:55:13::SCWMssOS::pio_sinit.o ps7_cortexa9_0/lib/xiicps.o ps7_cortexa9_0/lib/xiicps_g.o ps7_cortexa9_0/lib/xiicps_hw.o ps7_cortexa9_0/lib/xiicps_
TRACE::2024-12-08.17:55:13::SCWMssOS::intr.o ps7_cortexa9_0/lib/xiicps_master.o ps7_cortexa9_0/lib/xiicps_options.o ps7_cortexa9_0/lib/xiicps_selftest.o ps7_cortexa9
TRACE::2024-12-08.17:55:13::SCWMssOS::_0/lib/xiicps_sinit.o ps7_cortexa9_0/lib/xiicps_slave.o ps7_cortexa9_0/lib/xiicps_xfer.o ps7_cortexa9_0/lib/xil-crt0.o ps7_cort
TRACE::2024-12-08.17:55:13::SCWMssOS::exa9_0/lib/xil_assert.o ps7_cortexa9_0/lib/xil_cache.o ps7_cortexa9_0/lib/xil_clocking.o ps7_cortexa9_0/lib/xil_exception.o ps7
TRACE::2024-12-08.17:55:13::SCWMssOS::_cortexa9_0/lib/xil_mem.o ps7_cortexa9_0/lib/xil_misc_psreset_api.o ps7_cortexa9_0/lib/xil_mmu.o ps7_cortexa9_0/lib/xil_printf.
TRACE::2024-12-08.17:55:13::SCWMssOS::o ps7_cortexa9_0/lib/xil_sleepcommon.o ps7_cortexa9_0/lib/xil_sleeptimer.o ps7_cortexa9_0/lib/xil_spinlock.o ps7_cortexa9_0/lib
TRACE::2024-12-08.17:55:13::SCWMssOS::/xil_testcache.o ps7_cortexa9_0/lib/xil_testio.o ps7_cortexa9_0/lib/xil_testmem.o ps7_cortexa9_0/lib/xil_util.o ps7_cortexa9_0/
TRACE::2024-12-08.17:55:13::SCWMssOS::lib/xinterrupt_wrap.o ps7_cortexa9_0/lib/xl2cc_counter.o ps7_cortexa9_0/lib/xplatform_info.o ps7_cortexa9_0/lib/xpm_counter.o p
TRACE::2024-12-08.17:55:13::SCWMssOS::s7_cortexa9_0/lib/xqspips.o ps7_cortexa9_0/lib/xqspips_g.o ps7_cortexa9_0/lib/xqspips_hw.o ps7_cortexa9_0/lib/xqspips_options.o
TRACE::2024-12-08.17:55:13::SCWMssOS:: ps7_cortexa9_0/lib/xqspips_selftest.o ps7_cortexa9_0/lib/xqspips_sinit.o ps7_cortexa9_0/lib/xscugic.o ps7_cortexa9_0/lib/xscug
TRACE::2024-12-08.17:55:13::SCWMssOS::ic_g.o ps7_cortexa9_0/lib/xscugic_hw.o ps7_cortexa9_0/lib/xscugic_intr.o ps7_cortexa9_0/lib/xscugic_selftest.o ps7_cortexa9_0/l
TRACE::2024-12-08.17:55:13::SCWMssOS::ib/xscugic_sinit.o ps7_cortexa9_0/lib/xscutimer.o ps7_cortexa9_0/lib/xscutimer_g.o ps7_cortexa9_0/lib/xscutimer_selftest.o ps7_
TRACE::2024-12-08.17:55:13::SCWMssOS::cortexa9_0/lib/xscutimer_sinit.o ps7_cortexa9_0/lib/xscuwdt.o ps7_cortexa9_0/lib/xscuwdt_g.o ps7_cortexa9_0/lib/xscuwdt_selftes
TRACE::2024-12-08.17:55:13::SCWMssOS::t.o ps7_cortexa9_0/lib/xscuwdt_sinit.o ps7_cortexa9_0/lib/xtime_l.o ps7_cortexa9_0/lib/xuartps.o ps7_cortexa9_0/lib/xuartps_g.o
TRACE::2024-12-08.17:55:13::SCWMssOS:: ps7_cortexa9_0/lib/xuartps_hw.o ps7_cortexa9_0/lib/xuartps_intr.o ps7_cortexa9_0/lib/xuartps_options.o ps7_cortexa9_0/lib/xuar
TRACE::2024-12-08.17:55:13::SCWMssOS::tps_selftest.o ps7_cortexa9_0/lib/xuartps_sinit.o

TRACE::2024-12-08.17:55:13::SCWMssOS::'Finished building libraries'

TRACE::2024-12-08.17:55:13::SCWMssOS:: Checking if to create the Supporting Applications
TRACE::2024-12-08.17:55:13::SCWMssOS:: No Linux domain exists, trying to generate FSBL 
LOG::2024-12-08.17:55:13::SCWSystem::Completed Processing the domain standalone_ps7_cortexa9_0
LOG::2024-12-08.17:55:13::SCWSystem::Completed Processing the sysconfig design_1_wrapper_iz
LOG::2024-12-08.17:55:13::SCWPlatform::Completed generating the artifacts for system configuration design_1_wrapper_iz
TRACE::2024-12-08.17:55:13::SCWPlatform::Started preparing the platform 
TRACE::2024-12-08.17:55:13::SCWSystem::Writing the bif file for system config design_1_wrapper_iz
TRACE::2024-12-08.17:55:13::SCWSystem::dir created 
TRACE::2024-12-08.17:55:13::SCWSystem::Writing the bif 
TRACE::2024-12-08.17:55:13::SCWPlatform::Started writing the spfm file 
TRACE::2024-12-08.17:55:13::SCWPlatform::Started writing the xpfm file 
TRACE::2024-12-08.17:55:13::SCWPlatform::Completed generating the platform
TRACE::2024-12-08.17:55:13::SCWMssOS::Saving the mss changes F:/Education/FPGA_Labs/Labs_2/lab4/audio_new/design_1_wrapper_iz/zynq_fsbl/zynq_fsbl_bsp/system.mss
TRACE::2024-12-08.17:55:13::SCWMssOS::Found a swdesign opened with the mssfile.
TRACE::2024-12-08.17:55:13::SCWMssOS::Running validate of swdbs.
KEYINFO::2024-12-08.17:55:13::SCWMssOS::Could not open the swdb for system_1
KEYINFO::2024-12-08.17:55:13::SCWMssOS::Could not open the sw design at  system_1
ERROR: [Hsi 55-1558] Software Design system_1 is not found

TRACE::2024-12-08.17:55:13::SCWMssOS::Cleared the swdb table entry
TRACE::2024-12-08.17:55:13::SCWMssOS::Adding the swdes entry, mss present, able to open swdb F:/Education/FPGA_Labs/Labs_2/lab4/audio_new/design_1_wrapper_iz/zynq_fsbl/zynq_fsbl_bsp/system.mss with des name system_1
TRACE::2024-12-08.17:55:13::SCWMssOS::Writing the mss file completed F:/Education/FPGA_Labs/Labs_2/lab4/audio_new/design_1_wrapper_iz/zynq_fsbl/zynq_fsbl_bsp/system.mss
TRACE::2024-12-08.17:55:13::SCWMssOS::Commit changes completed.
TRACE::2024-12-08.17:55:13::SCWMssOS::Saving the mss changes F:/Education/FPGA_Labs/Labs_2/lab4/audio_new/design_1_wrapper_iz/ps7_cortexa9_0/standalone_ps7_cortexa9_0/bsp/system.mss
TRACE::2024-12-08.17:55:13::SCWMssOS::Adding the swdes entry, mss present, able to open swdb F:/Education/FPGA_Labs/Labs_2/lab4/audio_new/design_1_wrapper_iz/ps7_cortexa9_0/standalone_ps7_cortexa9_0/bsp/system.mss with des name system_2
TRACE::2024-12-08.17:55:13::SCWMssOS::Writing the mss file completed F:/Education/FPGA_Labs/Labs_2/lab4/audio_new/design_1_wrapper_iz/ps7_cortexa9_0/standalone_ps7_cortexa9_0/bsp/system.mss
TRACE::2024-12-08.17:55:13::SCWMssOS::Commit changes completed.
TRACE::2024-12-08.17:55:13::SCWPlatform::Trying to open the hw design at F:/Education/FPGA_Labs/Labs_2/lab4/audio_new/design_1_wrapper_iz/hw/iz_2_design_1_wrapper.xsa
TRACE::2024-12-08.17:55:13::SCWPlatform::DSA given F:/Education/FPGA_Labs/Labs_2/lab4/audio_new/design_1_wrapper_iz/hw/iz_2_design_1_wrapper.xsa
TRACE::2024-12-08.17:55:13::SCWPlatform::DSA absoulate path F:/Education/FPGA_Labs/Labs_2/lab4/audio_new/design_1_wrapper_iz/hw/iz_2_design_1_wrapper.xsa
TRACE::2024-12-08.17:55:13::SCWPlatform::DSA directory F:/Education/FPGA_Labs/Labs_2/lab4/audio_new/design_1_wrapper_iz/hw
TRACE::2024-12-08.17:55:13::SCWPlatform:: Platform Path F:/Education/FPGA_Labs/Labs_2/lab4/audio_new/design_1_wrapper_iz/hw/iz_2_design_1_wrapper.xsa
TRACE::2024-12-08.17:55:13::SCWPlatform:: Unique name xilinx:zedboard::0.0
TRACE::2024-12-08.17:55:13::SCWPlatform::Trying to set the existing hwdb with name design_1_wrapper_11
TRACE::2024-12-08.17:55:13::SCWPlatform::Opened existing hwdb design_1_wrapper_11
TRACE::2024-12-08.17:55:13::SCWPlatform::Found the Hw Db part of the input DSA
TRACE::2024-12-08.17:55:13::SCWMssOS::Checking the sw design at  F:/Education/FPGA_Labs/Labs_2/lab4/audio_new/design_1_wrapper_iz/zynq_fsbl/zynq_fsbl_bsp/system.mss
TRACE::2024-12-08.17:55:13::SCWMssOS::DEBUG:  swdes dump  F:/Education/FPGA_Labs/Labs_2/lab4/audio_new/audio/ps7_cortexa9_0/standalone_domain/bsp/system.mss|system_0||
F:/Education/FPGA_Labs/Labs_2/lab4/audio_new/audio/zynq_fsbl/zynq_fsbl_bsp/system.mss|system||
F:/Education/FPGA_Labs/Labs_2/lab4/audio_new/design_1_wrapper_iz/ps7_cortexa9_0/standalone_ps7_cortexa9_0/bsp/system.mss|system_2||
F:/Education/FPGA_Labs/Labs_2/lab4/audio_new/design_1_wrapper_iz/zynq_fsbl/zynq_fsbl_bsp/system.mss|system_1||

TRACE::2024-12-08.17:55:13::SCWMssOS::Sw design exists and opened at  F:/Education/FPGA_Labs/Labs_2/lab4/audio_new/design_1_wrapper_iz/zynq_fsbl/zynq_fsbl_bsp/system.mss
TRACE::2024-12-08.17:55:13::SCWPlatform::Trying to open the hw design at F:/Education/FPGA_Labs/Labs_2/lab4/audio_new/design_1_wrapper_iz/hw/iz_2_design_1_wrapper.xsa
TRACE::2024-12-08.17:55:13::SCWPlatform::DSA given F:/Education/FPGA_Labs/Labs_2/lab4/audio_new/design_1_wrapper_iz/hw/iz_2_design_1_wrapper.xsa
TRACE::2024-12-08.17:55:13::SCWPlatform::DSA absoulate path F:/Education/FPGA_Labs/Labs_2/lab4/audio_new/design_1_wrapper_iz/hw/iz_2_design_1_wrapper.xsa
TRACE::2024-12-08.17:55:13::SCWPlatform::DSA directory F:/Education/FPGA_Labs/Labs_2/lab4/audio_new/design_1_wrapper_iz/hw
TRACE::2024-12-08.17:55:13::SCWPlatform:: Platform Path F:/Education/FPGA_Labs/Labs_2/lab4/audio_new/design_1_wrapper_iz/hw/iz_2_design_1_wrapper.xsa
TRACE::2024-12-08.17:55:13::SCWPlatform:: Unique name xilinx:zedboard::0.0
TRACE::2024-12-08.17:55:13::SCWPlatform::Trying to set the existing hwdb with name design_1_wrapper_11
TRACE::2024-12-08.17:55:13::SCWPlatform::Opened existing hwdb design_1_wrapper_11
TRACE::2024-12-08.17:55:13::SCWPlatform::Found the Hw Db part of the input DSA
TRACE::2024-12-08.17:55:13::SCWMssOS::Checking the sw design at  F:/Education/FPGA_Labs/Labs_2/lab4/audio_new/design_1_wrapper_iz/ps7_cortexa9_0/standalone_ps7_cortexa9_0/bsp/system.mss
TRACE::2024-12-08.17:55:13::SCWMssOS::DEBUG:  swdes dump  F:/Education/FPGA_Labs/Labs_2/lab4/audio_new/audio/ps7_cortexa9_0/standalone_domain/bsp/system.mss|system_0||
F:/Education/FPGA_Labs/Labs_2/lab4/audio_new/audio/zynq_fsbl/zynq_fsbl_bsp/system.mss|system||
F:/Education/FPGA_Labs/Labs_2/lab4/audio_new/design_1_wrapper_iz/ps7_cortexa9_0/standalone_ps7_cortexa9_0/bsp/system.mss|system_2||
F:/Education/FPGA_Labs/Labs_2/lab4/audio_new/design_1_wrapper_iz/zynq_fsbl/zynq_fsbl_bsp/system.mss|system_1||

TRACE::2024-12-08.17:55:13::SCWMssOS::Sw design exists and opened at  F:/Education/FPGA_Labs/Labs_2/lab4/audio_new/design_1_wrapper_iz/ps7_cortexa9_0/standalone_ps7_cortexa9_0/bsp/system.mss
TRACE::2024-12-08.17:55:13::SCWWriter::formatted JSON is {
	"platformName":	"design_1_wrapper_iz",
	"sprVersion":	"2.0",
	"mode":	"gui",
	"dsaType":	"Fixed",
	"platformDesc":	"design_1_wrapper_iz",
	"platHandOff":	"F:/Education/FPGA_Labs/Labs_2/lab4/audio_new/iz_2_design_1_wrapper.xsa",
	"platIntHandOff":	"<platformDir>/hw/iz_2_design_1_wrapper.xsa",
	"deviceType":	"zynq",
	"platIsPrebuiltAutogen":	"false",
	"platIsNoBootBsp":	"false",
	"hasFsblMakeHasChanges":	"false",
	"hasPmufwMakeHasChanges":	"false",
	"fsblExtraCompilerFlags":	"-MMD -MP       -mcpu=cortex-a9 -mfpu=vfpv3 -mfloat-abi=hard ",
	"platPreBuiltFlag":	false,
	"platformSamplesDir":	"",
	"platActiveSys":	"design_1_wrapper_iz",
	"systems":	[{
			"systemName":	"design_1_wrapper_iz",
			"systemDesc":	"design_1_wrapper_iz",
			"sysIsBootAutoGen":	"true",
			"systemDispName":	"design_1_wrapper_iz",
			"sysActiveDom":	"standalone_ps7_cortexa9_0",
			"sysDefaultDom":	"standalone_ps7_cortexa9_0",
			"domains":	[{
					"domainName":	"zynq_fsbl",
					"domainDispName":	"zynq_fsbl",
					"domainDesc":	"FSBL Application BSP - Auto Generated.",
					"processors":	"ps7_cortexa9_0",
					"os":	"standalone",
					"sdxOs":	"standalone",
					"debugEnable":	"",
					"domRuntimes":	["cpp"],
					"swRepo":	"",
					"mssOsVer":	"8.1",
					"mssFile":	"",
					"md5Digest":	"d9a34af2dee52f902a49b7b36c0ab938",
					"compatibleApp":	"zynq_fsbl",
					"domType":	"bootDomain",
					"arch":	"32-bit",
					"appSettings":	{
						"appCompilerFlags":	"",
						"appLinkerFlags":	""
					},
					"addedLibs":	["xilffs:5.0", "xilrsa:1.6"],
					"libOptions":	{
						"libsContainingOptions":	[]
					},
					"prebuiltLibs":	{
						"prebuiltIncPath":	[],
						"prebuiltLibPath":	[]
					},
					"isolation":	{
					}
				}, {
					"domainName":	"standalone_ps7_cortexa9_0",
					"domainDispName":	"standalone_ps7_cortexa9_0",
					"domainDesc":	"standalone_ps7_cortexa9_0",
					"processors":	"ps7_cortexa9_0",
					"os":	"standalone",
					"sdxOs":	"standalone",
					"qemuArgs":	"<platformDir>/resources/design_1_wrapper_iz/standalone_ps7_cortexa9_0/qemu_args.txt",
					"qemuData":	"<platformDir>/resources/design_1_wrapper_iz/standalone_ps7_cortexa9_0/qemu",
					"debugEnable":	"False",
					"domRuntimes":	["cpp"],
					"swRepo":	"",
					"mssOsVer":	"8.1",
					"mssFile":	"",
					"md5Digest":	"9a5c07eb3fcbf029dead828c18c1b9c0",
					"compatibleApp":	"",
					"domType":	"mssDomain",
					"arch":	"32-bit",
					"appSettings":	{
						"appCompilerFlags":	"",
						"appLinkerFlags":	""
					},
					"addedLibs":	[],
					"libOptions":	{
						"libsContainingOptions":	[]
					},
					"prebuiltLibs":	{
						"prebuiltIncPath":	[],
						"prebuiltLibPath":	[]
					},
					"isolation":	{
					}
				}]
		}]
}
KEYINFO::2024-12-08.17:55:13::SCWPlatform::updated the xpfm file.
TRACE::2024-12-08.17:55:13::SCWPlatform::Trying to open the hw design at F:/Education/FPGA_Labs/Labs_2/lab4/audio_new/design_1_wrapper_iz/hw/iz_2_design_1_wrapper.xsa
TRACE::2024-12-08.17:55:13::SCWPlatform::DSA given F:/Education/FPGA_Labs/Labs_2/lab4/audio_new/design_1_wrapper_iz/hw/iz_2_design_1_wrapper.xsa
TRACE::2024-12-08.17:55:13::SCWPlatform::DSA absoulate path F:/Education/FPGA_Labs/Labs_2/lab4/audio_new/design_1_wrapper_iz/hw/iz_2_design_1_wrapper.xsa
TRACE::2024-12-08.17:55:13::SCWPlatform::DSA directory F:/Education/FPGA_Labs/Labs_2/lab4/audio_new/design_1_wrapper_iz/hw
TRACE::2024-12-08.17:55:13::SCWPlatform:: Platform Path F:/Education/FPGA_Labs/Labs_2/lab4/audio_new/design_1_wrapper_iz/hw/iz_2_design_1_wrapper.xsa
TRACE::2024-12-08.17:55:13::SCWPlatform:: Unique name xilinx:zedboard::0.0
TRACE::2024-12-08.17:55:13::SCWPlatform::Trying to set the existing hwdb with name design_1_wrapper_11
TRACE::2024-12-08.17:55:13::SCWPlatform::Opened existing hwdb design_1_wrapper_11
TRACE::2024-12-08.17:55:13::SCWPlatform::Found the Hw Db part of the input DSA
TRACE::2024-12-08.17:55:13::SCWMssOS::Checking the sw design at  F:/Education/FPGA_Labs/Labs_2/lab4/audio_new/design_1_wrapper_iz/ps7_cortexa9_0/standalone_ps7_cortexa9_0/bsp/system.mss
TRACE::2024-12-08.17:55:13::SCWMssOS::DEBUG:  swdes dump  F:/Education/FPGA_Labs/Labs_2/lab4/audio_new/audio/ps7_cortexa9_0/standalone_domain/bsp/system.mss|system_0||
F:/Education/FPGA_Labs/Labs_2/lab4/audio_new/audio/zynq_fsbl/zynq_fsbl_bsp/system.mss|system||
F:/Education/FPGA_Labs/Labs_2/lab4/audio_new/design_1_wrapper_iz/ps7_cortexa9_0/standalone_ps7_cortexa9_0/bsp/system.mss|system_2||
F:/Education/FPGA_Labs/Labs_2/lab4/audio_new/design_1_wrapper_iz/zynq_fsbl/zynq_fsbl_bsp/system.mss|system_1||

TRACE::2024-12-08.17:55:13::SCWMssOS::Sw design exists and opened at  F:/Education/FPGA_Labs/Labs_2/lab4/audio_new/design_1_wrapper_iz/ps7_cortexa9_0/standalone_ps7_cortexa9_0/bsp/system.mss
TRACE::2024-12-08.17:55:20::SCWBDomain::System Command Ran  F:&  cd  F:/Education/FPGA_Labs/Labs_2/lab4/audio_new/design_1_wrapper_iz/zynq_fsbl & make clean
TRACE::2024-12-08.17:55:20::SCWBDomain::rm -rf  sd.o  nand.o  image_mover.o  md5.o  fsbl_hooks.o  main.o  nor.o  qspi.o  rsa.o  ps7_init.o  pcap.o  fsbl_handoff.o zynq
TRACE::2024-12-08.17:55:20::SCWBDomain::_fsbl_bsp/ps7_cortexa9_0/lib/libxil.a fsbl.elf *.o

TRACE::2024-12-08.17:55:20::SCWBDomain::System Command Ran  F:&  cd  F:/Education/FPGA_Labs/Labs_2/lab4/audio_new/design_1_wrapper_iz/zynq_fsbl/zynq_fsbl_bsp & make clean
TRACE::2024-12-08.17:55:20::SCWBDomain::make -C ps7_cortexa9_0/libsrc/coresightps_dcc_v1_8/src -s clean 

TRACE::2024-12-08.17:55:20::SCWBDomain::make -C ps7_cortexa9_0/libsrc/cpu_cortexa9_v2_11/src -s clean 

TRACE::2024-12-08.17:55:21::SCWBDomain::make -C ps7_cortexa9_0/libsrc/ddrps_v1_2/src -s clean 

TRACE::2024-12-08.17:55:21::SCWBDomain::make -C ps7_cortexa9_0/libsrc/devcfg_v3_7/src -s clean 

TRACE::2024-12-08.17:55:21::SCWBDomain::make -C ps7_cortexa9_0/libsrc/dmaps_v2_8/src -s clean 

TRACE::2024-12-08.17:55:21::SCWBDomain::make -C ps7_cortexa9_0/libsrc/fir_v1_0/src -s clean 

TRACE::2024-12-08.17:55:21::SCWBDomain::make -C ps7_cortexa9_0/libsrc/gpio_v4_9/src -s clean 

TRACE::2024-12-08.17:55:21::SCWBDomain::make -C ps7_cortexa9_0/libsrc/iicps_v3_17/src -s clean 

TRACE::2024-12-08.17:55:21::SCWBDomain::make -C ps7_cortexa9_0/libsrc/qspips_v3_10/src -s clean 

TRACE::2024-12-08.17:55:21::SCWBDomain::make -C ps7_cortexa9_0/libsrc/scugic_v5_1/src -s clean 

TRACE::2024-12-08.17:55:21::SCWBDomain::make -C ps7_cortexa9_0/libsrc/scutimer_v2_4/src -s clean 

TRACE::2024-12-08.17:55:21::SCWBDomain::make -C ps7_cortexa9_0/libsrc/scuwdt_v2_4/src -s clean 

TRACE::2024-12-08.17:55:21::SCWBDomain::make -C ps7_cortexa9_0/libsrc/standalone_v8_1/src -s clean 

TRACE::2024-12-08.17:55:21::SCWBDomain::make -C ps7_cortexa9_0/libsrc/uartps_v3_12/src -s clean 

TRACE::2024-12-08.17:55:22::SCWBDomain::make -C ps7_cortexa9_0/libsrc/xadcps_v2_6/src -s clean 

TRACE::2024-12-08.17:55:22::SCWBDomain::make -C ps7_cortexa9_0/libsrc/xilffs_v5_0/src -s clean 

TRACE::2024-12-08.17:55:22::SCWBDomain::make -C ps7_cortexa9_0/libsrc/xilrsa_v1_6/src -s clean 

TRACE::2024-12-08.17:55:22::SCWBDomain::rm -f ps7_cortexa9_0/lib/libxil.a

TRACE::2024-12-08.17:55:22::SCWMssOS::cleaning the bsp 
TRACE::2024-12-08.17:55:22::SCWMssOS::System Command Ran  F: & cd  F:/Education/FPGA_Labs/Labs_2/lab4/audio_new/design_1_wrapper_iz/ps7_cortexa9_0/standalone_ps7_cortexa9_0/bsp & make clean 
TRACE::2024-12-08.17:55:22::SCWMssOS::make -C ps7_cortexa9_0/libsrc/coresightps_dcc_v1_8/src -s clean 

TRACE::2024-12-08.17:55:22::SCWMssOS::make -C ps7_cortexa9_0/libsrc/cpu_cortexa9_v2_11/src -s clean 

TRACE::2024-12-08.17:55:22::SCWMssOS::make -C ps7_cortexa9_0/libsrc/ddrps_v1_2/src -s clean 

TRACE::2024-12-08.17:55:22::SCWMssOS::make -C ps7_cortexa9_0/libsrc/devcfg_v3_7/src -s clean 

TRACE::2024-12-08.17:55:22::SCWMssOS::make -C ps7_cortexa9_0/libsrc/dmaps_v2_8/src -s clean 

TRACE::2024-12-08.17:55:22::SCWMssOS::make -C ps7_cortexa9_0/libsrc/fir_v1_0/src -s clean 

TRACE::2024-12-08.17:55:22::SCWMssOS::make -C ps7_cortexa9_0/libsrc/gpio_v4_9/src -s clean 

TRACE::2024-12-08.17:55:22::SCWMssOS::make -C ps7_cortexa9_0/libsrc/iicps_v3_17/src -s clean 

TRACE::2024-12-08.17:55:22::SCWMssOS::make -C ps7_cortexa9_0/libsrc/qspips_v3_10/src -s clean 

TRACE::2024-12-08.17:55:23::SCWMssOS::make -C ps7_cortexa9_0/libsrc/scugic_v5_1/src -s clean 

TRACE::2024-12-08.17:55:23::SCWMssOS::make -C ps7_cortexa9_0/libsrc/scutimer_v2_4/src -s clean 

TRACE::2024-12-08.17:55:23::SCWMssOS::make -C ps7_cortexa9_0/libsrc/scuwdt_v2_4/src -s clean 

TRACE::2024-12-08.17:55:23::SCWMssOS::make -C ps7_cortexa9_0/libsrc/standalone_v8_1/src -s clean 

TRACE::2024-12-08.17:55:23::SCWMssOS::make -C ps7_cortexa9_0/libsrc/uartps_v3_12/src -s clean 

TRACE::2024-12-08.17:55:23::SCWMssOS::make -C ps7_cortexa9_0/libsrc/xadcps_v2_6/src -s clean 

TRACE::2024-12-08.17:55:23::SCWMssOS::rm -f ps7_cortexa9_0/lib/libxil.a

LOG::2024-12-08.17:55:30::SCWPlatform::Started generating the artifacts platform design_1_wrapper_iz
TRACE::2024-12-08.17:55:30::SCWPlatform::Sanity checking of platform is completed
LOG::2024-12-08.17:55:30::SCWPlatform::Started generating the artifacts for system configuration design_1_wrapper_iz
LOG::2024-12-08.17:55:30::SCWSystem::Checking the domain zynq_fsbl
LOG::2024-12-08.17:55:30::SCWSystem::Doing application build for :  zynq_fsbl
TRACE::2024-12-08.17:55:30::SCWBDomain::Not a forced makefile updation, No changes are present. 
TRACE::2024-12-08.17:55:30::SCWDomain::Building the domain as part of full build :  zynq_fsbl
TRACE::2024-12-08.17:55:30::SCWPlatform::Trying to open the hw design at F:/Education/FPGA_Labs/Labs_2/lab4/audio_new/design_1_wrapper_iz/hw/iz_2_design_1_wrapper.xsa
TRACE::2024-12-08.17:55:30::SCWPlatform::DSA given F:/Education/FPGA_Labs/Labs_2/lab4/audio_new/design_1_wrapper_iz/hw/iz_2_design_1_wrapper.xsa
TRACE::2024-12-08.17:55:30::SCWPlatform::DSA absoulate path F:/Education/FPGA_Labs/Labs_2/lab4/audio_new/design_1_wrapper_iz/hw/iz_2_design_1_wrapper.xsa
TRACE::2024-12-08.17:55:30::SCWPlatform::DSA directory F:/Education/FPGA_Labs/Labs_2/lab4/audio_new/design_1_wrapper_iz/hw
TRACE::2024-12-08.17:55:30::SCWPlatform:: Platform Path F:/Education/FPGA_Labs/Labs_2/lab4/audio_new/design_1_wrapper_iz/hw/iz_2_design_1_wrapper.xsa
TRACE::2024-12-08.17:55:30::SCWPlatform:: Unique name xilinx:zedboard::0.0
TRACE::2024-12-08.17:55:30::SCWPlatform::Trying to set the existing hwdb with name design_1_wrapper_11
TRACE::2024-12-08.17:55:30::SCWPlatform::Opened existing hwdb design_1_wrapper_11
TRACE::2024-12-08.17:55:30::SCWPlatform::Found the Hw Db part of the input DSA
TRACE::2024-12-08.17:55:30::SCWMssOS::Checking the sw design at  F:/Education/FPGA_Labs/Labs_2/lab4/audio_new/design_1_wrapper_iz/zynq_fsbl/zynq_fsbl_bsp/system.mss
TRACE::2024-12-08.17:55:30::SCWMssOS::DEBUG:  swdes dump  F:/Education/FPGA_Labs/Labs_2/lab4/audio_new/audio/ps7_cortexa9_0/standalone_domain/bsp/system.mss|system_0||
F:/Education/FPGA_Labs/Labs_2/lab4/audio_new/audio/zynq_fsbl/zynq_fsbl_bsp/system.mss|system||
F:/Education/FPGA_Labs/Labs_2/lab4/audio_new/design_1_wrapper_iz/ps7_cortexa9_0/standalone_ps7_cortexa9_0/bsp/system.mss|system_2||
F:/Education/FPGA_Labs/Labs_2/lab4/audio_new/design_1_wrapper_iz/zynq_fsbl/zynq_fsbl_bsp/system.mss|system_1||

TRACE::2024-12-08.17:55:30::SCWMssOS::Sw design exists and opened at  F:/Education/FPGA_Labs/Labs_2/lab4/audio_new/design_1_wrapper_iz/zynq_fsbl/zynq_fsbl_bsp/system.mss
TRACE::2024-12-08.17:55:30::SCWBDomain::Completed writing the mss file at F:/Education/FPGA_Labs/Labs_2/lab4/audio_new/design_1_wrapper_iz/zynq_fsbl/zynq_fsbl_bsp
TRACE::2024-12-08.17:55:30::SCWBDomain::bsp generated is upto date with the mss file. Skipping bsp generation.
TRACE::2024-12-08.17:55:30::SCWBDomain::Not a forced makefile updation, No changes are present. 
TRACE::2024-12-08.17:55:30::SCWBDomain::System Command Ran  F:&  cd  F:/Education/FPGA_Labs/Labs_2/lab4/audio_new/design_1_wrapper_iz/zynq_fsbl& make -C  zynq_fsbl_bsp & make 
TRACE::2024-12-08.17:55:30::SCWBDomain::make: Entering directory 'F:/Education/FPGA_Labs/Labs_2/lab4/audio_new/design_1_wrapper_iz/zynq_fsbl/zynq_fsbl_bsp'

TRACE::2024-12-08.17:55:30::SCWBDomain::make --no-print-directory seq_libs

TRACE::2024-12-08.17:55:30::SCWBDomain::"Running Make include in ps7_cortexa9_0/libsrc/coresightps_dcc_v1_8/src"

TRACE::2024-12-08.17:55:30::SCWBDomain::make -C ps7_cortexa9_0/libsrc/coresightps_dcc_v1_8/src -s include  "SHELL=CMD" "COMPILER=arm-none-eabi-gcc" "ASSEMBLER=arm-none
TRACE::2024-12-08.17:55:30::SCWBDomain::-eabi-as" "ARCHIVER=arm-none-eabi-ar" "COMPILER_FLAGS=  -O2 -c" "EXTRA_COMPILER_FLAGS=-mcpu=cortex-a9 -mfpu=vfpv3 -mfloat-abi=h
TRACE::2024-12-08.17:55:30::SCWBDomain::ard -nostartfiles -g -Wall -Wextra -fno-tree-loop-distribute-patterns"

TRACE::2024-12-08.17:55:30::SCWBDomain::"Running Make include in ps7_cortexa9_0/libsrc/cpu_cortexa9_v2_11/src"

TRACE::2024-12-08.17:55:30::SCWBDomain::make -C ps7_cortexa9_0/libsrc/cpu_cortexa9_v2_11/src -s include  "SHELL=CMD" "COMPILER=arm-none-eabi-gcc" "ASSEMBLER=arm-none-e
TRACE::2024-12-08.17:55:30::SCWBDomain::abi-as" "ARCHIVER=arm-none-eabi-ar" "COMPILER_FLAGS=  -O2 -c" "EXTRA_COMPILER_FLAGS=-mcpu=cortex-a9 -mfpu=vfpv3 -mfloat-abi=har
TRACE::2024-12-08.17:55:30::SCWBDomain::d -nostartfiles -g -Wall -Wextra -fno-tree-loop-distribute-patterns"

TRACE::2024-12-08.17:55:30::SCWBDomain::"Running Make include in ps7_cortexa9_0/libsrc/ddrps_v1_2/src"

TRACE::2024-12-08.17:55:30::SCWBDomain::make -C ps7_cortexa9_0/libsrc/ddrps_v1_2/src -s include  "SHELL=CMD" "COMPILER=arm-none-eabi-gcc" "ASSEMBLER=arm-none-eabi-as" 
TRACE::2024-12-08.17:55:30::SCWBDomain::"ARCHIVER=arm-none-eabi-ar" "COMPILER_FLAGS=  -O2 -c" "EXTRA_COMPILER_FLAGS=-mcpu=cortex-a9 -mfpu=vfpv3 -mfloat-abi=hard -nosta
TRACE::2024-12-08.17:55:30::SCWBDomain::rtfiles -g -Wall -Wextra -fno-tree-loop-distribute-patterns"

TRACE::2024-12-08.17:55:30::SCWBDomain::"Running Make include in ps7_cortexa9_0/libsrc/devcfg_v3_7/src"

TRACE::2024-12-08.17:55:30::SCWBDomain::make -C ps7_cortexa9_0/libsrc/devcfg_v3_7/src -s include  "SHELL=CMD" "COMPILER=arm-none-eabi-gcc" "ASSEMBLER=arm-none-eabi-as"
TRACE::2024-12-08.17:55:30::SCWBDomain:: "ARCHIVER=arm-none-eabi-ar" "COMPILER_FLAGS=  -O2 -c" "EXTRA_COMPILER_FLAGS=-mcpu=cortex-a9 -mfpu=vfpv3 -mfloat-abi=hard -nost
TRACE::2024-12-08.17:55:30::SCWBDomain::artfiles -g -Wall -Wextra -fno-tree-loop-distribute-patterns"

TRACE::2024-12-08.17:55:30::SCWBDomain::"Running Make include in ps7_cortexa9_0/libsrc/dmaps_v2_8/src"

TRACE::2024-12-08.17:55:30::SCWBDomain::make -C ps7_cortexa9_0/libsrc/dmaps_v2_8/src -s include  "SHELL=CMD" "COMPILER=arm-none-eabi-gcc" "ASSEMBLER=arm-none-eabi-as" 
TRACE::2024-12-08.17:55:30::SCWBDomain::"ARCHIVER=arm-none-eabi-ar" "COMPILER_FLAGS=  -O2 -c" "EXTRA_COMPILER_FLAGS=-mcpu=cortex-a9 -mfpu=vfpv3 -mfloat-abi=hard -nosta
TRACE::2024-12-08.17:55:30::SCWBDomain::rtfiles -g -Wall -Wextra -fno-tree-loop-distribute-patterns"

TRACE::2024-12-08.17:55:30::SCWBDomain::"Running Make include in ps7_cortexa9_0/libsrc/fir_v1_0/src"

TRACE::2024-12-08.17:55:30::SCWBDomain::make -C ps7_cortexa9_0/libsrc/fir_v1_0/src -s include  "SHELL=CMD" "COMPILER=arm-none-eabi-gcc" "ASSEMBLER=arm-none-eabi-as" "A
TRACE::2024-12-08.17:55:30::SCWBDomain::RCHIVER=arm-none-eabi-ar" "COMPILER_FLAGS=  -O2 -c" "EXTRA_COMPILER_FLAGS=-mcpu=cortex-a9 -mfpu=vfpv3 -mfloat-abi=hard -nostart
TRACE::2024-12-08.17:55:30::SCWBDomain::files -g -Wall -Wextra -fno-tree-loop-distribute-patterns"

TRACE::2024-12-08.17:55:30::SCWBDomain::"Running Make include in ps7_cortexa9_0/libsrc/gpio_v4_9/src"

TRACE::2024-12-08.17:55:30::SCWBDomain::make -C ps7_cortexa9_0/libsrc/gpio_v4_9/src -s include  "SHELL=CMD" "COMPILER=arm-none-eabi-gcc" "ASSEMBLER=arm-none-eabi-as" "
TRACE::2024-12-08.17:55:30::SCWBDomain::ARCHIVER=arm-none-eabi-ar" "COMPILER_FLAGS=  -O2 -c" "EXTRA_COMPILER_FLAGS=-mcpu=cortex-a9 -mfpu=vfpv3 -mfloat-abi=hard -nostar
TRACE::2024-12-08.17:55:30::SCWBDomain::tfiles -g -Wall -Wextra -fno-tree-loop-distribute-patterns"

TRACE::2024-12-08.17:55:30::SCWBDomain::"Running Make include in ps7_cortexa9_0/libsrc/iicps_v3_17/src"

TRACE::2024-12-08.17:55:30::SCWBDomain::make -C ps7_cortexa9_0/libsrc/iicps_v3_17/src -s include  "SHELL=CMD" "COMPILER=arm-none-eabi-gcc" "ASSEMBLER=arm-none-eabi-as"
TRACE::2024-12-08.17:55:30::SCWBDomain:: "ARCHIVER=arm-none-eabi-ar" "COMPILER_FLAGS=  -O2 -c" "EXTRA_COMPILER_FLAGS=-mcpu=cortex-a9 -mfpu=vfpv3 -mfloat-abi=hard -nost
TRACE::2024-12-08.17:55:30::SCWBDomain::artfiles -g -Wall -Wextra -fno-tree-loop-distribute-patterns"

TRACE::2024-12-08.17:55:30::SCWBDomain::"Running Make include in ps7_cortexa9_0/libsrc/qspips_v3_10/src"

TRACE::2024-12-08.17:55:30::SCWBDomain::make -C ps7_cortexa9_0/libsrc/qspips_v3_10/src -s include  "SHELL=CMD" "COMPILER=arm-none-eabi-gcc" "ASSEMBLER=arm-none-eabi-as
TRACE::2024-12-08.17:55:30::SCWBDomain::" "ARCHIVER=arm-none-eabi-ar" "COMPILER_FLAGS=  -O2 -c" "EXTRA_COMPILER_FLAGS=-mcpu=cortex-a9 -mfpu=vfpv3 -mfloat-abi=hard -nos
TRACE::2024-12-08.17:55:30::SCWBDomain::tartfiles -g -Wall -Wextra -fno-tree-loop-distribute-patterns"

TRACE::2024-12-08.17:55:30::SCWBDomain::"Running Make include in ps7_cortexa9_0/libsrc/scugic_v5_1/src"

TRACE::2024-12-08.17:55:30::SCWBDomain::make -C ps7_cortexa9_0/libsrc/scugic_v5_1/src -s include  "SHELL=CMD" "COMPILER=arm-none-eabi-gcc" "ASSEMBLER=arm-none-eabi-as"
TRACE::2024-12-08.17:55:30::SCWBDomain:: "ARCHIVER=arm-none-eabi-ar" "COMPILER_FLAGS=  -O2 -c" "EXTRA_COMPILER_FLAGS=-mcpu=cortex-a9 -mfpu=vfpv3 -mfloat-abi=hard -nost
TRACE::2024-12-08.17:55:30::SCWBDomain::artfiles -g -Wall -Wextra -fno-tree-loop-distribute-patterns"

TRACE::2024-12-08.17:55:30::SCWBDomain::"Running Make include in ps7_cortexa9_0/libsrc/scutimer_v2_4/src"

TRACE::2024-12-08.17:55:30::SCWBDomain::make -C ps7_cortexa9_0/libsrc/scutimer_v2_4/src -s include  "SHELL=CMD" "COMPILER=arm-none-eabi-gcc" "ASSEMBLER=arm-none-eabi-a
TRACE::2024-12-08.17:55:30::SCWBDomain::s" "ARCHIVER=arm-none-eabi-ar" "COMPILER_FLAGS=  -O2 -c" "EXTRA_COMPILER_FLAGS=-mcpu=cortex-a9 -mfpu=vfpv3 -mfloat-abi=hard -no
TRACE::2024-12-08.17:55:30::SCWBDomain::startfiles -g -Wall -Wextra -fno-tree-loop-distribute-patterns"

TRACE::2024-12-08.17:55:30::SCWBDomain::"Running Make include in ps7_cortexa9_0/libsrc/scuwdt_v2_4/src"

TRACE::2024-12-08.17:55:30::SCWBDomain::make -C ps7_cortexa9_0/libsrc/scuwdt_v2_4/src -s include  "SHELL=CMD" "COMPILER=arm-none-eabi-gcc" "ASSEMBLER=arm-none-eabi-as"
TRACE::2024-12-08.17:55:30::SCWBDomain:: "ARCHIVER=arm-none-eabi-ar" "COMPILER_FLAGS=  -O2 -c" "EXTRA_COMPILER_FLAGS=-mcpu=cortex-a9 -mfpu=vfpv3 -mfloat-abi=hard -nost
TRACE::2024-12-08.17:55:30::SCWBDomain::artfiles -g -Wall -Wextra -fno-tree-loop-distribute-patterns"

TRACE::2024-12-08.17:55:30::SCWBDomain::"Running Make include in ps7_cortexa9_0/libsrc/standalone_v8_1/src"

TRACE::2024-12-08.17:55:30::SCWBDomain::make -C ps7_cortexa9_0/libsrc/standalone_v8_1/src -s include  "SHELL=CMD" "COMPILER=arm-none-eabi-gcc" "ASSEMBLER=arm-none-eabi
TRACE::2024-12-08.17:55:30::SCWBDomain::-as" "ARCHIVER=arm-none-eabi-ar" "COMPILER_FLAGS=  -O2 -c" "EXTRA_COMPILER_FLAGS=-mcpu=cortex-a9 -mfpu=vfpv3 -mfloat-abi=hard -
TRACE::2024-12-08.17:55:30::SCWBDomain::nostartfiles -g -Wall -Wextra -fno-tree-loop-distribute-patterns"

TRACE::2024-12-08.17:55:31::SCWBDomain::"Running Make include in ps7_cortexa9_0/libsrc/uartps_v3_12/src"

TRACE::2024-12-08.17:55:31::SCWBDomain::make -C ps7_cortexa9_0/libsrc/uartps_v3_12/src -s include  "SHELL=CMD" "COMPILER=arm-none-eabi-gcc" "ASSEMBLER=arm-none-eabi-as
TRACE::2024-12-08.17:55:31::SCWBDomain::" "ARCHIVER=arm-none-eabi-ar" "COMPILER_FLAGS=  -O2 -c" "EXTRA_COMPILER_FLAGS=-mcpu=cortex-a9 -mfpu=vfpv3 -mfloat-abi=hard -nos
TRACE::2024-12-08.17:55:31::SCWBDomain::tartfiles -g -Wall -Wextra -fno-tree-loop-distribute-patterns"

TRACE::2024-12-08.17:55:31::SCWBDomain::"Running Make include in ps7_cortexa9_0/libsrc/xadcps_v2_6/src"

TRACE::2024-12-08.17:55:31::SCWBDomain::make -C ps7_cortexa9_0/libsrc/xadcps_v2_6/src -s include  "SHELL=CMD" "COMPILER=arm-none-eabi-gcc" "ASSEMBLER=arm-none-eabi-as"
TRACE::2024-12-08.17:55:31::SCWBDomain:: "ARCHIVER=arm-none-eabi-ar" "COMPILER_FLAGS=  -O2 -c" "EXTRA_COMPILER_FLAGS=-mcpu=cortex-a9 -mfpu=vfpv3 -mfloat-abi=hard -nost
TRACE::2024-12-08.17:55:31::SCWBDomain::artfiles -g -Wall -Wextra -fno-tree-loop-distribute-patterns"

TRACE::2024-12-08.17:55:31::SCWBDomain::"Running Make include in ps7_cortexa9_0/libsrc/xilffs_v5_0/src"

TRACE::2024-12-08.17:55:31::SCWBDomain::make -C ps7_cortexa9_0/libsrc/xilffs_v5_0/src -s include  "SHELL=CMD" "COMPILER=arm-none-eabi-gcc" "ASSEMBLER=arm-none-eabi-as"
TRACE::2024-12-08.17:55:31::SCWBDomain:: "ARCHIVER=arm-none-eabi-ar" "COMPILER_FLAGS=  -O2 -c" "EXTRA_COMPILER_FLAGS=-mcpu=cortex-a9 -mfpu=vfpv3 -mfloat-abi=hard -nost
TRACE::2024-12-08.17:55:31::SCWBDomain::artfiles -g -Wall -Wextra -fno-tree-loop-distribute-patterns"

TRACE::2024-12-08.17:55:31::SCWBDomain::"Running Make include in ps7_cortexa9_0/libsrc/xilrsa_v1_6/src"

TRACE::2024-12-08.17:55:31::SCWBDomain::make -C ps7_cortexa9_0/libsrc/xilrsa_v1_6/src -s include  "SHELL=CMD" "COMPILER=arm-none-eabi-gcc" "ASSEMBLER=arm-none-eabi-as"
TRACE::2024-12-08.17:55:31::SCWBDomain:: "ARCHIVER=arm-none-eabi-ar" "COMPILER_FLAGS=  -O2 -c" "EXTRA_COMPILER_FLAGS=-mcpu=cortex-a9 -mfpu=vfpv3 -mfloat-abi=hard -nost
TRACE::2024-12-08.17:55:31::SCWBDomain::artfiles -g -Wall -Wextra -fno-tree-loop-distribute-patterns"

TRACE::2024-12-08.17:55:31::SCWBDomain::"Running Make libs in ps7_cortexa9_0/libsrc/fir_v1_0/src"

TRACE::2024-12-08.17:55:31::SCWBDomain::make -C ps7_cortexa9_0/libsrc/fir_v1_0/src -s libs  "SHELL=CMD" "COMPILER=arm-none-eabi-gcc" "ASSEMBLER=arm-none-eabi-as" "ARCH
TRACE::2024-12-08.17:55:31::SCWBDomain::IVER=arm-none-eabi-ar" "COMPILER_FLAGS=  -O2 -c" "EXTRA_COMPILER_FLAGS=-mcpu=cortex-a9 -mfpu=vfpv3 -mfloat-abi=hard -nostartfil
TRACE::2024-12-08.17:55:31::SCWBDomain::es -g -Wall -Wextra -fno-tree-loop-distribute-patterns"

TRACE::2024-12-08.17:55:31::SCWBDomain::"Building fir"

TRACE::2024-12-08.17:55:31::SCWBDomain::"Running Make libs in ps7_cortexa9_0/libsrc/xilrsa_v1_6/src"

TRACE::2024-12-08.17:55:31::SCWBDomain::make -C ps7_cortexa9_0/libsrc/xilrsa_v1_6/src -s libs  "SHELL=CMD" "COMPILER=arm-none-eabi-gcc" "ASSEMBLER=arm-none-eabi-as" "A
TRACE::2024-12-08.17:55:31::SCWBDomain::RCHIVER=arm-none-eabi-ar" "COMPILER_FLAGS=  -O2 -c" "EXTRA_COMPILER_FLAGS=-mcpu=cortex-a9 -mfpu=vfpv3 -mfloat-abi=hard -nostart
TRACE::2024-12-08.17:55:31::SCWBDomain::files -g -Wall -Wextra -fno-tree-loop-distribute-patterns"

TRACE::2024-12-08.17:55:31::SCWBDomain::'Finished building libraries sequentially.'

TRACE::2024-12-08.17:55:31::SCWBDomain::make -j 10 --no-print-directory par_libs

TRACE::2024-12-08.17:55:31::SCWBDomain::"Running Make include in ps7_cortexa9_0/libsrc/coresightps_dcc_v1_8/src"

TRACE::2024-12-08.17:55:31::SCWBDomain::make -C ps7_cortexa9_0/libsrc/coresightps_dcc_v1_8/src -s include  "SHELL=CMD" "COMPILER=arm-none-eabi-gcc" "ASSEMBLER=arm-none
TRACE::2024-12-08.17:55:31::SCWBDomain::-eabi-as" "ARCHIVER=arm-none-eabi-ar" "COMPILER_FLAGS=  -O2 -c" "EXTRA_COMPILER_FLAGS=-mcpu=cortex-a9 -mfpu=vfpv3 -mfloat-abi=h
TRACE::2024-12-08.17:55:31::SCWBDomain::ard -nostartfiles -g -Wall -Wextra -fno-tree-loop-distribute-patterns"

TRACE::2024-12-08.17:55:31::SCWBDomain::"Running Make include in ps7_cortexa9_0/libsrc/cpu_cortexa9_v2_11/src"

TRACE::2024-12-08.17:55:31::SCWBDomain::make -C ps7_cortexa9_0/libsrc/cpu_cortexa9_v2_11/src -s include  "SHELL=CMD" "COMPILER=arm-none-eabi-gcc" "ASSEMBLER=arm-none-e
TRACE::2024-12-08.17:55:31::SCWBDomain::abi-as" "ARCHIVER=arm-none-eabi-ar" "COMPILER_FLAGS=  -O2 -c" "EXTRA_COMPILER_FLAGS=-mcpu=cortex-a9 -mfpu=vfpv3 -mfloat-abi=har
TRACE::2024-12-08.17:55:31::SCWBDomain::d -nostartfiles -g -Wall -Wextra -fno-tree-loop-distribute-patterns"

TRACE::2024-12-08.17:55:31::SCWBDomain::"Running Make include in ps7_cortexa9_0/libsrc/ddrps_v1_2/src"

TRACE::2024-12-08.17:55:31::SCWBDomain::make -C ps7_cortexa9_0/libsrc/ddrps_v1_2/src -s include  "SHELL=CMD" "COMPILER=arm-none-eabi-gcc" "ASSEMBLER=arm-none-eabi-as" 
TRACE::2024-12-08.17:55:31::SCWBDomain::"ARCHIVER=arm-none-eabi-ar" "COMPILER_FLAGS=  -O2 -c" "EXTRA_COMPILER_FLAGS=-mcpu=cortex-a9 -mfpu=vfpv3 -mfloat-abi=hard -nosta
TRACE::2024-12-08.17:55:31::SCWBDomain::rtfiles -g -Wall -Wextra -fno-tree-loop-distribute-patterns"

TRACE::2024-12-08.17:55:31::SCWBDomain::"Running Make include in ps7_cortexa9_0/libsrc/devcfg_v3_7/src"

TRACE::2024-12-08.17:55:31::SCWBDomain::make -C ps7_cortexa9_0/libsrc/devcfg_v3_7/src -s include  "SHELL=CMD" "COMPILER=arm-none-eabi-gcc" "ASSEMBLER=arm-none-eabi-as"
TRACE::2024-12-08.17:55:31::SCWBDomain:: "ARCHIVER=arm-none-eabi-ar" "COMPILER_FLAGS=  -O2 -c" "EXTRA_COMPILER_FLAGS=-mcpu=cortex-a9 -mfpu=vfpv3 -mfloat-abi=hard -nost
TRACE::2024-12-08.17:55:31::SCWBDomain::artfiles -g -Wall -Wextra -fno-tree-loop-distribute-patterns"

TRACE::2024-12-08.17:55:31::SCWBDomain::"Running Make include in ps7_cortexa9_0/libsrc/dmaps_v2_8/src"

TRACE::2024-12-08.17:55:31::SCWBDomain::make -C ps7_cortexa9_0/libsrc/dmaps_v2_8/src -s include  "SHELL=CMD" "COMPILER=arm-none-eabi-gcc" "ASSEMBLER=arm-none-eabi-as" 
TRACE::2024-12-08.17:55:31::SCWBDomain::"ARCHIVER=arm-none-eabi-ar" "COMPILER_FLAGS=  -O2 -c" "EXTRA_COMPILER_FLAGS=-mcpu=cortex-a9 -mfpu=vfpv3 -mfloat-abi=hard -nosta
TRACE::2024-12-08.17:55:31::SCWBDomain::rtfiles -g -Wall -Wextra -fno-tree-loop-distribute-patterns"

TRACE::2024-12-08.17:55:31::SCWBDomain::"Running Make include in ps7_cortexa9_0/libsrc/fir_v1_0/src"

TRACE::2024-12-08.17:55:31::SCWBDomain::make -C ps7_cortexa9_0/libsrc/fir_v1_0/src -s include  "SHELL=CMD" "COMPILER=arm-none-eabi-gcc" "ASSEMBLER=arm-none-eabi-as" "A
TRACE::2024-12-08.17:55:31::SCWBDomain::RCHIVER=arm-none-eabi-ar" "COMPILER_FLAGS=  -O2 -c" "EXTRA_COMPILER_FLAGS=-mcpu=cortex-a9 -mfpu=vfpv3 -mfloat-abi=hard -nostart
TRACE::2024-12-08.17:55:31::SCWBDomain::files -g -Wall -Wextra -fno-tree-loop-distribute-patterns"

TRACE::2024-12-08.17:55:31::SCWBDomain::"Running Make include in ps7_cortexa9_0/libsrc/gpio_v4_9/src"

TRACE::2024-12-08.17:55:31::SCWBDomain::make -C ps7_cortexa9_0/libsrc/gpio_v4_9/src -s include  "SHELL=CMD" "COMPILER=arm-none-eabi-gcc" "ASSEMBLER=arm-none-eabi-as" "
TRACE::2024-12-08.17:55:31::SCWBDomain::ARCHIVER=arm-none-eabi-ar" "COMPILER_FLAGS=  -O2 -c" "EXTRA_COMPILER_FLAGS=-mcpu=cortex-a9 -mfpu=vfpv3 -mfloat-abi=hard -nostar
TRACE::2024-12-08.17:55:31::SCWBDomain::tfiles -g -Wall -Wextra -fno-tree-loop-distribute-patterns"

TRACE::2024-12-08.17:55:31::SCWBDomain::"Running Make include in ps7_cortexa9_0/libsrc/iicps_v3_17/src"

TRACE::2024-12-08.17:55:31::SCWBDomain::make -C ps7_cortexa9_0/libsrc/iicps_v3_17/src -s include  "SHELL=CMD" "COMPILER=arm-none-eabi-gcc" "ASSEMBLER=arm-none-eabi-as"
TRACE::2024-12-08.17:55:31::SCWBDomain:: "ARCHIVER=arm-none-eabi-ar" "COMPILER_FLAGS=  -O2 -c" "EXTRA_COMPILER_FLAGS=-mcpu=cortex-a9 -mfpu=vfpv3 -mfloat-abi=hard -nost
TRACE::2024-12-08.17:55:31::SCWBDomain::artfiles -g -Wall -Wextra -fno-tree-loop-distribute-patterns"

TRACE::2024-12-08.17:55:31::SCWBDomain::"Running Make include in ps7_cortexa9_0/libsrc/qspips_v3_10/src"

TRACE::2024-12-08.17:55:31::SCWBDomain::make -C ps7_cortexa9_0/libsrc/qspips_v3_10/src -s include  "SHELL=CMD" "COMPILER=arm-none-eabi-gcc" "ASSEMBLER=arm-none-eabi-as
TRACE::2024-12-08.17:55:31::SCWBDomain::" "ARCHIVER=arm-none-eabi-ar" "COMPILER_FLAGS=  -O2 -c" "EXTRA_COMPILER_FLAGS=-mcpu=cortex-a9 -mfpu=vfpv3 -mfloat-abi=hard -nos
TRACE::2024-12-08.17:55:31::SCWBDomain::tartfiles -g -Wall -Wextra -fno-tree-loop-distribute-patterns"

TRACE::2024-12-08.17:55:31::SCWBDomain::"Running Make include in ps7_cortexa9_0/libsrc/scugic_v5_1/src"

TRACE::2024-12-08.17:55:31::SCWBDomain::make -C ps7_cortexa9_0/libsrc/scugic_v5_1/src -s include  "SHELL=CMD" "COMPILER=arm-none-eabi-gcc" "ASSEMBLER=arm-none-eabi-as"
TRACE::2024-12-08.17:55:31::SCWBDomain:: "ARCHIVER=arm-none-eabi-ar" "COMPILER_FLAGS=  -O2 -c" "EXTRA_COMPILER_FLAGS=-mcpu=cortex-a9 -mfpu=vfpv3 -mfloat-abi=hard -nost
TRACE::2024-12-08.17:55:31::SCWBDomain::artfiles -g -Wall -Wextra -fno-tree-loop-distribute-patterns"

TRACE::2024-12-08.17:55:31::SCWBDomain::"Running Make include in ps7_cortexa9_0/libsrc/scutimer_v2_4/src"

TRACE::2024-12-08.17:55:31::SCWBDomain::make -C ps7_cortexa9_0/libsrc/scutimer_v2_4/src -s include  "SHELL=CMD" "COMPILER=arm-none-eabi-gcc" "ASSEMBLER=arm-none-eabi-a
TRACE::2024-12-08.17:55:31::SCWBDomain::s" "ARCHIVER=arm-none-eabi-ar" "COMPILER_FLAGS=  -O2 -c" "EXTRA_COMPILER_FLAGS=-mcpu=cortex-a9 -mfpu=vfpv3 -mfloat-abi=hard -no
TRACE::2024-12-08.17:55:31::SCWBDomain::startfiles -g -Wall -Wextra -fno-tree-loop-distribute-patterns"

TRACE::2024-12-08.17:55:32::SCWBDomain::"Running Make include in ps7_cortexa9_0/libsrc/scuwdt_v2_4/src"

TRACE::2024-12-08.17:55:32::SCWBDomain::make -C ps7_cortexa9_0/libsrc/scuwdt_v2_4/src -s include  "SHELL=CMD" "COMPILER=arm-none-eabi-gcc" "ASSEMBLER=arm-none-eabi-as"
TRACE::2024-12-08.17:55:32::SCWBDomain:: "ARCHIVER=arm-none-eabi-ar" "COMPILER_FLAGS=  -O2 -c" "EXTRA_COMPILER_FLAGS=-mcpu=cortex-a9 -mfpu=vfpv3 -mfloat-abi=hard -nost
TRACE::2024-12-08.17:55:32::SCWBDomain::artfiles -g -Wall -Wextra -fno-tree-loop-distribute-patterns"

TRACE::2024-12-08.17:55:32::SCWBDomain::"Running Make include in ps7_cortexa9_0/libsrc/standalone_v8_1/src"

TRACE::2024-12-08.17:55:32::SCWBDomain::make -C ps7_cortexa9_0/libsrc/standalone_v8_1/src -s include  "SHELL=CMD" "COMPILER=arm-none-eabi-gcc" "ASSEMBLER=arm-none-eabi
TRACE::2024-12-08.17:55:32::SCWBDomain::-as" "ARCHIVER=arm-none-eabi-ar" "COMPILER_FLAGS=  -O2 -c" "EXTRA_COMPILER_FLAGS=-mcpu=cortex-a9 -mfpu=vfpv3 -mfloat-abi=hard -
TRACE::2024-12-08.17:55:32::SCWBDomain::nostartfiles -g -Wall -Wextra -fno-tree-loop-distribute-patterns"

TRACE::2024-12-08.17:55:32::SCWBDomain::"Running Make include in ps7_cortexa9_0/libsrc/uartps_v3_12/src"

TRACE::2024-12-08.17:55:32::SCWBDomain::make -C ps7_cortexa9_0/libsrc/uartps_v3_12/src -s include  "SHELL=CMD" "COMPILER=arm-none-eabi-gcc" "ASSEMBLER=arm-none-eabi-as
TRACE::2024-12-08.17:55:32::SCWBDomain::" "ARCHIVER=arm-none-eabi-ar" "COMPILER_FLAGS=  -O2 -c" "EXTRA_COMPILER_FLAGS=-mcpu=cortex-a9 -mfpu=vfpv3 -mfloat-abi=hard -nos
TRACE::2024-12-08.17:55:32::SCWBDomain::tartfiles -g -Wall -Wextra -fno-tree-loop-distribute-patterns"

TRACE::2024-12-08.17:55:32::SCWBDomain::"Running Make include in ps7_cortexa9_0/libsrc/xadcps_v2_6/src"

TRACE::2024-12-08.17:55:32::SCWBDomain::make -C ps7_cortexa9_0/libsrc/xadcps_v2_6/src -s include  "SHELL=CMD" "COMPILER=arm-none-eabi-gcc" "ASSEMBLER=arm-none-eabi-as"
TRACE::2024-12-08.17:55:32::SCWBDomain:: "ARCHIVER=arm-none-eabi-ar" "COMPILER_FLAGS=  -O2 -c" "EXTRA_COMPILER_FLAGS=-mcpu=cortex-a9 -mfpu=vfpv3 -mfloat-abi=hard -nost
TRACE::2024-12-08.17:55:32::SCWBDomain::artfiles -g -Wall -Wextra -fno-tree-loop-distribute-patterns"

TRACE::2024-12-08.17:55:32::SCWBDomain::"Running Make include in ps7_cortexa9_0/libsrc/xilffs_v5_0/src"

TRACE::2024-12-08.17:55:32::SCWBDomain::make -C ps7_cortexa9_0/libsrc/xilffs_v5_0/src -s include  "SHELL=CMD" "COMPILER=arm-none-eabi-gcc" "ASSEMBLER=arm-none-eabi-as"
TRACE::2024-12-08.17:55:32::SCWBDomain:: "ARCHIVER=arm-none-eabi-ar" "COMPILER_FLAGS=  -O2 -c" "EXTRA_COMPILER_FLAGS=-mcpu=cortex-a9 -mfpu=vfpv3 -mfloat-abi=hard -nost
TRACE::2024-12-08.17:55:32::SCWBDomain::artfiles -g -Wall -Wextra -fno-tree-loop-distribute-patterns"

TRACE::2024-12-08.17:55:32::SCWBDomain::"Running Make include in ps7_cortexa9_0/libsrc/xilrsa_v1_6/src"

TRACE::2024-12-08.17:55:32::SCWBDomain::make -C ps7_cortexa9_0/libsrc/xilrsa_v1_6/src -s include  "SHELL=CMD" "COMPILER=arm-none-eabi-gcc" "ASSEMBLER=arm-none-eabi-as"
TRACE::2024-12-08.17:55:32::SCWBDomain:: "ARCHIVER=arm-none-eabi-ar" "COMPILER_FLAGS=  -O2 -c" "EXTRA_COMPILER_FLAGS=-mcpu=cortex-a9 -mfpu=vfpv3 -mfloat-abi=hard -nost
TRACE::2024-12-08.17:55:32::SCWBDomain::artfiles -g -Wall -Wextra -fno-tree-loop-distribute-patterns"

TRACE::2024-12-08.17:55:32::SCWBDomain::"Running Make libs in ps7_cortexa9_0/libsrc/coresightps_dcc_v1_8/src"

TRACE::2024-12-08.17:55:32::SCWBDomain::make -C ps7_cortexa9_0/libsrc/coresightps_dcc_v1_8/src -s libs  "SHELL=CMD" "COMPILER=arm-none-eabi-gcc" "ASSEMBLER=arm-none-ea
TRACE::2024-12-08.17:55:32::SCWBDomain::bi-as" "ARCHIVER=arm-none-eabi-ar" "COMPILER_FLAGS=  -O2 -c" "EXTRA_COMPILER_FLAGS=-mcpu=cortex-a9 -mfpu=vfpv3 -mfloat-abi=hard
TRACE::2024-12-08.17:55:32::SCWBDomain:: -nostartfiles -g -Wall -Wextra -fno-tree-loop-distribute-patterns"

TRACE::2024-12-08.17:55:32::SCWBDomain::"Running Make libs in ps7_cortexa9_0/libsrc/cpu_cortexa9_v2_11/src"

TRACE::2024-12-08.17:55:32::SCWBDomain::make -C ps7_cortexa9_0/libsrc/cpu_cortexa9_v2_11/src -s libs  "SHELL=CMD" "COMPILER=arm-none-eabi-gcc" "ASSEMBLER=arm-none-eabi
TRACE::2024-12-08.17:55:32::SCWBDomain::-as" "ARCHIVER=arm-none-eabi-ar" "COMPILER_FLAGS=  -O2 -c" "EXTRA_COMPILER_FLAGS=-mcpu=cortex-a9 -mfpu=vfpv3 -mfloat-abi=hard -
TRACE::2024-12-08.17:55:32::SCWBDomain::nostartfiles -g -Wall -Wextra -fno-tree-loop-distribute-patterns"

TRACE::2024-12-08.17:55:32::SCWBDomain::"Running Make libs in ps7_cortexa9_0/libsrc/ddrps_v1_2/src"

TRACE::2024-12-08.17:55:32::SCWBDomain::make -C ps7_cortexa9_0/libsrc/ddrps_v1_2/src -s libs  "SHELL=CMD" "COMPILER=arm-none-eabi-gcc" "ASSEMBLER=arm-none-eabi-as" "AR
TRACE::2024-12-08.17:55:32::SCWBDomain::CHIVER=arm-none-eabi-ar" "COMPILER_FLAGS=  -O2 -c" "EXTRA_COMPILER_FLAGS=-mcpu=cortex-a9 -mfpu=vfpv3 -mfloat-abi=hard -nostartf
TRACE::2024-12-08.17:55:32::SCWBDomain::iles -g -Wall -Wextra -fno-tree-loop-distribute-patterns"

TRACE::2024-12-08.17:55:32::SCWBDomain::"Running Make libs in ps7_cortexa9_0/libsrc/devcfg_v3_7/src"

TRACE::2024-12-08.17:55:32::SCWBDomain::make -C ps7_cortexa9_0/libsrc/devcfg_v3_7/src -s libs  "SHELL=CMD" "COMPILER=arm-none-eabi-gcc" "ASSEMBLER=arm-none-eabi-as" "A
TRACE::2024-12-08.17:55:32::SCWBDomain::RCHIVER=arm-none-eabi-ar" "COMPILER_FLAGS=  -O2 -c" "EXTRA_COMPILER_FLAGS=-mcpu=cortex-a9 -mfpu=vfpv3 -mfloat-abi=hard -nostart
TRACE::2024-12-08.17:55:32::SCWBDomain::files -g -Wall -Wextra -fno-tree-loop-distribute-patterns"

TRACE::2024-12-08.17:55:32::SCWBDomain::"Running Make libs in ps7_cortexa9_0/libsrc/dmaps_v2_8/src"

TRACE::2024-12-08.17:55:32::SCWBDomain::make -C ps7_cortexa9_0/libsrc/dmaps_v2_8/src -s libs  "SHELL=CMD" "COMPILER=arm-none-eabi-gcc" "ASSEMBLER=arm-none-eabi-as" "AR
TRACE::2024-12-08.17:55:32::SCWBDomain::CHIVER=arm-none-eabi-ar" "COMPILER_FLAGS=  -O2 -c" "EXTRA_COMPILER_FLAGS=-mcpu=cortex-a9 -mfpu=vfpv3 -mfloat-abi=hard -nostartf
TRACE::2024-12-08.17:55:32::SCWBDomain::iles -g -Wall -Wextra -fno-tree-loop-distribute-patterns"

TRACE::2024-12-08.17:55:32::SCWBDomain::"Running Make libs in ps7_cortexa9_0/libsrc/gpio_v4_9/src"

TRACE::2024-12-08.17:55:32::SCWBDomain::make -C ps7_cortexa9_0/libsrc/gpio_v4_9/src -s libs  "SHELL=CMD" "COMPILER=arm-none-eabi-gcc" "ASSEMBLER=arm-none-eabi-as" "ARC
TRACE::2024-12-08.17:55:32::SCWBDomain::HIVER=arm-none-eabi-ar" "COMPILER_FLAGS=  -O2 -c" "EXTRA_COMPILER_FLAGS=-mcpu=cortex-a9 -mfpu=vfpv3 -mfloat-abi=hard -nostartfi
TRACE::2024-12-08.17:55:32::SCWBDomain::les -g -Wall -Wextra -fno-tree-loop-distribute-patterns"

TRACE::2024-12-08.17:55:32::SCWBDomain::"Running Make libs in ps7_cortexa9_0/libsrc/iicps_v3_17/src"

TRACE::2024-12-08.17:55:32::SCWBDomain::make -C ps7_cortexa9_0/libsrc/iicps_v3_17/src -s libs  "SHELL=CMD" "COMPILER=arm-none-eabi-gcc" "ASSEMBLER=arm-none-eabi-as" "A
TRACE::2024-12-08.17:55:32::SCWBDomain::RCHIVER=arm-none-eabi-ar" "COMPILER_FLAGS=  -O2 -c" "EXTRA_COMPILER_FLAGS=-mcpu=cortex-a9 -mfpu=vfpv3 -mfloat-abi=hard -nostart
TRACE::2024-12-08.17:55:32::SCWBDomain::files -g -Wall -Wextra -fno-tree-loop-distribute-patterns"

TRACE::2024-12-08.17:55:32::SCWBDomain::"Running Make libs in ps7_cortexa9_0/libsrc/qspips_v3_10/src"

TRACE::2024-12-08.17:55:32::SCWBDomain::make -C ps7_cortexa9_0/libsrc/qspips_v3_10/src -s libs  "SHELL=CMD" "COMPILER=arm-none-eabi-gcc" "ASSEMBLER=arm-none-eabi-as" "
TRACE::2024-12-08.17:55:32::SCWBDomain::ARCHIVER=arm-none-eabi-ar" "COMPILER_FLAGS=  -O2 -c" "EXTRA_COMPILER_FLAGS=-mcpu=cortex-a9 -mfpu=vfpv3 -mfloat-abi=hard -nostar
TRACE::2024-12-08.17:55:32::SCWBDomain::tfiles -g -Wall -Wextra -fno-tree-loop-distribute-patterns"

TRACE::2024-12-08.17:55:32::SCWBDomain::"Running Make libs in ps7_cortexa9_0/libsrc/scugic_v5_1/src"

TRACE::2024-12-08.17:55:32::SCWBDomain::make -C ps7_cortexa9_0/libsrc/scugic_v5_1/src -s libs  "SHELL=CMD" "COMPILER=arm-none-eabi-gcc" "ASSEMBLER=arm-none-eabi-as" "A
TRACE::2024-12-08.17:55:32::SCWBDomain::RCHIVER=arm-none-eabi-ar" "COMPILER_FLAGS=  -O2 -c" "EXTRA_COMPILER_FLAGS=-mcpu=cortex-a9 -mfpu=vfpv3 -mfloat-abi=hard -nostart
TRACE::2024-12-08.17:55:32::SCWBDomain::files -g -Wall -Wextra -fno-tree-loop-distribute-patterns"

TRACE::2024-12-08.17:55:32::SCWBDomain::"Running Make libs in ps7_cortexa9_0/libsrc/scutimer_v2_4/src"

TRACE::2024-12-08.17:55:32::SCWBDomain::make -C ps7_cortexa9_0/libsrc/scutimer_v2_4/src -s libs  "SHELL=CMD" "COMPILER=arm-none-eabi-gcc" "ASSEMBLER=arm-none-eabi-as" 
TRACE::2024-12-08.17:55:32::SCWBDomain::"ARCHIVER=arm-none-eabi-ar" "COMPILER_FLAGS=  -O2 -c" "EXTRA_COMPILER_FLAGS=-mcpu=cortex-a9 -mfpu=vfpv3 -mfloat-abi=hard -nosta
TRACE::2024-12-08.17:55:32::SCWBDomain::rtfiles -g -Wall -Wextra -fno-tree-loop-distribute-patterns"

TRACE::2024-12-08.17:55:32::SCWBDomain::"Running Make libs in ps7_cortexa9_0/libsrc/scuwdt_v2_4/src"

TRACE::2024-12-08.17:55:32::SCWBDomain::make -C ps7_cortexa9_0/libsrc/scuwdt_v2_4/src -s libs  "SHELL=CMD" "COMPILER=arm-none-eabi-gcc" "ASSEMBLER=arm-none-eabi-as" "A
TRACE::2024-12-08.17:55:32::SCWBDomain::RCHIVER=arm-none-eabi-ar" "COMPILER_FLAGS=  -O2 -c" "EXTRA_COMPILER_FLAGS=-mcpu=cortex-a9 -mfpu=vfpv3 -mfloat-abi=hard -nostart
TRACE::2024-12-08.17:55:32::SCWBDomain::files -g -Wall -Wextra -fno-tree-loop-distribute-patterns"

TRACE::2024-12-08.17:55:32::SCWBDomain::"Running Make libs in ps7_cortexa9_0/libsrc/standalone_v8_1/src"

TRACE::2024-12-08.17:55:32::SCWBDomain::make -C ps7_cortexa9_0/libsrc/standalone_v8_1/src -s libs  "SHELL=CMD" "COMPILER=arm-none-eabi-gcc" "ASSEMBLER=arm-none-eabi-as
TRACE::2024-12-08.17:55:32::SCWBDomain::" "ARCHIVER=arm-none-eabi-ar" "COMPILER_FLAGS=  -O2 -c" "EXTRA_COMPILER_FLAGS=-mcpu=cortex-a9 -mfpu=vfpv3 -mfloat-abi=hard -nos
TRACE::2024-12-08.17:55:32::SCWBDomain::tartfiles -g -Wall -Wextra -fno-tree-loop-distribute-patterns"

TRACE::2024-12-08.17:55:33::SCWBDomain::"Running Make libs in ps7_cortexa9_0/libsrc/uartps_v3_12/src"

TRACE::2024-12-08.17:55:33::SCWBDomain::make -C ps7_cortexa9_0/libsrc/uartps_v3_12/src -s libs  "SHELL=CMD" "COMPILER=arm-none-eabi-gcc" "ASSEMBLER=arm-none-eabi-as" "
TRACE::2024-12-08.17:55:33::SCWBDomain::ARCHIVER=arm-none-eabi-ar" "COMPILER_FLAGS=  -O2 -c" "EXTRA_COMPILER_FLAGS=-mcpu=cortex-a9 -mfpu=vfpv3 -mfloat-abi=hard -nostar
TRACE::2024-12-08.17:55:33::SCWBDomain::tfiles -g -Wall -Wextra -fno-tree-loop-distribute-patterns"

TRACE::2024-12-08.17:55:33::SCWBDomain::"Running Make libs in ps7_cortexa9_0/libsrc/xadcps_v2_6/src"

TRACE::2024-12-08.17:55:33::SCWBDomain::make -C ps7_cortexa9_0/libsrc/xadcps_v2_6/src -s libs  "SHELL=CMD" "COMPILER=arm-none-eabi-gcc" "ASSEMBLER=arm-none-eabi-as" "A
TRACE::2024-12-08.17:55:33::SCWBDomain::RCHIVER=arm-none-eabi-ar" "COMPILER_FLAGS=  -O2 -c" "EXTRA_COMPILER_FLAGS=-mcpu=cortex-a9 -mfpu=vfpv3 -mfloat-abi=hard -nostart
TRACE::2024-12-08.17:55:33::SCWBDomain::files -g -Wall -Wextra -fno-tree-loop-distribute-patterns"

TRACE::2024-12-08.17:55:33::SCWBDomain::"Running Make libs in ps7_cortexa9_0/libsrc/xilffs_v5_0/src"

TRACE::2024-12-08.17:55:33::SCWBDomain::make -C ps7_cortexa9_0/libsrc/xilffs_v5_0/src -s libs  "SHELL=CMD" "COMPILER=arm-none-eabi-gcc" "ASSEMBLER=arm-none-eabi-as" "A
TRACE::2024-12-08.17:55:33::SCWBDomain::RCHIVER=arm-none-eabi-ar" "COMPILER_FLAGS=  -O2 -c" "EXTRA_COMPILER_FLAGS=-mcpu=cortex-a9 -mfpu=vfpv3 -mfloat-abi=hard -nostart
TRACE::2024-12-08.17:55:33::SCWBDomain::files -g -Wall -Wextra -fno-tree-loop-distribute-patterns"

TRACE::2024-12-08.17:55:34::SCWBDomain::'Finished building libraries parallelly.'

TRACE::2024-12-08.17:55:34::SCWBDomain::make --no-print-directory archive

TRACE::2024-12-08.17:55:34::SCWBDomain::arm-none-eabi-ar -r  ps7_cortexa9_0/lib/libxil.a ps7_cortexa9_0/lib/_exit.o ps7_cortexa9_0/lib/_open.o ps7_cortexa9_0/lib/_sbrk
TRACE::2024-12-08.17:55:34::SCWBDomain::.o ps7_cortexa9_0/lib/abort.o ps7_cortexa9_0/lib/asm_vectors.o ps7_cortexa9_0/lib/boot.o ps7_cortexa9_0/lib/close.o ps7_cortexa
TRACE::2024-12-08.17:55:34::SCWBDomain::9_0/lib/cpputest_time.o ps7_cortexa9_0/lib/cpu_init.o ps7_cortexa9_0/lib/errno.o ps7_cortexa9_0/lib/fcntl.o ps7_cortexa9_0/lib/
TRACE::2024-12-08.17:55:34::SCWBDomain::fstat.o ps7_cortexa9_0/lib/getentropy.o ps7_cortexa9_0/lib/getpid.o ps7_cortexa9_0/lib/inbyte.o ps7_cortexa9_0/lib/isatty.o ps7
TRACE::2024-12-08.17:55:34::SCWBDomain::_cortexa9_0/lib/kill.o ps7_cortexa9_0/lib/lseek.o ps7_cortexa9_0/lib/open.o ps7_cortexa9_0/lib/outbyte.o ps7_cortexa9_0/lib/pri
TRACE::2024-12-08.17:55:34::SCWBDomain::nt.o ps7_cortexa9_0/lib/putnum.o ps7_cortexa9_0/lib/read.o ps7_cortexa9_0/lib/sbrk.o ps7_cortexa9_0/lib/sleep.o ps7_cortexa9_0/
TRACE::2024-12-08.17:55:34::SCWBDomain::lib/time.o ps7_cortexa9_0/lib/translation_table.o ps7_cortexa9_0/lib/unlink.o ps7_cortexa9_0/lib/usleep.o ps7_cortexa9_0/lib/ve
TRACE::2024-12-08.17:55:34::SCWBDomain::ctors.o ps7_cortexa9_0/lib/write.o ps7_cortexa9_0/lib/xadcps.o ps7_cortexa9_0/lib/xadcps_g.o ps7_cortexa9_0/lib/xadcps_intr.o p
TRACE::2024-12-08.17:55:34::SCWBDomain::s7_cortexa9_0/lib/xadcps_selftest.o ps7_cortexa9_0/lib/xadcps_sinit.o ps7_cortexa9_0/lib/xcoresightpsdcc.o ps7_cortexa9_0/lib/x
TRACE::2024-12-08.17:55:34::SCWBDomain::devcfg.o ps7_cortexa9_0/lib/xdevcfg_g.o ps7_cortexa9_0/lib/xdevcfg_hw.o ps7_cortexa9_0/lib/xdevcfg_intr.o ps7_cortexa9_0/lib/xd
TRACE::2024-12-08.17:55:34::SCWBDomain::evcfg_selftest.o ps7_cortexa9_0/lib/xdevcfg_sinit.o ps7_cortexa9_0/lib/xdmaps.o ps7_cortexa9_0/lib/xdmaps_g.o ps7_cortexa9_0/li
TRACE::2024-12-08.17:55:34::SCWBDomain::b/xdmaps_hw.o ps7_cortexa9_0/lib/xdmaps_selftest.o ps7_cortexa9_0/lib/xdmaps_sinit.o ps7_cortexa9_0/lib/xfir.o ps7_cortexa9_0/l
TRACE::2024-12-08.17:55:34::SCWBDomain::ib/xfir_g.o ps7_cortexa9_0/lib/xfir_linux.o ps7_cortexa9_0/lib/xfir_sinit.o ps7_cortexa9_0/lib/xgpio.o ps7_cortexa9_0/lib/xgpio
TRACE::2024-12-08.17:55:34::SCWBDomain::_extra.o ps7_cortexa9_0/lib/xgpio_g.o ps7_cortexa9_0/lib/xgpio_intr.o ps7_cortexa9_0/lib/xgpio_selftest.o ps7_cortexa9_0/lib/xg
TRACE::2024-12-08.17:55:34::SCWBDomain::pio_sinit.o ps7_cortexa9_0/lib/xiicps.o ps7_cortexa9_0/lib/xiicps_g.o ps7_cortexa9_0/lib/xiicps_hw.o ps7_cortexa9_0/lib/xiicps_
TRACE::2024-12-08.17:55:34::SCWBDomain::intr.o ps7_cortexa9_0/lib/xiicps_master.o ps7_cortexa9_0/lib/xiicps_options.o ps7_cortexa9_0/lib/xiicps_selftest.o ps7_cortexa9
TRACE::2024-12-08.17:55:34::SCWBDomain::_0/lib/xiicps_sinit.o ps7_cortexa9_0/lib/xiicps_slave.o ps7_cortexa9_0/lib/xiicps_xfer.o ps7_cortexa9_0/lib/xil-crt0.o ps7_cort
TRACE::2024-12-08.17:55:34::SCWBDomain::exa9_0/lib/xil_assert.o ps7_cortexa9_0/lib/xil_cache.o ps7_cortexa9_0/lib/xil_clocking.o ps7_cortexa9_0/lib/xil_exception.o ps7
TRACE::2024-12-08.17:55:34::SCWBDomain::_cortexa9_0/lib/xil_mem.o ps7_cortexa9_0/lib/xil_misc_psreset_api.o ps7_cortexa9_0/lib/xil_mmu.o ps7_cortexa9_0/lib/xil_printf.
TRACE::2024-12-08.17:55:34::SCWBDomain::o ps7_cortexa9_0/lib/xil_sleepcommon.o ps7_cortexa9_0/lib/xil_sleeptimer.o ps7_cortexa9_0/lib/xil_spinlock.o ps7_cortexa9_0/lib
TRACE::2024-12-08.17:55:34::SCWBDomain::/xil_testcache.o ps7_cortexa9_0/lib/xil_testio.o ps7_cortexa9_0/lib/xil_testmem.o ps7_cortexa9_0/lib/xil_util.o ps7_cortexa9_0/
TRACE::2024-12-08.17:55:34::SCWBDomain::lib/xinterrupt_wrap.o ps7_cortexa9_0/lib/xl2cc_counter.o ps7_cortexa9_0/lib/xplatform_info.o ps7_cortexa9_0/lib/xpm_counter.o p
TRACE::2024-12-08.17:55:34::SCWBDomain::s7_cortexa9_0/lib/xqspips.o ps7_cortexa9_0/lib/xqspips_g.o ps7_cortexa9_0/lib/xqspips_hw.o ps7_cortexa9_0/lib/xqspips_options.o
TRACE::2024-12-08.17:55:34::SCWBDomain:: ps7_cortexa9_0/lib/xqspips_selftest.o ps7_cortexa9_0/lib/xqspips_sinit.o ps7_cortexa9_0/lib/xscugic.o ps7_cortexa9_0/lib/xscug
TRACE::2024-12-08.17:55:34::SCWBDomain::ic_g.o ps7_cortexa9_0/lib/xscugic_hw.o ps7_cortexa9_0/lib/xscugic_intr.o ps7_cortexa9_0/lib/xscugic_selftest.o ps7_cortexa9_0/l
TRACE::2024-12-08.17:55:34::SCWBDomain::ib/xscugic_sinit.o ps7_cortexa9_0/lib/xscutimer.o ps7_cortexa9_0/lib/xscutimer_g.o ps7_cortexa9_0/lib/xscutimer_selftest.o ps7_
TRACE::2024-12-08.17:55:34::SCWBDomain::cortexa9_0/lib/xscutimer_sinit.o ps7_cortexa9_0/lib/xscuwdt.o ps7_cortexa9_0/lib/xscuwdt_g.o ps7_cortexa9_0/lib/xscuwdt_selftes
TRACE::2024-12-08.17:55:34::SCWBDomain::t.o ps7_cortexa9_0/lib/xscuwdt_sinit.o ps7_cortexa9_0/lib/xtime_l.o ps7_cortexa9_0/lib/xuartps.o ps7_cortexa9_0/lib/xuartps_g.o
TRACE::2024-12-08.17:55:34::SCWBDomain:: ps7_cortexa9_0/lib/xuartps_hw.o ps7_cortexa9_0/lib/xuartps_intr.o ps7_cortexa9_0/lib/xuartps_options.o ps7_cortexa9_0/lib/xuar
TRACE::2024-12-08.17:55:34::SCWBDomain::tps_selftest.o ps7_cortexa9_0/lib/xuartps_sinit.o

TRACE::2024-12-08.17:55:34::SCWBDomain::'Finished building libraries'

TRACE::2024-12-08.17:55:34::SCWBDomain::make: Leaving directory 'F:/Education/FPGA_Labs/Labs_2/lab4/audio_new/design_1_wrapper_iz/zynq_fsbl/zynq_fsbl_bsp'

TRACE::2024-12-08.17:55:34::SCWBDomain::arm-none-eabi-gcc  -O2 -c -MMD -MP       -mcpu=cortex-a9 -mfpu=vfpv3 -mfloat-abi=hard  -c sd.c -o sd.o -Izynq_fsbl_bsp/ps7_cort
TRACE::2024-12-08.17:55:34::SCWBDomain::exa9_0/include -I.

TRACE::2024-12-08.17:55:34::SCWBDomain::arm-none-eabi-gcc  -O2 -c -MMD -MP       -mcpu=cortex-a9 -mfpu=vfpv3 -mfloat-abi=hard  -c nand.c -o nand.o -Izynq_fsbl_bsp/ps7_
TRACE::2024-12-08.17:55:34::SCWBDomain::cortexa9_0/include -I.

TRACE::2024-12-08.17:55:35::SCWBDomain::arm-none-eabi-gcc  -O2 -c -MMD -MP       -mcpu=cortex-a9 -mfpu=vfpv3 -mfloat-abi=hard  -c image_mover.c -o image_mover.o -Izynq
TRACE::2024-12-08.17:55:35::SCWBDomain::_fsbl_bsp/ps7_cortexa9_0/include -I.

TRACE::2024-12-08.17:55:35::SCWBDomain::arm-none-eabi-gcc  -O2 -c -MMD -MP       -mcpu=cortex-a9 -mfpu=vfpv3 -mfloat-abi=hard  -c md5.c -o md5.o -Izynq_fsbl_bsp/ps7_co
TRACE::2024-12-08.17:55:35::SCWBDomain::rtexa9_0/include -I.

TRACE::2024-12-08.17:55:35::SCWBDomain::arm-none-eabi-gcc  -O2 -c -MMD -MP       -mcpu=cortex-a9 -mfpu=vfpv3 -mfloat-abi=hard  -c fsbl_hooks.c -o fsbl_hooks.o -Izynq_f
TRACE::2024-12-08.17:55:35::SCWBDomain::sbl_bsp/ps7_cortexa9_0/include -I.

TRACE::2024-12-08.17:55:35::SCWBDomain::arm-none-eabi-gcc  -O2 -c -MMD -MP       -mcpu=cortex-a9 -mfpu=vfpv3 -mfloat-abi=hard  -c main.c -o main.o -Izynq_fsbl_bsp/ps7_
TRACE::2024-12-08.17:55:35::SCWBDomain::cortexa9_0/include -I.

TRACE::2024-12-08.17:55:35::SCWBDomain::arm-none-eabi-gcc  -O2 -c -MMD -MP       -mcpu=cortex-a9 -mfpu=vfpv3 -mfloat-abi=hard  -c rsa.c -o rsa.o -Izynq_fsbl_bsp/ps7_co
TRACE::2024-12-08.17:55:35::SCWBDomain::rtexa9_0/include -I.

TRACE::2024-12-08.17:55:35::SCWBDomain::arm-none-eabi-gcc  -O2 -c -MMD -MP       -mcpu=cortex-a9 -mfpu=vfpv3 -mfloat-abi=hard  -c nor.c -o nor.o -Izynq_fsbl_bsp/ps7_co
TRACE::2024-12-08.17:55:35::SCWBDomain::rtexa9_0/include -I.

TRACE::2024-12-08.17:55:35::SCWBDomain::arm-none-eabi-gcc  -O2 -c -MMD -MP       -mcpu=cortex-a9 -mfpu=vfpv3 -mfloat-abi=hard  -c qspi.c -o qspi.o -Izynq_fsbl_bsp/ps7_
TRACE::2024-12-08.17:55:35::SCWBDomain::cortexa9_0/include -I.

TRACE::2024-12-08.17:55:35::SCWBDomain::arm-none-eabi-gcc  -O2 -c -MMD -MP       -mcpu=cortex-a9 -mfpu=vfpv3 -mfloat-abi=hard  -c ps7_init.c -o ps7_init.o -Izynq_fsbl_
TRACE::2024-12-08.17:55:35::SCWBDomain::bsp/ps7_cortexa9_0/include -I.

TRACE::2024-12-08.17:55:35::SCWBDomain::arm-none-eabi-gcc  -O2 -c -MMD -MP       -mcpu=cortex-a9 -mfpu=vfpv3 -mfloat-abi=hard  -c pcap.c -o pcap.o -Izynq_fsbl_bsp/ps7_
TRACE::2024-12-08.17:55:35::SCWBDomain::cortexa9_0/include -I.

TRACE::2024-12-08.17:55:35::SCWBDomain::arm-none-eabi-gcc  -O2 -c -MMD -MP       -mcpu=cortex-a9 -mfpu=vfpv3 -mfloat-abi=hard  -c fsbl_handoff.S -o fsbl_handoff.o -Izy
TRACE::2024-12-08.17:55:35::SCWBDomain::nq_fsbl_bsp/ps7_cortexa9_0/include -I.

TRACE::2024-12-08.17:55:35::SCWBDomain::arm-none-eabi-gcc -o fsbl.elf fsbl_handoff.o fsbl_hooks.o image_mover.o main.o md5.o nand.o nor.o pcap.o ps7_init.o qspi.o rsa.
TRACE::2024-12-08.17:55:35::SCWBDomain::o sd.o -MMD -MP       -mcpu=cortex-a9 -mfpu=vfpv3 -mfloat-abi=hard   -mcpu=cortex-a9 -mfpu=vfpv3 -mfloat-abi=hard -Wl,-build-id
TRACE::2024-12-08.17:55:35::SCWBDomain::=none -specs=Xilinx.spec  -lrsa -Wl,--start-group,-lxil,-lgcc,-lc,--end-group -Wl,--start-group,-lxilffs,-lxil,-lgcc,-lc,--end-
TRACE::2024-12-08.17:55:35::SCWBDomain::group -Wl,--start-group,-lrsa,-lxil,-lgcc,-lc,--end-group                                    -Wl,--gc-sections -Lzynq_fsbl_bsp/
TRACE::2024-12-08.17:55:35::SCWBDomain::ps7_cortexa9_0/lib -L./ -Tlscript.ld

LOG::2024-12-08.17:55:36::SCWSystem::Checking the domain standalone_ps7_cortexa9_0
LOG::2024-12-08.17:55:36::SCWSystem::Not a boot domain 
LOG::2024-12-08.17:55:36::SCWSystem::Started Processing the domain standalone_ps7_cortexa9_0
TRACE::2024-12-08.17:55:36::SCWDomain::Generating domain artifcats
TRACE::2024-12-08.17:55:36::SCWMssOS::Generating standalone artifcats
TRACE::2024-12-08.17:55:36::SCWMssOS::Copying the qemu file from  F:/Education/FPGA_Labs/Labs_2/lab4/audio_new/design_1_wrapper_iz/resources/design_1_wrapper_iz/standalone_ps7_cortexa9_0/qemu_args.txt To F:/Education/FPGA_Labs/Labs_2/lab4/audio_new/design_1_wrapper_iz/export/design_1_wrapper_iz/sw/design_1_wrapper_iz/qemu/
TRACE::2024-12-08.17:55:36::SCWMssOS::Copying the qemu file from  F:/Education/FPGA_Labs/Labs_2/lab4/audio_new/design_1_wrapper_iz/resources/design_1_wrapper_iz/standalone_ps7_cortexa9_0/qemu_args.txt To F:/Education/FPGA_Labs/Labs_2/lab4/audio_new/design_1_wrapper_iz/export/design_1_wrapper_iz/sw/design_1_wrapper_iz/standalone_ps7_cortexa9_0/qemu/
TRACE::2024-12-08.17:55:36::SCWMssOS:: Copying the user libraries. 
TRACE::2024-12-08.17:55:36::SCWPlatform::Trying to open the hw design at F:/Education/FPGA_Labs/Labs_2/lab4/audio_new/design_1_wrapper_iz/hw/iz_2_design_1_wrapper.xsa
TRACE::2024-12-08.17:55:36::SCWPlatform::DSA given F:/Education/FPGA_Labs/Labs_2/lab4/audio_new/design_1_wrapper_iz/hw/iz_2_design_1_wrapper.xsa
TRACE::2024-12-08.17:55:36::SCWPlatform::DSA absoulate path F:/Education/FPGA_Labs/Labs_2/lab4/audio_new/design_1_wrapper_iz/hw/iz_2_design_1_wrapper.xsa
TRACE::2024-12-08.17:55:36::SCWPlatform::DSA directory F:/Education/FPGA_Labs/Labs_2/lab4/audio_new/design_1_wrapper_iz/hw
TRACE::2024-12-08.17:55:36::SCWPlatform:: Platform Path F:/Education/FPGA_Labs/Labs_2/lab4/audio_new/design_1_wrapper_iz/hw/iz_2_design_1_wrapper.xsa
TRACE::2024-12-08.17:55:36::SCWPlatform:: Unique name xilinx:zedboard::0.0
TRACE::2024-12-08.17:55:36::SCWPlatform::Trying to set the existing hwdb with name design_1_wrapper_11
TRACE::2024-12-08.17:55:36::SCWPlatform::Opened existing hwdb design_1_wrapper_11
TRACE::2024-12-08.17:55:36::SCWPlatform::Found the Hw Db part of the input DSA
TRACE::2024-12-08.17:55:36::SCWMssOS::Checking the sw design at  F:/Education/FPGA_Labs/Labs_2/lab4/audio_new/design_1_wrapper_iz/ps7_cortexa9_0/standalone_ps7_cortexa9_0/bsp/system.mss
TRACE::2024-12-08.17:55:36::SCWMssOS::DEBUG:  swdes dump  F:/Education/FPGA_Labs/Labs_2/lab4/audio_new/audio/ps7_cortexa9_0/standalone_domain/bsp/system.mss|system_0||
F:/Education/FPGA_Labs/Labs_2/lab4/audio_new/audio/zynq_fsbl/zynq_fsbl_bsp/system.mss|system||
F:/Education/FPGA_Labs/Labs_2/lab4/audio_new/design_1_wrapper_iz/ps7_cortexa9_0/standalone_ps7_cortexa9_0/bsp/system.mss|system_2||
F:/Education/FPGA_Labs/Labs_2/lab4/audio_new/design_1_wrapper_iz/zynq_fsbl/zynq_fsbl_bsp/system.mss|system_1||

TRACE::2024-12-08.17:55:36::SCWMssOS::Sw design exists and opened at  F:/Education/FPGA_Labs/Labs_2/lab4/audio_new/design_1_wrapper_iz/ps7_cortexa9_0/standalone_ps7_cortexa9_0/bsp/system.mss
TRACE::2024-12-08.17:55:36::SCWMssOS::Completed writing the mss file at F:/Education/FPGA_Labs/Labs_2/lab4/audio_new/design_1_wrapper_iz/ps7_cortexa9_0/standalone_ps7_cortexa9_0/bsp
TRACE::2024-12-08.17:55:36::SCWMssOS::Mss edits present, copying mssfile into export location F:/Education/FPGA_Labs/Labs_2/lab4/audio_new/design_1_wrapper_iz/ps7_cortexa9_0/standalone_ps7_cortexa9_0/bsp/system.mss
TRACE::2024-12-08.17:55:36::SCWMssOS::bsp generated is upto date with the mss file. Skipping bsp generation.
TRACE::2024-12-08.17:55:36::SCWMssOS::BSP is already built. skipping the bsp build ... 
TRACE::2024-12-08.17:55:36::SCWDomain::Building the domain as part of full build :  standalone_ps7_cortexa9_0
TRACE::2024-12-08.17:55:36::SCWMssOS::doing bsp build ... 
TRACE::2024-12-08.17:55:36::SCWMssOS::System Command Ran  F: & cd  F:/Education/FPGA_Labs/Labs_2/lab4/audio_new/design_1_wrapper_iz/ps7_cortexa9_0/standalone_ps7_cortexa9_0/bsp & make 
TRACE::2024-12-08.17:55:36::SCWMssOS::make --no-print-directory seq_libs

TRACE::2024-12-08.17:55:36::SCWMssOS::"Running Make include in ps7_cortexa9_0/libsrc/coresightps_dcc_v1_8/src"

TRACE::2024-12-08.17:55:36::SCWMssOS::make -C ps7_cortexa9_0/libsrc/coresightps_dcc_v1_8/src -s include  "SHELL=CMD" "COMPILER=arm-none-eabi-gcc" "ASSEMBLER=arm-none
TRACE::2024-12-08.17:55:36::SCWMssOS::-eabi-as" "ARCHIVER=arm-none-eabi-ar" "COMPILER_FLAGS=  -O2 -c" "EXTRA_COMPILER_FLAGS=-mcpu=cortex-a9 -mfpu=vfpv3 -mfloat-abi=h
TRACE::2024-12-08.17:55:36::SCWMssOS::ard -nostartfiles -g -Wall -Wextra -fno-tree-loop-distribute-patterns"

TRACE::2024-12-08.17:55:36::SCWMssOS::"Running Make include in ps7_cortexa9_0/libsrc/cpu_cortexa9_v2_11/src"

TRACE::2024-12-08.17:55:36::SCWMssOS::make -C ps7_cortexa9_0/libsrc/cpu_cortexa9_v2_11/src -s include  "SHELL=CMD" "COMPILER=arm-none-eabi-gcc" "ASSEMBLER=arm-none-e
TRACE::2024-12-08.17:55:36::SCWMssOS::abi-as" "ARCHIVER=arm-none-eabi-ar" "COMPILER_FLAGS=  -O2 -c" "EXTRA_COMPILER_FLAGS=-mcpu=cortex-a9 -mfpu=vfpv3 -mfloat-abi=har
TRACE::2024-12-08.17:55:36::SCWMssOS::d -nostartfiles -g -Wall -Wextra -fno-tree-loop-distribute-patterns"

TRACE::2024-12-08.17:55:36::SCWMssOS::"Running Make include in ps7_cortexa9_0/libsrc/ddrps_v1_2/src"

TRACE::2024-12-08.17:55:36::SCWMssOS::make -C ps7_cortexa9_0/libsrc/ddrps_v1_2/src -s include  "SHELL=CMD" "COMPILER=arm-none-eabi-gcc" "ASSEMBLER=arm-none-eabi-as" 
TRACE::2024-12-08.17:55:36::SCWMssOS::"ARCHIVER=arm-none-eabi-ar" "COMPILER_FLAGS=  -O2 -c" "EXTRA_COMPILER_FLAGS=-mcpu=cortex-a9 -mfpu=vfpv3 -mfloat-abi=hard -nosta
TRACE::2024-12-08.17:55:36::SCWMssOS::rtfiles -g -Wall -Wextra -fno-tree-loop-distribute-patterns"

TRACE::2024-12-08.17:55:36::SCWMssOS::"Running Make include in ps7_cortexa9_0/libsrc/devcfg_v3_7/src"

TRACE::2024-12-08.17:55:36::SCWMssOS::make -C ps7_cortexa9_0/libsrc/devcfg_v3_7/src -s include  "SHELL=CMD" "COMPILER=arm-none-eabi-gcc" "ASSEMBLER=arm-none-eabi-as"
TRACE::2024-12-08.17:55:36::SCWMssOS:: "ARCHIVER=arm-none-eabi-ar" "COMPILER_FLAGS=  -O2 -c" "EXTRA_COMPILER_FLAGS=-mcpu=cortex-a9 -mfpu=vfpv3 -mfloat-abi=hard -nost
TRACE::2024-12-08.17:55:36::SCWMssOS::artfiles -g -Wall -Wextra -fno-tree-loop-distribute-patterns"

TRACE::2024-12-08.17:55:36::SCWMssOS::"Running Make include in ps7_cortexa9_0/libsrc/dmaps_v2_8/src"

TRACE::2024-12-08.17:55:36::SCWMssOS::make -C ps7_cortexa9_0/libsrc/dmaps_v2_8/src -s include  "SHELL=CMD" "COMPILER=arm-none-eabi-gcc" "ASSEMBLER=arm-none-eabi-as" 
TRACE::2024-12-08.17:55:36::SCWMssOS::"ARCHIVER=arm-none-eabi-ar" "COMPILER_FLAGS=  -O2 -c" "EXTRA_COMPILER_FLAGS=-mcpu=cortex-a9 -mfpu=vfpv3 -mfloat-abi=hard -nosta
TRACE::2024-12-08.17:55:36::SCWMssOS::rtfiles -g -Wall -Wextra -fno-tree-loop-distribute-patterns"

TRACE::2024-12-08.17:55:36::SCWMssOS::"Running Make include in ps7_cortexa9_0/libsrc/fir_v1_0/src"

TRACE::2024-12-08.17:55:36::SCWMssOS::make -C ps7_cortexa9_0/libsrc/fir_v1_0/src -s include  "SHELL=CMD" "COMPILER=arm-none-eabi-gcc" "ASSEMBLER=arm-none-eabi-as" "A
TRACE::2024-12-08.17:55:36::SCWMssOS::RCHIVER=arm-none-eabi-ar" "COMPILER_FLAGS=  -O2 -c" "EXTRA_COMPILER_FLAGS=-mcpu=cortex-a9 -mfpu=vfpv3 -mfloat-abi=hard -nostart
TRACE::2024-12-08.17:55:36::SCWMssOS::files -g -Wall -Wextra -fno-tree-loop-distribute-patterns"

TRACE::2024-12-08.17:55:36::SCWMssOS::"Running Make include in ps7_cortexa9_0/libsrc/gpio_v4_9/src"

TRACE::2024-12-08.17:55:36::SCWMssOS::make -C ps7_cortexa9_0/libsrc/gpio_v4_9/src -s include  "SHELL=CMD" "COMPILER=arm-none-eabi-gcc" "ASSEMBLER=arm-none-eabi-as" "
TRACE::2024-12-08.17:55:36::SCWMssOS::ARCHIVER=arm-none-eabi-ar" "COMPILER_FLAGS=  -O2 -c" "EXTRA_COMPILER_FLAGS=-mcpu=cortex-a9 -mfpu=vfpv3 -mfloat-abi=hard -nostar
TRACE::2024-12-08.17:55:36::SCWMssOS::tfiles -g -Wall -Wextra -fno-tree-loop-distribute-patterns"

TRACE::2024-12-08.17:55:36::SCWMssOS::"Running Make include in ps7_cortexa9_0/libsrc/iicps_v3_17/src"

TRACE::2024-12-08.17:55:36::SCWMssOS::make -C ps7_cortexa9_0/libsrc/iicps_v3_17/src -s include  "SHELL=CMD" "COMPILER=arm-none-eabi-gcc" "ASSEMBLER=arm-none-eabi-as"
TRACE::2024-12-08.17:55:36::SCWMssOS:: "ARCHIVER=arm-none-eabi-ar" "COMPILER_FLAGS=  -O2 -c" "EXTRA_COMPILER_FLAGS=-mcpu=cortex-a9 -mfpu=vfpv3 -mfloat-abi=hard -nost
TRACE::2024-12-08.17:55:36::SCWMssOS::artfiles -g -Wall -Wextra -fno-tree-loop-distribute-patterns"

TRACE::2024-12-08.17:55:36::SCWMssOS::"Running Make include in ps7_cortexa9_0/libsrc/qspips_v3_10/src"

TRACE::2024-12-08.17:55:36::SCWMssOS::make -C ps7_cortexa9_0/libsrc/qspips_v3_10/src -s include  "SHELL=CMD" "COMPILER=arm-none-eabi-gcc" "ASSEMBLER=arm-none-eabi-as
TRACE::2024-12-08.17:55:36::SCWMssOS::" "ARCHIVER=arm-none-eabi-ar" "COMPILER_FLAGS=  -O2 -c" "EXTRA_COMPILER_FLAGS=-mcpu=cortex-a9 -mfpu=vfpv3 -mfloat-abi=hard -nos
TRACE::2024-12-08.17:55:36::SCWMssOS::tartfiles -g -Wall -Wextra -fno-tree-loop-distribute-patterns"

TRACE::2024-12-08.17:55:36::SCWMssOS::"Running Make include in ps7_cortexa9_0/libsrc/scugic_v5_1/src"

TRACE::2024-12-08.17:55:36::SCWMssOS::make -C ps7_cortexa9_0/libsrc/scugic_v5_1/src -s include  "SHELL=CMD" "COMPILER=arm-none-eabi-gcc" "ASSEMBLER=arm-none-eabi-as"
TRACE::2024-12-08.17:55:36::SCWMssOS:: "ARCHIVER=arm-none-eabi-ar" "COMPILER_FLAGS=  -O2 -c" "EXTRA_COMPILER_FLAGS=-mcpu=cortex-a9 -mfpu=vfpv3 -mfloat-abi=hard -nost
TRACE::2024-12-08.17:55:36::SCWMssOS::artfiles -g -Wall -Wextra -fno-tree-loop-distribute-patterns"

TRACE::2024-12-08.17:55:36::SCWMssOS::"Running Make include in ps7_cortexa9_0/libsrc/scutimer_v2_4/src"

TRACE::2024-12-08.17:55:36::SCWMssOS::make -C ps7_cortexa9_0/libsrc/scutimer_v2_4/src -s include  "SHELL=CMD" "COMPILER=arm-none-eabi-gcc" "ASSEMBLER=arm-none-eabi-a
TRACE::2024-12-08.17:55:36::SCWMssOS::s" "ARCHIVER=arm-none-eabi-ar" "COMPILER_FLAGS=  -O2 -c" "EXTRA_COMPILER_FLAGS=-mcpu=cortex-a9 -mfpu=vfpv3 -mfloat-abi=hard -no
TRACE::2024-12-08.17:55:36::SCWMssOS::startfiles -g -Wall -Wextra -fno-tree-loop-distribute-patterns"

TRACE::2024-12-08.17:55:36::SCWMssOS::"Running Make include in ps7_cortexa9_0/libsrc/scuwdt_v2_4/src"

TRACE::2024-12-08.17:55:36::SCWMssOS::make -C ps7_cortexa9_0/libsrc/scuwdt_v2_4/src -s include  "SHELL=CMD" "COMPILER=arm-none-eabi-gcc" "ASSEMBLER=arm-none-eabi-as"
TRACE::2024-12-08.17:55:36::SCWMssOS:: "ARCHIVER=arm-none-eabi-ar" "COMPILER_FLAGS=  -O2 -c" "EXTRA_COMPILER_FLAGS=-mcpu=cortex-a9 -mfpu=vfpv3 -mfloat-abi=hard -nost
TRACE::2024-12-08.17:55:36::SCWMssOS::artfiles -g -Wall -Wextra -fno-tree-loop-distribute-patterns"

TRACE::2024-12-08.17:55:36::SCWMssOS::"Running Make include in ps7_cortexa9_0/libsrc/standalone_v8_1/src"

TRACE::2024-12-08.17:55:36::SCWMssOS::make -C ps7_cortexa9_0/libsrc/standalone_v8_1/src -s include  "SHELL=CMD" "COMPILER=arm-none-eabi-gcc" "ASSEMBLER=arm-none-eabi
TRACE::2024-12-08.17:55:36::SCWMssOS::-as" "ARCHIVER=arm-none-eabi-ar" "COMPILER_FLAGS=  -O2 -c" "EXTRA_COMPILER_FLAGS=-mcpu=cortex-a9 -mfpu=vfpv3 -mfloat-abi=hard -
TRACE::2024-12-08.17:55:36::SCWMssOS::nostartfiles -g -Wall -Wextra -fno-tree-loop-distribute-patterns"

TRACE::2024-12-08.17:55:36::SCWMssOS::"Running Make include in ps7_cortexa9_0/libsrc/uartps_v3_12/src"

TRACE::2024-12-08.17:55:36::SCWMssOS::make -C ps7_cortexa9_0/libsrc/uartps_v3_12/src -s include  "SHELL=CMD" "COMPILER=arm-none-eabi-gcc" "ASSEMBLER=arm-none-eabi-as
TRACE::2024-12-08.17:55:36::SCWMssOS::" "ARCHIVER=arm-none-eabi-ar" "COMPILER_FLAGS=  -O2 -c" "EXTRA_COMPILER_FLAGS=-mcpu=cortex-a9 -mfpu=vfpv3 -mfloat-abi=hard -nos
TRACE::2024-12-08.17:55:36::SCWMssOS::tartfiles -g -Wall -Wextra -fno-tree-loop-distribute-patterns"

TRACE::2024-12-08.17:55:36::SCWMssOS::"Running Make include in ps7_cortexa9_0/libsrc/xadcps_v2_6/src"

TRACE::2024-12-08.17:55:36::SCWMssOS::make -C ps7_cortexa9_0/libsrc/xadcps_v2_6/src -s include  "SHELL=CMD" "COMPILER=arm-none-eabi-gcc" "ASSEMBLER=arm-none-eabi-as"
TRACE::2024-12-08.17:55:36::SCWMssOS:: "ARCHIVER=arm-none-eabi-ar" "COMPILER_FLAGS=  -O2 -c" "EXTRA_COMPILER_FLAGS=-mcpu=cortex-a9 -mfpu=vfpv3 -mfloat-abi=hard -nost
TRACE::2024-12-08.17:55:36::SCWMssOS::artfiles -g -Wall -Wextra -fno-tree-loop-distribute-patterns"

TRACE::2024-12-08.17:55:36::SCWMssOS::"Running Make libs in ps7_cortexa9_0/libsrc/fir_v1_0/src"

TRACE::2024-12-08.17:55:36::SCWMssOS::make -C ps7_cortexa9_0/libsrc/fir_v1_0/src -s libs  "SHELL=CMD" "COMPILER=arm-none-eabi-gcc" "ASSEMBLER=arm-none-eabi-as" "ARCH
TRACE::2024-12-08.17:55:36::SCWMssOS::IVER=arm-none-eabi-ar" "COMPILER_FLAGS=  -O2 -c" "EXTRA_COMPILER_FLAGS=-mcpu=cortex-a9 -mfpu=vfpv3 -mfloat-abi=hard -nostartfil
TRACE::2024-12-08.17:55:36::SCWMssOS::es -g -Wall -Wextra -fno-tree-loop-distribute-patterns"

TRACE::2024-12-08.17:55:37::SCWMssOS::"Building fir"

TRACE::2024-12-08.17:55:37::SCWMssOS::'Finished building libraries sequentially.'

TRACE::2024-12-08.17:55:37::SCWMssOS::make -j 10 --no-print-directory par_libs

TRACE::2024-12-08.17:55:37::SCWMssOS::"Running Make include in ps7_cortexa9_0/libsrc/coresightps_dcc_v1_8/src"

TRACE::2024-12-08.17:55:37::SCWMssOS::make -C ps7_cortexa9_0/libsrc/coresightps_dcc_v1_8/src -s include  "SHELL=CMD" "COMPILER=arm-none-eabi-gcc" "ASSEMBLER=arm-none
TRACE::2024-12-08.17:55:37::SCWMssOS::-eabi-as" "ARCHIVER=arm-none-eabi-ar" "COMPILER_FLAGS=  -O2 -c" "EXTRA_COMPILER_FLAGS=-mcpu=cortex-a9 -mfpu=vfpv3 -mfloat-abi=h
TRACE::2024-12-08.17:55:37::SCWMssOS::ard -nostartfiles -g -Wall -Wextra -fno-tree-loop-distribute-patterns"

TRACE::2024-12-08.17:55:37::SCWMssOS::"Running Make include in ps7_cortexa9_0/libsrc/cpu_cortexa9_v2_11/src"

TRACE::2024-12-08.17:55:37::SCWMssOS::make -C ps7_cortexa9_0/libsrc/cpu_cortexa9_v2_11/src -s include  "SHELL=CMD" "COMPILER=arm-none-eabi-gcc" "ASSEMBLER=arm-none-e
TRACE::2024-12-08.17:55:37::SCWMssOS::abi-as" "ARCHIVER=arm-none-eabi-ar" "COMPILER_FLAGS=  -O2 -c" "EXTRA_COMPILER_FLAGS=-mcpu=cortex-a9 -mfpu=vfpv3 -mfloat-abi=har
TRACE::2024-12-08.17:55:37::SCWMssOS::d -nostartfiles -g -Wall -Wextra -fno-tree-loop-distribute-patterns"

TRACE::2024-12-08.17:55:37::SCWMssOS::"Running Make include in ps7_cortexa9_0/libsrc/ddrps_v1_2/src"

TRACE::2024-12-08.17:55:37::SCWMssOS::make -C ps7_cortexa9_0/libsrc/ddrps_v1_2/src -s include  "SHELL=CMD" "COMPILER=arm-none-eabi-gcc" "ASSEMBLER=arm-none-eabi-as" 
TRACE::2024-12-08.17:55:37::SCWMssOS::"ARCHIVER=arm-none-eabi-ar" "COMPILER_FLAGS=  -O2 -c" "EXTRA_COMPILER_FLAGS=-mcpu=cortex-a9 -mfpu=vfpv3 -mfloat-abi=hard -nosta
TRACE::2024-12-08.17:55:37::SCWMssOS::rtfiles -g -Wall -Wextra -fno-tree-loop-distribute-patterns"

TRACE::2024-12-08.17:55:37::SCWMssOS::"Running Make include in ps7_cortexa9_0/libsrc/devcfg_v3_7/src"

TRACE::2024-12-08.17:55:37::SCWMssOS::make -C ps7_cortexa9_0/libsrc/devcfg_v3_7/src -s include  "SHELL=CMD" "COMPILER=arm-none-eabi-gcc" "ASSEMBLER=arm-none-eabi-as"
TRACE::2024-12-08.17:55:37::SCWMssOS:: "ARCHIVER=arm-none-eabi-ar" "COMPILER_FLAGS=  -O2 -c" "EXTRA_COMPILER_FLAGS=-mcpu=cortex-a9 -mfpu=vfpv3 -mfloat-abi=hard -nost
TRACE::2024-12-08.17:55:37::SCWMssOS::artfiles -g -Wall -Wextra -fno-tree-loop-distribute-patterns"

TRACE::2024-12-08.17:55:37::SCWMssOS::"Running Make include in ps7_cortexa9_0/libsrc/dmaps_v2_8/src"

TRACE::2024-12-08.17:55:37::SCWMssOS::make -C ps7_cortexa9_0/libsrc/dmaps_v2_8/src -s include  "SHELL=CMD" "COMPILER=arm-none-eabi-gcc" "ASSEMBLER=arm-none-eabi-as" 
TRACE::2024-12-08.17:55:37::SCWMssOS::"ARCHIVER=arm-none-eabi-ar" "COMPILER_FLAGS=  -O2 -c" "EXTRA_COMPILER_FLAGS=-mcpu=cortex-a9 -mfpu=vfpv3 -mfloat-abi=hard -nosta
TRACE::2024-12-08.17:55:37::SCWMssOS::rtfiles -g -Wall -Wextra -fno-tree-loop-distribute-patterns"

TRACE::2024-12-08.17:55:37::SCWMssOS::"Running Make include in ps7_cortexa9_0/libsrc/fir_v1_0/src"

TRACE::2024-12-08.17:55:37::SCWMssOS::make -C ps7_cortexa9_0/libsrc/fir_v1_0/src -s include  "SHELL=CMD" "COMPILER=arm-none-eabi-gcc" "ASSEMBLER=arm-none-eabi-as" "A
TRACE::2024-12-08.17:55:37::SCWMssOS::RCHIVER=arm-none-eabi-ar" "COMPILER_FLAGS=  -O2 -c" "EXTRA_COMPILER_FLAGS=-mcpu=cortex-a9 -mfpu=vfpv3 -mfloat-abi=hard -nostart
TRACE::2024-12-08.17:55:37::SCWMssOS::files -g -Wall -Wextra -fno-tree-loop-distribute-patterns"

TRACE::2024-12-08.17:55:37::SCWMssOS::"Running Make include in ps7_cortexa9_0/libsrc/gpio_v4_9/src"

TRACE::2024-12-08.17:55:37::SCWMssOS::make -C ps7_cortexa9_0/libsrc/gpio_v4_9/src -s include  "SHELL=CMD" "COMPILER=arm-none-eabi-gcc" "ASSEMBLER=arm-none-eabi-as" "
TRACE::2024-12-08.17:55:37::SCWMssOS::ARCHIVER=arm-none-eabi-ar" "COMPILER_FLAGS=  -O2 -c" "EXTRA_COMPILER_FLAGS=-mcpu=cortex-a9 -mfpu=vfpv3 -mfloat-abi=hard -nostar
TRACE::2024-12-08.17:55:37::SCWMssOS::tfiles -g -Wall -Wextra -fno-tree-loop-distribute-patterns"

TRACE::2024-12-08.17:55:37::SCWMssOS::"Running Make include in ps7_cortexa9_0/libsrc/iicps_v3_17/src"

TRACE::2024-12-08.17:55:37::SCWMssOS::make -C ps7_cortexa9_0/libsrc/iicps_v3_17/src -s include  "SHELL=CMD" "COMPILER=arm-none-eabi-gcc" "ASSEMBLER=arm-none-eabi-as"
TRACE::2024-12-08.17:55:37::SCWMssOS:: "ARCHIVER=arm-none-eabi-ar" "COMPILER_FLAGS=  -O2 -c" "EXTRA_COMPILER_FLAGS=-mcpu=cortex-a9 -mfpu=vfpv3 -mfloat-abi=hard -nost
TRACE::2024-12-08.17:55:37::SCWMssOS::artfiles -g -Wall -Wextra -fno-tree-loop-distribute-patterns"

TRACE::2024-12-08.17:55:37::SCWMssOS::"Running Make include in ps7_cortexa9_0/libsrc/qspips_v3_10/src"

TRACE::2024-12-08.17:55:37::SCWMssOS::make -C ps7_cortexa9_0/libsrc/qspips_v3_10/src -s include  "SHELL=CMD" "COMPILER=arm-none-eabi-gcc" "ASSEMBLER=arm-none-eabi-as
TRACE::2024-12-08.17:55:37::SCWMssOS::" "ARCHIVER=arm-none-eabi-ar" "COMPILER_FLAGS=  -O2 -c" "EXTRA_COMPILER_FLAGS=-mcpu=cortex-a9 -mfpu=vfpv3 -mfloat-abi=hard -nos
TRACE::2024-12-08.17:55:37::SCWMssOS::tartfiles -g -Wall -Wextra -fno-tree-loop-distribute-patterns"

TRACE::2024-12-08.17:55:37::SCWMssOS::"Running Make include in ps7_cortexa9_0/libsrc/scugic_v5_1/src"

TRACE::2024-12-08.17:55:37::SCWMssOS::make -C ps7_cortexa9_0/libsrc/scugic_v5_1/src -s include  "SHELL=CMD" "COMPILER=arm-none-eabi-gcc" "ASSEMBLER=arm-none-eabi-as"
TRACE::2024-12-08.17:55:37::SCWMssOS:: "ARCHIVER=arm-none-eabi-ar" "COMPILER_FLAGS=  -O2 -c" "EXTRA_COMPILER_FLAGS=-mcpu=cortex-a9 -mfpu=vfpv3 -mfloat-abi=hard -nost
TRACE::2024-12-08.17:55:37::SCWMssOS::artfiles -g -Wall -Wextra -fno-tree-loop-distribute-patterns"

TRACE::2024-12-08.17:55:37::SCWMssOS::"Running Make include in ps7_cortexa9_0/libsrc/scutimer_v2_4/src"

TRACE::2024-12-08.17:55:37::SCWMssOS::make -C ps7_cortexa9_0/libsrc/scutimer_v2_4/src -s include  "SHELL=CMD" "COMPILER=arm-none-eabi-gcc" "ASSEMBLER=arm-none-eabi-a
TRACE::2024-12-08.17:55:37::SCWMssOS::s" "ARCHIVER=arm-none-eabi-ar" "COMPILER_FLAGS=  -O2 -c" "EXTRA_COMPILER_FLAGS=-mcpu=cortex-a9 -mfpu=vfpv3 -mfloat-abi=hard -no
TRACE::2024-12-08.17:55:37::SCWMssOS::startfiles -g -Wall -Wextra -fno-tree-loop-distribute-patterns"

TRACE::2024-12-08.17:55:37::SCWMssOS::"Running Make include in ps7_cortexa9_0/libsrc/scuwdt_v2_4/src"

TRACE::2024-12-08.17:55:37::SCWMssOS::make -C ps7_cortexa9_0/libsrc/scuwdt_v2_4/src -s include  "SHELL=CMD" "COMPILER=arm-none-eabi-gcc" "ASSEMBLER=arm-none-eabi-as"
TRACE::2024-12-08.17:55:37::SCWMssOS:: "ARCHIVER=arm-none-eabi-ar" "COMPILER_FLAGS=  -O2 -c" "EXTRA_COMPILER_FLAGS=-mcpu=cortex-a9 -mfpu=vfpv3 -mfloat-abi=hard -nost
TRACE::2024-12-08.17:55:37::SCWMssOS::artfiles -g -Wall -Wextra -fno-tree-loop-distribute-patterns"

TRACE::2024-12-08.17:55:37::SCWMssOS::"Running Make include in ps7_cortexa9_0/libsrc/standalone_v8_1/src"

TRACE::2024-12-08.17:55:37::SCWMssOS::make -C ps7_cortexa9_0/libsrc/standalone_v8_1/src -s include  "SHELL=CMD" "COMPILER=arm-none-eabi-gcc" "ASSEMBLER=arm-none-eabi
TRACE::2024-12-08.17:55:37::SCWMssOS::-as" "ARCHIVER=arm-none-eabi-ar" "COMPILER_FLAGS=  -O2 -c" "EXTRA_COMPILER_FLAGS=-mcpu=cortex-a9 -mfpu=vfpv3 -mfloat-abi=hard -
TRACE::2024-12-08.17:55:37::SCWMssOS::nostartfiles -g -Wall -Wextra -fno-tree-loop-distribute-patterns"

TRACE::2024-12-08.17:55:37::SCWMssOS::"Running Make include in ps7_cortexa9_0/libsrc/uartps_v3_12/src"

TRACE::2024-12-08.17:55:37::SCWMssOS::make -C ps7_cortexa9_0/libsrc/uartps_v3_12/src -s include  "SHELL=CMD" "COMPILER=arm-none-eabi-gcc" "ASSEMBLER=arm-none-eabi-as
TRACE::2024-12-08.17:55:37::SCWMssOS::" "ARCHIVER=arm-none-eabi-ar" "COMPILER_FLAGS=  -O2 -c" "EXTRA_COMPILER_FLAGS=-mcpu=cortex-a9 -mfpu=vfpv3 -mfloat-abi=hard -nos
TRACE::2024-12-08.17:55:37::SCWMssOS::tartfiles -g -Wall -Wextra -fno-tree-loop-distribute-patterns"

TRACE::2024-12-08.17:55:37::SCWMssOS::"Running Make include in ps7_cortexa9_0/libsrc/xadcps_v2_6/src"

TRACE::2024-12-08.17:55:37::SCWMssOS::make -C ps7_cortexa9_0/libsrc/xadcps_v2_6/src -s include  "SHELL=CMD" "COMPILER=arm-none-eabi-gcc" "ASSEMBLER=arm-none-eabi-as"
TRACE::2024-12-08.17:55:37::SCWMssOS:: "ARCHIVER=arm-none-eabi-ar" "COMPILER_FLAGS=  -O2 -c" "EXTRA_COMPILER_FLAGS=-mcpu=cortex-a9 -mfpu=vfpv3 -mfloat-abi=hard -nost
TRACE::2024-12-08.17:55:37::SCWMssOS::artfiles -g -Wall -Wextra -fno-tree-loop-distribute-patterns"

TRACE::2024-12-08.17:55:37::SCWMssOS::"Running Make libs in ps7_cortexa9_0/libsrc/coresightps_dcc_v1_8/src"

TRACE::2024-12-08.17:55:37::SCWMssOS::make -C ps7_cortexa9_0/libsrc/coresightps_dcc_v1_8/src -s libs  "SHELL=CMD" "COMPILER=arm-none-eabi-gcc" "ASSEMBLER=arm-none-ea
TRACE::2024-12-08.17:55:37::SCWMssOS::bi-as" "ARCHIVER=arm-none-eabi-ar" "COMPILER_FLAGS=  -O2 -c" "EXTRA_COMPILER_FLAGS=-mcpu=cortex-a9 -mfpu=vfpv3 -mfloat-abi=hard
TRACE::2024-12-08.17:55:37::SCWMssOS:: -nostartfiles -g -Wall -Wextra -fno-tree-loop-distribute-patterns"

TRACE::2024-12-08.17:55:37::SCWMssOS::"Running Make libs in ps7_cortexa9_0/libsrc/cpu_cortexa9_v2_11/src"

TRACE::2024-12-08.17:55:37::SCWMssOS::make -C ps7_cortexa9_0/libsrc/cpu_cortexa9_v2_11/src -s libs  "SHELL=CMD" "COMPILER=arm-none-eabi-gcc" "ASSEMBLER=arm-none-eabi
TRACE::2024-12-08.17:55:37::SCWMssOS::-as" "ARCHIVER=arm-none-eabi-ar" "COMPILER_FLAGS=  -O2 -c" "EXTRA_COMPILER_FLAGS=-mcpu=cortex-a9 -mfpu=vfpv3 -mfloat-abi=hard -
TRACE::2024-12-08.17:55:37::SCWMssOS::nostartfiles -g -Wall -Wextra -fno-tree-loop-distribute-patterns"

TRACE::2024-12-08.17:55:37::SCWMssOS::"Running Make libs in ps7_cortexa9_0/libsrc/ddrps_v1_2/src"

TRACE::2024-12-08.17:55:37::SCWMssOS::make -C ps7_cortexa9_0/libsrc/ddrps_v1_2/src -s libs  "SHELL=CMD" "COMPILER=arm-none-eabi-gcc" "ASSEMBLER=arm-none-eabi-as" "AR
TRACE::2024-12-08.17:55:37::SCWMssOS::CHIVER=arm-none-eabi-ar" "COMPILER_FLAGS=  -O2 -c" "EXTRA_COMPILER_FLAGS=-mcpu=cortex-a9 -mfpu=vfpv3 -mfloat-abi=hard -nostartf
TRACE::2024-12-08.17:55:37::SCWMssOS::iles -g -Wall -Wextra -fno-tree-loop-distribute-patterns"

TRACE::2024-12-08.17:55:37::SCWMssOS::"Running Make libs in ps7_cortexa9_0/libsrc/devcfg_v3_7/src"

TRACE::2024-12-08.17:55:37::SCWMssOS::make -C ps7_cortexa9_0/libsrc/devcfg_v3_7/src -s libs  "SHELL=CMD" "COMPILER=arm-none-eabi-gcc" "ASSEMBLER=arm-none-eabi-as" "A
TRACE::2024-12-08.17:55:37::SCWMssOS::RCHIVER=arm-none-eabi-ar" "COMPILER_FLAGS=  -O2 -c" "EXTRA_COMPILER_FLAGS=-mcpu=cortex-a9 -mfpu=vfpv3 -mfloat-abi=hard -nostart
TRACE::2024-12-08.17:55:37::SCWMssOS::files -g -Wall -Wextra -fno-tree-loop-distribute-patterns"

TRACE::2024-12-08.17:55:37::SCWMssOS::"Running Make libs in ps7_cortexa9_0/libsrc/dmaps_v2_8/src"

TRACE::2024-12-08.17:55:37::SCWMssOS::make -C ps7_cortexa9_0/libsrc/dmaps_v2_8/src -s libs  "SHELL=CMD" "COMPILER=arm-none-eabi-gcc" "ASSEMBLER=arm-none-eabi-as" "AR
TRACE::2024-12-08.17:55:37::SCWMssOS::CHIVER=arm-none-eabi-ar" "COMPILER_FLAGS=  -O2 -c" "EXTRA_COMPILER_FLAGS=-mcpu=cortex-a9 -mfpu=vfpv3 -mfloat-abi=hard -nostartf
TRACE::2024-12-08.17:55:37::SCWMssOS::iles -g -Wall -Wextra -fno-tree-loop-distribute-patterns"

TRACE::2024-12-08.17:55:37::SCWMssOS::"Running Make libs in ps7_cortexa9_0/libsrc/gpio_v4_9/src"

TRACE::2024-12-08.17:55:37::SCWMssOS::make -C ps7_cortexa9_0/libsrc/gpio_v4_9/src -s libs  "SHELL=CMD" "COMPILER=arm-none-eabi-gcc" "ASSEMBLER=arm-none-eabi-as" "ARC
TRACE::2024-12-08.17:55:37::SCWMssOS::HIVER=arm-none-eabi-ar" "COMPILER_FLAGS=  -O2 -c" "EXTRA_COMPILER_FLAGS=-mcpu=cortex-a9 -mfpu=vfpv3 -mfloat-abi=hard -nostartfi
TRACE::2024-12-08.17:55:37::SCWMssOS::les -g -Wall -Wextra -fno-tree-loop-distribute-patterns"

TRACE::2024-12-08.17:55:37::SCWMssOS::"Running Make libs in ps7_cortexa9_0/libsrc/iicps_v3_17/src"

TRACE::2024-12-08.17:55:37::SCWMssOS::make -C ps7_cortexa9_0/libsrc/iicps_v3_17/src -s libs  "SHELL=CMD" "COMPILER=arm-none-eabi-gcc" "ASSEMBLER=arm-none-eabi-as" "A
TRACE::2024-12-08.17:55:37::SCWMssOS::RCHIVER=arm-none-eabi-ar" "COMPILER_FLAGS=  -O2 -c" "EXTRA_COMPILER_FLAGS=-mcpu=cortex-a9 -mfpu=vfpv3 -mfloat-abi=hard -nostart
TRACE::2024-12-08.17:55:37::SCWMssOS::files -g -Wall -Wextra -fno-tree-loop-distribute-patterns"

TRACE::2024-12-08.17:55:37::SCWMssOS::"Running Make libs in ps7_cortexa9_0/libsrc/qspips_v3_10/src"

TRACE::2024-12-08.17:55:37::SCWMssOS::make -C ps7_cortexa9_0/libsrc/qspips_v3_10/src -s libs  "SHELL=CMD" "COMPILER=arm-none-eabi-gcc" "ASSEMBLER=arm-none-eabi-as" "
TRACE::2024-12-08.17:55:37::SCWMssOS::ARCHIVER=arm-none-eabi-ar" "COMPILER_FLAGS=  -O2 -c" "EXTRA_COMPILER_FLAGS=-mcpu=cortex-a9 -mfpu=vfpv3 -mfloat-abi=hard -nostar
TRACE::2024-12-08.17:55:37::SCWMssOS::tfiles -g -Wall -Wextra -fno-tree-loop-distribute-patterns"

TRACE::2024-12-08.17:55:38::SCWMssOS::"Running Make libs in ps7_cortexa9_0/libsrc/scugic_v5_1/src"

TRACE::2024-12-08.17:55:38::SCWMssOS::make -C ps7_cortexa9_0/libsrc/scugic_v5_1/src -s libs  "SHELL=CMD" "COMPILER=arm-none-eabi-gcc" "ASSEMBLER=arm-none-eabi-as" "A
TRACE::2024-12-08.17:55:38::SCWMssOS::RCHIVER=arm-none-eabi-ar" "COMPILER_FLAGS=  -O2 -c" "EXTRA_COMPILER_FLAGS=-mcpu=cortex-a9 -mfpu=vfpv3 -mfloat-abi=hard -nostart
TRACE::2024-12-08.17:55:38::SCWMssOS::files -g -Wall -Wextra -fno-tree-loop-distribute-patterns"

TRACE::2024-12-08.17:55:38::SCWMssOS::"Running Make libs in ps7_cortexa9_0/libsrc/scutimer_v2_4/src"

TRACE::2024-12-08.17:55:38::SCWMssOS::make -C ps7_cortexa9_0/libsrc/scutimer_v2_4/src -s libs  "SHELL=CMD" "COMPILER=arm-none-eabi-gcc" "ASSEMBLER=arm-none-eabi-as" 
TRACE::2024-12-08.17:55:38::SCWMssOS::"ARCHIVER=arm-none-eabi-ar" "COMPILER_FLAGS=  -O2 -c" "EXTRA_COMPILER_FLAGS=-mcpu=cortex-a9 -mfpu=vfpv3 -mfloat-abi=hard -nosta
TRACE::2024-12-08.17:55:38::SCWMssOS::rtfiles -g -Wall -Wextra -fno-tree-loop-distribute-patterns"

TRACE::2024-12-08.17:55:38::SCWMssOS::"Running Make libs in ps7_cortexa9_0/libsrc/scuwdt_v2_4/src"

TRACE::2024-12-08.17:55:38::SCWMssOS::make -C ps7_cortexa9_0/libsrc/scuwdt_v2_4/src -s libs  "SHELL=CMD" "COMPILER=arm-none-eabi-gcc" "ASSEMBLER=arm-none-eabi-as" "A
TRACE::2024-12-08.17:55:38::SCWMssOS::RCHIVER=arm-none-eabi-ar" "COMPILER_FLAGS=  -O2 -c" "EXTRA_COMPILER_FLAGS=-mcpu=cortex-a9 -mfpu=vfpv3 -mfloat-abi=hard -nostart
TRACE::2024-12-08.17:55:38::SCWMssOS::files -g -Wall -Wextra -fno-tree-loop-distribute-patterns"

TRACE::2024-12-08.17:55:38::SCWMssOS::"Running Make libs in ps7_cortexa9_0/libsrc/standalone_v8_1/src"

TRACE::2024-12-08.17:55:38::SCWMssOS::make -C ps7_cortexa9_0/libsrc/standalone_v8_1/src -s libs  "SHELL=CMD" "COMPILER=arm-none-eabi-gcc" "ASSEMBLER=arm-none-eabi-as
TRACE::2024-12-08.17:55:38::SCWMssOS::" "ARCHIVER=arm-none-eabi-ar" "COMPILER_FLAGS=  -O2 -c" "EXTRA_COMPILER_FLAGS=-mcpu=cortex-a9 -mfpu=vfpv3 -mfloat-abi=hard -nos
TRACE::2024-12-08.17:55:38::SCWMssOS::tartfiles -g -Wall -Wextra -fno-tree-loop-distribute-patterns"

TRACE::2024-12-08.17:55:38::SCWMssOS::"Running Make libs in ps7_cortexa9_0/libsrc/uartps_v3_12/src"

TRACE::2024-12-08.17:55:38::SCWMssOS::make -C ps7_cortexa9_0/libsrc/uartps_v3_12/src -s libs  "SHELL=CMD" "COMPILER=arm-none-eabi-gcc" "ASSEMBLER=arm-none-eabi-as" "
TRACE::2024-12-08.17:55:38::SCWMssOS::ARCHIVER=arm-none-eabi-ar" "COMPILER_FLAGS=  -O2 -c" "EXTRA_COMPILER_FLAGS=-mcpu=cortex-a9 -mfpu=vfpv3 -mfloat-abi=hard -nostar
TRACE::2024-12-08.17:55:38::SCWMssOS::tfiles -g -Wall -Wextra -fno-tree-loop-distribute-patterns"

TRACE::2024-12-08.17:55:38::SCWMssOS::"Running Make libs in ps7_cortexa9_0/libsrc/xadcps_v2_6/src"

TRACE::2024-12-08.17:55:38::SCWMssOS::make -C ps7_cortexa9_0/libsrc/xadcps_v2_6/src -s libs  "SHELL=CMD" "COMPILER=arm-none-eabi-gcc" "ASSEMBLER=arm-none-eabi-as" "A
TRACE::2024-12-08.17:55:38::SCWMssOS::RCHIVER=arm-none-eabi-ar" "COMPILER_FLAGS=  -O2 -c" "EXTRA_COMPILER_FLAGS=-mcpu=cortex-a9 -mfpu=vfpv3 -mfloat-abi=hard -nostart
TRACE::2024-12-08.17:55:38::SCWMssOS::files -g -Wall -Wextra -fno-tree-loop-distribute-patterns"

TRACE::2024-12-08.17:55:40::SCWMssOS::'Finished building libraries parallelly.'

TRACE::2024-12-08.17:55:40::SCWMssOS::make --no-print-directory archive

TRACE::2024-12-08.17:55:40::SCWMssOS::arm-none-eabi-ar -r  ps7_cortexa9_0/lib/libxil.a ps7_cortexa9_0/lib/_exit.o ps7_cortexa9_0/lib/_open.o ps7_cortexa9_0/lib/_sbrk
TRACE::2024-12-08.17:55:40::SCWMssOS::.o ps7_cortexa9_0/lib/abort.o ps7_cortexa9_0/lib/asm_vectors.o ps7_cortexa9_0/lib/boot.o ps7_cortexa9_0/lib/close.o ps7_cortexa
TRACE::2024-12-08.17:55:40::SCWMssOS::9_0/lib/cpputest_time.o ps7_cortexa9_0/lib/cpu_init.o ps7_cortexa9_0/lib/errno.o ps7_cortexa9_0/lib/fcntl.o ps7_cortexa9_0/lib/
TRACE::2024-12-08.17:55:40::SCWMssOS::fstat.o ps7_cortexa9_0/lib/getentropy.o ps7_cortexa9_0/lib/getpid.o ps7_cortexa9_0/lib/inbyte.o ps7_cortexa9_0/lib/isatty.o ps7
TRACE::2024-12-08.17:55:40::SCWMssOS::_cortexa9_0/lib/kill.o ps7_cortexa9_0/lib/lseek.o ps7_cortexa9_0/lib/open.o ps7_cortexa9_0/lib/outbyte.o ps7_cortexa9_0/lib/pri
TRACE::2024-12-08.17:55:40::SCWMssOS::nt.o ps7_cortexa9_0/lib/putnum.o ps7_cortexa9_0/lib/read.o ps7_cortexa9_0/lib/sbrk.o ps7_cortexa9_0/lib/sleep.o ps7_cortexa9_0/
TRACE::2024-12-08.17:55:40::SCWMssOS::lib/time.o ps7_cortexa9_0/lib/translation_table.o ps7_cortexa9_0/lib/unlink.o ps7_cortexa9_0/lib/usleep.o ps7_cortexa9_0/lib/ve
TRACE::2024-12-08.17:55:40::SCWMssOS::ctors.o ps7_cortexa9_0/lib/write.o ps7_cortexa9_0/lib/xadcps.o ps7_cortexa9_0/lib/xadcps_g.o ps7_cortexa9_0/lib/xadcps_intr.o p
TRACE::2024-12-08.17:55:40::SCWMssOS::s7_cortexa9_0/lib/xadcps_selftest.o ps7_cortexa9_0/lib/xadcps_sinit.o ps7_cortexa9_0/lib/xcoresightpsdcc.o ps7_cortexa9_0/lib/x
TRACE::2024-12-08.17:55:40::SCWMssOS::devcfg.o ps7_cortexa9_0/lib/xdevcfg_g.o ps7_cortexa9_0/lib/xdevcfg_hw.o ps7_cortexa9_0/lib/xdevcfg_intr.o ps7_cortexa9_0/lib/xd
TRACE::2024-12-08.17:55:40::SCWMssOS::evcfg_selftest.o ps7_cortexa9_0/lib/xdevcfg_sinit.o ps7_cortexa9_0/lib/xdmaps.o ps7_cortexa9_0/lib/xdmaps_g.o ps7_cortexa9_0/li
TRACE::2024-12-08.17:55:40::SCWMssOS::b/xdmaps_hw.o ps7_cortexa9_0/lib/xdmaps_selftest.o ps7_cortexa9_0/lib/xdmaps_sinit.o ps7_cortexa9_0/lib/xfir.o ps7_cortexa9_0/l
TRACE::2024-12-08.17:55:40::SCWMssOS::ib/xfir_g.o ps7_cortexa9_0/lib/xfir_linux.o ps7_cortexa9_0/lib/xfir_sinit.o ps7_cortexa9_0/lib/xgpio.o ps7_cortexa9_0/lib/xgpio
TRACE::2024-12-08.17:55:40::SCWMssOS::_extra.o ps7_cortexa9_0/lib/xgpio_g.o ps7_cortexa9_0/lib/xgpio_intr.o ps7_cortexa9_0/lib/xgpio_selftest.o ps7_cortexa9_0/lib/xg
TRACE::2024-12-08.17:55:40::SCWMssOS::pio_sinit.o ps7_cortexa9_0/lib/xiicps.o ps7_cortexa9_0/lib/xiicps_g.o ps7_cortexa9_0/lib/xiicps_hw.o ps7_cortexa9_0/lib/xiicps_
TRACE::2024-12-08.17:55:40::SCWMssOS::intr.o ps7_cortexa9_0/lib/xiicps_master.o ps7_cortexa9_0/lib/xiicps_options.o ps7_cortexa9_0/lib/xiicps_selftest.o ps7_cortexa9
TRACE::2024-12-08.17:55:40::SCWMssOS::_0/lib/xiicps_sinit.o ps7_cortexa9_0/lib/xiicps_slave.o ps7_cortexa9_0/lib/xiicps_xfer.o ps7_cortexa9_0/lib/xil-crt0.o ps7_cort
TRACE::2024-12-08.17:55:40::SCWMssOS::exa9_0/lib/xil_assert.o ps7_cortexa9_0/lib/xil_cache.o ps7_cortexa9_0/lib/xil_clocking.o ps7_cortexa9_0/lib/xil_exception.o ps7
TRACE::2024-12-08.17:55:40::SCWMssOS::_cortexa9_0/lib/xil_mem.o ps7_cortexa9_0/lib/xil_misc_psreset_api.o ps7_cortexa9_0/lib/xil_mmu.o ps7_cortexa9_0/lib/xil_printf.
TRACE::2024-12-08.17:55:40::SCWMssOS::o ps7_cortexa9_0/lib/xil_sleepcommon.o ps7_cortexa9_0/lib/xil_sleeptimer.o ps7_cortexa9_0/lib/xil_spinlock.o ps7_cortexa9_0/lib
TRACE::2024-12-08.17:55:40::SCWMssOS::/xil_testcache.o ps7_cortexa9_0/lib/xil_testio.o ps7_cortexa9_0/lib/xil_testmem.o ps7_cortexa9_0/lib/xil_util.o ps7_cortexa9_0/
TRACE::2024-12-08.17:55:40::SCWMssOS::lib/xinterrupt_wrap.o ps7_cortexa9_0/lib/xl2cc_counter.o ps7_cortexa9_0/lib/xplatform_info.o ps7_cortexa9_0/lib/xpm_counter.o p
TRACE::2024-12-08.17:55:40::SCWMssOS::s7_cortexa9_0/lib/xqspips.o ps7_cortexa9_0/lib/xqspips_g.o ps7_cortexa9_0/lib/xqspips_hw.o ps7_cortexa9_0/lib/xqspips_options.o
TRACE::2024-12-08.17:55:40::SCWMssOS:: ps7_cortexa9_0/lib/xqspips_selftest.o ps7_cortexa9_0/lib/xqspips_sinit.o ps7_cortexa9_0/lib/xscugic.o ps7_cortexa9_0/lib/xscug
TRACE::2024-12-08.17:55:40::SCWMssOS::ic_g.o ps7_cortexa9_0/lib/xscugic_hw.o ps7_cortexa9_0/lib/xscugic_intr.o ps7_cortexa9_0/lib/xscugic_selftest.o ps7_cortexa9_0/l
TRACE::2024-12-08.17:55:40::SCWMssOS::ib/xscugic_sinit.o ps7_cortexa9_0/lib/xscutimer.o ps7_cortexa9_0/lib/xscutimer_g.o ps7_cortexa9_0/lib/xscutimer_selftest.o ps7_
TRACE::2024-12-08.17:55:40::SCWMssOS::cortexa9_0/lib/xscutimer_sinit.o ps7_cortexa9_0/lib/xscuwdt.o ps7_cortexa9_0/lib/xscuwdt_g.o ps7_cortexa9_0/lib/xscuwdt_selftes
TRACE::2024-12-08.17:55:40::SCWMssOS::t.o ps7_cortexa9_0/lib/xscuwdt_sinit.o ps7_cortexa9_0/lib/xtime_l.o ps7_cortexa9_0/lib/xuartps.o ps7_cortexa9_0/lib/xuartps_g.o
TRACE::2024-12-08.17:55:40::SCWMssOS:: ps7_cortexa9_0/lib/xuartps_hw.o ps7_cortexa9_0/lib/xuartps_intr.o ps7_cortexa9_0/lib/xuartps_options.o ps7_cortexa9_0/lib/xuar
TRACE::2024-12-08.17:55:40::SCWMssOS::tps_selftest.o ps7_cortexa9_0/lib/xuartps_sinit.o

TRACE::2024-12-08.17:55:40::SCWMssOS::'Finished building libraries'

TRACE::2024-12-08.17:55:40::SCWMssOS::Copying to export directory.
TRACE::2024-12-08.17:55:40::SCWMssOS:: Checking if to create the Supporting Applications
TRACE::2024-12-08.17:55:40::SCWMssOS:: No Linux domain exists, trying to generate FSBL 
LOG::2024-12-08.17:55:40::SCWSystem::Completed Processing the domain standalone_ps7_cortexa9_0
LOG::2024-12-08.17:55:40::SCWSystem::Completed Processing the sysconfig design_1_wrapper_iz
LOG::2024-12-08.17:55:40::SCWPlatform::Completed generating the artifacts for system configuration design_1_wrapper_iz
TRACE::2024-12-08.17:55:40::SCWPlatform::Started preparing the platform 
TRACE::2024-12-08.17:55:40::SCWSystem::Writing the bif file for system config design_1_wrapper_iz
TRACE::2024-12-08.17:55:40::SCWSystem::dir created 
TRACE::2024-12-08.17:55:40::SCWSystem::Writing the bif 
TRACE::2024-12-08.17:55:40::SCWPlatform::Started writing the spfm file 
TRACE::2024-12-08.17:55:40::SCWPlatform::Started writing the xpfm file 
TRACE::2024-12-08.17:55:40::SCWPlatform::Completed generating the platform
TRACE::2024-12-08.17:55:40::SCWMssOS::Saving the mss changes F:/Education/FPGA_Labs/Labs_2/lab4/audio_new/design_1_wrapper_iz/zynq_fsbl/zynq_fsbl_bsp/system.mss
TRACE::2024-12-08.17:55:40::SCWMssOS::Found a swdesign opened with the mssfile.
TRACE::2024-12-08.17:55:40::SCWMssOS::Completed writemss as part of save.
TRACE::2024-12-08.17:55:40::SCWMssOS::Commit changes completed.
TRACE::2024-12-08.17:55:40::SCWMssOS::Saving the mss changes F:/Education/FPGA_Labs/Labs_2/lab4/audio_new/design_1_wrapper_iz/ps7_cortexa9_0/standalone_ps7_cortexa9_0/bsp/system.mss
TRACE::2024-12-08.17:55:40::SCWMssOS::Found a swdesign opened with the mssfile.
TRACE::2024-12-08.17:55:40::SCWMssOS::Completed writemss as part of save.
TRACE::2024-12-08.17:55:40::SCWMssOS::Commit changes completed.
TRACE::2024-12-08.17:55:40::SCWPlatform::Trying to open the hw design at F:/Education/FPGA_Labs/Labs_2/lab4/audio_new/design_1_wrapper_iz/hw/iz_2_design_1_wrapper.xsa
TRACE::2024-12-08.17:55:40::SCWPlatform::DSA given F:/Education/FPGA_Labs/Labs_2/lab4/audio_new/design_1_wrapper_iz/hw/iz_2_design_1_wrapper.xsa
TRACE::2024-12-08.17:55:40::SCWPlatform::DSA absoulate path F:/Education/FPGA_Labs/Labs_2/lab4/audio_new/design_1_wrapper_iz/hw/iz_2_design_1_wrapper.xsa
TRACE::2024-12-08.17:55:40::SCWPlatform::DSA directory F:/Education/FPGA_Labs/Labs_2/lab4/audio_new/design_1_wrapper_iz/hw
TRACE::2024-12-08.17:55:40::SCWPlatform:: Platform Path F:/Education/FPGA_Labs/Labs_2/lab4/audio_new/design_1_wrapper_iz/hw/iz_2_design_1_wrapper.xsa
TRACE::2024-12-08.17:55:40::SCWPlatform:: Unique name xilinx:zedboard::0.0
TRACE::2024-12-08.17:55:40::SCWPlatform::Trying to set the existing hwdb with name design_1_wrapper_11
TRACE::2024-12-08.17:55:40::SCWPlatform::Opened existing hwdb design_1_wrapper_11
TRACE::2024-12-08.17:55:40::SCWPlatform::Found the Hw Db part of the input DSA
TRACE::2024-12-08.17:55:40::SCWMssOS::Checking the sw design at  F:/Education/FPGA_Labs/Labs_2/lab4/audio_new/design_1_wrapper_iz/zynq_fsbl/zynq_fsbl_bsp/system.mss
TRACE::2024-12-08.17:55:40::SCWMssOS::DEBUG:  swdes dump  F:/Education/FPGA_Labs/Labs_2/lab4/audio_new/audio/ps7_cortexa9_0/standalone_domain/bsp/system.mss|system_0||
F:/Education/FPGA_Labs/Labs_2/lab4/audio_new/audio/zynq_fsbl/zynq_fsbl_bsp/system.mss|system||
F:/Education/FPGA_Labs/Labs_2/lab4/audio_new/design_1_wrapper_iz/ps7_cortexa9_0/standalone_ps7_cortexa9_0/bsp/system.mss|system_2||
F:/Education/FPGA_Labs/Labs_2/lab4/audio_new/design_1_wrapper_iz/zynq_fsbl/zynq_fsbl_bsp/system.mss|system_1||

TRACE::2024-12-08.17:55:40::SCWMssOS::Sw design exists and opened at  F:/Education/FPGA_Labs/Labs_2/lab4/audio_new/design_1_wrapper_iz/zynq_fsbl/zynq_fsbl_bsp/system.mss
TRACE::2024-12-08.17:55:40::SCWPlatform::Trying to open the hw design at F:/Education/FPGA_Labs/Labs_2/lab4/audio_new/design_1_wrapper_iz/hw/iz_2_design_1_wrapper.xsa
TRACE::2024-12-08.17:55:40::SCWPlatform::DSA given F:/Education/FPGA_Labs/Labs_2/lab4/audio_new/design_1_wrapper_iz/hw/iz_2_design_1_wrapper.xsa
TRACE::2024-12-08.17:55:40::SCWPlatform::DSA absoulate path F:/Education/FPGA_Labs/Labs_2/lab4/audio_new/design_1_wrapper_iz/hw/iz_2_design_1_wrapper.xsa
TRACE::2024-12-08.17:55:40::SCWPlatform::DSA directory F:/Education/FPGA_Labs/Labs_2/lab4/audio_new/design_1_wrapper_iz/hw
TRACE::2024-12-08.17:55:40::SCWPlatform:: Platform Path F:/Education/FPGA_Labs/Labs_2/lab4/audio_new/design_1_wrapper_iz/hw/iz_2_design_1_wrapper.xsa
TRACE::2024-12-08.17:55:40::SCWPlatform:: Unique name xilinx:zedboard::0.0
TRACE::2024-12-08.17:55:40::SCWPlatform::Trying to set the existing hwdb with name design_1_wrapper_11
TRACE::2024-12-08.17:55:40::SCWPlatform::Opened existing hwdb design_1_wrapper_11
TRACE::2024-12-08.17:55:40::SCWPlatform::Found the Hw Db part of the input DSA
TRACE::2024-12-08.17:55:40::SCWMssOS::Checking the sw design at  F:/Education/FPGA_Labs/Labs_2/lab4/audio_new/design_1_wrapper_iz/ps7_cortexa9_0/standalone_ps7_cortexa9_0/bsp/system.mss
TRACE::2024-12-08.17:55:40::SCWMssOS::DEBUG:  swdes dump  F:/Education/FPGA_Labs/Labs_2/lab4/audio_new/audio/ps7_cortexa9_0/standalone_domain/bsp/system.mss|system_0||
F:/Education/FPGA_Labs/Labs_2/lab4/audio_new/audio/zynq_fsbl/zynq_fsbl_bsp/system.mss|system||
F:/Education/FPGA_Labs/Labs_2/lab4/audio_new/design_1_wrapper_iz/ps7_cortexa9_0/standalone_ps7_cortexa9_0/bsp/system.mss|system_2||
F:/Education/FPGA_Labs/Labs_2/lab4/audio_new/design_1_wrapper_iz/zynq_fsbl/zynq_fsbl_bsp/system.mss|system_1||

TRACE::2024-12-08.17:55:40::SCWMssOS::Sw design exists and opened at  F:/Education/FPGA_Labs/Labs_2/lab4/audio_new/design_1_wrapper_iz/ps7_cortexa9_0/standalone_ps7_cortexa9_0/bsp/system.mss
TRACE::2024-12-08.17:55:40::SCWWriter::formatted JSON is {
	"platformName":	"design_1_wrapper_iz",
	"sprVersion":	"2.0",
	"mode":	"gui",
	"dsaType":	"Fixed",
	"platformDesc":	"design_1_wrapper_iz",
	"platHandOff":	"F:/Education/FPGA_Labs/Labs_2/lab4/audio_new/iz_2_design_1_wrapper.xsa",
	"platIntHandOff":	"<platformDir>/hw/iz_2_design_1_wrapper.xsa",
	"deviceType":	"zynq",
	"platIsPrebuiltAutogen":	"false",
	"platIsNoBootBsp":	"false",
	"hasFsblMakeHasChanges":	"false",
	"hasPmufwMakeHasChanges":	"false",
	"fsblExtraCompilerFlags":	"-MMD -MP       -mcpu=cortex-a9 -mfpu=vfpv3 -mfloat-abi=hard ",
	"platPreBuiltFlag":	false,
	"platformSamplesDir":	"",
	"platActiveSys":	"design_1_wrapper_iz",
	"systems":	[{
			"systemName":	"design_1_wrapper_iz",
			"systemDesc":	"design_1_wrapper_iz",
			"sysIsBootAutoGen":	"true",
			"systemDispName":	"design_1_wrapper_iz",
			"sysActiveDom":	"standalone_ps7_cortexa9_0",
			"sysDefaultDom":	"standalone_ps7_cortexa9_0",
			"domains":	[{
					"domainName":	"zynq_fsbl",
					"domainDispName":	"zynq_fsbl",
					"domainDesc":	"FSBL Application BSP - Auto Generated.",
					"processors":	"ps7_cortexa9_0",
					"os":	"standalone",
					"sdxOs":	"standalone",
					"debugEnable":	"",
					"domRuntimes":	["cpp"],
					"swRepo":	"",
					"mssOsVer":	"8.1",
					"mssFile":	"",
					"md5Digest":	"d9a34af2dee52f902a49b7b36c0ab938",
					"compatibleApp":	"zynq_fsbl",
					"domType":	"bootDomain",
					"arch":	"32-bit",
					"appSettings":	{
						"appCompilerFlags":	"",
						"appLinkerFlags":	""
					},
					"addedLibs":	["xilffs:5.0", "xilrsa:1.6"],
					"libOptions":	{
						"libsContainingOptions":	[]
					},
					"prebuiltLibs":	{
						"prebuiltIncPath":	[],
						"prebuiltLibPath":	[]
					},
					"isolation":	{
					}
				}, {
					"domainName":	"standalone_ps7_cortexa9_0",
					"domainDispName":	"standalone_ps7_cortexa9_0",
					"domainDesc":	"standalone_ps7_cortexa9_0",
					"processors":	"ps7_cortexa9_0",
					"os":	"standalone",
					"sdxOs":	"standalone",
					"qemuArgs":	"<platformDir>/resources/design_1_wrapper_iz/standalone_ps7_cortexa9_0/qemu_args.txt",
					"qemuData":	"<platformDir>/resources/design_1_wrapper_iz/standalone_ps7_cortexa9_0/qemu",
					"debugEnable":	"False",
					"domRuntimes":	["cpp"],
					"swRepo":	"",
					"mssOsVer":	"8.1",
					"mssFile":	"",
					"md5Digest":	"9a5c07eb3fcbf029dead828c18c1b9c0",
					"compatibleApp":	"",
					"domType":	"mssDomain",
					"arch":	"32-bit",
					"appSettings":	{
						"appCompilerFlags":	"",
						"appLinkerFlags":	""
					},
					"addedLibs":	[],
					"libOptions":	{
						"libsContainingOptions":	[]
					},
					"prebuiltLibs":	{
						"prebuiltIncPath":	[],
						"prebuiltLibPath":	[]
					},
					"isolation":	{
					}
				}]
		}]
}
KEYINFO::2024-12-08.17:55:40::SCWPlatform::updated the xpfm file.
TRACE::2024-12-08.17:55:40::SCWPlatform::Trying to open the hw design at F:/Education/FPGA_Labs/Labs_2/lab4/audio_new/design_1_wrapper_iz/hw/iz_2_design_1_wrapper.xsa
TRACE::2024-12-08.17:55:40::SCWPlatform::DSA given F:/Education/FPGA_Labs/Labs_2/lab4/audio_new/design_1_wrapper_iz/hw/iz_2_design_1_wrapper.xsa
TRACE::2024-12-08.17:55:40::SCWPlatform::DSA absoulate path F:/Education/FPGA_Labs/Labs_2/lab4/audio_new/design_1_wrapper_iz/hw/iz_2_design_1_wrapper.xsa
TRACE::2024-12-08.17:55:40::SCWPlatform::DSA directory F:/Education/FPGA_Labs/Labs_2/lab4/audio_new/design_1_wrapper_iz/hw
TRACE::2024-12-08.17:55:40::SCWPlatform:: Platform Path F:/Education/FPGA_Labs/Labs_2/lab4/audio_new/design_1_wrapper_iz/hw/iz_2_design_1_wrapper.xsa
TRACE::2024-12-08.17:55:40::SCWPlatform:: Unique name xilinx:zedboard::0.0
TRACE::2024-12-08.17:55:40::SCWPlatform::Trying to set the existing hwdb with name design_1_wrapper_11
TRACE::2024-12-08.17:55:40::SCWPlatform::Opened existing hwdb design_1_wrapper_11
TRACE::2024-12-08.17:55:40::SCWPlatform::Found the Hw Db part of the input DSA
TRACE::2024-12-08.17:55:40::SCWMssOS::Checking the sw design at  F:/Education/FPGA_Labs/Labs_2/lab4/audio_new/design_1_wrapper_iz/ps7_cortexa9_0/standalone_ps7_cortexa9_0/bsp/system.mss
TRACE::2024-12-08.17:55:40::SCWMssOS::DEBUG:  swdes dump  F:/Education/FPGA_Labs/Labs_2/lab4/audio_new/audio/ps7_cortexa9_0/standalone_domain/bsp/system.mss|system_0||
F:/Education/FPGA_Labs/Labs_2/lab4/audio_new/audio/zynq_fsbl/zynq_fsbl_bsp/system.mss|system||
F:/Education/FPGA_Labs/Labs_2/lab4/audio_new/design_1_wrapper_iz/ps7_cortexa9_0/standalone_ps7_cortexa9_0/bsp/system.mss|system_2||
F:/Education/FPGA_Labs/Labs_2/lab4/audio_new/design_1_wrapper_iz/zynq_fsbl/zynq_fsbl_bsp/system.mss|system_1||

TRACE::2024-12-08.17:55:40::SCWMssOS::Sw design exists and opened at  F:/Education/FPGA_Labs/Labs_2/lab4/audio_new/design_1_wrapper_iz/ps7_cortexa9_0/standalone_ps7_cortexa9_0/bsp/system.mss
