INFO-FLOW: Workspace F:/Education/FPGA_Labs/Labs_2/lab3/lab3/solution6 opened at Sun Dec 01 14:17:46 +0300 2024
Execute     ap_set_clock -name default -period 10 -default=false 
INFO: [SYN 201-201] Setting up clock 'default' with a period of 10ns.
Execute     set_part xc7z020clg484-1 
Execute       create_platform xc7z020clg484-1 -board  
DBG:HLSDevice: Trying to load device library: F:/Xilinx/Vitis/Vitis_HLS/2023.1\lib\win64.o\xv_hlsvwrap.dll
DBG:HLSDevice: first parts/arch.xml in RDI_DATADIR: F:/Xilinx/Vitis/Vivado/2023.1/data/parts/arch.xml
DBG:HLSDevice: init success
INFO: [HLS 200-1611] Setting target device to 'xc7z020-clg484-1'
Command       create_platform done; 1.445 sec.
Execute       source F:/Xilinx/Vitis/Vitis_HLS/2023.1/common/technology/xilinx/common/xilinx.gen 
Execute         source F:/Xilinx/Vitis/Vitis_HLS/2023.1/common/technology/xilinx/interface/plb46.gen 
Execute         source F:/Xilinx/Vitis/Vitis_HLS/2023.1/common/technology/xilinx/interface/axi4.gen 
Execute         source F:/Xilinx/Vitis/Vitis_HLS/2023.1/common/technology/xilinx/interface/nativeAXI4.gen 
Execute           source F:/Xilinx/Vitis/Vitis_HLS/2023.1/common/technology/xilinx/interface/saxilite.gen 
Execute         source F:/Xilinx/Vitis/Vitis_HLS/2023.1/common/technology/xilinx/scripts/xilinxcoregen.gen 
Execute         source F:/Xilinx/Vitis/Vitis_HLS/2023.1/common/technology/xilinx/interface/XilEDKCoreGen.gen 
Execute         source F:/Xilinx/Vitis/Vitis_HLS/2023.1/common/technology/xilinx/ip/dds_compiler.gen 
Execute         source F:/Xilinx/Vitis/Vitis_HLS/2023.1/common/technology/xilinx/ip/util.gen 
Execute         source F:/Xilinx/Vitis/Vitis_HLS/2023.1/common/technology/xilinx/ip/xfft.gen 
Execute         source F:/Xilinx/Vitis/Vitis_HLS/2023.1/common/technology/xilinx/ip/xfir.gen 
Execute         source F:/Xilinx/Vitis/Vitis_HLS/2023.1/common/technology/xilinx/DSP48/dsp48.gen 
Execute       ap_part_info -name xc7z020-clg484-1 -data info 
Execute       config_compile -quiet -complex-mul-dsp=0 
Command     set_part done; 1.543 sec.
Execute     send_msg_by_id INFO @200-1505@%s%s  vivado 
INFO: [HLS 200-1505] Using flow_target 'vivado'
Execute     send_msg_by_id INFO @200-1464@%s config_cosim -tool=xsim 
INFO: [HLS 200-1464] Running solution command: config_cosim -tool=xsim
Execute     config_cosim -tool=xsim 
Command   open_solution done; 1.642 sec.
Execute   set_part xc7z020clg484-1 
INFO: [HLS 200-1510] Running: set_part xc7z020clg484-1 
Execute     create_platform xc7z020clg484-1 -board  
Execute     source F:/Xilinx/Vitis/Vitis_HLS/2023.1/common/technology/xilinx/common/xilinx.gen 
Execute       source F:/Xilinx/Vitis/Vitis_HLS/2023.1/common/technology/xilinx/interface/plb46.gen 
Execute       source F:/Xilinx/Vitis/Vitis_HLS/2023.1/common/technology/xilinx/interface/axi4.gen 
Execute       source F:/Xilinx/Vitis/Vitis_HLS/2023.1/common/technology/xilinx/interface/nativeAXI4.gen 
Execute         source F:/Xilinx/Vitis/Vitis_HLS/2023.1/common/technology/xilinx/interface/saxilite.gen 
Execute       source F:/Xilinx/Vitis/Vitis_HLS/2023.1/common/technology/xilinx/scripts/xilinxcoregen.gen 
Execute       source F:/Xilinx/Vitis/Vitis_HLS/2023.1/common/technology/xilinx/interface/XilEDKCoreGen.gen 
Execute       source F:/Xilinx/Vitis/Vitis_HLS/2023.1/common/technology/xilinx/ip/dds_compiler.gen 
Execute       source F:/Xilinx/Vitis/Vitis_HLS/2023.1/common/technology/xilinx/ip/util.gen 
Execute       source F:/Xilinx/Vitis/Vitis_HLS/2023.1/common/technology/xilinx/ip/xfft.gen 
Execute       source F:/Xilinx/Vitis/Vitis_HLS/2023.1/common/technology/xilinx/ip/xfir.gen 
Execute       source F:/Xilinx/Vitis/Vitis_HLS/2023.1/common/technology/xilinx/DSP48/dsp48.gen 
Execute     ap_part_info -name xc7z020-clg484-1 -data info 
Execute     config_compile -quiet -complex-mul-dsp=0 
Execute   create_clock -period 10 -name default 
INFO: [HLS 200-1510] Running: create_clock -period 10 -name default 
Execute   config_cosim -tool xsim 
INFO: [HLS 200-1510] Running: config_cosim -tool xsim 
Execute   source ./lab3/solution6/directives.tcl 
INFO: [HLS 200-1510] Running: source ./lab3/solution6/directives.tcl
Execute     set_directive_top -name dct dct 
INFO: [HLS 200-1510] Running: set_directive_top -name dct dct 
Execute     set_directive_pipeline dct_2d/Xpose_Row_Inner_Loop 
INFO: [HLS 200-1510] Running: set_directive_pipeline dct_2d/Xpose_Row_Inner_Loop 
Execute     set_directive_pipeline dct_2d/Xpose_Col_Inner_Loop 
INFO: [HLS 200-1510] Running: set_directive_pipeline dct_2d/Xpose_Col_Inner_Loop 
Execute     set_directive_pipeline read_data/RD_Loop_Col 
INFO: [HLS 200-1510] Running: set_directive_pipeline read_data/RD_Loop_Col 
Execute     set_directive_pipeline write_data/WR_Loop_Col 
INFO: [HLS 200-1510] Running: set_directive_pipeline write_data/WR_Loop_Col 
Execute     set_directive_pipeline dct_1d/DCT_Outer_Loop 
INFO: [HLS 200-1510] Running: set_directive_pipeline dct_1d/DCT_Outer_Loop 
Execute     set_directive_array_partition -type complete -dim 2 dct buf_2d_in 
INFO: [HLS 200-1510] Running: set_directive_array_partition -type complete -dim 2 dct buf_2d_in 
Execute     set_directive_array_partition -type complete -dim 2 dct_2d col_inbuf 
INFO: [HLS 200-1510] Running: set_directive_array_partition -type complete -dim 2 dct_2d col_inbuf 
Execute     set_directive_dataflow dct 
INFO: [HLS 200-1510] Running: set_directive_dataflow dct 
Execute   csynth_design 
INFO: [HLS 200-1510] Running: csynth_design 
INFO-FLOW: Running SLX 'csynth' proc: ::SLX::run_csynth
Execute     elaborate -effort=medium -skip_syncheck=0 -keep_printf=0 -skip_cdt=0 -skip_transform=0 -ng=0 -g=0 -opt_fp=0 -from_csynth_design=1 
INFO: [HLS 200-111] Finished File checks and directory preparation: CPU user time: 0 seconds. CPU system time: 0 seconds. Elapsed time: 0.093 seconds; current allocated memory: 533.332 MB.
Execute       set_directive_top dct -name=dct 
Execute       source F:/Xilinx/Vitis/Vitis_HLS/2023.1/tps/tcl/tcllib1.11.1/yaml/huddle.tcl 
Execute       source F:/Xilinx/Vitis/Vitis_HLS/2023.1/tps/tcl/tcllib1.11.1/yaml/json2huddle.tcl 
Execute         source F:/Xilinx/Vitis/Vitis_HLS/2023.1/tps/tcl/tcllib1.11.1/try/try.tcl 
INFO: [HLS 200-10] Analyzing design file '../xup_high_level_synthesis_design_flow-main/source/lab3/dct.c' ... 
INFO-FLOW: Compiling one TU...
INFO-FLOW: Handling ../xup_high_level_synthesis_design_flow-main/source/lab3/dct.c as C
Execute       ap_part_info -name xc7z020-clg484-1 -data info 
INFO-FLOW: Running: GCC PP 39
INFO-FLOW: Source preprocessing
INFO-FLOW: run_clang exec: F:/Xilinx/Vitis/Vitis_HLS/2023.1/win64/tools/clang-3.9-csynth/bin/clang ../xup_high_level_synthesis_design_flow-main/source/lab3/dct.c -foptimization-record-file=F:/Education/FPGA_Labs/Labs_2/lab3/lab3/solution6/.autopilot/db/dct.c.clang.diag.yml -mllvm -pass-remarks-missed=reflow|pasta|unroll -mllvm -pass-remarks=reflow|pasta|unroll|inline -fno-limit-debug-info --sysroot F:/Xilinx/Vitis/Vitis_HLS/2023.1/tps/mingw/8.3.0/win64.o/nt -fhls -fno-exceptions -insert-hls-directive=F:/Education/FPGA_Labs/Labs_2/lab3/lab3/solution6/.autopilot/db/all.directive.json -E -fno-math-errno -c -emit-llvm -mllvm -disable-llvm-optzns -Werror=implicit-function-declaration -Werror=implicit-hls-streams -Werror=return-type -Wpragmas -Wunused-parameter -Wdump-hls-pragmas -Wno-error=dump-hls-pragmas -std=gnu99 -fgnu89-inline -target fpga64-xilinx-mingw32 -D__VITIS_HLS__ -DAESL_SYN -D__SYNTHESIS__ -D__HLS_SYN__ -I F:/Xilinx/Vitis/Vitis_HLS/2023.1/common/technology/autopilot -I F:/Xilinx/Vitis/Vitis_HLS/2023.1/common/technology/autopilot/ap_sysc -include etc/autopilot_ssdm_op.h -D__DSP48E1__ -I /usr/include/x86_64-linux-gnu -o F:/Education/FPGA_Labs/Labs_2/lab3/lab3/solution6/.autopilot/db/dct.pp.0.c {-hls-platform-db-name=F:/Xilinx/Vitis/Vitis_HLS/2023.1/common/technology\xilinx/common/platform.db} -hls-platform-name=zynq_slow -device-resource-info=BRAM_280.000000_DSP_220.000000_FF_106400.000000_LUT_53200.000000_SLICE_13300.000000_URAM_0.000000 -device-name-info=xc7z020clg484-1 > F:/Education/FPGA_Labs/Labs_2/lab3/lab3/solution6/.autopilot/db/dct.c.clang.out.log 2> F:/Education/FPGA_Labs/Labs_2/lab3/lab3/solution6/.autopilot/db/dct.c.clang.err.log
INFO-FLOW: Done: GCC PP 39 time: 0.1 seconds per iteration
INFO-FLOW: Source syntax check for synthesis
INFO-FLOW: run_clang exec: F:/Xilinx/Vitis/Vitis_HLS/2023.1/win64/tools/clang-3.9-csynth/bin/clang -foptimization-record-file=F:/Education/FPGA_Labs/Labs_2/lab3/lab3/solution6/.autopilot/db/clang.diag.yml -mllvm -pass-remarks-missed=reflow|pasta|unroll -mllvm -pass-remarks=reflow|pasta|unroll|inline -fsyntax-only -fhls -target fpga64-xilinx-linux-gnu F:/Education/FPGA_Labs/Labs_2/lab3/lab3/solution6/.autopilot/db/dct.pp.0.c {-hls-platform-db-name=F:/Xilinx/Vitis/Vitis_HLS/2023.1/common/technology\xilinx/common/platform.db} -hls-platform-name=zynq_slow -device-resource-info=BRAM_280.000000_DSP_220.000000_FF_106400.000000_LUT_53200.000000_SLICE_13300.000000_URAM_0.000000 -device-name-info=xc7z020clg484-1 > F:/Education/FPGA_Labs/Labs_2/lab3/lab3/solution6/.autopilot/db/clang.out.log 2> F:/Education/FPGA_Labs/Labs_2/lab3/lab3/solution6/.autopilot/db/clang.err.log
Execute       clang_tidy xilinx-systemc-detector -desc systemc-detector F:/Education/FPGA_Labs/Labs_2/lab3/lab3/solution6/.autopilot/db/dct.pp.0.c std=gnu99 -target fpga  -directive=F:/Education/FPGA_Labs/Labs_2/lab3/lab3/solution6/.autopilot/db/.systemc_flag 
INFO-FLOW: exec F:/Xilinx/Vitis/Vitis_HLS/2023.1/win64/tools/clang-3.9-csynth/bin/clang-tidy -header-filter=.* --checks=-*,xilinx-systemc-detector -import-directive=F:/Education/FPGA_Labs/Labs_2/lab3/lab3/solution6/.autopilot/db/.systemc_flag -fix-errors F:/Education/FPGA_Labs/Labs_2/lab3/lab3/solution6/.autopilot/db/dct.pp.0.c -- -std=gnu99 -target fpga -fhls -ferror-limit=0
INFO-FLOW: Running: clang-tidy CDT preprocess 39
Execute       clang_tidy xilinx-directive2pragma -desc directive2pragma F:/Education/FPGA_Labs/Labs_2/lab3/lab3/solution6/.autopilot/db/dct.pp.0.c std=gnu99 -target fpga  -directive=F:/Education/FPGA_Labs/Labs_2/lab3/lab3/solution6/.autopilot/db/all.directive.json 
INFO-FLOW: exec F:/Xilinx/Vitis/Vitis_HLS/2023.1/win64/tools/clang-3.9-csynth/bin/clang-tidy -header-filter=.* --checks=-*,xilinx-directive2pragma -import-directive=F:/Education/FPGA_Labs/Labs_2/lab3/lab3/solution6/.autopilot/db/all.directive.json -fix-errors F:/Education/FPGA_Labs/Labs_2/lab3/lab3/solution6/.autopilot/db/dct.pp.0.c -- -std=gnu99 -target fpga -fhls -ferror-limit=0
INFO-FLOW: Done: clang-tidy CDT preprocess 39 time: 0 seconds per iteration
INFO-FLOW: Calling xilinx-label-all-loops ... 
INFO-FLOW: Calling xilinx-aggregate-on-hls-vector ... 
Execute       clang_tidy -errorcheck -desc loop-label xilinx-label-all-loops,xilinx-aggregate-on-hls-vector,,xilinx-warn-mayneed-no-ctor-attribute F:/Education/FPGA_Labs/Labs_2/lab3/lab3/solution6/.autopilot/db/dct.pp.0.c std=gnu99 -target fpga  
INFO-FLOW: run_clang exec: F:/Xilinx/Vitis/Vitis_HLS/2023.1/win64/tools/clang-3.9-csynth/bin/clang-tidy -export-fixes=F:/Education/FPGA_Labs/Labs_2/lab3/lab3/solution6/.autopilot/db/dct.pp.0.c.clang-tidy.loop-label.diag.yml -header-filter=.* --checks=-*,xilinx-label-all-loops,xilinx-aggregate-on-hls-vector,,xilinx-warn-mayneed-no-ctor-attribute -fix-errors F:/Education/FPGA_Labs/Labs_2/lab3/lab3/solution6/.autopilot/db/dct.pp.0.c -- -std=gnu99 -target fpga -fhls -ferror-limit=0 > F:/Education/FPGA_Labs/Labs_2/lab3/lab3/solution6/.autopilot/db/dct.pp.0.c.clang-tidy.loop-label.out.log 2> F:/Education/FPGA_Labs/Labs_2/lab3/lab3/solution6/.autopilot/db/dct.pp.0.c.clang-tidy.loop-label.err.log
INFO-FLOW: run_clang exec: F:/Xilinx/Vitis/Vitis_HLS/2023.1/win64/tools/clang-3.9-csynth/bin/xilinx-dataflow-lawyer -export-fixes=F:/Education/FPGA_Labs/Labs_2/lab3/lab3/solution6/.autopilot/db/dct.pp.0.c.xilinx-dataflow-lawyer.diag.yml F:/Education/FPGA_Labs/Labs_2/lab3/lab3/solution6/.autopilot/db/dct.pp.0.c -- -std=gnu99 -target fpga -fhls -ferror-limit=0 -fstrict-dataflow > F:/Education/FPGA_Labs/Labs_2/lab3/lab3/solution6/.autopilot/db/dct.pp.0.c.xilinx-dataflow-lawyer.out.log 2> F:/Education/FPGA_Labs/Labs_2/lab3/lab3/solution6/.autopilot/db/dct.pp.0.c.xilinx-dataflow-lawyer.err.log
Execute       source F:/Xilinx/Vitis/Vitis_HLS/2023.1/tps/tcl/tcllib1.11.1/yaml/yaml.tcl 
WARNING: [HLS 214-114] Since the only kind of statements allowed in a canonical dataflow region are variable declarations and function calls, the compiler may not be able to correctly handle the region (F:/Education/FPGA_Labs/Labs_2/lab3/lab3/solution6/directives.tcl:15:9)
Execute       send_msg_by_id WARNING @200-471@%s%s 1 ../xup_high_level_synthesis_design_flow-main/source/lab3/dct.c 
WARNING: [HLS 200-471] Dataflow form checks found 1 issue(s) in file ../xup_high_level_synthesis_design_flow-main/source/lab3/dct.c
Execute       ap_part_info -name xc7z020-clg484-1 -data info 
INFO-FLOW: compiling source code to llvm bc
INFO-FLOW: run_clang exec: F:/Xilinx/Vitis/Vitis_HLS/2023.1/win64/tools/clang-3.9-csynth/bin/clang -foptimization-record-file=F:/Education/FPGA_Labs/Labs_2/lab3/lab3/solution6/.autopilot/db/dct.pp.0.c.clang.diag.yml -mllvm -pass-remarks-missed=reflow|pasta|unroll -mllvm -pass-remarks=reflow|pasta|unroll|inline -fno-limit-debug-info -fhls -flto -fno-exceptions -Wno-error=c++11-narrowing F:/Education/FPGA_Labs/Labs_2/lab3/lab3/solution6/.autopilot/db/dct.pp.0.c -fno-math-errno -c -emit-llvm -mllvm -disable-llvm-optzns -Werror=implicit-function-declaration -Werror=implicit-hls-streams -Werror=return-type -Wpragmas -Wunused-parameter -Wdump-hls-pragmas -Wno-error=dump-hls-pragmas -std=gnu99 -fgnu89-inline -target fpga64-xilinx-linux-gnu -D__VITIS_HLS__ -DAESL_SYN -D__SYNTHESIS__ -D__HLS_SYN__ -I F:/Xilinx/Vitis/Vitis_HLS/2023.1/common/technology/autopilot -I F:/Xilinx/Vitis/Vitis_HLS/2023.1/common/technology/autopilot/ap_sysc -include etc/autopilot_ssdm_op.h -D__DSP48E1__ -g -o F:/Education/FPGA_Labs/Labs_2/lab3/lab3/solution6/.autopilot/db/dct.bc {-hls-platform-db-name=F:/Xilinx/Vitis/Vitis_HLS/2023.1/common/technology\xilinx/common/platform.db} -hls-platform-name=zynq_slow -device-resource-info=BRAM_280.000000_DSP_220.000000_FF_106400.000000_LUT_53200.000000_SLICE_13300.000000_URAM_0.000000 -device-name-info=xc7z020clg484-1 > F:/Education/FPGA_Labs/Labs_2/lab3/lab3/solution6/.autopilot/db/dct.pp.0.c.clang.out.log 2> F:/Education/FPGA_Labs/Labs_2/lab3/lab3/solution6/.autopilot/db/dct.pp.0.c.clang.err.log
INFO: [HLS 200-111] Finished Source Code Analysis and Preprocessing: CPU user time: 1 seconds. CPU system time: 0 seconds. Elapsed time: 0.644 seconds; current allocated memory: 535.258 MB.
INFO-FLOW: Linking Debug ...
INFO-FLOW: Linking dut bc code.
Execute       run_link_or_opt -out F:/Education/FPGA_Labs/Labs_2/lab3/lab3/solution6/.autopilot/db/a.g.ld.0.bc -args  "F:/Education/FPGA_Labs/Labs_2/lab3/lab3/solution6/.autopilot/db/dct.g.bc"  
INFO-FLOW: run_clang exec: F:/Xilinx/Vitis/Vitis_HLS/2023.1/win64/tools/clang-3.9-csynth/bin/llvm-link F:/Education/FPGA_Labs/Labs_2/lab3/lab3/solution6/.autopilot/db/dct.g.bc -o F:/Education/FPGA_Labs/Labs_2/lab3/lab3/solution6/.autopilot/db/a.g.ld.0.bc > F:/Education/FPGA_Labs/Labs_2/lab3/lab3/solution6/.autopilot/db/a.g.ld.0.bc.llvm-link.out.log 2> F:/Education/FPGA_Labs/Labs_2/lab3/lab3/solution6/.autopilot/db/a.g.ld.0.bc.llvm-link.err.log
INFO-FLOW: 
Execute       run_link_or_opt -opt -out F:/Education/FPGA_Labs/Labs_2/lab3/lab3/solution6/.autopilot/db/a.g.ld.1.lower.bc -args F:/Education/FPGA_Labs/Labs_2/lab3/lab3/solution6/.autopilot/db/a.g.ld.0.bc -reflow-lower-math-intrinsics 
INFO-FLOW: run_clang exec: F:/Xilinx/Vitis/Vitis_HLS/2023.1/win64/tools/clang-3.9-csynth/bin/opt -pass-remarks-missed=reflow|pasta|unroll -pass-remarks=reflow|pasta|unroll|inline -pass-remarks-output=F:/Education/FPGA_Labs/Labs_2/lab3/lab3/solution6/.autopilot/db/a.g.ld.1.lower.bc.opt.diag.yml F:/Education/FPGA_Labs/Labs_2/lab3/lab3/solution6/.autopilot/db/a.g.ld.0.bc -reflow-lower-math-intrinsics -o F:/Education/FPGA_Labs/Labs_2/lab3/lab3/solution6/.autopilot/db/a.g.ld.1.lower.bc > F:/Education/FPGA_Labs/Labs_2/lab3/lab3/solution6/.autopilot/db/a.g.ld.1.lower.bc.opt.out.log 2> F:/Education/FPGA_Labs/Labs_2/lab3/lab3/solution6/.autopilot/db/a.g.ld.1.lower.bc.opt.err.log
INFO-FLOW: 
INFO-FLOW: Running: gen_design_size_report post-opt
INFO-FLOW: Done: gen_design_size_report post-opt time: 0 seconds per iteration
INFO-FLOW: Linking math bc lib
Execute       run_link_or_opt -out F:/Education/FPGA_Labs/Labs_2/lab3/lab3/solution6/.autopilot/db/a.g.ld.2.m1.bc -args F:/Education/FPGA_Labs/Labs_2/lab3/lab3/solution6/.autopilot/db/a.g.ld.1.lower.bc -only-needed F:/Xilinx/Vitis/Vitis_HLS/2023.1/win64/lib/libhlsm_39.bc F:/Xilinx/Vitis/Vitis_HLS/2023.1/win64/lib/libhlsmc++_39.bc 
INFO-FLOW: run_clang exec: F:/Xilinx/Vitis/Vitis_HLS/2023.1/win64/tools/clang-3.9-csynth/bin/llvm-link F:/Education/FPGA_Labs/Labs_2/lab3/lab3/solution6/.autopilot/db/a.g.ld.1.lower.bc -only-needed F:/Xilinx/Vitis/Vitis_HLS/2023.1/win64/lib/libhlsm_39.bc F:/Xilinx/Vitis/Vitis_HLS/2023.1/win64/lib/libhlsmc++_39.bc -o F:/Education/FPGA_Labs/Labs_2/lab3/lab3/solution6/.autopilot/db/a.g.ld.2.m1.bc > F:/Education/FPGA_Labs/Labs_2/lab3/lab3/solution6/.autopilot/db/a.g.ld.2.m1.bc.llvm-link.out.log 2> F:/Education/FPGA_Labs/Labs_2/lab3/lab3/solution6/.autopilot/db/a.g.ld.2.m1.bc.llvm-link.err.log
INFO-FLOW: 
Command       run_link_or_opt done; 1.102 sec.
Execute       run_link_or_opt -opt -out F:/Education/FPGA_Labs/Labs_2/lab3/lab3/solution6/.autopilot/db/a.g.ld.3.fpc.bc -args F:/Education/FPGA_Labs/Labs_2/lab3/lab3/solution6/.autopilot/db/a.g.ld.2.m1.bc -reflow-globaldce -hls-top-function-name=dct -reflow-float-conversion 
INFO-FLOW: run_clang exec: F:/Xilinx/Vitis/Vitis_HLS/2023.1/win64/tools/clang-3.9-csynth/bin/opt -pass-remarks-missed=reflow|pasta|unroll -pass-remarks=reflow|pasta|unroll|inline -pass-remarks-output=F:/Education/FPGA_Labs/Labs_2/lab3/lab3/solution6/.autopilot/db/a.g.ld.3.fpc.bc.opt.diag.yml F:/Education/FPGA_Labs/Labs_2/lab3/lab3/solution6/.autopilot/db/a.g.ld.2.m1.bc -reflow-globaldce -hls-top-function-name=dct -reflow-float-conversion -o F:/Education/FPGA_Labs/Labs_2/lab3/lab3/solution6/.autopilot/db/a.g.ld.3.fpc.bc > F:/Education/FPGA_Labs/Labs_2/lab3/lab3/solution6/.autopilot/db/a.g.ld.3.fpc.bc.opt.out.log 2> F:/Education/FPGA_Labs/Labs_2/lab3/lab3/solution6/.autopilot/db/a.g.ld.3.fpc.bc.opt.err.log
INFO-FLOW: 
INFO-FLOW: Running: gen_design_size_report post-opt
INFO-FLOW: Done: gen_design_size_report post-opt time: 0 seconds per iteration
Command       run_link_or_opt done; 0.486 sec.
Execute       run_link_or_opt -out F:/Education/FPGA_Labs/Labs_2/lab3/lab3/solution6/.autopilot/db/a.g.ld.4.m2.bc -args F:/Education/FPGA_Labs/Labs_2/lab3/lab3/solution6/.autopilot/db/a.g.ld.3.fpc.bc -only-needed F:/Xilinx/Vitis/Vitis_HLS/2023.1/win64/lib/libfloatconversion_39.bc 
INFO-FLOW: run_clang exec: F:/Xilinx/Vitis/Vitis_HLS/2023.1/win64/tools/clang-3.9-csynth/bin/llvm-link F:/Education/FPGA_Labs/Labs_2/lab3/lab3/solution6/.autopilot/db/a.g.ld.3.fpc.bc -only-needed F:/Xilinx/Vitis/Vitis_HLS/2023.1/win64/lib/libfloatconversion_39.bc -o F:/Education/FPGA_Labs/Labs_2/lab3/lab3/solution6/.autopilot/db/a.g.ld.4.m2.bc > F:/Education/FPGA_Labs/Labs_2/lab3/lab3/solution6/.autopilot/db/a.g.ld.4.m2.bc.llvm-link.out.log 2> F:/Education/FPGA_Labs/Labs_2/lab3/lab3/solution6/.autopilot/db/a.g.ld.4.m2.bc.llvm-link.err.log
INFO-FLOW: 
Execute       run_link_or_opt -opt -out F:/Education/FPGA_Labs/Labs_2/lab3/lab3/solution6/.autopilot/db/a.g.ld.5.gdce.bc -args F:/Education/FPGA_Labs/Labs_2/lab3/lab3/solution6/.autopilot/db/a.g.ld.4.m2.bc -reflow-globaldce -hls-top-function-name=dct 
INFO-FLOW: run_clang exec: F:/Xilinx/Vitis/Vitis_HLS/2023.1/win64/tools/clang-3.9-csynth/bin/opt -pass-remarks-missed=reflow|pasta|unroll -pass-remarks=reflow|pasta|unroll|inline -pass-remarks-output=F:/Education/FPGA_Labs/Labs_2/lab3/lab3/solution6/.autopilot/db/a.g.ld.5.gdce.bc.opt.diag.yml F:/Education/FPGA_Labs/Labs_2/lab3/lab3/solution6/.autopilot/db/a.g.ld.4.m2.bc -reflow-globaldce -hls-top-function-name=dct -o F:/Education/FPGA_Labs/Labs_2/lab3/lab3/solution6/.autopilot/db/a.g.ld.5.gdce.bc > F:/Education/FPGA_Labs/Labs_2/lab3/lab3/solution6/.autopilot/db/a.g.ld.5.gdce.bc.opt.out.log 2> F:/Education/FPGA_Labs/Labs_2/lab3/lab3/solution6/.autopilot/db/a.g.ld.5.gdce.bc.opt.err.log
INFO-FLOW: 
INFO-FLOW: Running: gen_design_size_report post-opt
INFO-FLOW: Done: gen_design_size_report post-opt time: 0 seconds per iteration
Execute       send_msg_by_id INFO @200-777@%s Vivado 
INFO: [HLS 200-777] Using interface defaults for 'Vivado' flow target.
Execute       is_m_axi_addr64 
INFO-FLOW: Doing LTO.
INFO-FLOW: run_clang exec: F:/Xilinx/Vitis/Vitis_HLS/2023.1/win64/tools/clang-3.9-csynth/bin/clang -foptimization-record-file=F:/Education/FPGA_Labs/Labs_2/lab3/lab3/solution6/.autopilot/db/a.g.ld.0.bc.clang.reflow.diag.yml -mllvm -pass-remarks-missed=reflow|pasta|unroll -mllvm -pass-remarks=reflow|pasta|unroll|inline -fhls -mllvm -hls-top-function-name=dct -mllvm -hls-db-dir -mllvm F:/Education/FPGA_Labs/Labs_2/lab3/lab3/solution6/.autopilot/db -emit-llvm -c -target fpga64-xilinx-none -mllvm -xcl-xmlinfo=F:/Education/FPGA_Labs/Labs_2/lab3/lab3/solution6/.autopilot/db/kernel.internal.xml -mllvm -top-io-mapping-info=F:/Education/FPGA_Labs/Labs_2/lab3/lab3/solution6/.autopilot/db/top-io-fe.xml -mllvm -hls-bitcode-version=3.1 -mllvm -reflow-enable-slave-interface-default-setting=true -mllvm -gen-kernel-xml=false -mllvm -default-maxi-offset=slave -mllvm -maxi-latency=0 -mllvm -hls-maxi-data-size-in-bits=8 -mllvm -hls-maxi-max-data-size-in-bits=1024 -mllvm -hls-max-widen-size-in-bits=0 -mllvm -xcl-kernel-max-mem-ports=0 -mllvm -maxi-read-trans=16 -mllvm -maxi-write-trans=16 -mllvm -maxi-read-burst-len=16 -mllvm -maxi-write-burst-len=16 -mllvm -reflow-enable-saxi-64bits=0 -mllvm -reflow-basic-block-instr-threshold=200000 -mllvm -reflow-auto-pipeline-threshold=64 -mllvm -reflow-enable-maxi-auto-id-channel=0 -mllvm -enable-fp-thr=0 -mllvm -reflow-bdd-simplify-threshold=1024 -mllvm -reflow-fanout-threshold=16 -mllvm -assume-maxi-align=1 -mllvm -reflow-pipeline-style-llvm-setting=2 -mllvm -reflow-enable-dataflow-strict-mode-checking=1 -ftime-report -mllvm -time-passes -mllvm -reflow-auto-array-partition-mode=default -mllvm -reflow-enable-auto-array-partition=true -mllvm -reflow-enable-auto-parallel-performance-driven=true -mllvm -reflow-enable-partition-for-automation=true -mllvm -reflow-aggregate-bitwidth-threshold=4096 -mllvm -reflow-reserved-saxilite-registers=1024 -mllvm -reflow-assume-no-address-wrap=true -mllvm -reflow-enable-occurrence-inference=true -mllvm -hls -mllvm -disable-inlined-alloca-merging=true -mllvm -default-clock-period=10 -x ir F:/Education/FPGA_Labs/Labs_2/lab3/lab3/solution6/.autopilot/db/a.g.ld.5.gdce.bc -o F:/Education/FPGA_Labs/Labs_2/lab3/lab3/solution6/.autopilot/db/a.g.lto.bc {-hls-platform-db-name=F:/Xilinx/Vitis/Vitis_HLS/2023.1/common/technology\xilinx/common/platform.db} -hls-platform-name=zynq_slow -device-resource-info=BRAM_280.000000_DSP_220.000000_FF_106400.000000_LUT_53200.000000_SLICE_13300.000000_URAM_0.000000 -device-name-info=xc7z020clg484-1 > F:/Education/FPGA_Labs/Labs_2/lab3/lab3/solution6/.autopilot/db/a.g.ld.0.bc.clang.reflow.out.log 2> F:/Education/FPGA_Labs/Labs_2/lab3/lab3/solution6/.autopilot/db/a.g.ld.0.bc.clang.reflow.err.log
INFO: [HLS 214-291] Loop 'DCT_Inner_Loop' is marked as complete unroll implied by the pipeline pragma (../xup_high_level_synthesis_design_flow-main/source/lab3/dct.c:41:7)
INFO: [HLS 214-186] Unrolling loop 'DCT_Inner_Loop' (../xup_high_level_synthesis_design_flow-main/source/lab3/dct.c:41:7) in function 'dct_1d' completely with a factor of 8 (../xup_high_level_synthesis_design_flow-main/source/lab3/dct.c:31:0)
INFO: [HLS 214-248] Applying array_partition to 'col_inbuf': Complete partitioning on dimension 2. (../xup_high_level_synthesis_design_flow-main/source/lab3/dct.c:53:33)
INFO: [HLS 214-248] Applying array_partition to 'buf_2d_in': Complete partitioning on dimension 2. (../xup_high_level_synthesis_design_flow-main/source/lab3/dct.c:107:10)
INFO: [HLS 214-270] Inferring pragma 'array_partition type=complete dim=2' for array 'dct_1d.dct_coeff_table' due to pipeline pragma (F:/Education/FPGA_Labs/Labs_2/lab3/lab3/solution6/directives.tcl:12:9)
INFO: [HLS 214-248] Applying array_partition to 'dct_1d.dct_coeff_table': Complete partitioning on dimension 2. (../xup_high_level_synthesis_design_flow-main/source/lab3/dct.c:34:0)
INFO-FLOW: DBG:PUTS: copy_raw_kernel_xml ap_link_39: kernel.xml not generated: F:/Education/FPGA_Labs/Labs_2/lab3/lab3/solution6/.autopilot/db/kernel.internal.xml
INFO: [HLS 200-111] Finished Compiling Optimization and Transform: CPU user time: 0 seconds. CPU system time: 0 seconds. Elapsed time: 2.085 seconds; current allocated memory: 536.406 MB.
INFO: [HLS 200-111] Finished Checking Pragmas: CPU user time: 0 seconds. CPU system time: 0 seconds. Elapsed time: 0.003 seconds; current allocated memory: 536.406 MB.
Execute       opt_and_import_c a -opt_level=2 -skip_syncheck=0 -ng=0 -keep_printf=0 
Execute         cleanup_all_models 
INFO: [HLS 200-10] Starting code transformations ...
INFO-FLOW: Running Standard Transforms...
Execute         transform -hls -share-std-xform -demangle-name -inline-byval-memcpy -always-inline -promote-dbg-pointer -interface-preproc -mem2reg -scalarrepl -mem2reg -keep-read-access -instcombine -dce -promote-dbg-pointer -bitop-raise -loop-simplify -indvarspre -indvars -loop-simplify -xunroll -constprop -instcombine -simplifycfg -indvars -simplifycfg -dce -globaldce -basicaa -simplifycfg -mem2reg -globalopt -global-constprop -deadargelim -instcombine -simplifycfg -scalarrepl -instcombine -reassociate -licm -simplifycfg -loop-simplify -indvars -instcombine -simplifycfg -mem2reg -loop-simplify -indvars -instcombine -gvn -gvn -instcombine -adce -break-crit-edges -simplifycfg -loop-delete -global-array-opt -dce -dse -adce -find-syn-modules -top dct -deadargelim -mem2reg -instcombine -dce -presyn-prepare -auto-rom-infer -interface-preproc -syn-check -check-rec-only -find-region -simplifycfg -func-extr -function-inline -globaldce -mem2reg -instcombine -dce -gvn -globaldce -adce -adse -constprop -instcombine -bit-constprop -instcombine -dce -simplifycfg -bitop-raise -simplifycfg -dce -loop-delete -reassociate -globalopt -global-privatize -mem2reg -dce -global-constprop -pointer-simplify -constprop -dce -auto-shift-reg-idiom -promote-dbg-pointer -norm-name F:/Education/FPGA_Labs/Labs_2/lab3/lab3/solution6/.autopilot/db/a.g.0.bc -o F:/Education/FPGA_Labs/Labs_2/lab3/lab3/solution6/.autopilot/db/a.g.1.bc -f -phase std-opt 
INFO: [HLS 200-111] Finished Standard Transforms: CPU user time: 0 seconds. CPU system time: 0 seconds. Elapsed time: 0.046 seconds; current allocated memory: 542.629 MB.
INFO: [HLS 200-10] Checking synthesizability ...
INFO-FLOW: Checking Synthesizability 1/2..
Execute         transform -hls -syn-check -check-rec-only -scalarrepl -norm-name -dce -mem2reg -instcombine -directive-preproc -mem2reg -dse -dce -auto-rom-infer -dce -pag -array-normalize -instcombine -dce -array-seg-normalize -instcombine -dce -data-pack -instcombine -dce -inst-simplify -array-flatten -instcombine -dce -array-burst -dce -deadargelim -promote-global-argument -simplifycfg -mem2reg -globaldce -dce -deadargelim -dce -instcombine -function-inline -globaldce -dce -doublePtrSimplify -doublePtrElim -dce -doublePtrSimplify -promote-dbg-pointer -dce -scalarrepl -dse -adse -instcombine -ptrLegalization -simplifycfg -dce -instcombine -pointer-simplify -ptrArgReplace -dce -instcombine -resolve-double-ptr -scalarrepl -norm-name -dce -mem2reg -instcombine -ptrLegalization -simplifycfg -deadargelim -instcombine -dce -inst-simplify -directive-preproc -mem2reg -dse -dce -globaldce F:/Education/FPGA_Labs/Labs_2/lab3/lab3/solution6/.autopilot/db/a.g.1.bc -o F:/Education/FPGA_Labs/Labs_2/lab3/lab3/solution6/.autopilot/db/a.g.2.prechk.bc -f 
INFO-FLOW: Checking Synthesizability 2/2..
Execute         transform -syn-check F:/Education/FPGA_Labs/Labs_2/lab3/lab3/solution6/.autopilot/db/a.g.2.prechk.bc -o F:/Education/FPGA_Labs/Labs_2/lab3/lab3/solution6/.autopilot/db/a.g.2.bc -f -phase syn-check 
INFO: [HLS 200-111] Finished Checking Synthesizability: CPU user time: 0 seconds. CPU system time: 0 seconds. Elapsed time: 0.04 seconds; current allocated memory: 544.605 MB.
INFO-FLOW: Compiler optimizing ...
INFO-FLOW: Share syncheck's 1.bc for syn flow: copy F:/Education/FPGA_Labs/Labs_2/lab3/lab3/solution6/.autopilot/db/a.g.1.bc to F:/Education/FPGA_Labs/Labs_2/lab3/lab3/solution6/.autopilot/db/a.o.1.bc
INFO-FLOW: Presyn 1...
Execute         transform -hls -tmp F:/Education/FPGA_Labs/Labs_2/lab3/lab3/solution6/.autopilot/db -interface-port-rename -directive-preproc -mem2reg -dse -dce -scalarrepl -norm-name -deadargelim -mem2reg -instcombine -dce -simplifycfg -auto-rom-infer -dce -resource-proc -clib-intrinsic-prepare -dce -func-buffer -dce -pag -array-normalize -func-legal -instcombine -gvn -constprop -dce -simplifycfg -mem2reg -globaldce -resolve-double-ptr -dce -deadargelim -dce -instcombine -ptrArgReplace -mem2reg -dce -array-seg-normalize -deadargelim -instcombine -dce -directive-preproc -mem2reg -dse -dce -pointer-simplify -dce -port-alignment -dce -interface-preproc -data-pack -instcombine -dce -basicaa -aggr-aa -aggrmodref-aa -aggr-aa -gvn -gvn -basicaa -aggr-aa -aggrmodref-aa -aggr-aa -dse -adse -adce -loop-simplify -indvars -instcombine -gvn -loop-simplify -mem2reg -dce -find-region -instcombine -auto-loop-pipeline -inst-simplify -interface-preproc -cfgopt -instcombine -indvars -auto-loop-unroll -loop-simplify -loop-bound -xunroll -constprop -instcombine -simplifycfg -indvars -simplifycfg -dce -globaldce -clean-region -attach-range -gvn -inst-simplify -constprop -simplifycfg -dce -pointer-simplify -dce -globalopt -constprop -dce -array-promote -scalar-auto-dep-elim -constprop -dce -ptrArgReplace -mem2reg -simplifycfg -dce -instcombine -dce -array-transform-check -array-reshape -instcombine -simplifycfg -dce -ptrArgReplace -deadargelim -mem2reg -instcombine -simplifycfg -dce -indvars -loop-simplify -loop-bound -xunroll -constprop -instcombine -simplifycfg -indvars -simplifycfg -dce -globaldce -basicaa -aggr-aa -aggrmodref-aa -aggr-aa -dse -duplicate-dataflow-processes -globaldce -instcombine -array-partition -prepare-dynamic-array-partition -instcombine -simplifycfg -dce -ptrArgReplace -global-constprop -deadargelim -mem2reg -func-legal -dce -global-constprop -deadargelim -mem2reg -simplifycfg -dce -merge-param -deadargelim -globalopt -constprop -dce -array-promote -scalar-auto-dep-elim -constprop -dce -ptrArgReplace -mem2reg -simplifycfg -dce -mem-intrinsic-preproc -dce -global-internalize -global-privatize -mem2reg -globaldce -promote-global-argument -ptrArgReplace -mem2reg -dce -globalopt -mergereturn -simplify-global-access -mem2reg -dce -pointer-simplify -dce -functionattrs -basicaa -aggr-aa -aggrmodref-aa -aggr-aa -gvn -gvn -basicaa -aggr-aa -aggrmodref-aa -aggr-aa -dse -adse -adce -dce -norm-name -basicaa -aggr-aa -aggrmodref-aa -aggr-aa -accesses-merge -function-inline -complex-op-raise -inst-simplify -globaldce -func-legal -dce -loop-bound -arraycheck -bitwidthmin2 -bitwidthmin2 -on-by-dataflow -loop-delete -instcombine -simplifycfg -globaldce -dce -gvn -deadargelim -dce -loop-simplify -clean-region -simplifycfg -propagate-stable-arguments -loop-stream -instcombine -simplifycfg -dce -globaldce -duplicate-dataflow-processes -stream-intrinsic-preproc -dce -check-ap-stream -loop-simplify -eliminate-keepreads -extract-dataflow-in-loop -loop-simplify -dce -gvn -deadargelim -dse -duplicate-dataflow-processes -check-dataflow-syntax -legalize-stream-variable -globaldce -legalize-global -extract-subproc -dce -dead-channel-elimination -canonicalize-gep -globaldce -dce -gvn -hls-dead-arg-elim -deadargelim -directive-preproc -canonicalize-dataflow -dce -globaldce -scalar-preprocessing -scalar-propagation2 -deadargelim -globaldce -mem2reg -check-dataflow-channels -function-stream -dce -globaldce -prop-fifo-spec -internal-stream-gen -canonicalize-gep -globaldce -dce -gvn -deadargelim -mergereturn -indvars -loop-simplify -instcombine -array-stream -array-seg-normalize -array-partition -func-legal -instcombine -simplifycfg -dce -bundle-memfifo-ops -deadargelim -directive-preproc -mem2reg -dse -dce -group-axi-access -licm -simplifycfg -dce -loop-delete -hls-display -norm-name F:/Education/FPGA_Labs/Labs_2/lab3/lab3/solution6/.autopilot/db/a.o.1.bc -o F:/Education/FPGA_Labs/Labs_2/lab3/lab3/solution6/.autopilot/db/a.o.1.tmp.bc -f 
INFO: [XFORM 203-712] Applying dataflow to function 'dct' (../xup_high_level_synthesis_design_flow-main/source/lab3/dct.c:15:1), detected/extracted 3 process function(s): 
	 'read_data'
	 'dct_2d'
	 'write_data'.
Command         transform done; 0.106 sec.
INFO-FLOW: Presyn 2...
Execute         transform -hls -keep-callgraph -scalarrepl -mem2reg -port-alignment -attach-range -dce -pipe-mux-gen -indvars -loop-bound -inst-simplify -instcombine -dce -merge-array-access -mem2reg -dce -clean-region -mergereturn -if-conv -instcombine -dce -constprop -basicaa -aggr-aa -aggrmodref-aa -aggr-aa -gvn -gvn -basicaa -aggr-aa -aggrmodref-aa -aggr-aa -dse -adse -adce -scalarrepl -mem2reg -global-constprop -deadargelim -deadargelim -instcombine -dce -simplifycfg -ptrArgReplace -mem2reg -function-inline -globaldce -mem2reg -instcombine -dce -expr-balance -instcombine -dce -bitwidthmin2 -bitwidthmin2 -interface-preproc -directive-preproc -inst-rectify -instcombine -dce -functionattrs -constprop -instcombine -bit-constprop -simplify-global-access -globalopt -globaldce -inst-simplify -instcombine -elimdeaddata -dce -loop-delete -simplifycfg -loop-simplify -barrier -norm-name F:/Education/FPGA_Labs/Labs_2/lab3/lab3/solution6/.autopilot/db/a.o.1.tmp.bc -o F:/Education/FPGA_Labs/Labs_2/lab3/lab3/solution6/.autopilot/db/a.o.2.bc -f -phase presyn 
INFO: [XFORM 203-11] Balancing expressions in function 'dct_1d.6.7' (../xup_high_level_synthesis_design_flow-main/source/lab3/dct.c:12:4)...8 expression(s) balanced.
INFO: [HLS 200-111] Finished Loop, function and other optimizations: CPU user time: 0 seconds. CPU system time: 0 seconds. Elapsed time: 0.147 seconds; current allocated memory: 567.199 MB.
INFO-FLOW: Building ssdm...
Execute         transform -hls -auto-function-inline -globaldce -ptrArgReplace -mem2reg -dce -reset-lda -loop-simplify -indvars -aggr-aa -licm -loop-dep -loop-bound -licm -loop-simplify -loop-sink-hoist -flattenloopnest -array-flatten -gvn -instcombine -dce -array-map -dce -func-legal -gvn -adce -instcombine -cfgopt -simplifycfg-lite -loop-simplify -array-burst -promote-global-argument -dce -array-seg-normalize -basicaa -aggrmodref-aa -globalsmodref-aa -aggr-aa -gvn -gvn -basicaa -aggrmodref-aa -globalsmodref-aa -aggr-aa -dse -adse -adce -licm -inst-simplify -dce -globaldce -instcombine -array-stream -eliminate-keepreads -instcombine -dce -deadargelim -doublePtrSimplify -doublePtrElim -dce -doublePtrSimplify -promote-dbg-pointer -dce -scalarrepl -mem2reg -norm-name -mem2reg -instcombine -dse -adse -adce -ptrLegalization -dce -auto-rom-infer -array-flatten -dce -instcombine -check-doubleptr -loop-rot -constprop -cfgopt -simplifycfg-lite -loop-simplify -indvars -pointer-simplify -dce -loop-bound -loop-simplify -loop-preproc -constprop -global-constprop -gvn -mem2reg -instcombine -dce -loop-bound -loop-merge -dce -deadargelim -dce -canonicalize-dataflow -dce -deadargelim -globaldce -mem2reg -bram-byte-enable -load-elim -read-loop-dep -loop-simplify -loop-extract-inner -directive-preproc -bitwidthmin2 -bitwidthmin2 -read-loop-dep -interface-preproc -directive-preproc -interface-gen -bram-byte-enable-spec-prop -deadargelim -inst-simplify -dce -gvn -mem2reg -instcombine -dce -adse -loop-bound -instcombine -cfgopt -simplifycfg-lite -loop-simplify -clean-region -io-protocol -find-region -mem2reg -bitop-raise -complex-op-raise -inst-simplify -inst-rectify -instcombine -adce -deadargelim -float-op-raise -loop-simplify -phi-opt -bitop-raise -cfgopt -simplifycfg-lite -strip-dead-prototypes -interface-lower -bitop-lower -intrinsic-lower -auto-function-inline -basicaa -aggrmodref-aa -globalsmodref-aa -aggr-aa -inst-simplify -simplifycfg-lite -loop-simplify -mergereturn -inst-simplify -inst-rectify -globaldce -dce -load-elim -bitop-lower -float-op-raise -fma-raise -loop-rewind -pointer-simplify -dce -cfgopt -dce -loop-bound -loop-dep -read-loop-dep -dce -dyn-mem-reuse -dce -recurrence-min -dce -share-scalar-alloca -deadargelim -dce -check-stream -norm-name -legalize -validate-dataflow -inst-clarity -bitwidth -dce -dump-loop-dep-to-ir -check-all-ssdm -dump-complexity-metric -cdfg-build F:/Education/FPGA_Labs/Labs_2/lab3/lab3/solution6/.autopilot/db/a.o.2.bc -o F:/Education/FPGA_Labs/Labs_2/lab3/lab3/solution6/.autopilot/db/a.o.3.bc -f -phase build-ssdm 
INFO: [XFORM 203-541] Flattening a loop nest 'WR_Loop_Row' (../xup_high_level_synthesis_design_flow-main/source/lab3/dct.c:97:4) in function 'write_data'.
INFO: [XFORM 203-541] Flattening a loop nest 'RD_Loop_Row' (../xup_high_level_synthesis_design_flow-main/source/lab3/dct.c:85:4) in function 'read_data'.
INFO: [XFORM 203-541] Flattening a loop nest 'Xpose_Row_Outer_Loop' (../xup_high_level_synthesis_design_flow-main/source/lab3/dct.c:63:4) in function 'dct_2d'.
INFO: [XFORM 203-541] Flattening a loop nest 'Xpose_Col_Outer_Loop' (../xup_high_level_synthesis_design_flow-main/source/lab3/dct.c:74:4) in function 'dct_2d'.
Execute           auto_get_db
Command         transform done; 0.107 sec.
INFO: [HLS 200-111] Finished Architecture Synthesis: CPU user time: 0 seconds. CPU system time: 0 seconds. Elapsed time: 0.107 seconds; current allocated memory: 613.785 MB.
INFO-FLOW: Finish building internal data model.
Command       opt_and_import_c done; 0.343 sec.
Command     elaborate done; 3.107 sec.
Execute     ap_eval exec zip -j F:/Education/FPGA_Labs/Labs_2/lab3/lab3/solution6/.autopilot/db/dut.hcp $dbDir/a.o.3.bc $dbDir/${topname}.rtl_wrap.cfg.tcl $dbDir/apatb_${topname}.cpp $dbDir/apatb_${topname}_util.cpp $dbDir/apatb_${topname}_ir.ll $dbDir/mapper_${topname}.cpp $dbDir/top-io-fe.xml $dbDir/kernel.internal.xml $workdir/../hls.app 
Execute     autosyn -from_csynth_design=1 
INFO: [HLS 200-10] Starting hardware synthesis ...
INFO-FLOW: Synthesizing C/C++ design ...
INFO: [HLS 200-10] Synthesizing 'dct' ...
Execute       ap_set_top_model dct 
WARNING: [SYN 201-103] Legalizing function name 'dct_1d.6.7' to 'dct_1d_6_7'.
Execute       get_model_list dct -filter all-wo-channel -topdown 
Execute       preproc_iomode -model dct 
Execute       preproc_iomode -model write_data 
Execute       preproc_iomode -model dct_2d 
Execute       preproc_iomode -model dct_2d_Pipeline_Xpose_Col_Outer_Loop_Xpose_Col_Inner_Loop 
Execute       preproc_iomode -model dct_2d_Pipeline_Xpose_Row_Outer_Loop_Xpose_Row_Inner_Loop 
Execute       preproc_iomode -model dct_1d.6.7 
Execute       preproc_iomode -model read_data 
Execute       get_model_list dct -filter all-wo-channel 
INFO-FLOW: Model list for configure: read_data dct_1d.6.7 dct_2d_Pipeline_Xpose_Row_Outer_Loop_Xpose_Row_Inner_Loop dct_2d_Pipeline_Xpose_Col_Outer_Loop_Xpose_Col_Inner_Loop dct_2d write_data dct
INFO-FLOW: Configuring Module : read_data ...
Execute       set_default_model read_data 
Execute       apply_spec_resource_limit read_data 
INFO-FLOW: Configuring Module : dct_1d.6.7 ...
Execute       set_default_model dct_1d.6.7 
Execute       apply_spec_resource_limit dct_1d.6.7 
INFO-FLOW: Configuring Module : dct_2d_Pipeline_Xpose_Row_Outer_Loop_Xpose_Row_Inner_Loop ...
Execute       set_default_model dct_2d_Pipeline_Xpose_Row_Outer_Loop_Xpose_Row_Inner_Loop 
Execute       apply_spec_resource_limit dct_2d_Pipeline_Xpose_Row_Outer_Loop_Xpose_Row_Inner_Loop 
INFO-FLOW: Configuring Module : dct_2d_Pipeline_Xpose_Col_Outer_Loop_Xpose_Col_Inner_Loop ...
Execute       set_default_model dct_2d_Pipeline_Xpose_Col_Outer_Loop_Xpose_Col_Inner_Loop 
Execute       apply_spec_resource_limit dct_2d_Pipeline_Xpose_Col_Outer_Loop_Xpose_Col_Inner_Loop 
INFO-FLOW: Configuring Module : dct_2d ...
Execute       set_default_model dct_2d 
Execute       apply_spec_resource_limit dct_2d 
INFO-FLOW: Configuring Module : write_data ...
Execute       set_default_model write_data 
Execute       apply_spec_resource_limit write_data 
INFO-FLOW: Configuring Module : dct ...
Execute       set_default_model dct 
Execute       apply_spec_resource_limit dct 
INFO-FLOW: Model list for preprocess: read_data dct_1d.6.7 dct_2d_Pipeline_Xpose_Row_Outer_Loop_Xpose_Row_Inner_Loop dct_2d_Pipeline_Xpose_Col_Outer_Loop_Xpose_Col_Inner_Loop dct_2d write_data dct
INFO-FLOW: Preprocessing Module: read_data ...
Execute       set_default_model read_data 
Execute       cdfg_preprocess -model read_data 
Execute       rtl_gen_preprocess read_data 
INFO-FLOW: Preprocessing Module: dct_1d.6.7 ...
Execute       set_default_model dct_1d.6.7 
Execute       cdfg_preprocess -model dct_1d.6.7 
Execute       rtl_gen_preprocess dct_1d.6.7 
INFO-FLOW: Preprocessing Module: dct_2d_Pipeline_Xpose_Row_Outer_Loop_Xpose_Row_Inner_Loop ...
Execute       set_default_model dct_2d_Pipeline_Xpose_Row_Outer_Loop_Xpose_Row_Inner_Loop 
Execute       cdfg_preprocess -model dct_2d_Pipeline_Xpose_Row_Outer_Loop_Xpose_Row_Inner_Loop 
Execute       rtl_gen_preprocess dct_2d_Pipeline_Xpose_Row_Outer_Loop_Xpose_Row_Inner_Loop 
INFO-FLOW: Preprocessing Module: dct_2d_Pipeline_Xpose_Col_Outer_Loop_Xpose_Col_Inner_Loop ...
Execute       set_default_model dct_2d_Pipeline_Xpose_Col_Outer_Loop_Xpose_Col_Inner_Loop 
Execute       cdfg_preprocess -model dct_2d_Pipeline_Xpose_Col_Outer_Loop_Xpose_Col_Inner_Loop 
Execute       rtl_gen_preprocess dct_2d_Pipeline_Xpose_Col_Outer_Loop_Xpose_Col_Inner_Loop 
INFO-FLOW: Preprocessing Module: dct_2d ...
Execute       set_default_model dct_2d 
Execute       cdfg_preprocess -model dct_2d 
Execute       rtl_gen_preprocess dct_2d 
INFO-FLOW: Preprocessing Module: write_data ...
Execute       set_default_model write_data 
Execute       cdfg_preprocess -model write_data 
Execute       rtl_gen_preprocess write_data 
INFO-FLOW: Preprocessing Module: dct ...
Execute       set_default_model dct 
Execute       cdfg_preprocess -model dct 
Execute       rtl_gen_preprocess dct 
INFO-FLOW: Model list for synthesis: read_data dct_1d.6.7 dct_2d_Pipeline_Xpose_Row_Outer_Loop_Xpose_Row_Inner_Loop dct_2d_Pipeline_Xpose_Col_Outer_Loop_Xpose_Col_Inner_Loop dct_2d write_data dct
INFO: [HLS 200-10] ----------------------------------------------------------------
INFO: [HLS 200-42] -- Implementing module 'read_data' 
INFO: [HLS 200-10] ----------------------------------------------------------------
Execute       set_default_model read_data 
Execute       schedule -model read_data 
INFO: [SCHED 204-11] Starting scheduling ...
INFO: [SCHED 204-61] Pipelining loop 'RD_Loop_Row_RD_Loop_Col'.
INFO: [HLS 200-1470] Pipelining result : Target II = NA, Final II = 1, Depth = 2, loop 'RD_Loop_Row_RD_Loop_Col'
INFO: [SCHED 204-11] Finished scheduling.
INFO: [HLS 200-111] Finished Scheduling: CPU user time: 0 seconds. CPU system time: 0 seconds. Elapsed time: 0.173 seconds; current allocated memory: 618.727 MB.
Execute       syn_report -verbosereport -o F:/Education/FPGA_Labs/Labs_2/lab3/lab3/solution6/.autopilot/db/read_data.verbose.sched.rpt 
Execute         list_part -family xc7z020-clg484-1 
Execute           ap_family_info -name xc7z020-clg484-1 -data names 
Execute           ap_part_info -quiet -name xc7z020-clg484-1 -data family 
Execute       db_write -o F:/Education/FPGA_Labs/Labs_2/lab3/lab3/solution6/.autopilot/db/read_data.sched.adb -f 
INFO-FLOW: Finish scheduling read_data.
Execute       set_default_model read_data 
Execute       bind -model read_data 
INFO: [BIND 205-100] Starting micro-architecture generation ...
INFO: [BIND 205-101] Performing variable lifetime analysis.
INFO: [BIND 205-101] Exploring resource sharing.
INFO: [BIND 205-101] Binding ...
INFO: [BIND 205-100] Finished micro-architecture generation.
INFO: [HLS 200-111] Finished Binding: CPU user time: 0 seconds. CPU system time: 0 seconds. Elapsed time: 0.061 seconds; current allocated memory: 619.941 MB.
Execute       syn_report -verbosereport -o F:/Education/FPGA_Labs/Labs_2/lab3/lab3/solution6/.autopilot/db/read_data.verbose.bind.rpt 
Execute         list_part -family xc7z020-clg484-1 
Execute           ap_family_info -name xc7z020-clg484-1 -data names 
Execute           ap_part_info -quiet -name xc7z020-clg484-1 -data family 
Execute       db_write -o F:/Education/FPGA_Labs/Labs_2/lab3/lab3/solution6/.autopilot/db/read_data.bind.adb -f 
INFO-FLOW: Finish binding read_data.
INFO: [HLS 200-10] ----------------------------------------------------------------
INFO: [HLS 200-42] -- Implementing module 'dct_1d_6_7' 
INFO: [HLS 200-10] ----------------------------------------------------------------
Execute       set_default_model dct_1d.6.7 
Execute       schedule -model dct_1d.6.7 
INFO: [SCHED 204-11] Starting scheduling ...
INFO: [HLS 200-486] Changing DSP latency (root=mul_ln45_3) to 3 in order to utilize available DSP registers.
INFO: [HLS 200-486] Changing DSP latency (root=mul_ln45_1) to 3 in order to utilize available DSP registers.
INFO: [HLS 200-486] Changing DSP latency (root=mul_ln45_7) to 3 in order to utilize available DSP registers.
INFO: [HLS 200-486] Changing DSP latency (root=mul_ln45_5) to 3 in order to utilize available DSP registers.
INFO: [HLS 200-486] Changing DSP latency (root=mul_ln45) to 3 in order to utilize available DSP registers.
INFO: [SCHED 204-61] Pipelining loop 'DCT_Outer_Loop'.
INFO: [HLS 200-1470] Pipelining result : Target II = NA, Final II = 1, Depth = 8, loop 'DCT_Outer_Loop'
INFO: [SCHED 204-11] Finished scheduling.
Command       schedule done; 0.123 sec.
INFO: [HLS 200-111] Finished Scheduling: CPU user time: 0 seconds. CPU system time: 0 seconds. Elapsed time: 0.159 seconds; current allocated memory: 620.906 MB.
Execute       syn_report -verbosereport -o F:/Education/FPGA_Labs/Labs_2/lab3/lab3/solution6/.autopilot/db/dct_1d_6_7.verbose.sched.rpt 
Execute         list_part -family xc7z020-clg484-1 
Execute           ap_family_info -name xc7z020-clg484-1 -data names 
Execute           ap_part_info -quiet -name xc7z020-clg484-1 -data family 
Execute       db_write -o F:/Education/FPGA_Labs/Labs_2/lab3/lab3/solution6/.autopilot/db/dct_1d_6_7.sched.adb -f 
INFO-FLOW: Finish scheduling dct_1d.6.7.
Execute       set_default_model dct_1d.6.7 
Execute       bind -model dct_1d.6.7 
INFO: [BIND 205-100] Starting micro-architecture generation ...
INFO: [BIND 205-101] Performing variable lifetime analysis.
INFO: [BIND 205-101] Exploring resource sharing.
INFO: [BIND 205-101] Binding ...
INFO: [BIND 205-100] Finished micro-architecture generation.
INFO: [HLS 200-111] Finished Binding: CPU user time: 0 seconds. CPU system time: 0 seconds. Elapsed time: 0.099 seconds; current allocated memory: 620.977 MB.
Execute       syn_report -verbosereport -o F:/Education/FPGA_Labs/Labs_2/lab3/lab3/solution6/.autopilot/db/dct_1d_6_7.verbose.bind.rpt 
Execute         list_part -family xc7z020-clg484-1 
Execute           ap_family_info -name xc7z020-clg484-1 -data names 
Execute           ap_part_info -quiet -name xc7z020-clg484-1 -data family 
Execute       db_write -o F:/Education/FPGA_Labs/Labs_2/lab3/lab3/solution6/.autopilot/db/dct_1d_6_7.bind.adb -f 
INFO-FLOW: Finish binding dct_1d.6.7.
INFO: [HLS 200-10] ----------------------------------------------------------------
INFO: [HLS 200-42] -- Implementing module 'dct_2d_Pipeline_Xpose_Row_Outer_Loop_Xpose_Row_Inner_Loop' 
INFO: [HLS 200-10] ----------------------------------------------------------------
Execute       set_default_model dct_2d_Pipeline_Xpose_Row_Outer_Loop_Xpose_Row_Inner_Loop 
Execute       schedule -model dct_2d_Pipeline_Xpose_Row_Outer_Loop_Xpose_Row_Inner_Loop 
INFO: [SCHED 204-11] Starting scheduling ...
INFO: [SCHED 204-61] Pipelining loop 'Xpose_Row_Outer_Loop_Xpose_Row_Inner_Loop'.
INFO: [HLS 200-1470] Pipelining result : Target II = NA, Final II = 1, Depth = 3, loop 'Xpose_Row_Outer_Loop_Xpose_Row_Inner_Loop'
INFO: [SCHED 204-11] Finished scheduling.
INFO: [HLS 200-111] Finished Scheduling: CPU user time: 0 seconds. CPU system time: 0 seconds. Elapsed time: 0.113 seconds; current allocated memory: 621.410 MB.
Execute       syn_report -verbosereport -o F:/Education/FPGA_Labs/Labs_2/lab3/lab3/solution6/.autopilot/db/dct_2d_Pipeline_Xpose_Row_Outer_Loop_Xpose_Row_Inner_Loop.verbose.sched.rpt 
Execute         list_part -family xc7z020-clg484-1 
Execute           ap_family_info -name xc7z020-clg484-1 -data names 
Execute           ap_part_info -quiet -name xc7z020-clg484-1 -data family 
Execute       db_write -o F:/Education/FPGA_Labs/Labs_2/lab3/lab3/solution6/.autopilot/db/dct_2d_Pipeline_Xpose_Row_Outer_Loop_Xpose_Row_Inner_Loop.sched.adb -f 
INFO-FLOW: Finish scheduling dct_2d_Pipeline_Xpose_Row_Outer_Loop_Xpose_Row_Inner_Loop.
Execute       set_default_model dct_2d_Pipeline_Xpose_Row_Outer_Loop_Xpose_Row_Inner_Loop 
Execute       bind -model dct_2d_Pipeline_Xpose_Row_Outer_Loop_Xpose_Row_Inner_Loop 
INFO: [BIND 205-100] Starting micro-architecture generation ...
INFO: [BIND 205-101] Performing variable lifetime analysis.
INFO: [BIND 205-101] Exploring resource sharing.
INFO: [BIND 205-101] Binding ...
INFO: [BIND 205-100] Finished micro-architecture generation.
INFO: [HLS 200-111] Finished Binding: CPU user time: 0 seconds. CPU system time: 0 seconds. Elapsed time: 0.061 seconds; current allocated memory: 621.441 MB.
Execute       syn_report -verbosereport -o F:/Education/FPGA_Labs/Labs_2/lab3/lab3/solution6/.autopilot/db/dct_2d_Pipeline_Xpose_Row_Outer_Loop_Xpose_Row_Inner_Loop.verbose.bind.rpt 
Execute         list_part -family xc7z020-clg484-1 
Execute           ap_family_info -name xc7z020-clg484-1 -data names 
Execute           ap_part_info -quiet -name xc7z020-clg484-1 -data family 
Execute       db_write -o F:/Education/FPGA_Labs/Labs_2/lab3/lab3/solution6/.autopilot/db/dct_2d_Pipeline_Xpose_Row_Outer_Loop_Xpose_Row_Inner_Loop.bind.adb -f 
INFO-FLOW: Finish binding dct_2d_Pipeline_Xpose_Row_Outer_Loop_Xpose_Row_Inner_Loop.
INFO: [HLS 200-10] ----------------------------------------------------------------
INFO: [HLS 200-42] -- Implementing module 'dct_2d_Pipeline_Xpose_Col_Outer_Loop_Xpose_Col_Inner_Loop' 
INFO: [HLS 200-10] ----------------------------------------------------------------
Execute       set_default_model dct_2d_Pipeline_Xpose_Col_Outer_Loop_Xpose_Col_Inner_Loop 
Execute       schedule -model dct_2d_Pipeline_Xpose_Col_Outer_Loop_Xpose_Col_Inner_Loop 
INFO: [SCHED 204-11] Starting scheduling ...
INFO: [SCHED 204-61] Pipelining loop 'Xpose_Col_Outer_Loop_Xpose_Col_Inner_Loop'.
INFO: [HLS 200-1470] Pipelining result : Target II = NA, Final II = 1, Depth = 3, loop 'Xpose_Col_Outer_Loop_Xpose_Col_Inner_Loop'
INFO: [SCHED 204-11] Finished scheduling.
INFO: [HLS 200-111] Finished Scheduling: CPU user time: 0 seconds. CPU system time: 0 seconds. Elapsed time: 0.1 seconds; current allocated memory: 621.762 MB.
Execute       syn_report -verbosereport -o F:/Education/FPGA_Labs/Labs_2/lab3/lab3/solution6/.autopilot/db/dct_2d_Pipeline_Xpose_Col_Outer_Loop_Xpose_Col_Inner_Loop.verbose.sched.rpt 
Execute         list_part -family xc7z020-clg484-1 
Execute           ap_family_info -name xc7z020-clg484-1 -data names 
Execute           ap_part_info -quiet -name xc7z020-clg484-1 -data family 
Execute       db_write -o F:/Education/FPGA_Labs/Labs_2/lab3/lab3/solution6/.autopilot/db/dct_2d_Pipeline_Xpose_Col_Outer_Loop_Xpose_Col_Inner_Loop.sched.adb -f 
INFO-FLOW: Finish scheduling dct_2d_Pipeline_Xpose_Col_Outer_Loop_Xpose_Col_Inner_Loop.
Execute       set_default_model dct_2d_Pipeline_Xpose_Col_Outer_Loop_Xpose_Col_Inner_Loop 
Execute       bind -model dct_2d_Pipeline_Xpose_Col_Outer_Loop_Xpose_Col_Inner_Loop 
INFO: [BIND 205-100] Starting micro-architecture generation ...
INFO: [BIND 205-101] Performing variable lifetime analysis.
INFO: [BIND 205-101] Exploring resource sharing.
INFO: [BIND 205-101] Binding ...
INFO: [BIND 205-100] Finished micro-architecture generation.
INFO: [HLS 200-111] Finished Binding: CPU user time: 0 seconds. CPU system time: 0 seconds. Elapsed time: 0.062 seconds; current allocated memory: 621.762 MB.
Execute       syn_report -verbosereport -o F:/Education/FPGA_Labs/Labs_2/lab3/lab3/solution6/.autopilot/db/dct_2d_Pipeline_Xpose_Col_Outer_Loop_Xpose_Col_Inner_Loop.verbose.bind.rpt 
Execute         list_part -family xc7z020-clg484-1 
Execute           ap_family_info -name xc7z020-clg484-1 -data names 
Execute           ap_part_info -quiet -name xc7z020-clg484-1 -data family 
Execute       db_write -o F:/Education/FPGA_Labs/Labs_2/lab3/lab3/solution6/.autopilot/db/dct_2d_Pipeline_Xpose_Col_Outer_Loop_Xpose_Col_Inner_Loop.bind.adb -f 
INFO-FLOW: Finish binding dct_2d_Pipeline_Xpose_Col_Outer_Loop_Xpose_Col_Inner_Loop.
INFO: [HLS 200-10] ----------------------------------------------------------------
INFO: [HLS 200-42] -- Implementing module 'dct_2d' 
INFO: [HLS 200-10] ----------------------------------------------------------------
Execute       set_default_model dct_2d 
Execute       schedule -model dct_2d 
INFO: [SCHED 204-11] Starting scheduling ...
INFO: [SCHED 204-11] Finished scheduling.
INFO: [HLS 200-111] Finished Scheduling: CPU user time: 0 seconds. CPU system time: 0 seconds. Elapsed time: 0.096 seconds; current allocated memory: 622.621 MB.
Execute       syn_report -verbosereport -o F:/Education/FPGA_Labs/Labs_2/lab3/lab3/solution6/.autopilot/db/dct_2d.verbose.sched.rpt 
Execute         list_part -family xc7z020-clg484-1 
Execute           ap_family_info -name xc7z020-clg484-1 -data names 
Execute           ap_part_info -quiet -name xc7z020-clg484-1 -data family 
Execute       db_write -o F:/Education/FPGA_Labs/Labs_2/lab3/lab3/solution6/.autopilot/db/dct_2d.sched.adb -f 
INFO-FLOW: Finish scheduling dct_2d.
Execute       set_default_model dct_2d 
Execute       bind -model dct_2d 
INFO: [BIND 205-100] Starting micro-architecture generation ...
INFO: [BIND 205-101] Performing variable lifetime analysis.
INFO: [BIND 205-101] Exploring resource sharing.
INFO: [BIND 205-101] Binding ...
INFO: [BIND 205-100] Finished micro-architecture generation.
INFO: [HLS 200-111] Finished Binding: CPU user time: 0 seconds. CPU system time: 0 seconds. Elapsed time: 0.106 seconds; current allocated memory: 622.711 MB.
Execute       syn_report -verbosereport -o F:/Education/FPGA_Labs/Labs_2/lab3/lab3/solution6/.autopilot/db/dct_2d.verbose.bind.rpt 
Execute         list_part -family xc7z020-clg484-1 
Execute           ap_family_info -name xc7z020-clg484-1 -data names 
Execute           ap_part_info -quiet -name xc7z020-clg484-1 -data family 
Execute       db_write -o F:/Education/FPGA_Labs/Labs_2/lab3/lab3/solution6/.autopilot/db/dct_2d.bind.adb -f 
INFO-FLOW: Finish binding dct_2d.
INFO: [HLS 200-10] ----------------------------------------------------------------
INFO: [HLS 200-42] -- Implementing module 'write_data' 
INFO: [HLS 200-10] ----------------------------------------------------------------
Execute       set_default_model write_data 
Execute       schedule -model write_data 
INFO: [SCHED 204-11] Starting scheduling ...
INFO: [SCHED 204-61] Pipelining loop 'WR_Loop_Row_WR_Loop_Col'.
INFO: [HLS 200-1470] Pipelining result : Target II = NA, Final II = 1, Depth = 3, loop 'WR_Loop_Row_WR_Loop_Col'
INFO: [SCHED 204-11] Finished scheduling.
INFO: [HLS 200-111] Finished Scheduling: CPU user time: 0 seconds. CPU system time: 0 seconds. Elapsed time: 0.112 seconds; current allocated memory: 623.152 MB.
Execute       syn_report -verbosereport -o F:/Education/FPGA_Labs/Labs_2/lab3/lab3/solution6/.autopilot/db/write_data.verbose.sched.rpt 
Execute         list_part -family xc7z020-clg484-1 
Execute           ap_family_info -name xc7z020-clg484-1 -data names 
Execute           ap_part_info -quiet -name xc7z020-clg484-1 -data family 
Execute       db_write -o F:/Education/FPGA_Labs/Labs_2/lab3/lab3/solution6/.autopilot/db/write_data.sched.adb -f 
INFO-FLOW: Finish scheduling write_data.
Execute       set_default_model write_data 
Execute       bind -model write_data 
INFO: [BIND 205-100] Starting micro-architecture generation ...
INFO: [BIND 205-101] Performing variable lifetime analysis.
INFO: [BIND 205-101] Exploring resource sharing.
INFO: [BIND 205-101] Binding ...
INFO: [BIND 205-100] Finished micro-architecture generation.
INFO: [HLS 200-111] Finished Binding: CPU user time: 0 seconds. CPU system time: 0 seconds. Elapsed time: 0.057 seconds; current allocated memory: 623.156 MB.
Execute       syn_report -verbosereport -o F:/Education/FPGA_Labs/Labs_2/lab3/lab3/solution6/.autopilot/db/write_data.verbose.bind.rpt 
Execute         list_part -family xc7z020-clg484-1 
Execute           ap_family_info -name xc7z020-clg484-1 -data names 
Execute           ap_part_info -quiet -name xc7z020-clg484-1 -data family 
Execute       db_write -o F:/Education/FPGA_Labs/Labs_2/lab3/lab3/solution6/.autopilot/db/write_data.bind.adb -f 
INFO-FLOW: Finish binding write_data.
INFO: [HLS 200-10] ----------------------------------------------------------------
INFO: [HLS 200-42] -- Implementing module 'dct' 
INFO: [HLS 200-10] ----------------------------------------------------------------
Execute       set_default_model dct 
Execute       schedule -model dct 
INFO: [SCHED 204-11] Starting scheduling ...
INFO: [SCHED 204-11] Finished scheduling.
INFO: [HLS 200-111] Finished Scheduling: CPU user time: 1 seconds. CPU system time: 0 seconds. Elapsed time: 0.08 seconds; current allocated memory: 623.266 MB.
Execute       syn_report -verbosereport -o F:/Education/FPGA_Labs/Labs_2/lab3/lab3/solution6/.autopilot/db/dct.verbose.sched.rpt 
Execute         list_part -family xc7z020-clg484-1 
Execute           ap_family_info -name xc7z020-clg484-1 -data names 
Execute           ap_part_info -quiet -name xc7z020-clg484-1 -data family 
Execute       db_write -o F:/Education/FPGA_Labs/Labs_2/lab3/lab3/solution6/.autopilot/db/dct.sched.adb -f 
INFO-FLOW: Finish scheduling dct.
Execute       set_default_model dct 
Execute       bind -model dct 
INFO: [BIND 205-100] Starting micro-architecture generation ...
INFO: [BIND 205-101] Performing variable lifetime analysis.
INFO: [BIND 205-101] Exploring resource sharing.
INFO: [BIND 205-101] Binding ...
INFO: [BIND 205-100] Finished micro-architecture generation.
INFO: [HLS 200-111] Finished Binding: CPU user time: 0 seconds. CPU system time: 0 seconds. Elapsed time: 0.083 seconds; current allocated memory: 623.383 MB.
Execute       syn_report -verbosereport -o F:/Education/FPGA_Labs/Labs_2/lab3/lab3/solution6/.autopilot/db/dct.verbose.bind.rpt 
Execute         list_part -family xc7z020-clg484-1 
Execute           ap_family_info -name xc7z020-clg484-1 -data names 
Execute           ap_part_info -quiet -name xc7z020-clg484-1 -data family 
Execute       db_write -o F:/Education/FPGA_Labs/Labs_2/lab3/lab3/solution6/.autopilot/db/dct.bind.adb -f 
INFO-FLOW: Finish binding dct.
Execute       get_model_list dct -filter all-wo-channel 
INFO-FLOW: Preprocessing for RTLGen ...
Execute       rtl_gen_preprocess read_data 
Execute       rtl_gen_preprocess dct_1d.6.7 
Execute       rtl_gen_preprocess dct_2d_Pipeline_Xpose_Row_Outer_Loop_Xpose_Row_Inner_Loop 
Execute       rtl_gen_preprocess dct_2d_Pipeline_Xpose_Col_Outer_Loop_Xpose_Col_Inner_Loop 
Execute       rtl_gen_preprocess dct_2d 
Execute       rtl_gen_preprocess write_data 
Execute       rtl_gen_preprocess dct 
INFO-FLOW: Model list for RTL generation: read_data dct_1d.6.7 dct_2d_Pipeline_Xpose_Row_Outer_Loop_Xpose_Row_Inner_Loop dct_2d_Pipeline_Xpose_Col_Outer_Loop_Xpose_Col_Inner_Loop dct_2d write_data dct
INFO: [HLS 200-10] ----------------------------------------------------------------
INFO: [HLS 200-10] -- Generating RTL for module 'read_data' 
INFO: [HLS 200-10] ----------------------------------------------------------------
Execute       create_rtl_model read_data -top_prefix dct_ -sub_prefix dct_ -mg_file F:/Education/FPGA_Labs/Labs_2/lab3/lab3/solution6/.autopilot/db/read_data.compgen.tcl 
INFO: [HLS 200-1030] Apply Unified Pipeline Control on module 'read_data' pipeline 'RD_Loop_Row_RD_Loop_Col' pipeline type 'loop pipeline'
INFO: [RTGEN 206-100] Finished creating RTL model for 'read_data'.
INFO: [HLS 200-111] Finished Creating RTL model: CPU user time: 0 seconds. CPU system time: 0 seconds. Elapsed time: 0.069 seconds; current allocated memory: 625.164 MB.
Execute       source F:/Education/FPGA_Labs/Labs_2/lab3/lab3/solution6/.autopilot/db/dct.rtl_wrap.cfg.tcl 
Execute       gen_rtl read_data -style xilinx -f -lang vhdl -o F:/Education/FPGA_Labs/Labs_2/lab3/lab3/solution6/syn/vhdl/dct_read_data 
Execute       gen_rtl read_data -style xilinx -f -lang vlog -o F:/Education/FPGA_Labs/Labs_2/lab3/lab3/solution6/syn/verilog/dct_read_data 
Execute       syn_report -csynth -model read_data -o F:/Education/FPGA_Labs/Labs_2/lab3/lab3/solution6/syn/report/read_data_csynth.rpt 
Execute         list_part -family xc7z020-clg484-1 
Execute           ap_family_info -name xc7z020-clg484-1 -data names 
Execute           ap_part_info -quiet -name xc7z020-clg484-1 -data family 
Execute       syn_report -rtlxml -model read_data -o F:/Education/FPGA_Labs/Labs_2/lab3/lab3/solution6/syn/report/read_data_csynth.xml 
Execute         list_part -family xc7z020-clg484-1 
Execute           ap_family_info -name xc7z020-clg484-1 -data names 
Execute           ap_part_info -quiet -name xc7z020-clg484-1 -data family 
Execute       syn_report -verbosereport -model read_data -o F:/Education/FPGA_Labs/Labs_2/lab3/lab3/solution6/.autopilot/db/read_data.verbose.rpt 
Execute         list_part -family xc7z020-clg484-1 
Execute           ap_family_info -name xc7z020-clg484-1 -data names 
Execute           ap_part_info -quiet -name xc7z020-clg484-1 -data family 
Execute       db_write -model read_data -f -o F:/Education/FPGA_Labs/Labs_2/lab3/lab3/solution6/.autopilot/db/read_data.adb 
Execute       db_write -model read_data -bindview -o F:/Education/FPGA_Labs/Labs_2/lab3/lab3/solution6/.autopilot/db/design.bindinfo.xml 
Execute       gen_tb_info read_data -p F:/Education/FPGA_Labs/Labs_2/lab3/lab3/solution6/.autopilot/db -o F:/Education/FPGA_Labs/Labs_2/lab3/lab3/solution6/.autopilot/db/read_data 
INFO: [HLS 200-10] ----------------------------------------------------------------
INFO: [HLS 200-10] -- Generating RTL for module 'dct_1d_6_7' 
INFO: [HLS 200-10] ----------------------------------------------------------------
Execute       create_rtl_model dct_1d.6.7 -top_prefix dct_ -sub_prefix dct_ -mg_file F:/Education/FPGA_Labs/Labs_2/lab3/lab3/solution6/.autopilot/db/dct_1d_6_7.compgen.tcl 
INFO: [HLS 200-1030] Apply Unified Pipeline Control on module 'dct_1d_6_7' pipeline 'DCT_Outer_Loop' pipeline type 'loop pipeline'
INFO: [RTGEN 206-100] Generating core module 'mac_muladd_16s_15s_13ns_29_4_1': 1 instance(s).
INFO: [RTGEN 206-100] Generating core module 'mac_muladd_16s_15s_29ns_29_4_1': 1 instance(s).
INFO: [RTGEN 206-100] Generating core module 'mac_muladd_16s_15s_29s_29_4_1': 3 instance(s).
INFO: [RTGEN 206-100] Generating core module 'mul_16s_14ns_29_1_1': 1 instance(s).
INFO: [RTGEN 206-100] Generating core module 'mul_16s_15s_29_1_1': 2 instance(s).
INFO: [RTGEN 206-100] Finished creating RTL model for 'dct_1d_6_7'.
INFO: [RTMG 210-279] Implementing memory 'dct_dct_1d_6_7_dct_1d_dct_coeff_table_0_ROM_AUTO_1R' using auto ROMs.
INFO: [RTMG 210-279] Implementing memory 'dct_dct_1d_6_7_dct_1d_dct_coeff_table_1_ROM_AUTO_1R' using auto ROMs.
INFO: [RTMG 210-279] Implementing memory 'dct_dct_1d_6_7_dct_1d_dct_coeff_table_2_ROM_AUTO_1R' using auto ROMs.
INFO: [RTMG 210-279] Implementing memory 'dct_dct_1d_6_7_dct_1d_dct_coeff_table_3_ROM_AUTO_1R' using auto ROMs.
INFO: [RTMG 210-279] Implementing memory 'dct_dct_1d_6_7_dct_1d_dct_coeff_table_4_ROM_AUTO_1R' using auto ROMs.
INFO: [RTMG 210-279] Implementing memory 'dct_dct_1d_6_7_dct_1d_dct_coeff_table_5_ROM_AUTO_1R' using auto ROMs.
INFO: [RTMG 210-279] Implementing memory 'dct_dct_1d_6_7_dct_1d_dct_coeff_table_6_ROM_AUTO_1R' using auto ROMs.
INFO: [RTMG 210-279] Implementing memory 'dct_dct_1d_6_7_dct_1d_dct_coeff_table_7_ROM_AUTO_1R' using auto ROMs.
Command       create_rtl_model done; 0.123 sec.
INFO: [HLS 200-111] Finished Creating RTL model: CPU user time: 0 seconds. CPU system time: 0 seconds. Elapsed time: 0.258 seconds; current allocated memory: 628.594 MB.
Execute       source F:/Education/FPGA_Labs/Labs_2/lab3/lab3/solution6/.autopilot/db/dct.rtl_wrap.cfg.tcl 
Execute       gen_rtl dct_1d.6.7 -style xilinx -f -lang vhdl -o F:/Education/FPGA_Labs/Labs_2/lab3/lab3/solution6/syn/vhdl/dct_dct_1d_6_7 
Execute       gen_rtl dct_1d.6.7 -style xilinx -f -lang vlog -o F:/Education/FPGA_Labs/Labs_2/lab3/lab3/solution6/syn/verilog/dct_dct_1d_6_7 
Execute       syn_report -csynth -model dct_1d.6.7 -o F:/Education/FPGA_Labs/Labs_2/lab3/lab3/solution6/syn/report/dct_1d_6_7_csynth.rpt 
Execute         list_part -family xc7z020-clg484-1 
Execute           ap_family_info -name xc7z020-clg484-1 -data names 
Execute           ap_part_info -quiet -name xc7z020-clg484-1 -data family 
Execute       syn_report -rtlxml -model dct_1d.6.7 -o F:/Education/FPGA_Labs/Labs_2/lab3/lab3/solution6/syn/report/dct_1d_6_7_csynth.xml 
Execute         list_part -family xc7z020-clg484-1 
Execute           ap_family_info -name xc7z020-clg484-1 -data names 
Execute           ap_part_info -quiet -name xc7z020-clg484-1 -data family 
Execute       syn_report -verbosereport -model dct_1d.6.7 -o F:/Education/FPGA_Labs/Labs_2/lab3/lab3/solution6/.autopilot/db/dct_1d_6_7.verbose.rpt 
Execute         list_part -family xc7z020-clg484-1 
Execute           ap_family_info -name xc7z020-clg484-1 -data names 
Execute           ap_part_info -quiet -name xc7z020-clg484-1 -data family 
Execute       db_write -model dct_1d.6.7 -f -o F:/Education/FPGA_Labs/Labs_2/lab3/lab3/solution6/.autopilot/db/dct_1d_6_7.adb 
Execute       db_write -model dct_1d.6.7 -bindview -o F:/Education/FPGA_Labs/Labs_2/lab3/lab3/solution6/.autopilot/db/design.bindinfo.xml 
Execute       gen_tb_info dct_1d.6.7 -p F:/Education/FPGA_Labs/Labs_2/lab3/lab3/solution6/.autopilot/db -o F:/Education/FPGA_Labs/Labs_2/lab3/lab3/solution6/.autopilot/db/dct_1d_6_7 
INFO: [HLS 200-10] ----------------------------------------------------------------
INFO: [HLS 200-10] -- Generating RTL for module 'dct_2d_Pipeline_Xpose_Row_Outer_Loop_Xpose_Row_Inner_Loop' 
INFO: [HLS 200-10] ----------------------------------------------------------------
Execute       create_rtl_model dct_2d_Pipeline_Xpose_Row_Outer_Loop_Xpose_Row_Inner_Loop -top_prefix dct_ -sub_prefix dct_ -mg_file F:/Education/FPGA_Labs/Labs_2/lab3/lab3/solution6/.autopilot/db/dct_2d_Pipeline_Xpose_Row_Outer_Loop_Xpose_Row_Inner_Loop.compgen.tcl 
INFO: [HLS 200-1030] Apply Unified Pipeline Control on module 'dct_2d_Pipeline_Xpose_Row_Outer_Loop_Xpose_Row_Inner_Loop' pipeline 'Xpose_Row_Outer_Loop_Xpose_Row_Inner_Loop' pipeline type 'loop pipeline'
INFO: [RTGEN 206-100] Finished creating RTL model for 'dct_2d_Pipeline_Xpose_Row_Outer_Loop_Xpose_Row_Inner_Loop'.
INFO: [HLS 200-111] Finished Creating RTL model: CPU user time: 0 seconds. CPU system time: 0 seconds. Elapsed time: 0.172 seconds; current allocated memory: 630.945 MB.
Execute       source F:/Education/FPGA_Labs/Labs_2/lab3/lab3/solution6/.autopilot/db/dct.rtl_wrap.cfg.tcl 
Execute       gen_rtl dct_2d_Pipeline_Xpose_Row_Outer_Loop_Xpose_Row_Inner_Loop -style xilinx -f -lang vhdl -o F:/Education/FPGA_Labs/Labs_2/lab3/lab3/solution6/syn/vhdl/dct_dct_2d_Pipeline_Xpose_Row_Outer_Loop_Xpose_Row_Inner_Loop 
Execute       gen_rtl dct_2d_Pipeline_Xpose_Row_Outer_Loop_Xpose_Row_Inner_Loop -style xilinx -f -lang vlog -o F:/Education/FPGA_Labs/Labs_2/lab3/lab3/solution6/syn/verilog/dct_dct_2d_Pipeline_Xpose_Row_Outer_Loop_Xpose_Row_Inner_Loop 
Execute       syn_report -csynth -model dct_2d_Pipeline_Xpose_Row_Outer_Loop_Xpose_Row_Inner_Loop -o F:/Education/FPGA_Labs/Labs_2/lab3/lab3/solution6/syn/report/dct_2d_Pipeline_Xpose_Row_Outer_Loop_Xpose_Row_Inner_Loop_csynth.rpt 
Execute         list_part -family xc7z020-clg484-1 
Execute           ap_family_info -name xc7z020-clg484-1 -data names 
Execute           ap_part_info -quiet -name xc7z020-clg484-1 -data family 
Execute       syn_report -rtlxml -model dct_2d_Pipeline_Xpose_Row_Outer_Loop_Xpose_Row_Inner_Loop -o F:/Education/FPGA_Labs/Labs_2/lab3/lab3/solution6/syn/report/dct_2d_Pipeline_Xpose_Row_Outer_Loop_Xpose_Row_Inner_Loop_csynth.xml 
Execute         list_part -family xc7z020-clg484-1 
Execute           ap_family_info -name xc7z020-clg484-1 -data names 
Execute           ap_part_info -quiet -name xc7z020-clg484-1 -data family 
Execute       syn_report -verbosereport -model dct_2d_Pipeline_Xpose_Row_Outer_Loop_Xpose_Row_Inner_Loop -o F:/Education/FPGA_Labs/Labs_2/lab3/lab3/solution6/.autopilot/db/dct_2d_Pipeline_Xpose_Row_Outer_Loop_Xpose_Row_Inner_Loop.verbose.rpt 
Execute         list_part -family xc7z020-clg484-1 
Execute           ap_family_info -name xc7z020-clg484-1 -data names 
Execute           ap_part_info -quiet -name xc7z020-clg484-1 -data family 
Execute       db_write -model dct_2d_Pipeline_Xpose_Row_Outer_Loop_Xpose_Row_Inner_Loop -f -o F:/Education/FPGA_Labs/Labs_2/lab3/lab3/solution6/.autopilot/db/dct_2d_Pipeline_Xpose_Row_Outer_Loop_Xpose_Row_Inner_Loop.adb 
Execute       db_write -model dct_2d_Pipeline_Xpose_Row_Outer_Loop_Xpose_Row_Inner_Loop -bindview -o F:/Education/FPGA_Labs/Labs_2/lab3/lab3/solution6/.autopilot/db/design.bindinfo.xml 
Execute       gen_tb_info dct_2d_Pipeline_Xpose_Row_Outer_Loop_Xpose_Row_Inner_Loop -p F:/Education/FPGA_Labs/Labs_2/lab3/lab3/solution6/.autopilot/db -o F:/Education/FPGA_Labs/Labs_2/lab3/lab3/solution6/.autopilot/db/dct_2d_Pipeline_Xpose_Row_Outer_Loop_Xpose_Row_Inner_Loop 
INFO: [HLS 200-10] ----------------------------------------------------------------
INFO: [HLS 200-10] -- Generating RTL for module 'dct_2d_Pipeline_Xpose_Col_Outer_Loop_Xpose_Col_Inner_Loop' 
INFO: [HLS 200-10] ----------------------------------------------------------------
Execute       create_rtl_model dct_2d_Pipeline_Xpose_Col_Outer_Loop_Xpose_Col_Inner_Loop -top_prefix dct_ -sub_prefix dct_ -mg_file F:/Education/FPGA_Labs/Labs_2/lab3/lab3/solution6/.autopilot/db/dct_2d_Pipeline_Xpose_Col_Outer_Loop_Xpose_Col_Inner_Loop.compgen.tcl 
INFO: [HLS 200-1030] Apply Unified Pipeline Control on module 'dct_2d_Pipeline_Xpose_Col_Outer_Loop_Xpose_Col_Inner_Loop' pipeline 'Xpose_Col_Outer_Loop_Xpose_Col_Inner_Loop' pipeline type 'loop pipeline'
INFO: [RTGEN 206-100] Finished creating RTL model for 'dct_2d_Pipeline_Xpose_Col_Outer_Loop_Xpose_Col_Inner_Loop'.
INFO: [HLS 200-111] Finished Creating RTL model: CPU user time: 0 seconds. CPU system time: 0 seconds. Elapsed time: 0.134 seconds; current allocated memory: 632.199 MB.
Execute       source F:/Education/FPGA_Labs/Labs_2/lab3/lab3/solution6/.autopilot/db/dct.rtl_wrap.cfg.tcl 
Execute       gen_rtl dct_2d_Pipeline_Xpose_Col_Outer_Loop_Xpose_Col_Inner_Loop -style xilinx -f -lang vhdl -o F:/Education/FPGA_Labs/Labs_2/lab3/lab3/solution6/syn/vhdl/dct_dct_2d_Pipeline_Xpose_Col_Outer_Loop_Xpose_Col_Inner_Loop 
Execute       gen_rtl dct_2d_Pipeline_Xpose_Col_Outer_Loop_Xpose_Col_Inner_Loop -style xilinx -f -lang vlog -o F:/Education/FPGA_Labs/Labs_2/lab3/lab3/solution6/syn/verilog/dct_dct_2d_Pipeline_Xpose_Col_Outer_Loop_Xpose_Col_Inner_Loop 
Execute       syn_report -csynth -model dct_2d_Pipeline_Xpose_Col_Outer_Loop_Xpose_Col_Inner_Loop -o F:/Education/FPGA_Labs/Labs_2/lab3/lab3/solution6/syn/report/dct_2d_Pipeline_Xpose_Col_Outer_Loop_Xpose_Col_Inner_Loop_csynth.rpt 
Execute         list_part -family xc7z020-clg484-1 
Execute           ap_family_info -name xc7z020-clg484-1 -data names 
Execute           ap_part_info -quiet -name xc7z020-clg484-1 -data family 
Execute       syn_report -rtlxml -model dct_2d_Pipeline_Xpose_Col_Outer_Loop_Xpose_Col_Inner_Loop -o F:/Education/FPGA_Labs/Labs_2/lab3/lab3/solution6/syn/report/dct_2d_Pipeline_Xpose_Col_Outer_Loop_Xpose_Col_Inner_Loop_csynth.xml 
Execute         list_part -family xc7z020-clg484-1 
Execute           ap_family_info -name xc7z020-clg484-1 -data names 
Execute           ap_part_info -quiet -name xc7z020-clg484-1 -data family 
Execute       syn_report -verbosereport -model dct_2d_Pipeline_Xpose_Col_Outer_Loop_Xpose_Col_Inner_Loop -o F:/Education/FPGA_Labs/Labs_2/lab3/lab3/solution6/.autopilot/db/dct_2d_Pipeline_Xpose_Col_Outer_Loop_Xpose_Col_Inner_Loop.verbose.rpt 
Execute         list_part -family xc7z020-clg484-1 
Execute           ap_family_info -name xc7z020-clg484-1 -data names 
Execute           ap_part_info -quiet -name xc7z020-clg484-1 -data family 
Execute       db_write -model dct_2d_Pipeline_Xpose_Col_Outer_Loop_Xpose_Col_Inner_Loop -f -o F:/Education/FPGA_Labs/Labs_2/lab3/lab3/solution6/.autopilot/db/dct_2d_Pipeline_Xpose_Col_Outer_Loop_Xpose_Col_Inner_Loop.adb 
Execute       db_write -model dct_2d_Pipeline_Xpose_Col_Outer_Loop_Xpose_Col_Inner_Loop -bindview -o F:/Education/FPGA_Labs/Labs_2/lab3/lab3/solution6/.autopilot/db/design.bindinfo.xml 
Execute       gen_tb_info dct_2d_Pipeline_Xpose_Col_Outer_Loop_Xpose_Col_Inner_Loop -p F:/Education/FPGA_Labs/Labs_2/lab3/lab3/solution6/.autopilot/db -o F:/Education/FPGA_Labs/Labs_2/lab3/lab3/solution6/.autopilot/db/dct_2d_Pipeline_Xpose_Col_Outer_Loop_Xpose_Col_Inner_Loop 
INFO: [HLS 200-10] ----------------------------------------------------------------
INFO: [HLS 200-10] -- Generating RTL for module 'dct_2d' 
INFO: [HLS 200-10] ----------------------------------------------------------------
Execute       create_rtl_model dct_2d -top_prefix dct_ -sub_prefix dct_ -mg_file F:/Education/FPGA_Labs/Labs_2/lab3/lab3/solution6/.autopilot/db/dct_2d.compgen.tcl 
INFO: [RTGEN 206-100] Finished creating RTL model for 'dct_2d'.
INFO: [RTMG 210-278] Implementing memory 'dct_dct_2d_row_outbuf_RAM_AUTO_1R1W' using auto RAMs.
INFO: [RTMG 210-278] Implementing memory 'dct_dct_2d_col_inbuf_RAM_AUTO_1R1W' using auto RAMs.
INFO: [HLS 200-111] Finished Creating RTL model: CPU user time: 0 seconds. CPU system time: 0 seconds. Elapsed time: 0.136 seconds; current allocated memory: 634.199 MB.
Execute       source F:/Education/FPGA_Labs/Labs_2/lab3/lab3/solution6/.autopilot/db/dct.rtl_wrap.cfg.tcl 
Execute       gen_rtl dct_2d -style xilinx -f -lang vhdl -o F:/Education/FPGA_Labs/Labs_2/lab3/lab3/solution6/syn/vhdl/dct_dct_2d 
Execute       gen_rtl dct_2d -style xilinx -f -lang vlog -o F:/Education/FPGA_Labs/Labs_2/lab3/lab3/solution6/syn/verilog/dct_dct_2d 
Execute       syn_report -csynth -model dct_2d -o F:/Education/FPGA_Labs/Labs_2/lab3/lab3/solution6/syn/report/dct_2d_csynth.rpt 
Execute         list_part -family xc7z020-clg484-1 
Execute           ap_family_info -name xc7z020-clg484-1 -data names 
Execute           ap_part_info -quiet -name xc7z020-clg484-1 -data family 
Execute       syn_report -rtlxml -model dct_2d -o F:/Education/FPGA_Labs/Labs_2/lab3/lab3/solution6/syn/report/dct_2d_csynth.xml 
Execute         list_part -family xc7z020-clg484-1 
Execute           ap_family_info -name xc7z020-clg484-1 -data names 
Execute           ap_part_info -quiet -name xc7z020-clg484-1 -data family 
Execute       syn_report -verbosereport -model dct_2d -o F:/Education/FPGA_Labs/Labs_2/lab3/lab3/solution6/.autopilot/db/dct_2d.verbose.rpt 
Execute         list_part -family xc7z020-clg484-1 
Execute           ap_family_info -name xc7z020-clg484-1 -data names 
Execute           ap_part_info -quiet -name xc7z020-clg484-1 -data family 
Execute       db_write -model dct_2d -f -o F:/Education/FPGA_Labs/Labs_2/lab3/lab3/solution6/.autopilot/db/dct_2d.adb 
Execute       db_write -model dct_2d -bindview -o F:/Education/FPGA_Labs/Labs_2/lab3/lab3/solution6/.autopilot/db/design.bindinfo.xml 
Execute       gen_tb_info dct_2d -p F:/Education/FPGA_Labs/Labs_2/lab3/lab3/solution6/.autopilot/db -o F:/Education/FPGA_Labs/Labs_2/lab3/lab3/solution6/.autopilot/db/dct_2d 
INFO: [HLS 200-10] ----------------------------------------------------------------
INFO: [HLS 200-10] -- Generating RTL for module 'write_data' 
INFO: [HLS 200-10] ----------------------------------------------------------------
Execute       create_rtl_model write_data -top_prefix dct_ -sub_prefix dct_ -mg_file F:/Education/FPGA_Labs/Labs_2/lab3/lab3/solution6/.autopilot/db/write_data.compgen.tcl 
INFO: [HLS 200-1030] Apply Unified Pipeline Control on module 'write_data' pipeline 'WR_Loop_Row_WR_Loop_Col' pipeline type 'loop pipeline'
INFO: [RTGEN 206-100] Finished creating RTL model for 'write_data'.
INFO: [HLS 200-111] Finished Creating RTL model: CPU user time: 0 seconds. CPU system time: 0 seconds. Elapsed time: 0.179 seconds; current allocated memory: 636.211 MB.
Execute       source F:/Education/FPGA_Labs/Labs_2/lab3/lab3/solution6/.autopilot/db/dct.rtl_wrap.cfg.tcl 
Execute       gen_rtl write_data -style xilinx -f -lang vhdl -o F:/Education/FPGA_Labs/Labs_2/lab3/lab3/solution6/syn/vhdl/dct_write_data 
Execute       gen_rtl write_data -style xilinx -f -lang vlog -o F:/Education/FPGA_Labs/Labs_2/lab3/lab3/solution6/syn/verilog/dct_write_data 
Execute       syn_report -csynth -model write_data -o F:/Education/FPGA_Labs/Labs_2/lab3/lab3/solution6/syn/report/write_data_csynth.rpt 
Execute         list_part -family xc7z020-clg484-1 
Execute           ap_family_info -name xc7z020-clg484-1 -data names 
Execute           ap_part_info -quiet -name xc7z020-clg484-1 -data family 
Execute       syn_report -rtlxml -model write_data -o F:/Education/FPGA_Labs/Labs_2/lab3/lab3/solution6/syn/report/write_data_csynth.xml 
Execute         list_part -family xc7z020-clg484-1 
Execute           ap_family_info -name xc7z020-clg484-1 -data names 
Execute           ap_part_info -quiet -name xc7z020-clg484-1 -data family 
Execute       syn_report -verbosereport -model write_data -o F:/Education/FPGA_Labs/Labs_2/lab3/lab3/solution6/.autopilot/db/write_data.verbose.rpt 
Execute         list_part -family xc7z020-clg484-1 
Execute           ap_family_info -name xc7z020-clg484-1 -data names 
Execute           ap_part_info -quiet -name xc7z020-clg484-1 -data family 
Execute       db_write -model write_data -f -o F:/Education/FPGA_Labs/Labs_2/lab3/lab3/solution6/.autopilot/db/write_data.adb 
Execute       db_write -model write_data -bindview -o F:/Education/FPGA_Labs/Labs_2/lab3/lab3/solution6/.autopilot/db/design.bindinfo.xml 
Execute       gen_tb_info write_data -p F:/Education/FPGA_Labs/Labs_2/lab3/lab3/solution6/.autopilot/db -o F:/Education/FPGA_Labs/Labs_2/lab3/lab3/solution6/.autopilot/db/write_data 
INFO: [HLS 200-10] ----------------------------------------------------------------
INFO: [HLS 200-10] -- Generating RTL for module 'dct' 
INFO: [HLS 200-10] ----------------------------------------------------------------
Execute       create_rtl_model dct -top_prefix  -sub_prefix dct_ -mg_file F:/Education/FPGA_Labs/Labs_2/lab3/lab3/solution6/.autopilot/db/dct.compgen.tcl 
INFO: [RTGEN 206-500] Setting interface mode on port 'dct/input_r' to 'ap_memory'.
INFO: [RTGEN 206-500] Setting interface mode on port 'dct/output_r' to 'ap_memory'.
INFO: [RTGEN 206-500] Setting interface mode on function 'dct' to 'ap_ctrl_hs'.
INFO: [RTGEN 206-100] Finished creating RTL model for 'dct'.
INFO: [HLS 200-741] Implementing PIPO dct_buf_2d_in_RAM_AUTO_1R1W using a single memory for all blocks
INFO: [RTMG 210-278] Implementing memory 'dct_buf_2d_in_RAM_AUTO_1R1W_memcore' using auto RAMs.
INFO: [HLS 200-741] Implementing PIPO dct_buf_2d_out_RAM_AUTO_1R1W using a single memory for all blocks
INFO: [RTMG 210-278] Implementing memory 'dct_buf_2d_out_RAM_AUTO_1R1W_memcore' using auto RAMs.
Command       create_rtl_model done; 0.109 sec.
INFO: [HLS 200-111] Finished Creating RTL model: CPU user time: 0 seconds. CPU system time: 0 seconds. Elapsed time: 0.228 seconds; current allocated memory: 638.266 MB.
Execute       source F:/Education/FPGA_Labs/Labs_2/lab3/lab3/solution6/.autopilot/db/dct.rtl_wrap.cfg.tcl 
Execute       gen_rtl dct -istop -style xilinx -f -lang vhdl -o F:/Education/FPGA_Labs/Labs_2/lab3/lab3/solution6/syn/vhdl/dct 
Execute       gen_rtl dct -istop -style xilinx -f -lang vlog -o F:/Education/FPGA_Labs/Labs_2/lab3/lab3/solution6/syn/verilog/dct 
Execute       syn_report -csynth -model dct -o F:/Education/FPGA_Labs/Labs_2/lab3/lab3/solution6/syn/report/dct_csynth.rpt 
Execute         list_part -family xc7z020-clg484-1 
Execute           ap_family_info -name xc7z020-clg484-1 -data names 
Execute           ap_part_info -quiet -name xc7z020-clg484-1 -data family 
Command       syn_report done; 0.32 sec.
Execute       syn_report -rtlxml -model dct -o F:/Education/FPGA_Labs/Labs_2/lab3/lab3/solution6/syn/report/dct_csynth.xml 
Execute         list_part -family xc7z020-clg484-1 
Execute           ap_family_info -name xc7z020-clg484-1 -data names 
Execute           ap_part_info -quiet -name xc7z020-clg484-1 -data family 
Execute       syn_report -verbosereport -model dct -o F:/Education/FPGA_Labs/Labs_2/lab3/lab3/solution6/.autopilot/db/dct.verbose.rpt 
Execute         list_part -family xc7z020-clg484-1 
Execute           ap_family_info -name xc7z020-clg484-1 -data names 
Execute           ap_part_info -quiet -name xc7z020-clg484-1 -data family 
Execute       db_write -model dct -f -o F:/Education/FPGA_Labs/Labs_2/lab3/lab3/solution6/.autopilot/db/dct.adb 
Execute       db_write -model dct -bindview -o F:/Education/FPGA_Labs/Labs_2/lab3/lab3/solution6/.autopilot/db/design.bindinfo.xml 
Execute       gen_tb_info dct -p F:/Education/FPGA_Labs/Labs_2/lab3/lab3/solution6/.autopilot/db -o F:/Education/FPGA_Labs/Labs_2/lab3/lab3/solution6/.autopilot/db/dct 
Execute       export_constraint_db -f -tool general -o F:/Education/FPGA_Labs/Labs_2/lab3/lab3/solution6/.autopilot/db/dct.constraint.tcl 
Execute       syn_report -designview -model dct -o F:/Education/FPGA_Labs/Labs_2/lab3/lab3/solution6/.autopilot/db/dct.design.xml 
Command       syn_report done; 0.135 sec.
Execute       syn_report -csynthDesign -model dct -o F:/Education/FPGA_Labs/Labs_2/lab3/lab3/solution6/syn/report/csynth.rpt -MHOut F:/Education/FPGA_Labs/Labs_2/lab3/lab3/solution6/.autopilot/db/kernel_module_hierarchy.tcl 
Execute         list_part -family xc7z020-clg484-1 
Execute           ap_family_info -name xc7z020-clg484-1 -data names 
Execute           ap_part_info -quiet -name xc7z020-clg484-1 -data family 
Execute       syn_report -wcfg -model dct -o F:/Education/FPGA_Labs/Labs_2/lab3/lab3/solution6/.autopilot/db/dct_dataflow_ana.wcfg 
Execute       syn_report -protoinst -model dct -o F:/Education/FPGA_Labs/Labs_2/lab3/lab3/solution6/.autopilot/db/dct.protoinst 
Execute       sc_get_clocks dct 
Execute       sc_get_portdomain dct 
INFO-FLOW: Model list for RTL component generation: read_data dct_1d.6.7 dct_2d_Pipeline_Xpose_Row_Outer_Loop_Xpose_Row_Inner_Loop dct_2d_Pipeline_Xpose_Col_Outer_Loop_Xpose_Col_Inner_Loop dct_2d write_data dct
INFO-FLOW: Handling components in module [read_data] ... 
Execute       source F:/Education/FPGA_Labs/Labs_2/lab3/lab3/solution6/.autopilot/db/read_data.compgen.tcl 
INFO-FLOW: Found component dct_flow_control_loop_pipe.
INFO-FLOW: Append model dct_flow_control_loop_pipe
INFO-FLOW: Handling components in module [dct_1d_6_7] ... 
Execute       source F:/Education/FPGA_Labs/Labs_2/lab3/lab3/solution6/.autopilot/db/dct_1d_6_7.compgen.tcl 
INFO-FLOW: Found component dct_mul_16s_14ns_29_1_1.
INFO-FLOW: Append model dct_mul_16s_14ns_29_1_1
INFO-FLOW: Found component dct_mul_16s_15s_29_1_1.
INFO-FLOW: Append model dct_mul_16s_15s_29_1_1
INFO-FLOW: Found component dct_mac_muladd_16s_15s_13ns_29_4_1.
INFO-FLOW: Append model dct_mac_muladd_16s_15s_13ns_29_4_1
INFO-FLOW: Found component dct_mac_muladd_16s_15s_29s_29_4_1.
INFO-FLOW: Append model dct_mac_muladd_16s_15s_29s_29_4_1
INFO-FLOW: Found component dct_mac_muladd_16s_15s_29ns_29_4_1.
INFO-FLOW: Append model dct_mac_muladd_16s_15s_29ns_29_4_1
INFO-FLOW: Found component dct_dct_1d_6_7_dct_1d_dct_coeff_table_0_ROM_AUTO_1R.
INFO-FLOW: Append model dct_dct_1d_6_7_dct_1d_dct_coeff_table_0_ROM_AUTO_1R
INFO-FLOW: Found component dct_dct_1d_6_7_dct_1d_dct_coeff_table_1_ROM_AUTO_1R.
INFO-FLOW: Append model dct_dct_1d_6_7_dct_1d_dct_coeff_table_1_ROM_AUTO_1R
INFO-FLOW: Found component dct_dct_1d_6_7_dct_1d_dct_coeff_table_2_ROM_AUTO_1R.
INFO-FLOW: Append model dct_dct_1d_6_7_dct_1d_dct_coeff_table_2_ROM_AUTO_1R
INFO-FLOW: Found component dct_dct_1d_6_7_dct_1d_dct_coeff_table_3_ROM_AUTO_1R.
INFO-FLOW: Append model dct_dct_1d_6_7_dct_1d_dct_coeff_table_3_ROM_AUTO_1R
INFO-FLOW: Found component dct_dct_1d_6_7_dct_1d_dct_coeff_table_4_ROM_AUTO_1R.
INFO-FLOW: Append model dct_dct_1d_6_7_dct_1d_dct_coeff_table_4_ROM_AUTO_1R
INFO-FLOW: Found component dct_dct_1d_6_7_dct_1d_dct_coeff_table_5_ROM_AUTO_1R.
INFO-FLOW: Append model dct_dct_1d_6_7_dct_1d_dct_coeff_table_5_ROM_AUTO_1R
INFO-FLOW: Found component dct_dct_1d_6_7_dct_1d_dct_coeff_table_6_ROM_AUTO_1R.
INFO-FLOW: Append model dct_dct_1d_6_7_dct_1d_dct_coeff_table_6_ROM_AUTO_1R
INFO-FLOW: Found component dct_dct_1d_6_7_dct_1d_dct_coeff_table_7_ROM_AUTO_1R.
INFO-FLOW: Append model dct_dct_1d_6_7_dct_1d_dct_coeff_table_7_ROM_AUTO_1R
INFO-FLOW: Found component dct_flow_control_loop_pipe_sequential_init.
INFO-FLOW: Append model dct_flow_control_loop_pipe_sequential_init
INFO-FLOW: Handling components in module [dct_2d_Pipeline_Xpose_Row_Outer_Loop_Xpose_Row_Inner_Loop] ... 
Execute       source F:/Education/FPGA_Labs/Labs_2/lab3/lab3/solution6/.autopilot/db/dct_2d_Pipeline_Xpose_Row_Outer_Loop_Xpose_Row_Inner_Loop.compgen.tcl 
INFO-FLOW: Found component dct_flow_control_loop_pipe_sequential_init.
INFO-FLOW: Append model dct_flow_control_loop_pipe_sequential_init
INFO-FLOW: Handling components in module [dct_2d_Pipeline_Xpose_Col_Outer_Loop_Xpose_Col_Inner_Loop] ... 
Execute       source F:/Education/FPGA_Labs/Labs_2/lab3/lab3/solution6/.autopilot/db/dct_2d_Pipeline_Xpose_Col_Outer_Loop_Xpose_Col_Inner_Loop.compgen.tcl 
INFO-FLOW: Found component dct_flow_control_loop_pipe_sequential_init.
INFO-FLOW: Append model dct_flow_control_loop_pipe_sequential_init
INFO-FLOW: Handling components in module [dct_2d] ... 
Execute       source F:/Education/FPGA_Labs/Labs_2/lab3/lab3/solution6/.autopilot/db/dct_2d.compgen.tcl 
INFO-FLOW: Found component dct_dct_2d_row_outbuf_RAM_AUTO_1R1W.
INFO-FLOW: Append model dct_dct_2d_row_outbuf_RAM_AUTO_1R1W
INFO-FLOW: Found component dct_dct_2d_col_inbuf_RAM_AUTO_1R1W.
INFO-FLOW: Append model dct_dct_2d_col_inbuf_RAM_AUTO_1R1W
INFO-FLOW: Handling components in module [write_data] ... 
Execute       source F:/Education/FPGA_Labs/Labs_2/lab3/lab3/solution6/.autopilot/db/write_data.compgen.tcl 
INFO-FLOW: Found component dct_flow_control_loop_pipe.
INFO-FLOW: Append model dct_flow_control_loop_pipe
INFO-FLOW: Handling components in module [dct] ... 
Execute       source F:/Education/FPGA_Labs/Labs_2/lab3/lab3/solution6/.autopilot/db/dct.compgen.tcl 
INFO-FLOW: Found component dct_buf_2d_in_RAM_AUTO_1R1W_memcore.
INFO-FLOW: Append model dct_buf_2d_in_RAM_AUTO_1R1W_memcore
INFO-FLOW: Found component dct_buf_2d_in_RAM_AUTO_1R1W.
INFO-FLOW: Append model dct_buf_2d_in_RAM_AUTO_1R1W
INFO-FLOW: Found component dct_buf_2d_out_RAM_AUTO_1R1W_memcore.
INFO-FLOW: Append model dct_buf_2d_out_RAM_AUTO_1R1W_memcore
INFO-FLOW: Found component dct_buf_2d_out_RAM_AUTO_1R1W.
INFO-FLOW: Append model dct_buf_2d_out_RAM_AUTO_1R1W
INFO-FLOW: Append model read_data
INFO-FLOW: Append model dct_1d_6_7
INFO-FLOW: Append model dct_2d_Pipeline_Xpose_Row_Outer_Loop_Xpose_Row_Inner_Loop
INFO-FLOW: Append model dct_2d_Pipeline_Xpose_Col_Outer_Loop_Xpose_Col_Inner_Loop
INFO-FLOW: Append model dct_2d
INFO-FLOW: Append model write_data
INFO-FLOW: Append model dct
INFO-FLOW: Generating RTL model list ...
INFO-FLOW: All models in this session: dct_flow_control_loop_pipe dct_mul_16s_14ns_29_1_1 dct_mul_16s_15s_29_1_1 dct_mac_muladd_16s_15s_13ns_29_4_1 dct_mac_muladd_16s_15s_29s_29_4_1 dct_mac_muladd_16s_15s_29ns_29_4_1 dct_dct_1d_6_7_dct_1d_dct_coeff_table_0_ROM_AUTO_1R dct_dct_1d_6_7_dct_1d_dct_coeff_table_1_ROM_AUTO_1R dct_dct_1d_6_7_dct_1d_dct_coeff_table_2_ROM_AUTO_1R dct_dct_1d_6_7_dct_1d_dct_coeff_table_3_ROM_AUTO_1R dct_dct_1d_6_7_dct_1d_dct_coeff_table_4_ROM_AUTO_1R dct_dct_1d_6_7_dct_1d_dct_coeff_table_5_ROM_AUTO_1R dct_dct_1d_6_7_dct_1d_dct_coeff_table_6_ROM_AUTO_1R dct_dct_1d_6_7_dct_1d_dct_coeff_table_7_ROM_AUTO_1R dct_flow_control_loop_pipe_sequential_init dct_flow_control_loop_pipe_sequential_init dct_flow_control_loop_pipe_sequential_init dct_dct_2d_row_outbuf_RAM_AUTO_1R1W dct_dct_2d_col_inbuf_RAM_AUTO_1R1W dct_flow_control_loop_pipe dct_buf_2d_in_RAM_AUTO_1R1W_memcore dct_buf_2d_in_RAM_AUTO_1R1W dct_buf_2d_out_RAM_AUTO_1R1W_memcore dct_buf_2d_out_RAM_AUTO_1R1W read_data dct_1d_6_7 dct_2d_Pipeline_Xpose_Row_Outer_Loop_Xpose_Row_Inner_Loop dct_2d_Pipeline_Xpose_Col_Outer_Loop_Xpose_Col_Inner_Loop dct_2d write_data dct
INFO-FLOW: Generating F:/Education/FPGA_Labs/Labs_2/lab3/lab3/solution6/.autopilot/db/autopilot.rtl.models.txt file...
INFO-FLOW: To file: write model dct_flow_control_loop_pipe
INFO-FLOW: To file: write model dct_mul_16s_14ns_29_1_1
INFO-FLOW: To file: write model dct_mul_16s_15s_29_1_1
INFO-FLOW: To file: write model dct_mac_muladd_16s_15s_13ns_29_4_1
INFO-FLOW: To file: write model dct_mac_muladd_16s_15s_29s_29_4_1
INFO-FLOW: To file: write model dct_mac_muladd_16s_15s_29ns_29_4_1
INFO-FLOW: To file: write model dct_dct_1d_6_7_dct_1d_dct_coeff_table_0_ROM_AUTO_1R
INFO-FLOW: To file: write model dct_dct_1d_6_7_dct_1d_dct_coeff_table_1_ROM_AUTO_1R
INFO-FLOW: To file: write model dct_dct_1d_6_7_dct_1d_dct_coeff_table_2_ROM_AUTO_1R
INFO-FLOW: To file: write model dct_dct_1d_6_7_dct_1d_dct_coeff_table_3_ROM_AUTO_1R
INFO-FLOW: To file: write model dct_dct_1d_6_7_dct_1d_dct_coeff_table_4_ROM_AUTO_1R
INFO-FLOW: To file: write model dct_dct_1d_6_7_dct_1d_dct_coeff_table_5_ROM_AUTO_1R
INFO-FLOW: To file: write model dct_dct_1d_6_7_dct_1d_dct_coeff_table_6_ROM_AUTO_1R
INFO-FLOW: To file: write model dct_dct_1d_6_7_dct_1d_dct_coeff_table_7_ROM_AUTO_1R
INFO-FLOW: To file: write model dct_flow_control_loop_pipe_sequential_init
INFO-FLOW: To file: write model dct_flow_control_loop_pipe_sequential_init
INFO-FLOW: To file: write model dct_flow_control_loop_pipe_sequential_init
INFO-FLOW: To file: write model dct_dct_2d_row_outbuf_RAM_AUTO_1R1W
INFO-FLOW: To file: write model dct_dct_2d_col_inbuf_RAM_AUTO_1R1W
INFO-FLOW: To file: write model dct_flow_control_loop_pipe
INFO-FLOW: To file: write model dct_buf_2d_in_RAM_AUTO_1R1W_memcore
INFO-FLOW: To file: write model dct_buf_2d_in_RAM_AUTO_1R1W
INFO-FLOW: To file: write model dct_buf_2d_out_RAM_AUTO_1R1W_memcore
INFO-FLOW: To file: write model dct_buf_2d_out_RAM_AUTO_1R1W
INFO-FLOW: To file: write model read_data
INFO-FLOW: To file: write model dct_1d_6_7
INFO-FLOW: To file: write model dct_2d_Pipeline_Xpose_Row_Outer_Loop_Xpose_Row_Inner_Loop
INFO-FLOW: To file: write model dct_2d_Pipeline_Xpose_Col_Outer_Loop_Xpose_Col_Inner_Loop
INFO-FLOW: To file: write model dct_2d
INFO-FLOW: To file: write model write_data
INFO-FLOW: To file: write model dct
INFO-FLOW: Generating F:/Education/FPGA_Labs/Labs_2/lab3/lab3/solution6/.autopilot/db/autopilot.rtl.models.tcl file...
INFO-FLOW: Finished generating RTL model list.


INFO-FLOW: RTL Generation done.
INFO-FLOW: CAS Generation done.
INFO-FLOW: CBC Generation done.
INFO-FLOW: DBG:PROC: ::AESL_AUTOMG::auto_generate_csynth_design
INFO-FLOW: DBG:PUTS: read_platform_lib F:/Education/FPGA_Labs/Labs_2/lab3/lab3/solution6/.autopilot/db/global.setting.tcl
Execute       source F:/Xilinx/Vitis/Vitis_HLS/2023.1/common/technology/generic/autopilot/common.gen 
Execute         source F:/Xilinx/Vitis/Vitis_HLS/2023.1/common/technology/generic/autopilot/APCoreGen.gen 
Execute       source F:/Xilinx/Vitis/Vitis_HLS/2023.1/common/technology/generic/autopilot/op.gen 
Execute       source F:/Xilinx/Vitis/Vitis_HLS/2023.1/common/technology/generic/autopilot/op_simcore.gen 
Execute       source F:/Xilinx/Vitis/Vitis_HLS/2023.1/common/technology/generic/autopilot/interface.gen 
Execute       source F:/Education/FPGA_Labs/Labs_2/lab3/lab3/solution6/.autopilot/db/global.setting.tcl 
Execute       source F:/Xilinx/Vitis/Vitis_HLS/2023.1/common/technology/xilinx/common/xilinx.gen 
Execute         source F:/Xilinx/Vitis/Vitis_HLS/2023.1/common/technology/xilinx/interface/plb46.gen 
Execute         source F:/Xilinx/Vitis/Vitis_HLS/2023.1/common/technology/xilinx/interface/axi4.gen 
Execute         source F:/Xilinx/Vitis/Vitis_HLS/2023.1/common/technology/xilinx/interface/nativeAXI4.gen 
Execute           source F:/Xilinx/Vitis/Vitis_HLS/2023.1/common/technology/xilinx/interface/saxilite.gen 
Execute         source F:/Xilinx/Vitis/Vitis_HLS/2023.1/common/technology/xilinx/scripts/xilinxcoregen.gen 
Execute         source F:/Xilinx/Vitis/Vitis_HLS/2023.1/common/technology/xilinx/interface/XilEDKCoreGen.gen 
Execute         source F:/Xilinx/Vitis/Vitis_HLS/2023.1/common/technology/xilinx/ip/dds_compiler.gen 
Execute         source F:/Xilinx/Vitis/Vitis_HLS/2023.1/common/technology/xilinx/ip/util.gen 
Execute         source F:/Xilinx/Vitis/Vitis_HLS/2023.1/common/technology/xilinx/ip/xfft.gen 
Execute         source F:/Xilinx/Vitis/Vitis_HLS/2023.1/common/technology/xilinx/ip/xfir.gen 
Execute         source F:/Xilinx/Vitis/Vitis_HLS/2023.1/common/technology/xilinx/DSP48/dsp48.gen 
INFO-FLOW: DBG:PUTS:   using AESL_AUTOCG::g_clock_period=10.000 (was NA)
INFO-FLOW: DBG:PROC: ::AESL_AUTOMG::generate_ip_cores gen_sim_model='1' gen_fp_models='0' gen_for_export='0' dstSCDir='' dstVhdlDir='F:/Education/FPGA_Labs/Labs_2/lab3/lab3/solution6/.autopilot/db/vhdl' dstVlogDir='F:/Education/FPGA_Labs/Labs_2/lab3/lab3/solution6/.autopilot/db/vlog' tclDir='F:/Education/FPGA_Labs/Labs_2/lab3/lab3/solution6/.autopilot/db' modelList='dct_flow_control_loop_pipe
dct_mul_16s_14ns_29_1_1
dct_mul_16s_15s_29_1_1
dct_mac_muladd_16s_15s_13ns_29_4_1
dct_mac_muladd_16s_15s_29s_29_4_1
dct_mac_muladd_16s_15s_29ns_29_4_1
dct_dct_1d_6_7_dct_1d_dct_coeff_table_0_ROM_AUTO_1R
dct_dct_1d_6_7_dct_1d_dct_coeff_table_1_ROM_AUTO_1R
dct_dct_1d_6_7_dct_1d_dct_coeff_table_2_ROM_AUTO_1R
dct_dct_1d_6_7_dct_1d_dct_coeff_table_3_ROM_AUTO_1R
dct_dct_1d_6_7_dct_1d_dct_coeff_table_4_ROM_AUTO_1R
dct_dct_1d_6_7_dct_1d_dct_coeff_table_5_ROM_AUTO_1R
dct_dct_1d_6_7_dct_1d_dct_coeff_table_6_ROM_AUTO_1R
dct_dct_1d_6_7_dct_1d_dct_coeff_table_7_ROM_AUTO_1R
dct_flow_control_loop_pipe_sequential_init
dct_flow_control_loop_pipe_sequential_init
dct_flow_control_loop_pipe_sequential_init
dct_dct_2d_row_outbuf_RAM_AUTO_1R1W
dct_dct_2d_col_inbuf_RAM_AUTO_1R1W
dct_flow_control_loop_pipe
dct_buf_2d_in_RAM_AUTO_1R1W_memcore
dct_buf_2d_in_RAM_AUTO_1R1W
dct_buf_2d_out_RAM_AUTO_1R1W_memcore
dct_buf_2d_out_RAM_AUTO_1R1W
read_data
dct_1d_6_7
dct_2d_Pipeline_Xpose_Row_Outer_Loop_Xpose_Row_Inner_Loop
dct_2d_Pipeline_Xpose_Col_Outer_Loop_Xpose_Col_Inner_Loop
dct_2d
write_data
dct
' expOnly='0'
Execute       source F:/Education/FPGA_Labs/Labs_2/lab3/lab3/solution6/.autopilot/db/global.setting.tcl 
Execute       ap_part_info -name xc7z020-clg484-1 -data names -quiet 
Execute       ap_part_info -name xc7z020-clg484-1 -data info -quiet 
Execute       source F:/Education/FPGA_Labs/Labs_2/lab3/lab3/solution6/.autopilot/db/global.setting.tcl 
Execute       source F:/Education/FPGA_Labs/Labs_2/lab3/lab3/solution6/.autopilot/db/global.setting.tcl 
Execute       source F:/Education/FPGA_Labs/Labs_2/lab3/lab3/solution6/.autopilot/db/read_data.compgen.tcl 
Execute       source F:/Education/FPGA_Labs/Labs_2/lab3/lab3/solution6/.autopilot/db/dct_1d_6_7.compgen.tcl 
Execute         ap_part_info -name xc7z020-clg484-1 -data names -quiet 
Execute         ap_part_info -name xc7z020-clg484-1 -data info -quiet 
Execute         ap_part_info -name xc7z020-clg484-1 -data info 
Execute         ap_part_info -name xc7z020-clg484-1 -data names -quiet 
Execute         ap_part_info -name xc7z020-clg484-1 -data info -quiet 
Execute         ap_part_info -name xc7z020-clg484-1 -data info 
Execute         ap_part_info -name xc7z020-clg484-1 -data names -quiet 
Execute         ap_part_info -name xc7z020-clg484-1 -data info -quiet 
Execute         ap_part_info -name xc7z020-clg484-1 -data info 
Execute       source F:/Education/FPGA_Labs/Labs_2/lab3/lab3/solution6/.autopilot/db/dct_2d_Pipeline_Xpose_Row_Outer_Loop_Xpose_Row_Inner_Loop.compgen.tcl 
Execute       source F:/Education/FPGA_Labs/Labs_2/lab3/lab3/solution6/.autopilot/db/dct_2d_Pipeline_Xpose_Col_Outer_Loop_Xpose_Col_Inner_Loop.compgen.tcl 
Execute       source F:/Education/FPGA_Labs/Labs_2/lab3/lab3/solution6/.autopilot/db/dct_2d.compgen.tcl 
Execute       source F:/Education/FPGA_Labs/Labs_2/lab3/lab3/solution6/.autopilot/db/write_data.compgen.tcl 
Execute       source F:/Education/FPGA_Labs/Labs_2/lab3/lab3/solution6/.autopilot/db/dct.compgen.tcl 
INFO: [HLS 200-111] Finished Generating all RTL models: CPU user time: 1 seconds. CPU system time: 0 seconds. Elapsed time: 1.287 seconds; current allocated memory: 642.223 MB.
INFO-FLOW: DBG:PROC: ::HLSREPORTS::create_csynth_xml bind_info_var='bind_info' RtlSubPrefix='dct_' outfile=''
INFO-FLOW: Running: create_csynth_xml read xml data
INFO-FLOW: Done: create_csynth_xml read xml data time: 0 seconds per iteration
INFO-FLOW: Running: create_csynth_xml bind info
INFO-FLOW: Done: create_csynth_xml bind info time: 0 seconds per iteration
INFO-FLOW: Running: create_csynth_xml config info
INFO-FLOW: Done: create_csynth_xml config info time: 0.2 seconds per iteration
INFO-FLOW: Running: create_csynth_xml write xml
INFO-FLOW: Done: create_csynth_xml write xml time: 0 seconds per iteration
INFO-FLOW: DBG:PUTS:      create_csynth_xml wrote csynth_xml=F:/Education/FPGA_Labs/Labs_2/lab3/lab3/solution6/syn/report/csynth.xml
INFO-FLOW: DBG:PROC: ::AP::DESIGN_DATA::generate_json generate_bd_files='0' generate_xo_files='0' modelList='dct_flow_control_loop_pipe
dct_mul_16s_14ns_29_1_1
dct_mul_16s_15s_29_1_1
dct_mac_muladd_16s_15s_13ns_29_4_1
dct_mac_muladd_16s_15s_29s_29_4_1
dct_mac_muladd_16s_15s_29ns_29_4_1
dct_dct_1d_6_7_dct_1d_dct_coeff_table_0_ROM_AUTO_1R
dct_dct_1d_6_7_dct_1d_dct_coeff_table_1_ROM_AUTO_1R
dct_dct_1d_6_7_dct_1d_dct_coeff_table_2_ROM_AUTO_1R
dct_dct_1d_6_7_dct_1d_dct_coeff_table_3_ROM_AUTO_1R
dct_dct_1d_6_7_dct_1d_dct_coeff_table_4_ROM_AUTO_1R
dct_dct_1d_6_7_dct_1d_dct_coeff_table_5_ROM_AUTO_1R
dct_dct_1d_6_7_dct_1d_dct_coeff_table_6_ROM_AUTO_1R
dct_dct_1d_6_7_dct_1d_dct_coeff_table_7_ROM_AUTO_1R
dct_flow_control_loop_pipe_sequential_init
dct_flow_control_loop_pipe_sequential_init
dct_flow_control_loop_pipe_sequential_init
dct_dct_2d_row_outbuf_RAM_AUTO_1R1W
dct_dct_2d_col_inbuf_RAM_AUTO_1R1W
dct_flow_control_loop_pipe
dct_buf_2d_in_RAM_AUTO_1R1W_memcore
dct_buf_2d_in_RAM_AUTO_1R1W
dct_buf_2d_out_RAM_AUTO_1R1W_memcore
dct_buf_2d_out_RAM_AUTO_1R1W
read_data
dct_1d_6_7
dct_2d_Pipeline_Xpose_Row_Outer_Loop_Xpose_Row_Inner_Loop
dct_2d_Pipeline_Xpose_Col_Outer_Loop_Xpose_Col_Inner_Loop
dct_2d
write_data
dct
' rtl_lang='both' bootstrap_tcl='false' outdir='' outfilename=''
Execute       source F:/Education/FPGA_Labs/Labs_2/lab3/lab3/solution6/.autopilot/db/global.setting.tcl 
Execute       source F:/Education/FPGA_Labs/Labs_2/lab3/lab3/solution6/.autopilot/db/global.setting.tcl 
Execute       source F:/Education/FPGA_Labs/Labs_2/lab3/lab3/solution6/.autopilot/db/top-io-be.tcl 
Execute       source F:/Education/FPGA_Labs/Labs_2/lab3/lab3/solution6/.autopilot/db/dct.tbgen.tcl 
Execute       source F:/Education/FPGA_Labs/Labs_2/lab3/lab3/solution6/.autopilot/db/dct.rtl_wrap.cfg.tcl 
Execute       source F:/Education/FPGA_Labs/Labs_2/lab3/lab3/solution6/.autopilot/db/dct.compgen.dataonly.tcl 
Execute       source F:/Education/FPGA_Labs/Labs_2/lab3/lab3/solution6/.autopilot/db/read_data.tbgen.tcl 
Execute       source F:/Education/FPGA_Labs/Labs_2/lab3/lab3/solution6/.autopilot/db/dct_1d_6_7.tbgen.tcl 
Execute       source F:/Education/FPGA_Labs/Labs_2/lab3/lab3/solution6/.autopilot/db/dct_2d_Pipeline_Xpose_Row_Outer_Loop_Xpose_Row_Inner_Loop.tbgen.tcl 
Execute       source F:/Education/FPGA_Labs/Labs_2/lab3/lab3/solution6/.autopilot/db/dct_2d_Pipeline_Xpose_Col_Outer_Loop_Xpose_Col_Inner_Loop.tbgen.tcl 
Execute       source F:/Education/FPGA_Labs/Labs_2/lab3/lab3/solution6/.autopilot/db/dct_2d.tbgen.tcl 
Execute       source F:/Education/FPGA_Labs/Labs_2/lab3/lab3/solution6/.autopilot/db/write_data.tbgen.tcl 
Execute       source F:/Education/FPGA_Labs/Labs_2/lab3/lab3/solution6/.autopilot/db/dct.tbgen.tcl 
Execute       source F:/Education/FPGA_Labs/Labs_2/lab3/lab3/solution6/.autopilot/db/global.setting.tcl 
Execute       ap_part_info -name xc7z020-clg484-1 -data names -quiet 
Execute       ap_part_info -name xc7z020-clg484-1 -data info -quiet 
Execute       source F:/Education/FPGA_Labs/Labs_2/lab3/lab3/solution6/.autopilot/db/dct.constraint.tcl 
Execute       sc_get_clocks dct 
Execute       source F:/Education/FPGA_Labs/Labs_2/lab3/lab3/solution6/.autopilot/db/global.setting.tcl 
INFO-FLOW: DBG:PROC: ::HLSREPORTS::add_csynth_report_sections bind_info_dict='adapter_nodes {} report_dict {TOPINST dct MODULE2INSTS {dct dct read_data read_data_U0 dct_2d dct_2d_U0 dct_2d_Pipeline_Xpose_Row_Outer_Loop_Xpose_Row_Inner_Loop grp_dct_2d_Pipeline_Xpose_Row_Outer_Loop_Xpose_Row_Inner_Loop_fu_310 dct_1d_6_7 grp_dct_1d_6_7_fu_323 dct_2d_Pipeline_Xpose_Col_Outer_Loop_Xpose_Col_Inner_Loop grp_dct_2d_Pipeline_Xpose_Col_Outer_Loop_Xpose_Col_Inner_Loop_fu_369 write_data write_data_U0} INST2MODULE {dct dct read_data_U0 read_data dct_2d_U0 dct_2d grp_dct_2d_Pipeline_Xpose_Row_Outer_Loop_Xpose_Row_Inner_Loop_fu_310 dct_2d_Pipeline_Xpose_Row_Outer_Loop_Xpose_Row_Inner_Loop grp_dct_1d_6_7_fu_323 dct_1d_6_7 grp_dct_2d_Pipeline_Xpose_Col_Outer_Loop_Xpose_Col_Inner_Loop_fu_369 dct_2d_Pipeline_Xpose_Col_Outer_Loop_Xpose_Col_Inner_Loop write_data_U0 write_data} INSTDATA {dct {DEPTH 1 CHILDREN {read_data_U0 dct_2d_U0 write_data_U0}} read_data_U0 {DEPTH 2 CHILDREN {}} dct_2d_U0 {DEPTH 2 CHILDREN {grp_dct_2d_Pipeline_Xpose_Row_Outer_Loop_Xpose_Row_Inner_Loop_fu_310 grp_dct_1d_6_7_fu_323 grp_dct_2d_Pipeline_Xpose_Col_Outer_Loop_Xpose_Col_Inner_Loop_fu_369}} grp_dct_2d_Pipeline_Xpose_Row_Outer_Loop_Xpose_Row_Inner_Loop_fu_310 {DEPTH 3 CHILDREN {}} grp_dct_1d_6_7_fu_323 {DEPTH 3 CHILDREN {}} grp_dct_2d_Pipeline_Xpose_Col_Outer_Loop_Xpose_Col_Inner_Loop_fu_369 {DEPTH 3 CHILDREN {}} write_data_U0 {DEPTH 2 CHILDREN {}}} MODULEDATA {read_data {BINDINFO {{BINDTYPE op ID {} IMPL fabric LATENCY 0 OPTYPE add PRAGMA {} RTLNAME add_ln85_1_fu_233_p2 SOURCE ../xup_high_level_synthesis_design_flow-main/source/lab3/dct.c:85 VARIABLE add_ln85_1 LOOP RD_Loop_Row_RD_Loop_Col BUNDLEDNAME {} DSP 0 BRAM 0 URAM 0 DISPNAME {bind_op add}} {BINDTYPE op ID {} IMPL fabric LATENCY 0 OPTYPE add PRAGMA {} RTLNAME add_ln85_fu_245_p2 SOURCE ../xup_high_level_synthesis_design_flow-main/source/lab3/dct.c:85 VARIABLE add_ln85 LOOP RD_Loop_Row_RD_Loop_Col BUNDLEDNAME {} DSP 0 BRAM 0 URAM 0 DISPNAME {bind_op add}} {BINDTYPE op ID {} IMPL fabric LATENCY 0 OPTYPE add PRAGMA {} RTLNAME add_ln87_fu_294_p2 SOURCE ../xup_high_level_synthesis_design_flow-main/source/lab3/dct.c:87 VARIABLE add_ln87 LOOP RD_Loop_Row_RD_Loop_Col BUNDLEDNAME {} DSP 0 BRAM 0 URAM 0 DISPNAME {bind_op add}}} AREA {DSP 0 BRAM 0 URAM 0}} dct_1d_6_7 {BINDINFO {{BINDTYPE op ID {} IMPL fabric LATENCY 0 OPTYPE add PRAGMA {} RTLNAME add_ln39_fu_307_p2 SOURCE ../xup_high_level_synthesis_design_flow-main/source/lab3/dct.c:39 VARIABLE add_ln39 LOOP DCT_Outer_Loop BUNDLEDNAME {} DSP 0 BRAM 0 URAM 0 DISPNAME {bind_op add}} {BINDTYPE op ID {} IMPL fabric LATENCY 0 OPTYPE add PRAGMA {} RTLNAME add_ln45_8_fu_393_p2 SOURCE ../xup_high_level_synthesis_design_flow-main/source/lab3/dct.c:45 VARIABLE add_ln45_8 LOOP DCT_Outer_Loop BUNDLEDNAME {} DSP 0 BRAM 0 URAM 0 DISPNAME {bind_op add}} {BINDTYPE op ID {} IMPL dsp48 LATENCY 3 OPTYPE mul PRAGMA {} RTLNAME mac_muladd_16s_15s_29s_29_4_1_U14 SOURCE ../xup_high_level_synthesis_design_flow-main/source/lab3/dct.c:45 VARIABLE mul_ln45 LOOP DCT_Outer_Loop BUNDLEDNAME {} DSP 1 BRAM 0 URAM 0 DISPNAME {bind_op mul}} {BINDTYPE op ID {} IMPL dsp48 LATENCY 3 OPTYPE mul PRAGMA {} RTLNAME mac_muladd_16s_15s_13ns_29_4_1_U13 SOURCE ../xup_high_level_synthesis_design_flow-main/source/lab3/dct.c:45 VARIABLE mul_ln45_1 LOOP DCT_Outer_Loop BUNDLEDNAME {} DSP 1 BRAM 0 URAM 0 DISPNAME {bind_op mul}} {BINDTYPE op ID {} IMPL auto LATENCY 0 OPTYPE mul PRAGMA {} RTLNAME mul_16s_14ns_29_1_1_U10 SOURCE ../xup_high_level_synthesis_design_flow-main/source/lab3/dct.c:45 VARIABLE mul_ln45_2 LOOP DCT_Outer_Loop BUNDLEDNAME {} DSP 1 BRAM 0 URAM 0 DISPNAME {bind_op mul}} {BINDTYPE op ID {} IMPL dsp48 LATENCY 3 OPTYPE mul PRAGMA {} RTLNAME mac_muladd_16s_15s_29ns_29_4_1_U15 SOURCE ../xup_high_level_synthesis_design_flow-main/source/lab3/dct.c:45 VARIABLE mul_ln45_3 LOOP DCT_Outer_Loop BUNDLEDNAME {} DSP 1 BRAM 0 URAM 0 DISPNAME {bind_op mul}} {BINDTYPE op ID {} IMPL auto LATENCY 0 OPTYPE mul PRAGMA {} RTLNAME mul_16s_15s_29_1_1_U11 SOURCE ../xup_high_level_synthesis_design_flow-main/source/lab3/dct.c:45 VARIABLE mul_ln45_4 LOOP DCT_Outer_Loop BUNDLEDNAME {} DSP 1 BRAM 0 URAM 0 DISPNAME {bind_op mul}} {BINDTYPE op ID {} IMPL dsp48 LATENCY 3 OPTYPE mul PRAGMA {} RTLNAME mac_muladd_16s_15s_29s_29_4_1_U16 SOURCE ../xup_high_level_synthesis_design_flow-main/source/lab3/dct.c:45 VARIABLE mul_ln45_5 LOOP DCT_Outer_Loop BUNDLEDNAME {} DSP 1 BRAM 0 URAM 0 DISPNAME {bind_op mul}} {BINDTYPE op ID {} IMPL auto LATENCY 0 OPTYPE mul PRAGMA {} RTLNAME mul_16s_15s_29_1_1_U12 SOURCE ../xup_high_level_synthesis_design_flow-main/source/lab3/dct.c:45 VARIABLE mul_ln45_6 LOOP DCT_Outer_Loop BUNDLEDNAME {} DSP 1 BRAM 0 URAM 0 DISPNAME {bind_op mul}} {BINDTYPE op ID {} IMPL dsp48 LATENCY 3 OPTYPE mul PRAGMA {} RTLNAME mac_muladd_16s_15s_29s_29_4_1_U17 SOURCE ../xup_high_level_synthesis_design_flow-main/source/lab3/dct.c:45 VARIABLE mul_ln45_7 LOOP DCT_Outer_Loop BUNDLEDNAME {} DSP 1 BRAM 0 URAM 0 DISPNAME {bind_op mul}} {BINDTYPE op ID {} IMPL dsp48 LATENCY 3 OPTYPE add PRAGMA {} RTLNAME mac_muladd_16s_15s_29s_29_4_1_U14 SOURCE ../xup_high_level_synthesis_design_flow-main/source/lab3/dct.c:45 VARIABLE add_ln45 LOOP DCT_Outer_Loop BUNDLEDNAME {} DSP 1 BRAM 0 URAM 0 DISPNAME {bind_op add}} {BINDTYPE op ID {} IMPL dsp48 LATENCY 3 OPTYPE add PRAGMA {} RTLNAME mac_muladd_16s_15s_29s_29_4_1_U16 SOURCE ../xup_high_level_synthesis_design_flow-main/source/lab3/dct.c:45 VARIABLE add_ln45_1 LOOP DCT_Outer_Loop BUNDLEDNAME {} DSP 1 BRAM 0 URAM 0 DISPNAME {bind_op add}} {BINDTYPE op ID {} IMPL dsp48 LATENCY 3 OPTYPE add PRAGMA {} RTLNAME mac_muladd_16s_15s_29s_29_4_1_U17 SOURCE ../xup_high_level_synthesis_design_flow-main/source/lab3/dct.c:45 VARIABLE add_ln45_3 LOOP DCT_Outer_Loop BUNDLEDNAME {} DSP 1 BRAM 0 URAM 0 DISPNAME {bind_op add}} {BINDTYPE op ID {} IMPL dsp48 LATENCY 3 OPTYPE add PRAGMA {} RTLNAME mac_muladd_16s_15s_13ns_29_4_1_U13 SOURCE ../xup_high_level_synthesis_design_flow-main/source/lab3/dct.c:45 VARIABLE add_ln45_4 LOOP DCT_Outer_Loop BUNDLEDNAME {} DSP 1 BRAM 0 URAM 0 DISPNAME {bind_op add}} {BINDTYPE op ID {} IMPL dsp48 LATENCY 3 OPTYPE add PRAGMA {} RTLNAME mac_muladd_16s_15s_29ns_29_4_1_U15 SOURCE ../xup_high_level_synthesis_design_flow-main/source/lab3/dct.c:45 VARIABLE add_ln45_5 LOOP DCT_Outer_Loop BUNDLEDNAME {} DSP 1 BRAM 0 URAM 0 DISPNAME {bind_op add}} {BINDTYPE op ID {} IMPL fabric LATENCY 0 OPTYPE add PRAGMA {} RTLNAME add_ln45_6_fu_367_p2 SOURCE ../xup_high_level_synthesis_design_flow-main/source/lab3/dct.c:45 VARIABLE add_ln45_6 LOOP DCT_Outer_Loop BUNDLEDNAME {} DSP 0 BRAM 0 URAM 0 DISPNAME {bind_op add}} {BINDTYPE storage ID {} IMPL auto LATENCY 1 OPTYPE rom_1p PRAGMA {} RTLNAME dct_1d_dct_coeff_table_0_U SOURCE {} VARIABLE dct_1d_dct_coeff_table_0 LOOP {} BUNDLEDNAME {} DSP 0 BRAM 0 URAM 0 DISPNAME {bind_storage rom_1p}} {BINDTYPE storage ID {} IMPL auto LATENCY 1 OPTYPE rom_1p PRAGMA {} RTLNAME dct_1d_dct_coeff_table_1_U SOURCE {} VARIABLE dct_1d_dct_coeff_table_1 LOOP {} BUNDLEDNAME {} DSP 0 BRAM 0 URAM 0 DISPNAME {bind_storage rom_1p}} {BINDTYPE storage ID {} IMPL auto LATENCY 1 OPTYPE rom_1p PRAGMA {} RTLNAME dct_1d_dct_coeff_table_2_U SOURCE {} VARIABLE dct_1d_dct_coeff_table_2 LOOP {} BUNDLEDNAME {} DSP 0 BRAM 0 URAM 0 DISPNAME {bind_storage rom_1p}} {BINDTYPE storage ID {} IMPL auto LATENCY 1 OPTYPE rom_1p PRAGMA {} RTLNAME dct_1d_dct_coeff_table_3_U SOURCE {} VARIABLE dct_1d_dct_coeff_table_3 LOOP {} BUNDLEDNAME {} DSP 0 BRAM 0 URAM 0 DISPNAME {bind_storage rom_1p}} {BINDTYPE storage ID {} IMPL auto LATENCY 1 OPTYPE rom_1p PRAGMA {} RTLNAME dct_1d_dct_coeff_table_4_U SOURCE {} VARIABLE dct_1d_dct_coeff_table_4 LOOP {} BUNDLEDNAME {} DSP 0 BRAM 0 URAM 0 DISPNAME {bind_storage rom_1p}} {BINDTYPE storage ID {} IMPL auto LATENCY 1 OPTYPE rom_1p PRAGMA {} RTLNAME dct_1d_dct_coeff_table_5_U SOURCE {} VARIABLE dct_1d_dct_coeff_table_5 LOOP {} BUNDLEDNAME {} DSP 0 BRAM 0 URAM 0 DISPNAME {bind_storage rom_1p}} {BINDTYPE storage ID {} IMPL auto LATENCY 1 OPTYPE rom_1p PRAGMA {} RTLNAME dct_1d_dct_coeff_table_6_U SOURCE {} VARIABLE dct_1d_dct_coeff_table_6 LOOP {} BUNDLEDNAME {} DSP 0 BRAM 0 URAM 0 DISPNAME {bind_storage rom_1p}} {BINDTYPE storage ID {} IMPL auto LATENCY 1 OPTYPE rom_1p PRAGMA {} RTLNAME dct_1d_dct_coeff_table_7_U SOURCE {} VARIABLE dct_1d_dct_coeff_table_7 LOOP {} BUNDLEDNAME {} DSP 0 BRAM 0 URAM 0 DISPNAME {bind_storage rom_1p}}} AREA {DSP 8 BRAM 0 URAM 0}} dct_2d_Pipeline_Xpose_Row_Outer_Loop_Xpose_Row_Inner_Loop {BINDINFO {{BINDTYPE op ID {} IMPL fabric LATENCY 0 OPTYPE add PRAGMA {} RTLNAME add_ln63_1_fu_229_p2 SOURCE ../xup_high_level_synthesis_design_flow-main/source/lab3/dct.c:63 VARIABLE add_ln63_1 LOOP Xpose_Row_Outer_Loop_Xpose_Row_Inner_Loop BUNDLEDNAME {} DSP 0 BRAM 0 URAM 0 DISPNAME {bind_op add}} {BINDTYPE op ID {} IMPL fabric LATENCY 0 OPTYPE add PRAGMA {} RTLNAME add_ln63_fu_241_p2 SOURCE ../xup_high_level_synthesis_design_flow-main/source/lab3/dct.c:63 VARIABLE add_ln63 LOOP Xpose_Row_Outer_Loop_Xpose_Row_Inner_Loop BUNDLEDNAME {} DSP 0 BRAM 0 URAM 0 DISPNAME {bind_op add}} {BINDTYPE op ID {} IMPL fabric LATENCY 0 OPTYPE add PRAGMA {} RTLNAME add_ln66_fu_285_p2 SOURCE ../xup_high_level_synthesis_design_flow-main/source/lab3/dct.c:66 VARIABLE add_ln66 LOOP Xpose_Row_Outer_Loop_Xpose_Row_Inner_Loop BUNDLEDNAME {} DSP 0 BRAM 0 URAM 0 DISPNAME {bind_op add}} {BINDTYPE op ID {} IMPL fabric LATENCY 0 OPTYPE add PRAGMA {} RTLNAME add_ln65_fu_291_p2 SOURCE ../xup_high_level_synthesis_design_flow-main/source/lab3/dct.c:65 VARIABLE add_ln65 LOOP Xpose_Row_Outer_Loop_Xpose_Row_Inner_Loop BUNDLEDNAME {} DSP 0 BRAM 0 URAM 0 DISPNAME {bind_op add}}} AREA {DSP 0 BRAM 0 URAM 0}} dct_2d_Pipeline_Xpose_Col_Outer_Loop_Xpose_Col_Inner_Loop {BINDINFO {{BINDTYPE op ID {} IMPL fabric LATENCY 0 OPTYPE add PRAGMA {} RTLNAME add_ln74_1_fu_105_p2 SOURCE ../xup_high_level_synthesis_design_flow-main/source/lab3/dct.c:74 VARIABLE add_ln74_1 LOOP Xpose_Col_Outer_Loop_Xpose_Col_Inner_Loop BUNDLEDNAME {} DSP 0 BRAM 0 URAM 0 DISPNAME {bind_op add}} {BINDTYPE op ID {} IMPL fabric LATENCY 0 OPTYPE add PRAGMA {} RTLNAME add_ln74_fu_117_p2 SOURCE ../xup_high_level_synthesis_design_flow-main/source/lab3/dct.c:74 VARIABLE add_ln74 LOOP Xpose_Col_Outer_Loop_Xpose_Col_Inner_Loop BUNDLEDNAME {} DSP 0 BRAM 0 URAM 0 DISPNAME {bind_op add}} {BINDTYPE op ID {} IMPL fabric LATENCY 0 OPTYPE add PRAGMA {} RTLNAME add_ln77_fu_187_p2 SOURCE ../xup_high_level_synthesis_design_flow-main/source/lab3/dct.c:77 VARIABLE add_ln77 LOOP Xpose_Col_Outer_Loop_Xpose_Col_Inner_Loop BUNDLEDNAME {} DSP 0 BRAM 0 URAM 0 DISPNAME {bind_op add}} {BINDTYPE op ID {} IMPL fabric LATENCY 0 OPTYPE add PRAGMA {} RTLNAME add_ln77_1_fu_200_p2 SOURCE ../xup_high_level_synthesis_design_flow-main/source/lab3/dct.c:77 VARIABLE add_ln77_1 LOOP Xpose_Col_Outer_Loop_Xpose_Col_Inner_Loop BUNDLEDNAME {} DSP 0 BRAM 0 URAM 0 DISPNAME {bind_op add}} {BINDTYPE op ID {} IMPL fabric LATENCY 0 OPTYPE add PRAGMA {} RTLNAME add_ln76_fu_153_p2 SOURCE ../xup_high_level_synthesis_design_flow-main/source/lab3/dct.c:76 VARIABLE add_ln76 LOOP Xpose_Col_Outer_Loop_Xpose_Col_Inner_Loop BUNDLEDNAME {} DSP 0 BRAM 0 URAM 0 DISPNAME {bind_op add}}} AREA {DSP 0 BRAM 0 URAM 0}} dct_2d {BINDINFO {{BINDTYPE storage ID {} IMPL auto LATENCY 1 OPTYPE ram_1p PRAGMA {} RTLNAME row_outbuf_U SOURCE {} VARIABLE row_outbuf LOOP {} BUNDLEDNAME {} DSP 0 BRAM 1 URAM 0 DISPNAME {bind_storage ram_1p}} {BINDTYPE storage ID {} IMPL auto LATENCY 1 OPTYPE ram_1p PRAGMA {} RTLNAME col_outbuf_U SOURCE {} VARIABLE col_outbuf LOOP {} BUNDLEDNAME {} DSP 0 BRAM 1 URAM 0 DISPNAME {bind_storage ram_1p}} {BINDTYPE storage ID {} IMPL auto LATENCY 1 OPTYPE ram_1p PRAGMA {} RTLNAME col_inbuf_U SOURCE ../xup_high_level_synthesis_design_flow-main/source/lab3/dct.c:53 VARIABLE col_inbuf LOOP {} BUNDLEDNAME {} DSP 0 BRAM 0 URAM 0 DISPNAME {bind_storage ram_1p}} {BINDTYPE storage ID {} IMPL auto LATENCY 1 OPTYPE ram_1p PRAGMA {} RTLNAME col_inbuf_1_U SOURCE ../xup_high_level_synthesis_design_flow-main/source/lab3/dct.c:53 VARIABLE col_inbuf_1 LOOP {} BUNDLEDNAME {} DSP 0 BRAM 0 URAM 0 DISPNAME {bind_storage ram_1p}} {BINDTYPE storage ID {} IMPL auto LATENCY 1 OPTYPE ram_1p PRAGMA {} RTLNAME col_inbuf_2_U SOURCE ../xup_high_level_synthesis_design_flow-main/source/lab3/dct.c:53 VARIABLE col_inbuf_2 LOOP {} BUNDLEDNAME {} DSP 0 BRAM 0 URAM 0 DISPNAME {bind_storage ram_1p}} {BINDTYPE storage ID {} IMPL auto LATENCY 1 OPTYPE ram_1p PRAGMA {} RTLNAME col_inbuf_3_U SOURCE ../xup_high_level_synthesis_design_flow-main/source/lab3/dct.c:53 VARIABLE col_inbuf_3 LOOP {} BUNDLEDNAME {} DSP 0 BRAM 0 URAM 0 DISPNAME {bind_storage ram_1p}} {BINDTYPE storage ID {} IMPL auto LATENCY 1 OPTYPE ram_1p PRAGMA {} RTLNAME col_inbuf_4_U SOURCE ../xup_high_level_synthesis_design_flow-main/source/lab3/dct.c:53 VARIABLE col_inbuf_4 LOOP {} BUNDLEDNAME {} DSP 0 BRAM 0 URAM 0 DISPNAME {bind_storage ram_1p}} {BINDTYPE storage ID {} IMPL auto LATENCY 1 OPTYPE ram_1p PRAGMA {} RTLNAME col_inbuf_5_U SOURCE ../xup_high_level_synthesis_design_flow-main/source/lab3/dct.c:53 VARIABLE col_inbuf_5 LOOP {} BUNDLEDNAME {} DSP 0 BRAM 0 URAM 0 DISPNAME {bind_storage ram_1p}} {BINDTYPE storage ID {} IMPL auto LATENCY 1 OPTYPE ram_1p PRAGMA {} RTLNAME col_inbuf_6_U SOURCE ../xup_high_level_synthesis_design_flow-main/source/lab3/dct.c:53 VARIABLE col_inbuf_6 LOOP {} BUNDLEDNAME {} DSP 0 BRAM 0 URAM 0 DISPNAME {bind_storage ram_1p}} {BINDTYPE storage ID {} IMPL auto LATENCY 1 OPTYPE ram_1p PRAGMA {} RTLNAME col_inbuf_7_U SOURCE ../xup_high_level_synthesis_design_flow-main/source/lab3/dct.c:53 VARIABLE col_inbuf_7 LOOP {} BUNDLEDNAME {} DSP 0 BRAM 0 URAM 0 DISPNAME {bind_storage ram_1p}} {BINDTYPE op ID {} IMPL fabric LATENCY 0 OPTYPE add PRAGMA {} RTLNAME add_ln58_fu_406_p2 SOURCE ../xup_high_level_synthesis_design_flow-main/source/lab3/dct.c:58 VARIABLE add_ln58 LOOP Row_DCT_Loop BUNDLEDNAME {} DSP 0 BRAM 0 URAM 0 DISPNAME {bind_op add}} {BINDTYPE op ID {} IMPL fabric LATENCY 0 OPTYPE add PRAGMA {} RTLNAME add_ln69_fu_447_p2 SOURCE ../xup_high_level_synthesis_design_flow-main/source/lab3/dct.c:69 VARIABLE add_ln69 LOOP Col_DCT_Loop BUNDLEDNAME {} DSP 0 BRAM 0 URAM 0 DISPNAME {bind_op add}}} AREA {DSP 8 BRAM 2 URAM 0}} write_data {BINDINFO {{BINDTYPE op ID {} IMPL fabric LATENCY 0 OPTYPE add PRAGMA {} RTLNAME add_ln97_1_fu_109_p2 SOURCE ../xup_high_level_synthesis_design_flow-main/source/lab3/dct.c:97 VARIABLE add_ln97_1 LOOP WR_Loop_Row_WR_Loop_Col BUNDLEDNAME {} DSP 0 BRAM 0 URAM 0 DISPNAME {bind_op add}} {BINDTYPE op ID {} IMPL fabric LATENCY 0 OPTYPE add PRAGMA {} RTLNAME add_ln97_fu_121_p2 SOURCE ../xup_high_level_synthesis_design_flow-main/source/lab3/dct.c:97 VARIABLE add_ln97 LOOP WR_Loop_Row_WR_Loop_Col BUNDLEDNAME {} DSP 0 BRAM 0 URAM 0 DISPNAME {bind_op add}} {BINDTYPE op ID {} IMPL fabric LATENCY 0 OPTYPE add PRAGMA {} RTLNAME add_ln100_fu_188_p2 SOURCE ../xup_high_level_synthesis_design_flow-main/source/lab3/dct.c:100 VARIABLE add_ln100 LOOP WR_Loop_Row_WR_Loop_Col BUNDLEDNAME {} DSP 0 BRAM 0 URAM 0 DISPNAME {bind_op add}} {BINDTYPE op ID {} IMPL fabric LATENCY 0 OPTYPE add PRAGMA {} RTLNAME add_ln99_fu_157_p2 SOURCE ../xup_high_level_synthesis_design_flow-main/source/lab3/dct.c:99 VARIABLE add_ln99 LOOP WR_Loop_Row_WR_Loop_Col BUNDLEDNAME {} DSP 0 BRAM 0 URAM 0 DISPNAME {bind_op add}}} AREA {DSP 0 BRAM 0 URAM 0}} dct {BINDINFO {{BINDTYPE storage ID {} IMPL auto LATENCY 1 OPTYPE ram_1p PRAGMA {} RTLNAME buf_2d_in_U SOURCE ../xup_high_level_synthesis_design_flow-main/source/lab3/dct.c:107 VARIABLE buf_2d_in LOOP {} BUNDLEDNAME {} DSP 0 BRAM 0 URAM 0 DISPNAME {bind_storage ram_1p}} {BINDTYPE storage ID {} IMPL auto LATENCY 1 OPTYPE ram_1p PRAGMA {} RTLNAME buf_2d_in_1_U SOURCE ../xup_high_level_synthesis_design_flow-main/source/lab3/dct.c:107 VARIABLE buf_2d_in_1 LOOP {} BUNDLEDNAME {} DSP 0 BRAM 0 URAM 0 DISPNAME {bind_storage ram_1p}} {BINDTYPE storage ID {} IMPL auto LATENCY 1 OPTYPE ram_1p PRAGMA {} RTLNAME buf_2d_in_2_U SOURCE ../xup_high_level_synthesis_design_flow-main/source/lab3/dct.c:107 VARIABLE buf_2d_in_2 LOOP {} BUNDLEDNAME {} DSP 0 BRAM 0 URAM 0 DISPNAME {bind_storage ram_1p}} {BINDTYPE storage ID {} IMPL auto LATENCY 1 OPTYPE ram_1p PRAGMA {} RTLNAME buf_2d_in_3_U SOURCE ../xup_high_level_synthesis_design_flow-main/source/lab3/dct.c:107 VARIABLE buf_2d_in_3 LOOP {} BUNDLEDNAME {} DSP 0 BRAM 0 URAM 0 DISPNAME {bind_storage ram_1p}} {BINDTYPE storage ID {} IMPL auto LATENCY 1 OPTYPE ram_1p PRAGMA {} RTLNAME buf_2d_in_4_U SOURCE ../xup_high_level_synthesis_design_flow-main/source/lab3/dct.c:107 VARIABLE buf_2d_in_4 LOOP {} BUNDLEDNAME {} DSP 0 BRAM 0 URAM 0 DISPNAME {bind_storage ram_1p}} {BINDTYPE storage ID {} IMPL auto LATENCY 1 OPTYPE ram_1p PRAGMA {} RTLNAME buf_2d_in_5_U SOURCE ../xup_high_level_synthesis_design_flow-main/source/lab3/dct.c:107 VARIABLE buf_2d_in_5 LOOP {} BUNDLEDNAME {} DSP 0 BRAM 0 URAM 0 DISPNAME {bind_storage ram_1p}} {BINDTYPE storage ID {} IMPL auto LATENCY 1 OPTYPE ram_1p PRAGMA {} RTLNAME buf_2d_in_6_U SOURCE ../xup_high_level_synthesis_design_flow-main/source/lab3/dct.c:107 VARIABLE buf_2d_in_6 LOOP {} BUNDLEDNAME {} DSP 0 BRAM 0 URAM 0 DISPNAME {bind_storage ram_1p}} {BINDTYPE storage ID {} IMPL auto LATENCY 1 OPTYPE ram_1p PRAGMA {} RTLNAME buf_2d_in_7_U SOURCE ../xup_high_level_synthesis_design_flow-main/source/lab3/dct.c:107 VARIABLE buf_2d_in_7 LOOP {} BUNDLEDNAME {} DSP 0 BRAM 0 URAM 0 DISPNAME {bind_storage ram_1p}} {BINDTYPE storage ID {} IMPL auto LATENCY 1 OPTYPE ram_1p PRAGMA {} RTLNAME buf_2d_out_U SOURCE ../xup_high_level_synthesis_design_flow-main/source/lab3/dct.c:108 VARIABLE buf_2d_out LOOP {} BUNDLEDNAME {} DSP 0 BRAM 1 URAM 0 DISPNAME {bind_storage ram_1p}}} AREA {DSP 8 BRAM 3 URAM 0}}}}'
INFO-FLOW: DBG:PUTS:      update_csynth_reports json2rpt_hw_sw_interfaces
INFO-FLOW: Running: gen_csynth_sec_pragma
INFO-FLOW: Done: gen_csynth_sec_pragma time: 0 seconds per iteration
INFO-FLOW: DBG:PUTS:      update_csynth_reports wrote xml
INFO-FLOW: DBG:PUTS:      update_csynth_reports appended to csynth rpt file
INFO: [HLS 200-111] Finished Updating report files: CPU user time: 0 seconds. CPU system time: 0 seconds. Elapsed time: 0.594 seconds; current allocated memory: 649.059 MB.
INFO: [VHDL 208-304] Generating VHDL RTL for dct.
INFO: [VLOG 209-307] Generating Verilog RTL for dct.
Execute       syn_report -model dct -printsummary 
INFO: [HLS 200-790] **** Loop Constraint Status: All loop constraints were satisfied.
INFO: [HLS 200-789] **** Estimated Fmax: 153.66 MHz
Command     autosyn done; 4.512 sec.
Command   csynth_design done; 7.756 sec.
INFO: [HLS 200-111] Finished Command csynth_design CPU user time: 3 seconds. CPU system time: 0 seconds. Elapsed time: 7.756 seconds; current allocated memory: 116.336 MB.
Command ap_source done; 9.597 sec.
Execute cleanup_all 
