

================================================================
== Vitis HLS Report for 'dct'
================================================================
* Date:           Sun Dec  1 13:48:26 2024

* Version:        2023.1 (Build 3854077 on May  4 2023)
* Project:        lab3
* Solution:       solution2 (Vivado IP Flow Target)
* Product family: zynq
* Target device:  xc7z020-clg484-1


================================================================
== Performance Estimates
================================================================
+ Timing: 
    * Summary: 
    +--------+----------+----------+------------+
    |  Clock |  Target  | Estimated| Uncertainty|
    +--------+----------+----------+------------+
    |ap_clk  |  10.00 ns|  6.508 ns|     2.70 ns|
    +--------+----------+----------+------------+

+ Latency: 
    * Summary: 
    +---------+---------+-----------+-----------+------+------+---------+
    |  Latency (cycles) |   Latency (absolute)  |   Interval  | Pipeline|
    |   min   |   max   |    min    |    max    |  min |  max |   Type  |
    +---------+---------+-----------+-----------+------+------+---------+
    |     5990|     5990|  59.900 us|  59.900 us|  5991|  5991|       no|
    +---------+---------+-----------+-----------+------+------+---------+

    + Detail: 
        * Instance: 
        N/A

        * Loop: 
        +-------------------------+---------+---------+----------+-----------+-----------+------+----------+
        |                         |  Latency (cycles) | Iteration|  Initiation Interval  | Trip |          |
        |        Loop Name        |   min   |   max   |  Latency |  achieved |   target  | Count| Pipelined|
        +-------------------------+---------+---------+----------+-----------+-----------+------+----------+
        |- RD_Loop_Row            |      144|      144|        18|          -|          -|     8|        no|
        | + RD_Loop_Col           |       16|       16|         2|          -|          -|     8|        no|
        |- Row_DCT_Loop           |     2704|     2704|       338|          -|          -|     8|        no|
        | + DCT_Outer_Loop        |      336|      336|        42|          -|          -|     8|        no|
        |  ++ DCT_Inner_Loop      |       40|       40|         5|          -|          -|     8|        no|
        |- Xpose_Row_Outer_Loop   |      144|      144|        18|          -|          -|     8|        no|
        | + Xpose_Row_Inner_Loop  |       16|       16|         2|          -|          -|     8|        no|
        |- Col_DCT_Loop           |     2704|     2704|       338|          -|          -|     8|        no|
        | + DCT_Outer_Loop        |      336|      336|        42|          -|          -|     8|        no|
        |  ++ DCT_Inner_Loop      |       40|       40|         5|          -|          -|     8|        no|
        |- Xpose_Col_Outer_Loop   |      144|      144|        18|          -|          -|     8|        no|
        | + Xpose_Col_Inner_Loop  |       16|       16|         2|          -|          -|     8|        no|
        |- WR_Loop_Row            |      144|      144|        18|          -|          -|     8|        no|
        | + WR_Loop_Col           |       16|       16|         2|          -|          -|     8|        no|
        +-------------------------+---------+---------+----------+-----------+-----------+------+----------+

============================================================
+ Verbose Summary: Synthesis Manager
============================================================
InlineROM: 1
ExposeGlobal: 0
============================================================
+ Verbose Summary: CDFG Model
============================================================
IsTopModel: 1
ResetActiveHigh: 1
IsCombinational: 0
IsDatapathOnly: 0
HasWiredReturn: 1
HasMFsm: 0
HasVarLatency: 1
IsPipeline: 0
IsRtlPipelined: 0
IsInstanceOverlapped: 0
IsDontTouch: 0
HasImplIP: 0
IsGatedGlobalClock: 0


============================================================
+ Verbose Summary: Schedule
============================================================
* Number of FSM states : 27
* Pipeline : 0
* Dataflow Pipeline: 0

* FSM state transitions: 
1 --> 2 
2 --> 3 5 
3 --> 4 2 
4 --> 3 
5 --> 6 12 
6 --> 7 5 
7 --> 8 6 
8 --> 9 
9 --> 10 
10 --> 11 
11 --> 7 
12 --> 13 15 
13 --> 14 12 
14 --> 13 
15 --> 16 22 
16 --> 17 15 
17 --> 18 16 
18 --> 19 
19 --> 20 
20 --> 21 
21 --> 17 
22 --> 23 25 
23 --> 24 22 
24 --> 23 
25 --> 26 
26 --> 27 25 
27 --> 26 

* FSM state operations: 

State 1 <SV = 0> <Delay = 3.25>
ST_1 : Operation 28 [1/1] (0.00ns)   --->   "%r = alloca i32 1"   --->   Operation 28 'alloca' 'r' <Predicate = true> <Delay = 0.00>
ST_1 : Operation 29 [1/1] (0.00ns)   --->   "%spectopmodule_ln104 = spectopmodule void @_ssdm_op_SpecTopModule, void @empty_1" [../xup_high_level_synthesis_design_flow-main/source/lab3/dct.c:104]   --->   Operation 29 'spectopmodule' 'spectopmodule_ln104' <Predicate = true> <Delay = 0.00>
ST_1 : Operation 30 [1/1] (0.00ns)   --->   "%specinterface_ln0 = specinterface void @_ssdm_op_SpecInterface, i16 %input_r, void @empty, i32 0, i32 0, void @empty_0, i32 4294967295, i32 0, void @empty_0, void @empty_0, void @empty_0, i32 0, i32 0, i32 0, i32 0, void @empty_0, void @empty_0, i32 4294967295, i32 0"   --->   Operation 30 'specinterface' 'specinterface_ln0' <Predicate = true> <Delay = 0.00>
ST_1 : Operation 31 [1/1] (0.00ns)   --->   "%specbitsmap_ln0 = specbitsmap void @_ssdm_op_SpecBitsMap, i16 %input_r"   --->   Operation 31 'specbitsmap' 'specbitsmap_ln0' <Predicate = true> <Delay = 0.00>
ST_1 : Operation 32 [1/1] (0.00ns)   --->   "%specinterface_ln0 = specinterface void @_ssdm_op_SpecInterface, i16 %output_r, void @empty, i32 0, i32 0, void @empty_0, i32 4294967295, i32 0, void @empty_0, void @empty_0, void @empty_0, i32 0, i32 0, i32 0, i32 0, void @empty_0, void @empty_0, i32 4294967295, i32 0"   --->   Operation 32 'specinterface' 'specinterface_ln0' <Predicate = true> <Delay = 0.00>
ST_1 : Operation 33 [1/1] (0.00ns)   --->   "%specbitsmap_ln0 = specbitsmap void @_ssdm_op_SpecBitsMap, i16 %output_r"   --->   Operation 33 'specbitsmap' 'specbitsmap_ln0' <Predicate = true> <Delay = 0.00>
ST_1 : Operation 34 [1/1] (3.25ns)   --->   "%row_outbuf = alloca i64 1" [../xup_high_level_synthesis_design_flow-main/source/lab3/dct.c:52->../xup_high_level_synthesis_design_flow-main/source/lab3/dct.c:113]   --->   Operation 34 'alloca' 'row_outbuf' <Predicate = true> <Delay = 3.25> <CoreInst = "RAM">   --->   Core 82 'RAM' <Latency = 1> <II = 1> <Delay = 3.25> <Storage> <Opcode : 'load' 'store'> <Ports = 2> <Width = 16> <Depth = 64> <RAM>
ST_1 : Operation 35 [1/1] (3.25ns)   --->   "%col_outbuf = alloca i64 1" [../xup_high_level_synthesis_design_flow-main/source/lab3/dct.c:53->../xup_high_level_synthesis_design_flow-main/source/lab3/dct.c:113]   --->   Operation 35 'alloca' 'col_outbuf' <Predicate = true> <Delay = 3.25> <CoreInst = "RAM">   --->   Core 82 'RAM' <Latency = 1> <II = 1> <Delay = 3.25> <Storage> <Opcode : 'load' 'store'> <Ports = 2> <Width = 16> <Depth = 64> <RAM>
ST_1 : Operation 36 [1/1] (3.25ns)   --->   "%col_inbuf = alloca i64 1" [../xup_high_level_synthesis_design_flow-main/source/lab3/dct.c:53->../xup_high_level_synthesis_design_flow-main/source/lab3/dct.c:113]   --->   Operation 36 'alloca' 'col_inbuf' <Predicate = true> <Delay = 3.25> <CoreInst = "RAM">   --->   Core 82 'RAM' <Latency = 1> <II = 1> <Delay = 3.25> <Storage> <Opcode : 'load' 'store'> <Ports = 2> <Width = 16> <Depth = 64> <RAM>
ST_1 : Operation 37 [1/1] (3.25ns)   --->   "%buf_2d_in = alloca i64 1" [../xup_high_level_synthesis_design_flow-main/source/lab3/dct.c:107]   --->   Operation 37 'alloca' 'buf_2d_in' <Predicate = true> <Delay = 3.25> <CoreInst = "RAM">   --->   Core 82 'RAM' <Latency = 1> <II = 1> <Delay = 3.25> <Storage> <Opcode : 'load' 'store'> <Ports = 2> <Width = 16> <Depth = 64> <RAM>
ST_1 : Operation 38 [1/1] (3.25ns)   --->   "%buf_2d_out = alloca i64 1" [../xup_high_level_synthesis_design_flow-main/source/lab3/dct.c:108]   --->   Operation 38 'alloca' 'buf_2d_out' <Predicate = true> <Delay = 3.25> <CoreInst = "RAM">   --->   Core 82 'RAM' <Latency = 1> <II = 1> <Delay = 3.25> <Storage> <Opcode : 'load' 'store'> <Ports = 2> <Width = 16> <Depth = 64> <RAM>
ST_1 : Operation 39 [1/1] (1.58ns)   --->   "%store_ln85 = store i4 0, i4 %r" [../xup_high_level_synthesis_design_flow-main/source/lab3/dct.c:85->../xup_high_level_synthesis_design_flow-main/source/lab3/dct.c:111]   --->   Operation 39 'store' 'store_ln85' <Predicate = true> <Delay = 1.58>
ST_1 : Operation 40 [1/1] (0.00ns)   --->   "%br_ln85 = br void %RD_Loop_Col.i" [../xup_high_level_synthesis_design_flow-main/source/lab3/dct.c:85->../xup_high_level_synthesis_design_flow-main/source/lab3/dct.c:111]   --->   Operation 40 'br' 'br_ln85' <Predicate = true> <Delay = 0.00>

State 2 <SV = 1> <Delay = 3.32>
ST_2 : Operation 41 [1/1] (0.00ns)   --->   "%r_2 = load i4 %r" [../xup_high_level_synthesis_design_flow-main/source/lab3/dct.c:88->../xup_high_level_synthesis_design_flow-main/source/lab3/dct.c:111]   --->   Operation 41 'load' 'r_2' <Predicate = true> <Delay = 0.00>
ST_2 : Operation 42 [1/1] (0.00ns)   --->   "%trunc_ln88 = trunc i4 %r_2" [../xup_high_level_synthesis_design_flow-main/source/lab3/dct.c:88->../xup_high_level_synthesis_design_flow-main/source/lab3/dct.c:111]   --->   Operation 42 'trunc' 'trunc_ln88' <Predicate = true> <Delay = 0.00>
ST_2 : Operation 43 [1/1] (0.00ns)   --->   "%tmp_4 = bitconcatenate i6 @_ssdm_op_BitConcatenate.i6.i3.i3, i3 %trunc_ln88, i3 0" [../xup_high_level_synthesis_design_flow-main/source/lab3/dct.c:88->../xup_high_level_synthesis_design_flow-main/source/lab3/dct.c:111]   --->   Operation 43 'bitconcatenate' 'tmp_4' <Predicate = true> <Delay = 0.00>
ST_2 : Operation 44 [1/1] (1.73ns)   --->   "%icmp_ln85 = icmp_eq  i4 %r_2, i4 8" [../xup_high_level_synthesis_design_flow-main/source/lab3/dct.c:85->../xup_high_level_synthesis_design_flow-main/source/lab3/dct.c:111]   --->   Operation 44 'icmp' 'icmp_ln85' <Predicate = true> <Delay = 1.73> <CoreInst = "Cmp">   --->   Core 9 'Cmp' <Latency = 0> <II = 1> <Delay = 1.73> <FuncUnit> <Opcode : 'icmp'> <InPorts = 2> <OutPorts = 1>
ST_2 : Operation 45 [1/1] (1.73ns)   --->   "%add_ln85 = add i4 %r_2, i4 1" [../xup_high_level_synthesis_design_flow-main/source/lab3/dct.c:85->../xup_high_level_synthesis_design_flow-main/source/lab3/dct.c:111]   --->   Operation 45 'add' 'add_ln85' <Predicate = true> <Delay = 1.73> <CoreInst = "Adder">   --->   Core 1 'Adder' <Latency = 0> <II = 1> <Delay = 1.73> <FuncUnit> <Opcode : 'add' 'sub'> <InPorts = 2> <OutPorts = 1>
ST_2 : Operation 46 [1/1] (0.00ns)   --->   "%br_ln85 = br i1 %icmp_ln85, void %RD_Loop_Col.i.split, void %for.inc.i2.preheader" [../xup_high_level_synthesis_design_flow-main/source/lab3/dct.c:85->../xup_high_level_synthesis_design_flow-main/source/lab3/dct.c:111]   --->   Operation 46 'br' 'br_ln85' <Predicate = true> <Delay = 0.00>
ST_2 : Operation 47 [1/1] (0.00ns)   --->   "%speclooptripcount_ln82 = speclooptripcount void @_ssdm_op_SpecLoopTripCount, i64 8, i64 8, i64 8" [../xup_high_level_synthesis_design_flow-main/source/lab3/dct.c:82->../xup_high_level_synthesis_design_flow-main/source/lab3/dct.c:111]   --->   Operation 47 'speclooptripcount' 'speclooptripcount_ln82' <Predicate = (!icmp_ln85)> <Delay = 0.00>
ST_2 : Operation 48 [1/1] (0.00ns)   --->   "%specloopname_ln85 = specloopname void @_ssdm_op_SpecLoopName, void @empty_13" [../xup_high_level_synthesis_design_flow-main/source/lab3/dct.c:85->../xup_high_level_synthesis_design_flow-main/source/lab3/dct.c:111]   --->   Operation 48 'specloopname' 'specloopname_ln85' <Predicate = (!icmp_ln85)> <Delay = 0.00>
ST_2 : Operation 49 [1/1] (1.58ns)   --->   "%br_ln87 = br void %for.inc.i" [../xup_high_level_synthesis_design_flow-main/source/lab3/dct.c:87->../xup_high_level_synthesis_design_flow-main/source/lab3/dct.c:111]   --->   Operation 49 'br' 'br_ln87' <Predicate = (!icmp_ln85)> <Delay = 1.58>
ST_2 : Operation 50 [1/1] (0.00ns)   --->   "%i = alloca i32 1"   --->   Operation 50 'alloca' 'i' <Predicate = (icmp_ln85)> <Delay = 0.00>
ST_2 : Operation 51 [1/1] (1.58ns)   --->   "%store_ln45 = store i4 0, i4 %i" [../xup_high_level_synthesis_design_flow-main/source/lab3/dct.c:45->../xup_high_level_synthesis_design_flow-main/source/lab3/dct.c:59->../xup_high_level_synthesis_design_flow-main/source/lab3/dct.c:113]   --->   Operation 51 'store' 'store_ln45' <Predicate = (icmp_ln85)> <Delay = 1.58>
ST_2 : Operation 52 [1/1] (0.00ns)   --->   "%br_ln45 = br void %for.inc.i2" [../xup_high_level_synthesis_design_flow-main/source/lab3/dct.c:45->../xup_high_level_synthesis_design_flow-main/source/lab3/dct.c:59->../xup_high_level_synthesis_design_flow-main/source/lab3/dct.c:113]   --->   Operation 52 'br' 'br_ln45' <Predicate = (icmp_ln85)> <Delay = 0.00>

State 3 <SV = 2> <Delay = 3.32>
ST_3 : Operation 53 [1/1] (0.00ns)   --->   "%c = phi i4 %add_ln87, void %for.inc.i.split, i4 0, void %RD_Loop_Col.i.split" [../xup_high_level_synthesis_design_flow-main/source/lab3/dct.c:87->../xup_high_level_synthesis_design_flow-main/source/lab3/dct.c:111]   --->   Operation 53 'phi' 'c' <Predicate = true> <Delay = 0.00>
ST_3 : Operation 54 [1/1] (0.00ns)   --->   "%zext_ln88_1 = zext i4 %c" [../xup_high_level_synthesis_design_flow-main/source/lab3/dct.c:88->../xup_high_level_synthesis_design_flow-main/source/lab3/dct.c:111]   --->   Operation 54 'zext' 'zext_ln88_1' <Predicate = true> <Delay = 0.00>
ST_3 : Operation 55 [1/1] (1.82ns)   --->   "%add_ln88 = add i6 %tmp_4, i6 %zext_ln88_1" [../xup_high_level_synthesis_design_flow-main/source/lab3/dct.c:88->../xup_high_level_synthesis_design_flow-main/source/lab3/dct.c:111]   --->   Operation 55 'add' 'add_ln88' <Predicate = true> <Delay = 1.82> <CoreInst = "Adder">   --->   Core 1 'Adder' <Latency = 0> <II = 1> <Delay = 1.82> <FuncUnit> <Opcode : 'add' 'sub'> <InPorts = 2> <OutPorts = 1>
ST_3 : Operation 56 [1/1] (0.00ns)   --->   "%zext_ln88_2 = zext i6 %add_ln88" [../xup_high_level_synthesis_design_flow-main/source/lab3/dct.c:88->../xup_high_level_synthesis_design_flow-main/source/lab3/dct.c:111]   --->   Operation 56 'zext' 'zext_ln88_2' <Predicate = true> <Delay = 0.00>
ST_3 : Operation 57 [1/1] (0.00ns)   --->   "%buf_2d_in_addr = getelementptr i16 %buf_2d_in, i64 0, i64 %zext_ln88_2" [../xup_high_level_synthesis_design_flow-main/source/lab3/dct.c:88->../xup_high_level_synthesis_design_flow-main/source/lab3/dct.c:111]   --->   Operation 57 'getelementptr' 'buf_2d_in_addr' <Predicate = true> <Delay = 0.00>
ST_3 : Operation 58 [1/1] (1.73ns)   --->   "%icmp_ln87 = icmp_eq  i4 %c, i4 8" [../xup_high_level_synthesis_design_flow-main/source/lab3/dct.c:87->../xup_high_level_synthesis_design_flow-main/source/lab3/dct.c:111]   --->   Operation 58 'icmp' 'icmp_ln87' <Predicate = true> <Delay = 1.73> <CoreInst = "Cmp">   --->   Core 9 'Cmp' <Latency = 0> <II = 1> <Delay = 1.73> <FuncUnit> <Opcode : 'icmp'> <InPorts = 2> <OutPorts = 1>
ST_3 : Operation 59 [1/1] (1.73ns)   --->   "%add_ln87 = add i4 %c, i4 1" [../xup_high_level_synthesis_design_flow-main/source/lab3/dct.c:87->../xup_high_level_synthesis_design_flow-main/source/lab3/dct.c:111]   --->   Operation 59 'add' 'add_ln87' <Predicate = true> <Delay = 1.73> <CoreInst = "Adder">   --->   Core 1 'Adder' <Latency = 0> <II = 1> <Delay = 1.73> <FuncUnit> <Opcode : 'add' 'sub'> <InPorts = 2> <OutPorts = 1>
ST_3 : Operation 60 [1/1] (0.00ns)   --->   "%br_ln87 = br i1 %icmp_ln87, void %for.inc.i.split, void %for.inc8.i" [../xup_high_level_synthesis_design_flow-main/source/lab3/dct.c:87->../xup_high_level_synthesis_design_flow-main/source/lab3/dct.c:111]   --->   Operation 60 'br' 'br_ln87' <Predicate = true> <Delay = 0.00>
ST_3 : Operation 61 [1/1] (0.00ns)   --->   "%trunc_ln88_1 = trunc i4 %c" [../xup_high_level_synthesis_design_flow-main/source/lab3/dct.c:88->../xup_high_level_synthesis_design_flow-main/source/lab3/dct.c:111]   --->   Operation 61 'trunc' 'trunc_ln88_1' <Predicate = (!icmp_ln87)> <Delay = 0.00>
ST_3 : Operation 62 [1/1] (0.00ns)   --->   "%add_ln = bitconcatenate i6 @_ssdm_op_BitConcatenate.i6.i3.i3, i3 %trunc_ln88, i3 %trunc_ln88_1" [../xup_high_level_synthesis_design_flow-main/source/lab3/dct.c:88->../xup_high_level_synthesis_design_flow-main/source/lab3/dct.c:111]   --->   Operation 62 'bitconcatenate' 'add_ln' <Predicate = (!icmp_ln87)> <Delay = 0.00>
ST_3 : Operation 63 [1/1] (0.00ns)   --->   "%zext_ln88 = zext i6 %add_ln" [../xup_high_level_synthesis_design_flow-main/source/lab3/dct.c:88->../xup_high_level_synthesis_design_flow-main/source/lab3/dct.c:111]   --->   Operation 63 'zext' 'zext_ln88' <Predicate = (!icmp_ln87)> <Delay = 0.00>
ST_3 : Operation 64 [1/1] (0.00ns)   --->   "%input_r_addr = getelementptr i16 %input_r, i64 0, i64 %zext_ln88" [../xup_high_level_synthesis_design_flow-main/source/lab3/dct.c:88->../xup_high_level_synthesis_design_flow-main/source/lab3/dct.c:111]   --->   Operation 64 'getelementptr' 'input_r_addr' <Predicate = (!icmp_ln87)> <Delay = 0.00>
ST_3 : Operation 65 [2/2] (3.25ns)   --->   "%input_r_load = load i6 %input_r_addr" [../xup_high_level_synthesis_design_flow-main/source/lab3/dct.c:88->../xup_high_level_synthesis_design_flow-main/source/lab3/dct.c:111]   --->   Operation 65 'load' 'input_r_load' <Predicate = (!icmp_ln87)> <Delay = 3.25> <CoreInst = "RAM">   --->   Core 82 'RAM' <Latency = 1> <II = 1> <Delay = 3.25> <Storage> <Opcode : 'load' 'store'> <Ports = 2> <Width = 16> <Depth = 64> <RAM>
ST_3 : Operation 66 [1/1] (1.58ns)   --->   "%store_ln85 = store i4 %add_ln85, i4 %r" [../xup_high_level_synthesis_design_flow-main/source/lab3/dct.c:85->../xup_high_level_synthesis_design_flow-main/source/lab3/dct.c:111]   --->   Operation 66 'store' 'store_ln85' <Predicate = (icmp_ln87)> <Delay = 1.58>
ST_3 : Operation 67 [1/1] (0.00ns)   --->   "%br_ln85 = br void %RD_Loop_Col.i" [../xup_high_level_synthesis_design_flow-main/source/lab3/dct.c:85->../xup_high_level_synthesis_design_flow-main/source/lab3/dct.c:111]   --->   Operation 67 'br' 'br_ln85' <Predicate = (icmp_ln87)> <Delay = 0.00>

State 4 <SV = 3> <Delay = 6.50>
ST_4 : Operation 68 [1/1] (0.00ns)   --->   "%speclooptripcount_ln82 = speclooptripcount void @_ssdm_op_SpecLoopTripCount, i64 8, i64 8, i64 8" [../xup_high_level_synthesis_design_flow-main/source/lab3/dct.c:82->../xup_high_level_synthesis_design_flow-main/source/lab3/dct.c:111]   --->   Operation 68 'speclooptripcount' 'speclooptripcount_ln82' <Predicate = true> <Delay = 0.00>
ST_4 : Operation 69 [1/1] (0.00ns)   --->   "%specloopname_ln87 = specloopname void @_ssdm_op_SpecLoopName, void @empty_12" [../xup_high_level_synthesis_design_flow-main/source/lab3/dct.c:87->../xup_high_level_synthesis_design_flow-main/source/lab3/dct.c:111]   --->   Operation 69 'specloopname' 'specloopname_ln87' <Predicate = true> <Delay = 0.00>
ST_4 : Operation 70 [1/2] (3.25ns)   --->   "%input_r_load = load i6 %input_r_addr" [../xup_high_level_synthesis_design_flow-main/source/lab3/dct.c:88->../xup_high_level_synthesis_design_flow-main/source/lab3/dct.c:111]   --->   Operation 70 'load' 'input_r_load' <Predicate = true> <Delay = 3.25> <CoreInst = "RAM">   --->   Core 82 'RAM' <Latency = 1> <II = 1> <Delay = 3.25> <Storage> <Opcode : 'load' 'store'> <Ports = 2> <Width = 16> <Depth = 64> <RAM>
ST_4 : Operation 71 [1/1] (3.25ns)   --->   "%store_ln88 = store i16 %input_r_load, i6 %buf_2d_in_addr" [../xup_high_level_synthesis_design_flow-main/source/lab3/dct.c:88->../xup_high_level_synthesis_design_flow-main/source/lab3/dct.c:111]   --->   Operation 71 'store' 'store_ln88' <Predicate = true> <Delay = 3.25> <CoreInst = "RAM">   --->   Core 82 'RAM' <Latency = 1> <II = 1> <Delay = 3.25> <Storage> <Opcode : 'load' 'store'> <Ports = 2> <Width = 16> <Depth = 64> <RAM>
ST_4 : Operation 72 [1/1] (0.00ns)   --->   "%br_ln87 = br void %for.inc.i" [../xup_high_level_synthesis_design_flow-main/source/lab3/dct.c:87->../xup_high_level_synthesis_design_flow-main/source/lab3/dct.c:111]   --->   Operation 72 'br' 'br_ln87' <Predicate = true> <Delay = 0.00>

State 5 <SV = 2> <Delay = 3.32>
ST_5 : Operation 73 [1/1] (0.00ns)   --->   "%i_4 = load i4 %i" [../xup_high_level_synthesis_design_flow-main/source/lab3/dct.c:45->../xup_high_level_synthesis_design_flow-main/source/lab3/dct.c:59->../xup_high_level_synthesis_design_flow-main/source/lab3/dct.c:113]   --->   Operation 73 'load' 'i_4' <Predicate = true> <Delay = 0.00>
ST_5 : Operation 74 [1/1] (0.00ns)   --->   "%trunc_ln45 = trunc i4 %i_4" [../xup_high_level_synthesis_design_flow-main/source/lab3/dct.c:45->../xup_high_level_synthesis_design_flow-main/source/lab3/dct.c:59->../xup_high_level_synthesis_design_flow-main/source/lab3/dct.c:113]   --->   Operation 74 'trunc' 'trunc_ln45' <Predicate = true> <Delay = 0.00>
ST_5 : Operation 75 [1/1] (0.00ns)   --->   "%tmp_5 = bitconcatenate i6 @_ssdm_op_BitConcatenate.i6.i3.i3, i3 %trunc_ln45, i3 0" [../xup_high_level_synthesis_design_flow-main/source/lab3/dct.c:45->../xup_high_level_synthesis_design_flow-main/source/lab3/dct.c:59->../xup_high_level_synthesis_design_flow-main/source/lab3/dct.c:113]   --->   Operation 75 'bitconcatenate' 'tmp_5' <Predicate = true> <Delay = 0.00>
ST_5 : Operation 76 [1/1] (1.73ns)   --->   "%icmp_ln58 = icmp_eq  i4 %i_4, i4 8" [../xup_high_level_synthesis_design_flow-main/source/lab3/dct.c:58->../xup_high_level_synthesis_design_flow-main/source/lab3/dct.c:113]   --->   Operation 76 'icmp' 'icmp_ln58' <Predicate = true> <Delay = 1.73> <CoreInst = "Cmp">   --->   Core 9 'Cmp' <Latency = 0> <II = 1> <Delay = 1.73> <FuncUnit> <Opcode : 'icmp'> <InPorts = 2> <OutPorts = 1>
ST_5 : Operation 77 [1/1] (1.73ns)   --->   "%add_ln58 = add i4 %i_4, i4 1" [../xup_high_level_synthesis_design_flow-main/source/lab3/dct.c:58->../xup_high_level_synthesis_design_flow-main/source/lab3/dct.c:113]   --->   Operation 77 'add' 'add_ln58' <Predicate = true> <Delay = 1.73> <CoreInst = "Adder">   --->   Core 1 'Adder' <Latency = 0> <II = 1> <Delay = 1.73> <FuncUnit> <Opcode : 'add' 'sub'> <InPorts = 2> <OutPorts = 1>
ST_5 : Operation 78 [1/1] (0.00ns)   --->   "%br_ln58 = br i1 %icmp_ln58, void %for.inc.i2.split, void %Xpose_Row_Inner_Loop.i.preheader" [../xup_high_level_synthesis_design_flow-main/source/lab3/dct.c:58->../xup_high_level_synthesis_design_flow-main/source/lab3/dct.c:113]   --->   Operation 78 'br' 'br_ln58' <Predicate = true> <Delay = 0.00>
ST_5 : Operation 79 [1/1] (0.00ns)   --->   "%speclooptripcount_ln54 = speclooptripcount void @_ssdm_op_SpecLoopTripCount, i64 8, i64 8, i64 8" [../xup_high_level_synthesis_design_flow-main/source/lab3/dct.c:54->../xup_high_level_synthesis_design_flow-main/source/lab3/dct.c:113]   --->   Operation 79 'speclooptripcount' 'speclooptripcount_ln54' <Predicate = (!icmp_ln58)> <Delay = 0.00>
ST_5 : Operation 80 [1/1] (0.00ns)   --->   "%specloopname_ln58 = specloopname void @_ssdm_op_SpecLoopName, void @empty_11" [../xup_high_level_synthesis_design_flow-main/source/lab3/dct.c:58->../xup_high_level_synthesis_design_flow-main/source/lab3/dct.c:113]   --->   Operation 80 'specloopname' 'specloopname_ln58' <Predicate = (!icmp_ln58)> <Delay = 0.00>
ST_5 : Operation 81 [1/1] (1.58ns)   --->   "%br_ln39 = br void %DCT_Inner_Loop.i.i" [../xup_high_level_synthesis_design_flow-main/source/lab3/dct.c:39->../xup_high_level_synthesis_design_flow-main/source/lab3/dct.c:59->../xup_high_level_synthesis_design_flow-main/source/lab3/dct.c:113]   --->   Operation 81 'br' 'br_ln39' <Predicate = (!icmp_ln58)> <Delay = 1.58>
ST_5 : Operation 82 [1/1] (0.00ns)   --->   "%j = alloca i32 1"   --->   Operation 82 'alloca' 'j' <Predicate = (icmp_ln58)> <Delay = 0.00>
ST_5 : Operation 83 [1/1] (1.58ns)   --->   "%store_ln63 = store i4 0, i4 %j" [../xup_high_level_synthesis_design_flow-main/source/lab3/dct.c:63->../xup_high_level_synthesis_design_flow-main/source/lab3/dct.c:113]   --->   Operation 83 'store' 'store_ln63' <Predicate = (icmp_ln58)> <Delay = 1.58>
ST_5 : Operation 84 [1/1] (0.00ns)   --->   "%br_ln63 = br void %Xpose_Row_Inner_Loop.i" [../xup_high_level_synthesis_design_flow-main/source/lab3/dct.c:63->../xup_high_level_synthesis_design_flow-main/source/lab3/dct.c:113]   --->   Operation 84 'br' 'br_ln63' <Predicate = (icmp_ln58)> <Delay = 0.00>

State 6 <SV = 3> <Delay = 3.32>
ST_6 : Operation 85 [1/1] (0.00ns)   --->   "%k = phi i4 %add_ln39, void %for.inc13.i.i, i4 0, void %for.inc.i2.split" [../xup_high_level_synthesis_design_flow-main/source/lab3/dct.c:39->../xup_high_level_synthesis_design_flow-main/source/lab3/dct.c:59->../xup_high_level_synthesis_design_flow-main/source/lab3/dct.c:113]   --->   Operation 85 'phi' 'k' <Predicate = true> <Delay = 0.00>
ST_6 : Operation 86 [1/1] (0.00ns)   --->   "%trunc_ln39 = trunc i4 %k" [../xup_high_level_synthesis_design_flow-main/source/lab3/dct.c:39->../xup_high_level_synthesis_design_flow-main/source/lab3/dct.c:59->../xup_high_level_synthesis_design_flow-main/source/lab3/dct.c:113]   --->   Operation 86 'trunc' 'trunc_ln39' <Predicate = true> <Delay = 0.00>
ST_6 : Operation 87 [1/1] (0.00ns)   --->   "%zext_ln42 = zext i4 %k" [../xup_high_level_synthesis_design_flow-main/source/lab3/dct.c:42->../xup_high_level_synthesis_design_flow-main/source/lab3/dct.c:59->../xup_high_level_synthesis_design_flow-main/source/lab3/dct.c:113]   --->   Operation 87 'zext' 'zext_ln42' <Predicate = true> <Delay = 0.00>
ST_6 : Operation 88 [1/1] (0.00ns)   --->   "%tmp_7 = bitconcatenate i6 @_ssdm_op_BitConcatenate.i6.i3.i3, i3 %trunc_ln39, i3 0" [../xup_high_level_synthesis_design_flow-main/source/lab3/dct.c:42->../xup_high_level_synthesis_design_flow-main/source/lab3/dct.c:59->../xup_high_level_synthesis_design_flow-main/source/lab3/dct.c:113]   --->   Operation 88 'bitconcatenate' 'tmp_7' <Predicate = true> <Delay = 0.00>
ST_6 : Operation 89 [1/1] (1.82ns)   --->   "%add_ln45_2 = add i6 %tmp_5, i6 %zext_ln42" [../xup_high_level_synthesis_design_flow-main/source/lab3/dct.c:45->../xup_high_level_synthesis_design_flow-main/source/lab3/dct.c:59->../xup_high_level_synthesis_design_flow-main/source/lab3/dct.c:113]   --->   Operation 89 'add' 'add_ln45_2' <Predicate = true> <Delay = 1.82> <CoreInst = "Adder">   --->   Core 1 'Adder' <Latency = 0> <II = 1> <Delay = 1.82> <FuncUnit> <Opcode : 'add' 'sub'> <InPorts = 2> <OutPorts = 1>
ST_6 : Operation 90 [1/1] (0.00ns)   --->   "%zext_ln45 = zext i6 %add_ln45_2" [../xup_high_level_synthesis_design_flow-main/source/lab3/dct.c:45->../xup_high_level_synthesis_design_flow-main/source/lab3/dct.c:59->../xup_high_level_synthesis_design_flow-main/source/lab3/dct.c:113]   --->   Operation 90 'zext' 'zext_ln45' <Predicate = true> <Delay = 0.00>
ST_6 : Operation 91 [1/1] (0.00ns)   --->   "%row_outbuf_addr_1 = getelementptr i16 %row_outbuf, i64 0, i64 %zext_ln45" [../xup_high_level_synthesis_design_flow-main/source/lab3/dct.c:45->../xup_high_level_synthesis_design_flow-main/source/lab3/dct.c:59->../xup_high_level_synthesis_design_flow-main/source/lab3/dct.c:113]   --->   Operation 91 'getelementptr' 'row_outbuf_addr_1' <Predicate = true> <Delay = 0.00>
ST_6 : Operation 92 [1/1] (1.73ns)   --->   "%icmp_ln39 = icmp_eq  i4 %k, i4 8" [../xup_high_level_synthesis_design_flow-main/source/lab3/dct.c:39->../xup_high_level_synthesis_design_flow-main/source/lab3/dct.c:59->../xup_high_level_synthesis_design_flow-main/source/lab3/dct.c:113]   --->   Operation 92 'icmp' 'icmp_ln39' <Predicate = true> <Delay = 1.73> <CoreInst = "Cmp">   --->   Core 9 'Cmp' <Latency = 0> <II = 1> <Delay = 1.73> <FuncUnit> <Opcode : 'icmp'> <InPorts = 2> <OutPorts = 1>
ST_6 : Operation 93 [1/1] (1.73ns)   --->   "%add_ln39 = add i4 %k, i4 1" [../xup_high_level_synthesis_design_flow-main/source/lab3/dct.c:39->../xup_high_level_synthesis_design_flow-main/source/lab3/dct.c:59->../xup_high_level_synthesis_design_flow-main/source/lab3/dct.c:113]   --->   Operation 93 'add' 'add_ln39' <Predicate = true> <Delay = 1.73> <CoreInst = "Adder">   --->   Core 1 'Adder' <Latency = 0> <II = 1> <Delay = 1.73> <FuncUnit> <Opcode : 'add' 'sub'> <InPorts = 2> <OutPorts = 1>
ST_6 : Operation 94 [1/1] (0.00ns)   --->   "%br_ln39 = br i1 %icmp_ln39, void %DCT_Inner_Loop.i.i.split, void %dct_1d.exit.i" [../xup_high_level_synthesis_design_flow-main/source/lab3/dct.c:39->../xup_high_level_synthesis_design_flow-main/source/lab3/dct.c:59->../xup_high_level_synthesis_design_flow-main/source/lab3/dct.c:113]   --->   Operation 94 'br' 'br_ln39' <Predicate = true> <Delay = 0.00>
ST_6 : Operation 95 [1/1] (0.00ns)   --->   "%speclooptripcount_ln32 = speclooptripcount void @_ssdm_op_SpecLoopTripCount, i64 8, i64 8, i64 8" [../xup_high_level_synthesis_design_flow-main/source/lab3/dct.c:32->../xup_high_level_synthesis_design_flow-main/source/lab3/dct.c:59->../xup_high_level_synthesis_design_flow-main/source/lab3/dct.c:113]   --->   Operation 95 'speclooptripcount' 'speclooptripcount_ln32' <Predicate = (!icmp_ln39)> <Delay = 0.00>
ST_6 : Operation 96 [1/1] (0.00ns)   --->   "%specloopname_ln39 = specloopname void @_ssdm_op_SpecLoopName, void @empty_7" [../xup_high_level_synthesis_design_flow-main/source/lab3/dct.c:39->../xup_high_level_synthesis_design_flow-main/source/lab3/dct.c:59->../xup_high_level_synthesis_design_flow-main/source/lab3/dct.c:113]   --->   Operation 96 'specloopname' 'specloopname_ln39' <Predicate = (!icmp_ln39)> <Delay = 0.00>
ST_6 : Operation 97 [1/1] (1.58ns)   --->   "%br_ln41 = br void %for.inc.i.i" [../xup_high_level_synthesis_design_flow-main/source/lab3/dct.c:41->../xup_high_level_synthesis_design_flow-main/source/lab3/dct.c:59->../xup_high_level_synthesis_design_flow-main/source/lab3/dct.c:113]   --->   Operation 97 'br' 'br_ln41' <Predicate = (!icmp_ln39)> <Delay = 1.58>
ST_6 : Operation 98 [1/1] (1.58ns)   --->   "%store_ln58 = store i4 %add_ln58, i4 %i" [../xup_high_level_synthesis_design_flow-main/source/lab3/dct.c:58->../xup_high_level_synthesis_design_flow-main/source/lab3/dct.c:113]   --->   Operation 98 'store' 'store_ln58' <Predicate = (icmp_ln39)> <Delay = 1.58>
ST_6 : Operation 99 [1/1] (0.00ns)   --->   "%br_ln58 = br void %for.inc.i2" [../xup_high_level_synthesis_design_flow-main/source/lab3/dct.c:58->../xup_high_level_synthesis_design_flow-main/source/lab3/dct.c:113]   --->   Operation 99 'br' 'br_ln58' <Predicate = (icmp_ln39)> <Delay = 0.00>

State 7 <SV = 4> <Delay = 5.71>
ST_7 : Operation 100 [1/1] (0.00ns)   --->   "%n = phi i4 %add_ln41, void %for.inc.i.i.split, i4 0, void %DCT_Inner_Loop.i.i.split" [../xup_high_level_synthesis_design_flow-main/source/lab3/dct.c:41->../xup_high_level_synthesis_design_flow-main/source/lab3/dct.c:59->../xup_high_level_synthesis_design_flow-main/source/lab3/dct.c:113]   --->   Operation 100 'phi' 'n' <Predicate = true> <Delay = 0.00>
ST_7 : Operation 101 [1/1] (0.00ns)   --->   "%tmp = phi i32 %tmp_1, void %for.inc.i.i.split, i32 0, void %DCT_Inner_Loop.i.i.split"   --->   Operation 101 'phi' 'tmp' <Predicate = true> <Delay = 0.00>
ST_7 : Operation 102 [1/1] (0.00ns)   --->   "%zext_ln42_1 = zext i4 %n" [../xup_high_level_synthesis_design_flow-main/source/lab3/dct.c:42->../xup_high_level_synthesis_design_flow-main/source/lab3/dct.c:59->../xup_high_level_synthesis_design_flow-main/source/lab3/dct.c:113]   --->   Operation 102 'zext' 'zext_ln42_1' <Predicate = true> <Delay = 0.00>
ST_7 : Operation 103 [1/1] (1.82ns)   --->   "%add_ln42 = add i6 %tmp_7, i6 %zext_ln42_1" [../xup_high_level_synthesis_design_flow-main/source/lab3/dct.c:42->../xup_high_level_synthesis_design_flow-main/source/lab3/dct.c:59->../xup_high_level_synthesis_design_flow-main/source/lab3/dct.c:113]   --->   Operation 103 'add' 'add_ln42' <Predicate = true> <Delay = 1.82> <CoreInst = "Adder">   --->   Core 1 'Adder' <Latency = 0> <II = 1> <Delay = 1.82> <FuncUnit> <Opcode : 'add' 'sub'> <InPorts = 2> <OutPorts = 1>
ST_7 : Operation 104 [1/1] (0.00ns)   --->   "%zext_ln42_2 = zext i6 %add_ln42" [../xup_high_level_synthesis_design_flow-main/source/lab3/dct.c:42->../xup_high_level_synthesis_design_flow-main/source/lab3/dct.c:59->../xup_high_level_synthesis_design_flow-main/source/lab3/dct.c:113]   --->   Operation 104 'zext' 'zext_ln42_2' <Predicate = true> <Delay = 0.00>
ST_7 : Operation 105 [1/1] (0.00ns)   --->   "%dct_coeff_table_addr = getelementptr i15 %dct_coeff_table, i64 0, i64 %zext_ln42_2" [../xup_high_level_synthesis_design_flow-main/source/lab3/dct.c:42->../xup_high_level_synthesis_design_flow-main/source/lab3/dct.c:59->../xup_high_level_synthesis_design_flow-main/source/lab3/dct.c:113]   --->   Operation 105 'getelementptr' 'dct_coeff_table_addr' <Predicate = true> <Delay = 0.00>
ST_7 : Operation 106 [1/1] (1.82ns)   --->   "%add_ln43 = add i6 %tmp_5, i6 %zext_ln42_1" [../xup_high_level_synthesis_design_flow-main/source/lab3/dct.c:43->../xup_high_level_synthesis_design_flow-main/source/lab3/dct.c:59->../xup_high_level_synthesis_design_flow-main/source/lab3/dct.c:113]   --->   Operation 106 'add' 'add_ln43' <Predicate = true> <Delay = 1.82> <CoreInst = "Adder">   --->   Core 1 'Adder' <Latency = 0> <II = 1> <Delay = 1.82> <FuncUnit> <Opcode : 'add' 'sub'> <InPorts = 2> <OutPorts = 1>
ST_7 : Operation 107 [1/1] (0.00ns)   --->   "%zext_ln43 = zext i6 %add_ln43" [../xup_high_level_synthesis_design_flow-main/source/lab3/dct.c:43->../xup_high_level_synthesis_design_flow-main/source/lab3/dct.c:59->../xup_high_level_synthesis_design_flow-main/source/lab3/dct.c:113]   --->   Operation 107 'zext' 'zext_ln43' <Predicate = true> <Delay = 0.00>
ST_7 : Operation 108 [1/1] (0.00ns)   --->   "%buf_2d_in_addr_1 = getelementptr i16 %buf_2d_in, i64 0, i64 %zext_ln43" [../xup_high_level_synthesis_design_flow-main/source/lab3/dct.c:43->../xup_high_level_synthesis_design_flow-main/source/lab3/dct.c:59->../xup_high_level_synthesis_design_flow-main/source/lab3/dct.c:113]   --->   Operation 108 'getelementptr' 'buf_2d_in_addr_1' <Predicate = true> <Delay = 0.00>
ST_7 : Operation 109 [1/1] (1.73ns)   --->   "%icmp_ln41 = icmp_eq  i4 %n, i4 8" [../xup_high_level_synthesis_design_flow-main/source/lab3/dct.c:41->../xup_high_level_synthesis_design_flow-main/source/lab3/dct.c:59->../xup_high_level_synthesis_design_flow-main/source/lab3/dct.c:113]   --->   Operation 109 'icmp' 'icmp_ln41' <Predicate = true> <Delay = 1.73> <CoreInst = "Cmp">   --->   Core 9 'Cmp' <Latency = 0> <II = 1> <Delay = 1.73> <FuncUnit> <Opcode : 'icmp'> <InPorts = 2> <OutPorts = 1>
ST_7 : Operation 110 [1/1] (1.73ns)   --->   "%add_ln41 = add i4 %n, i4 1" [../xup_high_level_synthesis_design_flow-main/source/lab3/dct.c:41->../xup_high_level_synthesis_design_flow-main/source/lab3/dct.c:59->../xup_high_level_synthesis_design_flow-main/source/lab3/dct.c:113]   --->   Operation 110 'add' 'add_ln41' <Predicate = true> <Delay = 1.73> <CoreInst = "Adder">   --->   Core 1 'Adder' <Latency = 0> <II = 1> <Delay = 1.73> <FuncUnit> <Opcode : 'add' 'sub'> <InPorts = 2> <OutPorts = 1>
ST_7 : Operation 111 [1/1] (0.00ns)   --->   "%br_ln41 = br i1 %icmp_ln41, void %for.inc.i.i.split, void %for.inc13.i.i" [../xup_high_level_synthesis_design_flow-main/source/lab3/dct.c:41->../xup_high_level_synthesis_design_flow-main/source/lab3/dct.c:59->../xup_high_level_synthesis_design_flow-main/source/lab3/dct.c:113]   --->   Operation 111 'br' 'br_ln41' <Predicate = true> <Delay = 0.00>
ST_7 : Operation 112 [2/2] (2.32ns)   --->   "%coeff = load i6 %dct_coeff_table_addr" [../xup_high_level_synthesis_design_flow-main/source/lab3/dct.c:42->../xup_high_level_synthesis_design_flow-main/source/lab3/dct.c:59->../xup_high_level_synthesis_design_flow-main/source/lab3/dct.c:113]   --->   Operation 112 'load' 'coeff' <Predicate = (!icmp_ln41)> <Delay = 2.32> <CoreInst = "ROM">   --->   Core 95 'ROM' <Latency = 1> <II = 1> <Delay = 2.32> <Storage> <Opcode : 'load'> <Ports = 0> <Width = 15> <Depth = 64> <ROM>
ST_7 : Operation 113 [2/2] (3.25ns)   --->   "%buf_2d_in_load = load i6 %buf_2d_in_addr_1" [../xup_high_level_synthesis_design_flow-main/source/lab3/dct.c:43->../xup_high_level_synthesis_design_flow-main/source/lab3/dct.c:59->../xup_high_level_synthesis_design_flow-main/source/lab3/dct.c:113]   --->   Operation 113 'load' 'buf_2d_in_load' <Predicate = (!icmp_ln41)> <Delay = 3.25> <CoreInst = "RAM">   --->   Core 82 'RAM' <Latency = 1> <II = 1> <Delay = 3.25> <Storage> <Opcode : 'load' 'store'> <Ports = 2> <Width = 16> <Depth = 64> <RAM>
ST_7 : Operation 114 [1/1] (0.00ns)   --->   "%trunc_ln41 = trunc i32 %tmp" [../xup_high_level_synthesis_design_flow-main/source/lab3/dct.c:41->../xup_high_level_synthesis_design_flow-main/source/lab3/dct.c:59->../xup_high_level_synthesis_design_flow-main/source/lab3/dct.c:113]   --->   Operation 114 'trunc' 'trunc_ln41' <Predicate = (icmp_ln41)> <Delay = 0.00>
ST_7 : Operation 115 [1/1] (2.46ns)   --->   "%add_ln45 = add i29 %trunc_ln41, i29 4096" [../xup_high_level_synthesis_design_flow-main/source/lab3/dct.c:45->../xup_high_level_synthesis_design_flow-main/source/lab3/dct.c:59->../xup_high_level_synthesis_design_flow-main/source/lab3/dct.c:113]   --->   Operation 115 'add' 'add_ln45' <Predicate = (icmp_ln41)> <Delay = 2.46> <CoreInst = "Adder">   --->   Core 1 'Adder' <Latency = 0> <II = 1> <Delay = 2.46> <FuncUnit> <Opcode : 'add' 'sub'> <InPorts = 2> <OutPorts = 1>
ST_7 : Operation 116 [1/1] (0.00ns)   --->   "%trunc_ln2 = partselect i16 @_ssdm_op_PartSelect.i16.i29.i32.i32, i29 %add_ln45, i32 13, i32 28" [../xup_high_level_synthesis_design_flow-main/source/lab3/dct.c:45->../xup_high_level_synthesis_design_flow-main/source/lab3/dct.c:59->../xup_high_level_synthesis_design_flow-main/source/lab3/dct.c:113]   --->   Operation 116 'partselect' 'trunc_ln2' <Predicate = (icmp_ln41)> <Delay = 0.00>
ST_7 : Operation 117 [1/1] (3.25ns)   --->   "%store_ln45 = store i16 %trunc_ln2, i6 %row_outbuf_addr_1" [../xup_high_level_synthesis_design_flow-main/source/lab3/dct.c:45->../xup_high_level_synthesis_design_flow-main/source/lab3/dct.c:59->../xup_high_level_synthesis_design_flow-main/source/lab3/dct.c:113]   --->   Operation 117 'store' 'store_ln45' <Predicate = (icmp_ln41)> <Delay = 3.25> <CoreInst = "RAM">   --->   Core 82 'RAM' <Latency = 1> <II = 1> <Delay = 3.25> <Storage> <Opcode : 'load' 'store'> <Ports = 2> <Width = 16> <Depth = 64> <RAM>
ST_7 : Operation 118 [1/1] (0.00ns)   --->   "%br_ln39 = br void %DCT_Inner_Loop.i.i" [../xup_high_level_synthesis_design_flow-main/source/lab3/dct.c:39->../xup_high_level_synthesis_design_flow-main/source/lab3/dct.c:59->../xup_high_level_synthesis_design_flow-main/source/lab3/dct.c:113]   --->   Operation 118 'br' 'br_ln39' <Predicate = (icmp_ln41)> <Delay = 0.00>

State 8 <SV = 5> <Delay = 4.30>
ST_8 : Operation 119 [1/2] (2.32ns)   --->   "%coeff = load i6 %dct_coeff_table_addr" [../xup_high_level_synthesis_design_flow-main/source/lab3/dct.c:42->../xup_high_level_synthesis_design_flow-main/source/lab3/dct.c:59->../xup_high_level_synthesis_design_flow-main/source/lab3/dct.c:113]   --->   Operation 119 'load' 'coeff' <Predicate = true> <Delay = 2.32> <CoreInst = "ROM">   --->   Core 95 'ROM' <Latency = 1> <II = 1> <Delay = 2.32> <Storage> <Opcode : 'load'> <Ports = 0> <Width = 15> <Depth = 64> <ROM>
ST_8 : Operation 120 [1/1] (0.00ns)   --->   "%sext_ln42 = sext i15 %coeff" [../xup_high_level_synthesis_design_flow-main/source/lab3/dct.c:42->../xup_high_level_synthesis_design_flow-main/source/lab3/dct.c:59->../xup_high_level_synthesis_design_flow-main/source/lab3/dct.c:113]   --->   Operation 120 'sext' 'sext_ln42' <Predicate = true> <Delay = 0.00>
ST_8 : Operation 121 [1/2] (3.25ns)   --->   "%buf_2d_in_load = load i6 %buf_2d_in_addr_1" [../xup_high_level_synthesis_design_flow-main/source/lab3/dct.c:43->../xup_high_level_synthesis_design_flow-main/source/lab3/dct.c:59->../xup_high_level_synthesis_design_flow-main/source/lab3/dct.c:113]   --->   Operation 121 'load' 'buf_2d_in_load' <Predicate = true> <Delay = 3.25> <CoreInst = "RAM">   --->   Core 82 'RAM' <Latency = 1> <II = 1> <Delay = 3.25> <Storage> <Opcode : 'load' 'store'> <Ports = 2> <Width = 16> <Depth = 64> <RAM>
ST_8 : Operation 122 [1/1] (0.00ns)   --->   "%sext_ln43 = sext i16 %buf_2d_in_load" [../xup_high_level_synthesis_design_flow-main/source/lab3/dct.c:43->../xup_high_level_synthesis_design_flow-main/source/lab3/dct.c:59->../xup_high_level_synthesis_design_flow-main/source/lab3/dct.c:113]   --->   Operation 122 'sext' 'sext_ln43' <Predicate = true> <Delay = 0.00>
ST_8 : Operation 123 [3/3] (1.05ns) (grouped into DSP with root node tmp_1)   --->   "%mul_ln43 = mul i31 %sext_ln43, i31 %sext_ln42" [../xup_high_level_synthesis_design_flow-main/source/lab3/dct.c:43->../xup_high_level_synthesis_design_flow-main/source/lab3/dct.c:59->../xup_high_level_synthesis_design_flow-main/source/lab3/dct.c:113]   --->   Operation 123 'mul' 'mul_ln43' <Predicate = true> <Delay = 1.05> <CoreInst = "DSP48">   --->   Core 119 'DSP48' <Latency = 3> <II = 1> <Delay = 2.15> <IPBlock> <Opcode : '<invalid operator> ' 'mul' 'add' 'sub' 'select'> <InPorts = 0> <OutPorts = 1> <Sync> <CReg>

State 9 <SV = 6> <Delay = 1.05>
ST_9 : Operation 124 [2/3] (1.05ns) (grouped into DSP with root node tmp_1)   --->   "%mul_ln43 = mul i31 %sext_ln43, i31 %sext_ln42" [../xup_high_level_synthesis_design_flow-main/source/lab3/dct.c:43->../xup_high_level_synthesis_design_flow-main/source/lab3/dct.c:59->../xup_high_level_synthesis_design_flow-main/source/lab3/dct.c:113]   --->   Operation 124 'mul' 'mul_ln43' <Predicate = true> <Delay = 1.05> <CoreInst = "DSP48">   --->   Core 119 'DSP48' <Latency = 3> <II = 1> <Delay = 2.15> <IPBlock> <Opcode : '<invalid operator> ' 'mul' 'add' 'sub' 'select'> <InPorts = 0> <OutPorts = 1> <Sync> <CReg>

State 10 <SV = 7> <Delay = 2.10>
ST_10 : Operation 125 [1/3] (0.00ns) (grouped into DSP with root node tmp_1)   --->   "%mul_ln43 = mul i31 %sext_ln43, i31 %sext_ln42" [../xup_high_level_synthesis_design_flow-main/source/lab3/dct.c:43->../xup_high_level_synthesis_design_flow-main/source/lab3/dct.c:59->../xup_high_level_synthesis_design_flow-main/source/lab3/dct.c:113]   --->   Operation 125 'mul' 'mul_ln43' <Predicate = true> <Delay = 0.00> <CoreInst = "DSP48">   --->   Core 119 'DSP48' <Latency = 3> <II = 1> <Delay = 2.15> <IPBlock> <Opcode : '<invalid operator> ' 'mul' 'add' 'sub' 'select'> <InPorts = 0> <OutPorts = 1> <Sync> <CReg>
ST_10 : Operation 126 [1/1] (0.00ns) (grouped into DSP with root node tmp_1)   --->   "%sext_ln43_1 = sext i31 %mul_ln43" [../xup_high_level_synthesis_design_flow-main/source/lab3/dct.c:43->../xup_high_level_synthesis_design_flow-main/source/lab3/dct.c:59->../xup_high_level_synthesis_design_flow-main/source/lab3/dct.c:113]   --->   Operation 126 'sext' 'sext_ln43_1' <Predicate = true> <Delay = 0.00>
ST_10 : Operation 127 [2/2] (2.10ns) (root node of the DSP)   --->   "%tmp_1 = add i32 %sext_ln43_1, i32 %tmp" [../xup_high_level_synthesis_design_flow-main/source/lab3/dct.c:43->../xup_high_level_synthesis_design_flow-main/source/lab3/dct.c:59->../xup_high_level_synthesis_design_flow-main/source/lab3/dct.c:113]   --->   Operation 127 'add' 'tmp_1' <Predicate = true> <Delay = 2.10> <CoreInst = "DSP48">   --->   Core 119 'DSP48' <Latency = 3> <II = 1> <Delay = 2.15> <IPBlock> <Opcode : '<invalid operator> ' 'mul' 'add' 'sub' 'select'> <InPorts = 0> <OutPorts = 1> <Sync> <CReg>

State 11 <SV = 8> <Delay = 2.10>
ST_11 : Operation 128 [1/1] (0.00ns)   --->   "%speclooptripcount_ln32 = speclooptripcount void @_ssdm_op_SpecLoopTripCount, i64 8, i64 8, i64 8" [../xup_high_level_synthesis_design_flow-main/source/lab3/dct.c:32->../xup_high_level_synthesis_design_flow-main/source/lab3/dct.c:59->../xup_high_level_synthesis_design_flow-main/source/lab3/dct.c:113]   --->   Operation 128 'speclooptripcount' 'speclooptripcount_ln32' <Predicate = true> <Delay = 0.00>
ST_11 : Operation 129 [1/1] (0.00ns)   --->   "%specloopname_ln41 = specloopname void @_ssdm_op_SpecLoopName, void @empty_6" [../xup_high_level_synthesis_design_flow-main/source/lab3/dct.c:41->../xup_high_level_synthesis_design_flow-main/source/lab3/dct.c:59->../xup_high_level_synthesis_design_flow-main/source/lab3/dct.c:113]   --->   Operation 129 'specloopname' 'specloopname_ln41' <Predicate = true> <Delay = 0.00>
ST_11 : Operation 130 [1/2] (2.10ns) (root node of the DSP)   --->   "%tmp_1 = add i32 %sext_ln43_1, i32 %tmp" [../xup_high_level_synthesis_design_flow-main/source/lab3/dct.c:43->../xup_high_level_synthesis_design_flow-main/source/lab3/dct.c:59->../xup_high_level_synthesis_design_flow-main/source/lab3/dct.c:113]   --->   Operation 130 'add' 'tmp_1' <Predicate = true> <Delay = 2.10> <CoreInst = "DSP48">   --->   Core 119 'DSP48' <Latency = 3> <II = 1> <Delay = 2.15> <IPBlock> <Opcode : '<invalid operator> ' 'mul' 'add' 'sub' 'select'> <InPorts = 0> <OutPorts = 1> <Sync> <CReg>
ST_11 : Operation 131 [1/1] (0.00ns)   --->   "%br_ln41 = br void %for.inc.i.i" [../xup_high_level_synthesis_design_flow-main/source/lab3/dct.c:41->../xup_high_level_synthesis_design_flow-main/source/lab3/dct.c:59->../xup_high_level_synthesis_design_flow-main/source/lab3/dct.c:113]   --->   Operation 131 'br' 'br_ln41' <Predicate = true> <Delay = 0.00>

State 12 <SV = 3> <Delay = 3.32>
ST_12 : Operation 132 [1/1] (0.00ns)   --->   "%j_2 = load i4 %j" [../xup_high_level_synthesis_design_flow-main/source/lab3/dct.c:63->../xup_high_level_synthesis_design_flow-main/source/lab3/dct.c:113]   --->   Operation 132 'load' 'j_2' <Predicate = true> <Delay = 0.00>
ST_12 : Operation 133 [1/1] (0.00ns)   --->   "%trunc_ln63 = trunc i4 %j_2" [../xup_high_level_synthesis_design_flow-main/source/lab3/dct.c:63->../xup_high_level_synthesis_design_flow-main/source/lab3/dct.c:113]   --->   Operation 133 'trunc' 'trunc_ln63' <Predicate = true> <Delay = 0.00>
ST_12 : Operation 134 [1/1] (0.00ns)   --->   "%zext_ln66 = zext i4 %j_2" [../xup_high_level_synthesis_design_flow-main/source/lab3/dct.c:66->../xup_high_level_synthesis_design_flow-main/source/lab3/dct.c:113]   --->   Operation 134 'zext' 'zext_ln66' <Predicate = true> <Delay = 0.00>
ST_12 : Operation 135 [1/1] (0.00ns)   --->   "%tmp_6 = bitconcatenate i6 @_ssdm_op_BitConcatenate.i6.i3.i3, i3 %trunc_ln63, i3 0" [../xup_high_level_synthesis_design_flow-main/source/lab3/dct.c:66->../xup_high_level_synthesis_design_flow-main/source/lab3/dct.c:113]   --->   Operation 135 'bitconcatenate' 'tmp_6' <Predicate = true> <Delay = 0.00>
ST_12 : Operation 136 [1/1] (1.73ns)   --->   "%icmp_ln63 = icmp_eq  i4 %j_2, i4 8" [../xup_high_level_synthesis_design_flow-main/source/lab3/dct.c:63->../xup_high_level_synthesis_design_flow-main/source/lab3/dct.c:113]   --->   Operation 136 'icmp' 'icmp_ln63' <Predicate = true> <Delay = 1.73> <CoreInst = "Cmp">   --->   Core 9 'Cmp' <Latency = 0> <II = 1> <Delay = 1.73> <FuncUnit> <Opcode : 'icmp'> <InPorts = 2> <OutPorts = 1>
ST_12 : Operation 137 [1/1] (1.73ns)   --->   "%add_ln63 = add i4 %j_2, i4 1" [../xup_high_level_synthesis_design_flow-main/source/lab3/dct.c:63->../xup_high_level_synthesis_design_flow-main/source/lab3/dct.c:113]   --->   Operation 137 'add' 'add_ln63' <Predicate = true> <Delay = 1.73> <CoreInst = "Adder">   --->   Core 1 'Adder' <Latency = 0> <II = 1> <Delay = 1.73> <FuncUnit> <Opcode : 'add' 'sub'> <InPorts = 2> <OutPorts = 1>
ST_12 : Operation 138 [1/1] (0.00ns)   --->   "%br_ln63 = br i1 %icmp_ln63, void %Xpose_Row_Inner_Loop.i.split, void %for.inc33.i.preheader" [../xup_high_level_synthesis_design_flow-main/source/lab3/dct.c:63->../xup_high_level_synthesis_design_flow-main/source/lab3/dct.c:113]   --->   Operation 138 'br' 'br_ln63' <Predicate = true> <Delay = 0.00>
ST_12 : Operation 139 [1/1] (0.00ns)   --->   "%speclooptripcount_ln54 = speclooptripcount void @_ssdm_op_SpecLoopTripCount, i64 8, i64 8, i64 8" [../xup_high_level_synthesis_design_flow-main/source/lab3/dct.c:54->../xup_high_level_synthesis_design_flow-main/source/lab3/dct.c:113]   --->   Operation 139 'speclooptripcount' 'speclooptripcount_ln54' <Predicate = (!icmp_ln63)> <Delay = 0.00>
ST_12 : Operation 140 [1/1] (0.00ns)   --->   "%specloopname_ln63 = specloopname void @_ssdm_op_SpecLoopName, void @empty_10" [../xup_high_level_synthesis_design_flow-main/source/lab3/dct.c:63->../xup_high_level_synthesis_design_flow-main/source/lab3/dct.c:113]   --->   Operation 140 'specloopname' 'specloopname_ln63' <Predicate = (!icmp_ln63)> <Delay = 0.00>
ST_12 : Operation 141 [1/1] (1.58ns)   --->   "%br_ln65 = br void %for.inc18.i" [../xup_high_level_synthesis_design_flow-main/source/lab3/dct.c:65->../xup_high_level_synthesis_design_flow-main/source/lab3/dct.c:113]   --->   Operation 141 'br' 'br_ln65' <Predicate = (!icmp_ln63)> <Delay = 1.58>
ST_12 : Operation 142 [1/1] (0.00ns)   --->   "%i_1 = alloca i32 1"   --->   Operation 142 'alloca' 'i_1' <Predicate = (icmp_ln63)> <Delay = 0.00>
ST_12 : Operation 143 [1/1] (1.58ns)   --->   "%store_ln45 = store i4 0, i4 %i_1" [../xup_high_level_synthesis_design_flow-main/source/lab3/dct.c:45->../xup_high_level_synthesis_design_flow-main/source/lab3/dct.c:70->../xup_high_level_synthesis_design_flow-main/source/lab3/dct.c:113]   --->   Operation 143 'store' 'store_ln45' <Predicate = (icmp_ln63)> <Delay = 1.58>
ST_12 : Operation 144 [1/1] (0.00ns)   --->   "%br_ln45 = br void %for.inc33.i" [../xup_high_level_synthesis_design_flow-main/source/lab3/dct.c:45->../xup_high_level_synthesis_design_flow-main/source/lab3/dct.c:70->../xup_high_level_synthesis_design_flow-main/source/lab3/dct.c:113]   --->   Operation 144 'br' 'br_ln45' <Predicate = (icmp_ln63)> <Delay = 0.00>

State 13 <SV = 4> <Delay = 5.07>
ST_13 : Operation 145 [1/1] (0.00ns)   --->   "%i_2 = phi i4 %add_ln65, void %for.inc18.i.split, i4 0, void %Xpose_Row_Inner_Loop.i.split" [../xup_high_level_synthesis_design_flow-main/source/lab3/dct.c:65->../xup_high_level_synthesis_design_flow-main/source/lab3/dct.c:113]   --->   Operation 145 'phi' 'i_2' <Predicate = true> <Delay = 0.00>
ST_13 : Operation 146 [1/1] (0.00ns)   --->   "%trunc_ln65 = trunc i4 %i_2" [../xup_high_level_synthesis_design_flow-main/source/lab3/dct.c:65->../xup_high_level_synthesis_design_flow-main/source/lab3/dct.c:113]   --->   Operation 146 'trunc' 'trunc_ln65' <Predicate = true> <Delay = 0.00>
ST_13 : Operation 147 [1/1] (0.00ns)   --->   "%zext_ln66_1 = zext i4 %i_2" [../xup_high_level_synthesis_design_flow-main/source/lab3/dct.c:66->../xup_high_level_synthesis_design_flow-main/source/lab3/dct.c:113]   --->   Operation 147 'zext' 'zext_ln66_1' <Predicate = true> <Delay = 0.00>
ST_13 : Operation 148 [1/1] (0.00ns)   --->   "%tmp_9 = bitconcatenate i6 @_ssdm_op_BitConcatenate.i6.i3.i3, i3 %trunc_ln65, i3 0" [../xup_high_level_synthesis_design_flow-main/source/lab3/dct.c:66->../xup_high_level_synthesis_design_flow-main/source/lab3/dct.c:113]   --->   Operation 148 'bitconcatenate' 'tmp_9' <Predicate = true> <Delay = 0.00>
ST_13 : Operation 149 [1/1] (1.82ns)   --->   "%add_ln66 = add i6 %tmp_9, i6 %zext_ln66" [../xup_high_level_synthesis_design_flow-main/source/lab3/dct.c:66->../xup_high_level_synthesis_design_flow-main/source/lab3/dct.c:113]   --->   Operation 149 'add' 'add_ln66' <Predicate = true> <Delay = 1.82> <CoreInst = "Adder">   --->   Core 1 'Adder' <Latency = 0> <II = 1> <Delay = 1.82> <FuncUnit> <Opcode : 'add' 'sub'> <InPorts = 2> <OutPorts = 1>
ST_13 : Operation 150 [1/1] (0.00ns)   --->   "%zext_ln66_2 = zext i6 %add_ln66" [../xup_high_level_synthesis_design_flow-main/source/lab3/dct.c:66->../xup_high_level_synthesis_design_flow-main/source/lab3/dct.c:113]   --->   Operation 150 'zext' 'zext_ln66_2' <Predicate = true> <Delay = 0.00>
ST_13 : Operation 151 [1/1] (0.00ns)   --->   "%row_outbuf_addr = getelementptr i16 %row_outbuf, i64 0, i64 %zext_ln66_2" [../xup_high_level_synthesis_design_flow-main/source/lab3/dct.c:66->../xup_high_level_synthesis_design_flow-main/source/lab3/dct.c:113]   --->   Operation 151 'getelementptr' 'row_outbuf_addr' <Predicate = true> <Delay = 0.00>
ST_13 : Operation 152 [1/1] (1.82ns)   --->   "%add_ln66_1 = add i6 %tmp_6, i6 %zext_ln66_1" [../xup_high_level_synthesis_design_flow-main/source/lab3/dct.c:66->../xup_high_level_synthesis_design_flow-main/source/lab3/dct.c:113]   --->   Operation 152 'add' 'add_ln66_1' <Predicate = true> <Delay = 1.82> <CoreInst = "Adder">   --->   Core 1 'Adder' <Latency = 0> <II = 1> <Delay = 1.82> <FuncUnit> <Opcode : 'add' 'sub'> <InPorts = 2> <OutPorts = 1>
ST_13 : Operation 153 [1/1] (0.00ns)   --->   "%zext_ln66_3 = zext i6 %add_ln66_1" [../xup_high_level_synthesis_design_flow-main/source/lab3/dct.c:66->../xup_high_level_synthesis_design_flow-main/source/lab3/dct.c:113]   --->   Operation 153 'zext' 'zext_ln66_3' <Predicate = true> <Delay = 0.00>
ST_13 : Operation 154 [1/1] (0.00ns)   --->   "%col_inbuf_addr = getelementptr i16 %col_inbuf, i64 0, i64 %zext_ln66_3" [../xup_high_level_synthesis_design_flow-main/source/lab3/dct.c:66->../xup_high_level_synthesis_design_flow-main/source/lab3/dct.c:113]   --->   Operation 154 'getelementptr' 'col_inbuf_addr' <Predicate = true> <Delay = 0.00>
ST_13 : Operation 155 [1/1] (1.73ns)   --->   "%icmp_ln65 = icmp_eq  i4 %i_2, i4 8" [../xup_high_level_synthesis_design_flow-main/source/lab3/dct.c:65->../xup_high_level_synthesis_design_flow-main/source/lab3/dct.c:113]   --->   Operation 155 'icmp' 'icmp_ln65' <Predicate = true> <Delay = 1.73> <CoreInst = "Cmp">   --->   Core 9 'Cmp' <Latency = 0> <II = 1> <Delay = 1.73> <FuncUnit> <Opcode : 'icmp'> <InPorts = 2> <OutPorts = 1>
ST_13 : Operation 156 [1/1] (1.73ns)   --->   "%add_ln65 = add i4 %i_2, i4 1" [../xup_high_level_synthesis_design_flow-main/source/lab3/dct.c:65->../xup_high_level_synthesis_design_flow-main/source/lab3/dct.c:113]   --->   Operation 156 'add' 'add_ln65' <Predicate = true> <Delay = 1.73> <CoreInst = "Adder">   --->   Core 1 'Adder' <Latency = 0> <II = 1> <Delay = 1.73> <FuncUnit> <Opcode : 'add' 'sub'> <InPorts = 2> <OutPorts = 1>
ST_13 : Operation 157 [1/1] (0.00ns)   --->   "%br_ln65 = br i1 %icmp_ln65, void %for.inc18.i.split, void %for.inc21.i" [../xup_high_level_synthesis_design_flow-main/source/lab3/dct.c:65->../xup_high_level_synthesis_design_flow-main/source/lab3/dct.c:113]   --->   Operation 157 'br' 'br_ln65' <Predicate = true> <Delay = 0.00>
ST_13 : Operation 158 [2/2] (3.25ns)   --->   "%row_outbuf_load = load i6 %row_outbuf_addr" [../xup_high_level_synthesis_design_flow-main/source/lab3/dct.c:66->../xup_high_level_synthesis_design_flow-main/source/lab3/dct.c:113]   --->   Operation 158 'load' 'row_outbuf_load' <Predicate = (!icmp_ln65)> <Delay = 3.25> <CoreInst = "RAM">   --->   Core 82 'RAM' <Latency = 1> <II = 1> <Delay = 3.25> <Storage> <Opcode : 'load' 'store'> <Ports = 2> <Width = 16> <Depth = 64> <RAM>
ST_13 : Operation 159 [1/1] (1.58ns)   --->   "%store_ln63 = store i4 %add_ln63, i4 %j" [../xup_high_level_synthesis_design_flow-main/source/lab3/dct.c:63->../xup_high_level_synthesis_design_flow-main/source/lab3/dct.c:113]   --->   Operation 159 'store' 'store_ln63' <Predicate = (icmp_ln65)> <Delay = 1.58>
ST_13 : Operation 160 [1/1] (0.00ns)   --->   "%br_ln63 = br void %Xpose_Row_Inner_Loop.i" [../xup_high_level_synthesis_design_flow-main/source/lab3/dct.c:63->../xup_high_level_synthesis_design_flow-main/source/lab3/dct.c:113]   --->   Operation 160 'br' 'br_ln63' <Predicate = (icmp_ln65)> <Delay = 0.00>

State 14 <SV = 5> <Delay = 6.50>
ST_14 : Operation 161 [1/1] (0.00ns)   --->   "%speclooptripcount_ln54 = speclooptripcount void @_ssdm_op_SpecLoopTripCount, i64 8, i64 8, i64 8" [../xup_high_level_synthesis_design_flow-main/source/lab3/dct.c:54->../xup_high_level_synthesis_design_flow-main/source/lab3/dct.c:113]   --->   Operation 161 'speclooptripcount' 'speclooptripcount_ln54' <Predicate = true> <Delay = 0.00>
ST_14 : Operation 162 [1/1] (0.00ns)   --->   "%specloopname_ln65 = specloopname void @_ssdm_op_SpecLoopName, void @empty_9" [../xup_high_level_synthesis_design_flow-main/source/lab3/dct.c:65->../xup_high_level_synthesis_design_flow-main/source/lab3/dct.c:113]   --->   Operation 162 'specloopname' 'specloopname_ln65' <Predicate = true> <Delay = 0.00>
ST_14 : Operation 163 [1/2] (3.25ns)   --->   "%row_outbuf_load = load i6 %row_outbuf_addr" [../xup_high_level_synthesis_design_flow-main/source/lab3/dct.c:66->../xup_high_level_synthesis_design_flow-main/source/lab3/dct.c:113]   --->   Operation 163 'load' 'row_outbuf_load' <Predicate = true> <Delay = 3.25> <CoreInst = "RAM">   --->   Core 82 'RAM' <Latency = 1> <II = 1> <Delay = 3.25> <Storage> <Opcode : 'load' 'store'> <Ports = 2> <Width = 16> <Depth = 64> <RAM>
ST_14 : Operation 164 [1/1] (3.25ns)   --->   "%store_ln66 = store i16 %row_outbuf_load, i6 %col_inbuf_addr" [../xup_high_level_synthesis_design_flow-main/source/lab3/dct.c:66->../xup_high_level_synthesis_design_flow-main/source/lab3/dct.c:113]   --->   Operation 164 'store' 'store_ln66' <Predicate = true> <Delay = 3.25> <CoreInst = "RAM">   --->   Core 82 'RAM' <Latency = 1> <II = 1> <Delay = 3.25> <Storage> <Opcode : 'load' 'store'> <Ports = 2> <Width = 16> <Depth = 64> <RAM>
ST_14 : Operation 165 [1/1] (0.00ns)   --->   "%br_ln65 = br void %for.inc18.i" [../xup_high_level_synthesis_design_flow-main/source/lab3/dct.c:65->../xup_high_level_synthesis_design_flow-main/source/lab3/dct.c:113]   --->   Operation 165 'br' 'br_ln65' <Predicate = true> <Delay = 0.00>

State 15 <SV = 4> <Delay = 3.32>
ST_15 : Operation 166 [1/1] (0.00ns)   --->   "%i_5 = load i4 %i_1" [../xup_high_level_synthesis_design_flow-main/source/lab3/dct.c:45->../xup_high_level_synthesis_design_flow-main/source/lab3/dct.c:70->../xup_high_level_synthesis_design_flow-main/source/lab3/dct.c:113]   --->   Operation 166 'load' 'i_5' <Predicate = true> <Delay = 0.00>
ST_15 : Operation 167 [1/1] (0.00ns)   --->   "%trunc_ln45_2 = trunc i4 %i_5" [../xup_high_level_synthesis_design_flow-main/source/lab3/dct.c:45->../xup_high_level_synthesis_design_flow-main/source/lab3/dct.c:70->../xup_high_level_synthesis_design_flow-main/source/lab3/dct.c:113]   --->   Operation 167 'trunc' 'trunc_ln45_2' <Predicate = true> <Delay = 0.00>
ST_15 : Operation 168 [1/1] (0.00ns)   --->   "%tmp_8 = bitconcatenate i6 @_ssdm_op_BitConcatenate.i6.i3.i3, i3 %trunc_ln45_2, i3 0" [../xup_high_level_synthesis_design_flow-main/source/lab3/dct.c:45->../xup_high_level_synthesis_design_flow-main/source/lab3/dct.c:70->../xup_high_level_synthesis_design_flow-main/source/lab3/dct.c:113]   --->   Operation 168 'bitconcatenate' 'tmp_8' <Predicate = true> <Delay = 0.00>
ST_15 : Operation 169 [1/1] (1.73ns)   --->   "%icmp_ln69 = icmp_eq  i4 %i_5, i4 8" [../xup_high_level_synthesis_design_flow-main/source/lab3/dct.c:69->../xup_high_level_synthesis_design_flow-main/source/lab3/dct.c:113]   --->   Operation 169 'icmp' 'icmp_ln69' <Predicate = true> <Delay = 1.73> <CoreInst = "Cmp">   --->   Core 9 'Cmp' <Latency = 0> <II = 1> <Delay = 1.73> <FuncUnit> <Opcode : 'icmp'> <InPorts = 2> <OutPorts = 1>
ST_15 : Operation 170 [1/1] (1.73ns)   --->   "%add_ln69 = add i4 %i_5, i4 1" [../xup_high_level_synthesis_design_flow-main/source/lab3/dct.c:69->../xup_high_level_synthesis_design_flow-main/source/lab3/dct.c:113]   --->   Operation 170 'add' 'add_ln69' <Predicate = true> <Delay = 1.73> <CoreInst = "Adder">   --->   Core 1 'Adder' <Latency = 0> <II = 1> <Delay = 1.73> <FuncUnit> <Opcode : 'add' 'sub'> <InPorts = 2> <OutPorts = 1>
ST_15 : Operation 171 [1/1] (0.00ns)   --->   "%br_ln69 = br i1 %icmp_ln69, void %for.inc33.i.split, void %Xpose_Col_Inner_Loop.i.preheader" [../xup_high_level_synthesis_design_flow-main/source/lab3/dct.c:69->../xup_high_level_synthesis_design_flow-main/source/lab3/dct.c:113]   --->   Operation 171 'br' 'br_ln69' <Predicate = true> <Delay = 0.00>
ST_15 : Operation 172 [1/1] (0.00ns)   --->   "%speclooptripcount_ln54 = speclooptripcount void @_ssdm_op_SpecLoopTripCount, i64 8, i64 8, i64 8" [../xup_high_level_synthesis_design_flow-main/source/lab3/dct.c:54->../xup_high_level_synthesis_design_flow-main/source/lab3/dct.c:113]   --->   Operation 172 'speclooptripcount' 'speclooptripcount_ln54' <Predicate = (!icmp_ln69)> <Delay = 0.00>
ST_15 : Operation 173 [1/1] (0.00ns)   --->   "%specloopname_ln69 = specloopname void @_ssdm_op_SpecLoopName, void @empty_8" [../xup_high_level_synthesis_design_flow-main/source/lab3/dct.c:69->../xup_high_level_synthesis_design_flow-main/source/lab3/dct.c:113]   --->   Operation 173 'specloopname' 'specloopname_ln69' <Predicate = (!icmp_ln69)> <Delay = 0.00>
ST_15 : Operation 174 [1/1] (1.58ns)   --->   "%br_ln39 = br void %DCT_Inner_Loop.i17.i" [../xup_high_level_synthesis_design_flow-main/source/lab3/dct.c:39->../xup_high_level_synthesis_design_flow-main/source/lab3/dct.c:70->../xup_high_level_synthesis_design_flow-main/source/lab3/dct.c:113]   --->   Operation 174 'br' 'br_ln39' <Predicate = (!icmp_ln69)> <Delay = 1.58>
ST_15 : Operation 175 [1/1] (0.00ns)   --->   "%j_1 = alloca i32 1"   --->   Operation 175 'alloca' 'j_1' <Predicate = (icmp_ln69)> <Delay = 0.00>
ST_15 : Operation 176 [1/1] (1.58ns)   --->   "%store_ln74 = store i4 0, i4 %j_1" [../xup_high_level_synthesis_design_flow-main/source/lab3/dct.c:74->../xup_high_level_synthesis_design_flow-main/source/lab3/dct.c:113]   --->   Operation 176 'store' 'store_ln74' <Predicate = (icmp_ln69)> <Delay = 1.58>
ST_15 : Operation 177 [1/1] (0.00ns)   --->   "%br_ln74 = br void %Xpose_Col_Inner_Loop.i" [../xup_high_level_synthesis_design_flow-main/source/lab3/dct.c:74->../xup_high_level_synthesis_design_flow-main/source/lab3/dct.c:113]   --->   Operation 177 'br' 'br_ln74' <Predicate = (icmp_ln69)> <Delay = 0.00>

State 16 <SV = 5> <Delay = 3.32>
ST_16 : Operation 178 [1/1] (0.00ns)   --->   "%k_1 = phi i4 %add_ln39_1, void %for.inc13.i36.i, i4 0, void %for.inc33.i.split" [../xup_high_level_synthesis_design_flow-main/source/lab3/dct.c:39->../xup_high_level_synthesis_design_flow-main/source/lab3/dct.c:70->../xup_high_level_synthesis_design_flow-main/source/lab3/dct.c:113]   --->   Operation 178 'phi' 'k_1' <Predicate = true> <Delay = 0.00>
ST_16 : Operation 179 [1/1] (0.00ns)   --->   "%trunc_ln39_1 = trunc i4 %k_1" [../xup_high_level_synthesis_design_flow-main/source/lab3/dct.c:39->../xup_high_level_synthesis_design_flow-main/source/lab3/dct.c:70->../xup_high_level_synthesis_design_flow-main/source/lab3/dct.c:113]   --->   Operation 179 'trunc' 'trunc_ln39_1' <Predicate = true> <Delay = 0.00>
ST_16 : Operation 180 [1/1] (0.00ns)   --->   "%zext_ln42_3 = zext i4 %k_1" [../xup_high_level_synthesis_design_flow-main/source/lab3/dct.c:42->../xup_high_level_synthesis_design_flow-main/source/lab3/dct.c:70->../xup_high_level_synthesis_design_flow-main/source/lab3/dct.c:113]   --->   Operation 180 'zext' 'zext_ln42_3' <Predicate = true> <Delay = 0.00>
ST_16 : Operation 181 [1/1] (0.00ns)   --->   "%tmp_3 = bitconcatenate i6 @_ssdm_op_BitConcatenate.i6.i3.i3, i3 %trunc_ln39_1, i3 0" [../xup_high_level_synthesis_design_flow-main/source/lab3/dct.c:42->../xup_high_level_synthesis_design_flow-main/source/lab3/dct.c:70->../xup_high_level_synthesis_design_flow-main/source/lab3/dct.c:113]   --->   Operation 181 'bitconcatenate' 'tmp_3' <Predicate = true> <Delay = 0.00>
ST_16 : Operation 182 [1/1] (1.82ns)   --->   "%add_ln45_3 = add i6 %tmp_8, i6 %zext_ln42_3" [../xup_high_level_synthesis_design_flow-main/source/lab3/dct.c:45->../xup_high_level_synthesis_design_flow-main/source/lab3/dct.c:70->../xup_high_level_synthesis_design_flow-main/source/lab3/dct.c:113]   --->   Operation 182 'add' 'add_ln45_3' <Predicate = true> <Delay = 1.82> <CoreInst = "Adder">   --->   Core 1 'Adder' <Latency = 0> <II = 1> <Delay = 1.82> <FuncUnit> <Opcode : 'add' 'sub'> <InPorts = 2> <OutPorts = 1>
ST_16 : Operation 183 [1/1] (0.00ns)   --->   "%zext_ln45_1 = zext i6 %add_ln45_3" [../xup_high_level_synthesis_design_flow-main/source/lab3/dct.c:45->../xup_high_level_synthesis_design_flow-main/source/lab3/dct.c:70->../xup_high_level_synthesis_design_flow-main/source/lab3/dct.c:113]   --->   Operation 183 'zext' 'zext_ln45_1' <Predicate = true> <Delay = 0.00>
ST_16 : Operation 184 [1/1] (0.00ns)   --->   "%col_outbuf_addr_1 = getelementptr i16 %col_outbuf, i64 0, i64 %zext_ln45_1" [../xup_high_level_synthesis_design_flow-main/source/lab3/dct.c:45->../xup_high_level_synthesis_design_flow-main/source/lab3/dct.c:70->../xup_high_level_synthesis_design_flow-main/source/lab3/dct.c:113]   --->   Operation 184 'getelementptr' 'col_outbuf_addr_1' <Predicate = true> <Delay = 0.00>
ST_16 : Operation 185 [1/1] (1.73ns)   --->   "%icmp_ln39_1 = icmp_eq  i4 %k_1, i4 8" [../xup_high_level_synthesis_design_flow-main/source/lab3/dct.c:39->../xup_high_level_synthesis_design_flow-main/source/lab3/dct.c:70->../xup_high_level_synthesis_design_flow-main/source/lab3/dct.c:113]   --->   Operation 185 'icmp' 'icmp_ln39_1' <Predicate = true> <Delay = 1.73> <CoreInst = "Cmp">   --->   Core 9 'Cmp' <Latency = 0> <II = 1> <Delay = 1.73> <FuncUnit> <Opcode : 'icmp'> <InPorts = 2> <OutPorts = 1>
ST_16 : Operation 186 [1/1] (1.73ns)   --->   "%add_ln39_1 = add i4 %k_1, i4 1" [../xup_high_level_synthesis_design_flow-main/source/lab3/dct.c:39->../xup_high_level_synthesis_design_flow-main/source/lab3/dct.c:70->../xup_high_level_synthesis_design_flow-main/source/lab3/dct.c:113]   --->   Operation 186 'add' 'add_ln39_1' <Predicate = true> <Delay = 1.73> <CoreInst = "Adder">   --->   Core 1 'Adder' <Latency = 0> <II = 1> <Delay = 1.73> <FuncUnit> <Opcode : 'add' 'sub'> <InPorts = 2> <OutPorts = 1>
ST_16 : Operation 187 [1/1] (0.00ns)   --->   "%br_ln39 = br i1 %icmp_ln39_1, void %DCT_Inner_Loop.i17.i.split, void %dct_1d.exit37.i" [../xup_high_level_synthesis_design_flow-main/source/lab3/dct.c:39->../xup_high_level_synthesis_design_flow-main/source/lab3/dct.c:70->../xup_high_level_synthesis_design_flow-main/source/lab3/dct.c:113]   --->   Operation 187 'br' 'br_ln39' <Predicate = true> <Delay = 0.00>
ST_16 : Operation 188 [1/1] (0.00ns)   --->   "%speclooptripcount_ln32 = speclooptripcount void @_ssdm_op_SpecLoopTripCount, i64 8, i64 8, i64 8" [../xup_high_level_synthesis_design_flow-main/source/lab3/dct.c:32->../xup_high_level_synthesis_design_flow-main/source/lab3/dct.c:70->../xup_high_level_synthesis_design_flow-main/source/lab3/dct.c:113]   --->   Operation 188 'speclooptripcount' 'speclooptripcount_ln32' <Predicate = (!icmp_ln39_1)> <Delay = 0.00>
ST_16 : Operation 189 [1/1] (0.00ns)   --->   "%specloopname_ln39 = specloopname void @_ssdm_op_SpecLoopName, void @empty_7" [../xup_high_level_synthesis_design_flow-main/source/lab3/dct.c:39->../xup_high_level_synthesis_design_flow-main/source/lab3/dct.c:70->../xup_high_level_synthesis_design_flow-main/source/lab3/dct.c:113]   --->   Operation 189 'specloopname' 'specloopname_ln39' <Predicate = (!icmp_ln39_1)> <Delay = 0.00>
ST_16 : Operation 190 [1/1] (1.58ns)   --->   "%br_ln41 = br void %for.inc.i29.i" [../xup_high_level_synthesis_design_flow-main/source/lab3/dct.c:41->../xup_high_level_synthesis_design_flow-main/source/lab3/dct.c:70->../xup_high_level_synthesis_design_flow-main/source/lab3/dct.c:113]   --->   Operation 190 'br' 'br_ln41' <Predicate = (!icmp_ln39_1)> <Delay = 1.58>
ST_16 : Operation 191 [1/1] (1.58ns)   --->   "%store_ln69 = store i4 %add_ln69, i4 %i_1" [../xup_high_level_synthesis_design_flow-main/source/lab3/dct.c:69->../xup_high_level_synthesis_design_flow-main/source/lab3/dct.c:113]   --->   Operation 191 'store' 'store_ln69' <Predicate = (icmp_ln39_1)> <Delay = 1.58>
ST_16 : Operation 192 [1/1] (0.00ns)   --->   "%br_ln69 = br void %for.inc33.i" [../xup_high_level_synthesis_design_flow-main/source/lab3/dct.c:69->../xup_high_level_synthesis_design_flow-main/source/lab3/dct.c:113]   --->   Operation 192 'br' 'br_ln69' <Predicate = (icmp_ln39_1)> <Delay = 0.00>

State 17 <SV = 6> <Delay = 5.71>
ST_17 : Operation 193 [1/1] (0.00ns)   --->   "%n_1 = phi i4 %add_ln41_1, void %for.inc.i29.i.split, i4 0, void %DCT_Inner_Loop.i17.i.split" [../xup_high_level_synthesis_design_flow-main/source/lab3/dct.c:41->../xup_high_level_synthesis_design_flow-main/source/lab3/dct.c:70->../xup_high_level_synthesis_design_flow-main/source/lab3/dct.c:113]   --->   Operation 193 'phi' 'n_1' <Predicate = true> <Delay = 0.00>
ST_17 : Operation 194 [1/1] (0.00ns)   --->   "%tmp_2 = phi i32 %tmp_12, void %for.inc.i29.i.split, i32 0, void %DCT_Inner_Loop.i17.i.split"   --->   Operation 194 'phi' 'tmp_2' <Predicate = true> <Delay = 0.00>
ST_17 : Operation 195 [1/1] (0.00ns)   --->   "%zext_ln42_4 = zext i4 %n_1" [../xup_high_level_synthesis_design_flow-main/source/lab3/dct.c:42->../xup_high_level_synthesis_design_flow-main/source/lab3/dct.c:70->../xup_high_level_synthesis_design_flow-main/source/lab3/dct.c:113]   --->   Operation 195 'zext' 'zext_ln42_4' <Predicate = true> <Delay = 0.00>
ST_17 : Operation 196 [1/1] (1.82ns)   --->   "%add_ln42_1 = add i6 %tmp_3, i6 %zext_ln42_4" [../xup_high_level_synthesis_design_flow-main/source/lab3/dct.c:42->../xup_high_level_synthesis_design_flow-main/source/lab3/dct.c:70->../xup_high_level_synthesis_design_flow-main/source/lab3/dct.c:113]   --->   Operation 196 'add' 'add_ln42_1' <Predicate = true> <Delay = 1.82> <CoreInst = "Adder">   --->   Core 1 'Adder' <Latency = 0> <II = 1> <Delay = 1.82> <FuncUnit> <Opcode : 'add' 'sub'> <InPorts = 2> <OutPorts = 1>
ST_17 : Operation 197 [1/1] (0.00ns)   --->   "%zext_ln42_5 = zext i6 %add_ln42_1" [../xup_high_level_synthesis_design_flow-main/source/lab3/dct.c:42->../xup_high_level_synthesis_design_flow-main/source/lab3/dct.c:70->../xup_high_level_synthesis_design_flow-main/source/lab3/dct.c:113]   --->   Operation 197 'zext' 'zext_ln42_5' <Predicate = true> <Delay = 0.00>
ST_17 : Operation 198 [1/1] (0.00ns)   --->   "%dct_coeff_table_addr_1 = getelementptr i15 %dct_coeff_table, i64 0, i64 %zext_ln42_5" [../xup_high_level_synthesis_design_flow-main/source/lab3/dct.c:42->../xup_high_level_synthesis_design_flow-main/source/lab3/dct.c:70->../xup_high_level_synthesis_design_flow-main/source/lab3/dct.c:113]   --->   Operation 198 'getelementptr' 'dct_coeff_table_addr_1' <Predicate = true> <Delay = 0.00>
ST_17 : Operation 199 [1/1] (1.82ns)   --->   "%add_ln43_2 = add i6 %tmp_8, i6 %zext_ln42_4" [../xup_high_level_synthesis_design_flow-main/source/lab3/dct.c:43->../xup_high_level_synthesis_design_flow-main/source/lab3/dct.c:70->../xup_high_level_synthesis_design_flow-main/source/lab3/dct.c:113]   --->   Operation 199 'add' 'add_ln43_2' <Predicate = true> <Delay = 1.82> <CoreInst = "Adder">   --->   Core 1 'Adder' <Latency = 0> <II = 1> <Delay = 1.82> <FuncUnit> <Opcode : 'add' 'sub'> <InPorts = 2> <OutPorts = 1>
ST_17 : Operation 200 [1/1] (0.00ns)   --->   "%zext_ln43_1 = zext i6 %add_ln43_2" [../xup_high_level_synthesis_design_flow-main/source/lab3/dct.c:43->../xup_high_level_synthesis_design_flow-main/source/lab3/dct.c:70->../xup_high_level_synthesis_design_flow-main/source/lab3/dct.c:113]   --->   Operation 200 'zext' 'zext_ln43_1' <Predicate = true> <Delay = 0.00>
ST_17 : Operation 201 [1/1] (0.00ns)   --->   "%col_inbuf_addr_1 = getelementptr i16 %col_inbuf, i64 0, i64 %zext_ln43_1" [../xup_high_level_synthesis_design_flow-main/source/lab3/dct.c:43->../xup_high_level_synthesis_design_flow-main/source/lab3/dct.c:70->../xup_high_level_synthesis_design_flow-main/source/lab3/dct.c:113]   --->   Operation 201 'getelementptr' 'col_inbuf_addr_1' <Predicate = true> <Delay = 0.00>
ST_17 : Operation 202 [1/1] (1.73ns)   --->   "%icmp_ln41_1 = icmp_eq  i4 %n_1, i4 8" [../xup_high_level_synthesis_design_flow-main/source/lab3/dct.c:41->../xup_high_level_synthesis_design_flow-main/source/lab3/dct.c:70->../xup_high_level_synthesis_design_flow-main/source/lab3/dct.c:113]   --->   Operation 202 'icmp' 'icmp_ln41_1' <Predicate = true> <Delay = 1.73> <CoreInst = "Cmp">   --->   Core 9 'Cmp' <Latency = 0> <II = 1> <Delay = 1.73> <FuncUnit> <Opcode : 'icmp'> <InPorts = 2> <OutPorts = 1>
ST_17 : Operation 203 [1/1] (1.73ns)   --->   "%add_ln41_1 = add i4 %n_1, i4 1" [../xup_high_level_synthesis_design_flow-main/source/lab3/dct.c:41->../xup_high_level_synthesis_design_flow-main/source/lab3/dct.c:70->../xup_high_level_synthesis_design_flow-main/source/lab3/dct.c:113]   --->   Operation 203 'add' 'add_ln41_1' <Predicate = true> <Delay = 1.73> <CoreInst = "Adder">   --->   Core 1 'Adder' <Latency = 0> <II = 1> <Delay = 1.73> <FuncUnit> <Opcode : 'add' 'sub'> <InPorts = 2> <OutPorts = 1>
ST_17 : Operation 204 [1/1] (0.00ns)   --->   "%br_ln41 = br i1 %icmp_ln41_1, void %for.inc.i29.i.split, void %for.inc13.i36.i" [../xup_high_level_synthesis_design_flow-main/source/lab3/dct.c:41->../xup_high_level_synthesis_design_flow-main/source/lab3/dct.c:70->../xup_high_level_synthesis_design_flow-main/source/lab3/dct.c:113]   --->   Operation 204 'br' 'br_ln41' <Predicate = true> <Delay = 0.00>
ST_17 : Operation 205 [2/2] (2.32ns)   --->   "%coeff_1 = load i6 %dct_coeff_table_addr_1" [../xup_high_level_synthesis_design_flow-main/source/lab3/dct.c:42->../xup_high_level_synthesis_design_flow-main/source/lab3/dct.c:70->../xup_high_level_synthesis_design_flow-main/source/lab3/dct.c:113]   --->   Operation 205 'load' 'coeff_1' <Predicate = (!icmp_ln41_1)> <Delay = 2.32> <CoreInst = "ROM">   --->   Core 95 'ROM' <Latency = 1> <II = 1> <Delay = 2.32> <Storage> <Opcode : 'load'> <Ports = 0> <Width = 15> <Depth = 64> <ROM>
ST_17 : Operation 206 [2/2] (3.25ns)   --->   "%col_inbuf_load = load i6 %col_inbuf_addr_1" [../xup_high_level_synthesis_design_flow-main/source/lab3/dct.c:43->../xup_high_level_synthesis_design_flow-main/source/lab3/dct.c:70->../xup_high_level_synthesis_design_flow-main/source/lab3/dct.c:113]   --->   Operation 206 'load' 'col_inbuf_load' <Predicate = (!icmp_ln41_1)> <Delay = 3.25> <CoreInst = "RAM">   --->   Core 82 'RAM' <Latency = 1> <II = 1> <Delay = 3.25> <Storage> <Opcode : 'load' 'store'> <Ports = 2> <Width = 16> <Depth = 64> <RAM>
ST_17 : Operation 207 [1/1] (0.00ns)   --->   "%trunc_ln41_1 = trunc i32 %tmp_2" [../xup_high_level_synthesis_design_flow-main/source/lab3/dct.c:41->../xup_high_level_synthesis_design_flow-main/source/lab3/dct.c:70->../xup_high_level_synthesis_design_flow-main/source/lab3/dct.c:113]   --->   Operation 207 'trunc' 'trunc_ln41_1' <Predicate = (icmp_ln41_1)> <Delay = 0.00>
ST_17 : Operation 208 [1/1] (2.46ns)   --->   "%add_ln45_1 = add i29 %trunc_ln41_1, i29 4096" [../xup_high_level_synthesis_design_flow-main/source/lab3/dct.c:45->../xup_high_level_synthesis_design_flow-main/source/lab3/dct.c:70->../xup_high_level_synthesis_design_flow-main/source/lab3/dct.c:113]   --->   Operation 208 'add' 'add_ln45_1' <Predicate = (icmp_ln41_1)> <Delay = 2.46> <CoreInst = "Adder">   --->   Core 1 'Adder' <Latency = 0> <II = 1> <Delay = 2.46> <FuncUnit> <Opcode : 'add' 'sub'> <InPorts = 2> <OutPorts = 1>
ST_17 : Operation 209 [1/1] (0.00ns)   --->   "%trunc_ln45_1 = partselect i16 @_ssdm_op_PartSelect.i16.i29.i32.i32, i29 %add_ln45_1, i32 13, i32 28" [../xup_high_level_synthesis_design_flow-main/source/lab3/dct.c:45->../xup_high_level_synthesis_design_flow-main/source/lab3/dct.c:70->../xup_high_level_synthesis_design_flow-main/source/lab3/dct.c:113]   --->   Operation 209 'partselect' 'trunc_ln45_1' <Predicate = (icmp_ln41_1)> <Delay = 0.00>
ST_17 : Operation 210 [1/1] (3.25ns)   --->   "%store_ln45 = store i16 %trunc_ln45_1, i6 %col_outbuf_addr_1" [../xup_high_level_synthesis_design_flow-main/source/lab3/dct.c:45->../xup_high_level_synthesis_design_flow-main/source/lab3/dct.c:70->../xup_high_level_synthesis_design_flow-main/source/lab3/dct.c:113]   --->   Operation 210 'store' 'store_ln45' <Predicate = (icmp_ln41_1)> <Delay = 3.25> <CoreInst = "RAM">   --->   Core 82 'RAM' <Latency = 1> <II = 1> <Delay = 3.25> <Storage> <Opcode : 'load' 'store'> <Ports = 2> <Width = 16> <Depth = 64> <RAM>
ST_17 : Operation 211 [1/1] (0.00ns)   --->   "%br_ln39 = br void %DCT_Inner_Loop.i17.i" [../xup_high_level_synthesis_design_flow-main/source/lab3/dct.c:39->../xup_high_level_synthesis_design_flow-main/source/lab3/dct.c:70->../xup_high_level_synthesis_design_flow-main/source/lab3/dct.c:113]   --->   Operation 211 'br' 'br_ln39' <Predicate = (icmp_ln41_1)> <Delay = 0.00>

State 18 <SV = 7> <Delay = 4.30>
ST_18 : Operation 212 [1/2] (2.32ns)   --->   "%coeff_1 = load i6 %dct_coeff_table_addr_1" [../xup_high_level_synthesis_design_flow-main/source/lab3/dct.c:42->../xup_high_level_synthesis_design_flow-main/source/lab3/dct.c:70->../xup_high_level_synthesis_design_flow-main/source/lab3/dct.c:113]   --->   Operation 212 'load' 'coeff_1' <Predicate = true> <Delay = 2.32> <CoreInst = "ROM">   --->   Core 95 'ROM' <Latency = 1> <II = 1> <Delay = 2.32> <Storage> <Opcode : 'load'> <Ports = 0> <Width = 15> <Depth = 64> <ROM>
ST_18 : Operation 213 [1/1] (0.00ns)   --->   "%sext_ln42_1 = sext i15 %coeff_1" [../xup_high_level_synthesis_design_flow-main/source/lab3/dct.c:42->../xup_high_level_synthesis_design_flow-main/source/lab3/dct.c:70->../xup_high_level_synthesis_design_flow-main/source/lab3/dct.c:113]   --->   Operation 213 'sext' 'sext_ln42_1' <Predicate = true> <Delay = 0.00>
ST_18 : Operation 214 [1/2] (3.25ns)   --->   "%col_inbuf_load = load i6 %col_inbuf_addr_1" [../xup_high_level_synthesis_design_flow-main/source/lab3/dct.c:43->../xup_high_level_synthesis_design_flow-main/source/lab3/dct.c:70->../xup_high_level_synthesis_design_flow-main/source/lab3/dct.c:113]   --->   Operation 214 'load' 'col_inbuf_load' <Predicate = true> <Delay = 3.25> <CoreInst = "RAM">   --->   Core 82 'RAM' <Latency = 1> <II = 1> <Delay = 3.25> <Storage> <Opcode : 'load' 'store'> <Ports = 2> <Width = 16> <Depth = 64> <RAM>
ST_18 : Operation 215 [1/1] (0.00ns)   --->   "%sext_ln43_2 = sext i16 %col_inbuf_load" [../xup_high_level_synthesis_design_flow-main/source/lab3/dct.c:43->../xup_high_level_synthesis_design_flow-main/source/lab3/dct.c:70->../xup_high_level_synthesis_design_flow-main/source/lab3/dct.c:113]   --->   Operation 215 'sext' 'sext_ln43_2' <Predicate = true> <Delay = 0.00>
ST_18 : Operation 216 [3/3] (1.05ns) (grouped into DSP with root node tmp_12)   --->   "%mul_ln43_1 = mul i31 %sext_ln43_2, i31 %sext_ln42_1" [../xup_high_level_synthesis_design_flow-main/source/lab3/dct.c:43->../xup_high_level_synthesis_design_flow-main/source/lab3/dct.c:70->../xup_high_level_synthesis_design_flow-main/source/lab3/dct.c:113]   --->   Operation 216 'mul' 'mul_ln43_1' <Predicate = true> <Delay = 1.05> <CoreInst = "DSP48">   --->   Core 119 'DSP48' <Latency = 3> <II = 1> <Delay = 2.15> <IPBlock> <Opcode : '<invalid operator> ' 'mul' 'add' 'sub' 'select'> <InPorts = 0> <OutPorts = 1> <Sync> <CReg>

State 19 <SV = 8> <Delay = 1.05>
ST_19 : Operation 217 [2/3] (1.05ns) (grouped into DSP with root node tmp_12)   --->   "%mul_ln43_1 = mul i31 %sext_ln43_2, i31 %sext_ln42_1" [../xup_high_level_synthesis_design_flow-main/source/lab3/dct.c:43->../xup_high_level_synthesis_design_flow-main/source/lab3/dct.c:70->../xup_high_level_synthesis_design_flow-main/source/lab3/dct.c:113]   --->   Operation 217 'mul' 'mul_ln43_1' <Predicate = true> <Delay = 1.05> <CoreInst = "DSP48">   --->   Core 119 'DSP48' <Latency = 3> <II = 1> <Delay = 2.15> <IPBlock> <Opcode : '<invalid operator> ' 'mul' 'add' 'sub' 'select'> <InPorts = 0> <OutPorts = 1> <Sync> <CReg>

State 20 <SV = 9> <Delay = 2.10>
ST_20 : Operation 218 [1/3] (0.00ns) (grouped into DSP with root node tmp_12)   --->   "%mul_ln43_1 = mul i31 %sext_ln43_2, i31 %sext_ln42_1" [../xup_high_level_synthesis_design_flow-main/source/lab3/dct.c:43->../xup_high_level_synthesis_design_flow-main/source/lab3/dct.c:70->../xup_high_level_synthesis_design_flow-main/source/lab3/dct.c:113]   --->   Operation 218 'mul' 'mul_ln43_1' <Predicate = true> <Delay = 0.00> <CoreInst = "DSP48">   --->   Core 119 'DSP48' <Latency = 3> <II = 1> <Delay = 2.15> <IPBlock> <Opcode : '<invalid operator> ' 'mul' 'add' 'sub' 'select'> <InPorts = 0> <OutPorts = 1> <Sync> <CReg>
ST_20 : Operation 219 [1/1] (0.00ns) (grouped into DSP with root node tmp_12)   --->   "%sext_ln43_3 = sext i31 %mul_ln43_1" [../xup_high_level_synthesis_design_flow-main/source/lab3/dct.c:43->../xup_high_level_synthesis_design_flow-main/source/lab3/dct.c:70->../xup_high_level_synthesis_design_flow-main/source/lab3/dct.c:113]   --->   Operation 219 'sext' 'sext_ln43_3' <Predicate = true> <Delay = 0.00>
ST_20 : Operation 220 [2/2] (2.10ns) (root node of the DSP)   --->   "%tmp_12 = add i32 %sext_ln43_3, i32 %tmp_2" [../xup_high_level_synthesis_design_flow-main/source/lab3/dct.c:43->../xup_high_level_synthesis_design_flow-main/source/lab3/dct.c:70->../xup_high_level_synthesis_design_flow-main/source/lab3/dct.c:113]   --->   Operation 220 'add' 'tmp_12' <Predicate = true> <Delay = 2.10> <CoreInst = "DSP48">   --->   Core 119 'DSP48' <Latency = 3> <II = 1> <Delay = 2.15> <IPBlock> <Opcode : '<invalid operator> ' 'mul' 'add' 'sub' 'select'> <InPorts = 0> <OutPorts = 1> <Sync> <CReg>

State 21 <SV = 10> <Delay = 2.10>
ST_21 : Operation 221 [1/1] (0.00ns)   --->   "%speclooptripcount_ln32 = speclooptripcount void @_ssdm_op_SpecLoopTripCount, i64 8, i64 8, i64 8" [../xup_high_level_synthesis_design_flow-main/source/lab3/dct.c:32->../xup_high_level_synthesis_design_flow-main/source/lab3/dct.c:70->../xup_high_level_synthesis_design_flow-main/source/lab3/dct.c:113]   --->   Operation 221 'speclooptripcount' 'speclooptripcount_ln32' <Predicate = true> <Delay = 0.00>
ST_21 : Operation 222 [1/1] (0.00ns)   --->   "%specloopname_ln41 = specloopname void @_ssdm_op_SpecLoopName, void @empty_6" [../xup_high_level_synthesis_design_flow-main/source/lab3/dct.c:41->../xup_high_level_synthesis_design_flow-main/source/lab3/dct.c:70->../xup_high_level_synthesis_design_flow-main/source/lab3/dct.c:113]   --->   Operation 222 'specloopname' 'specloopname_ln41' <Predicate = true> <Delay = 0.00>
ST_21 : Operation 223 [1/2] (2.10ns) (root node of the DSP)   --->   "%tmp_12 = add i32 %sext_ln43_3, i32 %tmp_2" [../xup_high_level_synthesis_design_flow-main/source/lab3/dct.c:43->../xup_high_level_synthesis_design_flow-main/source/lab3/dct.c:70->../xup_high_level_synthesis_design_flow-main/source/lab3/dct.c:113]   --->   Operation 223 'add' 'tmp_12' <Predicate = true> <Delay = 2.10> <CoreInst = "DSP48">   --->   Core 119 'DSP48' <Latency = 3> <II = 1> <Delay = 2.15> <IPBlock> <Opcode : '<invalid operator> ' 'mul' 'add' 'sub' 'select'> <InPorts = 0> <OutPorts = 1> <Sync> <CReg>
ST_21 : Operation 224 [1/1] (0.00ns)   --->   "%br_ln41 = br void %for.inc.i29.i" [../xup_high_level_synthesis_design_flow-main/source/lab3/dct.c:41->../xup_high_level_synthesis_design_flow-main/source/lab3/dct.c:70->../xup_high_level_synthesis_design_flow-main/source/lab3/dct.c:113]   --->   Operation 224 'br' 'br_ln41' <Predicate = true> <Delay = 0.00>

State 22 <SV = 5> <Delay = 3.32>
ST_22 : Operation 225 [1/1] (0.00ns)   --->   "%j_3 = load i4 %j_1" [../xup_high_level_synthesis_design_flow-main/source/lab3/dct.c:74->../xup_high_level_synthesis_design_flow-main/source/lab3/dct.c:113]   --->   Operation 225 'load' 'j_3' <Predicate = true> <Delay = 0.00>
ST_22 : Operation 226 [1/1] (0.00ns)   --->   "%trunc_ln74 = trunc i4 %j_3" [../xup_high_level_synthesis_design_flow-main/source/lab3/dct.c:74->../xup_high_level_synthesis_design_flow-main/source/lab3/dct.c:113]   --->   Operation 226 'trunc' 'trunc_ln74' <Predicate = true> <Delay = 0.00>
ST_22 : Operation 227 [1/1] (0.00ns)   --->   "%zext_ln77 = zext i4 %j_3" [../xup_high_level_synthesis_design_flow-main/source/lab3/dct.c:77->../xup_high_level_synthesis_design_flow-main/source/lab3/dct.c:113]   --->   Operation 227 'zext' 'zext_ln77' <Predicate = true> <Delay = 0.00>
ST_22 : Operation 228 [1/1] (0.00ns)   --->   "%tmp_s = bitconcatenate i6 @_ssdm_op_BitConcatenate.i6.i3.i3, i3 %trunc_ln74, i3 0" [../xup_high_level_synthesis_design_flow-main/source/lab3/dct.c:77->../xup_high_level_synthesis_design_flow-main/source/lab3/dct.c:113]   --->   Operation 228 'bitconcatenate' 'tmp_s' <Predicate = true> <Delay = 0.00>
ST_22 : Operation 229 [1/1] (1.73ns)   --->   "%icmp_ln74 = icmp_eq  i4 %j_3, i4 8" [../xup_high_level_synthesis_design_flow-main/source/lab3/dct.c:74->../xup_high_level_synthesis_design_flow-main/source/lab3/dct.c:113]   --->   Operation 229 'icmp' 'icmp_ln74' <Predicate = true> <Delay = 1.73> <CoreInst = "Cmp">   --->   Core 9 'Cmp' <Latency = 0> <II = 1> <Delay = 1.73> <FuncUnit> <Opcode : 'icmp'> <InPorts = 2> <OutPorts = 1>
ST_22 : Operation 230 [1/1] (1.73ns)   --->   "%add_ln74 = add i4 %j_3, i4 1" [../xup_high_level_synthesis_design_flow-main/source/lab3/dct.c:74->../xup_high_level_synthesis_design_flow-main/source/lab3/dct.c:113]   --->   Operation 230 'add' 'add_ln74' <Predicate = true> <Delay = 1.73> <CoreInst = "Adder">   --->   Core 1 'Adder' <Latency = 0> <II = 1> <Delay = 1.73> <FuncUnit> <Opcode : 'add' 'sub'> <InPorts = 2> <OutPorts = 1>
ST_22 : Operation 231 [1/1] (0.00ns)   --->   "%br_ln74 = br i1 %icmp_ln74, void %Xpose_Col_Inner_Loop.i.split, void %WR_Loop_Col.i.preheader" [../xup_high_level_synthesis_design_flow-main/source/lab3/dct.c:74->../xup_high_level_synthesis_design_flow-main/source/lab3/dct.c:113]   --->   Operation 231 'br' 'br_ln74' <Predicate = true> <Delay = 0.00>
ST_22 : Operation 232 [1/1] (0.00ns)   --->   "%speclooptripcount_ln54 = speclooptripcount void @_ssdm_op_SpecLoopTripCount, i64 8, i64 8, i64 8" [../xup_high_level_synthesis_design_flow-main/source/lab3/dct.c:54->../xup_high_level_synthesis_design_flow-main/source/lab3/dct.c:113]   --->   Operation 232 'speclooptripcount' 'speclooptripcount_ln54' <Predicate = (!icmp_ln74)> <Delay = 0.00>
ST_22 : Operation 233 [1/1] (0.00ns)   --->   "%specloopname_ln74 = specloopname void @_ssdm_op_SpecLoopName, void @empty_5" [../xup_high_level_synthesis_design_flow-main/source/lab3/dct.c:74->../xup_high_level_synthesis_design_flow-main/source/lab3/dct.c:113]   --->   Operation 233 'specloopname' 'specloopname_ln74' <Predicate = (!icmp_ln74)> <Delay = 0.00>
ST_22 : Operation 234 [1/1] (1.58ns)   --->   "%br_ln76 = br void %for.inc50.i" [../xup_high_level_synthesis_design_flow-main/source/lab3/dct.c:76->../xup_high_level_synthesis_design_flow-main/source/lab3/dct.c:113]   --->   Operation 234 'br' 'br_ln76' <Predicate = (!icmp_ln74)> <Delay = 1.58>
ST_22 : Operation 235 [1/1] (0.00ns)   --->   "%r_1 = alloca i32 1"   --->   Operation 235 'alloca' 'r_1' <Predicate = (icmp_ln74)> <Delay = 0.00>
ST_22 : Operation 236 [1/1] (1.58ns)   --->   "%store_ln100 = store i4 0, i4 %r_1" [../xup_high_level_synthesis_design_flow-main/source/lab3/dct.c:100->../xup_high_level_synthesis_design_flow-main/source/lab3/dct.c:116]   --->   Operation 236 'store' 'store_ln100' <Predicate = (icmp_ln74)> <Delay = 1.58>
ST_22 : Operation 237 [1/1] (0.00ns)   --->   "%br_ln100 = br void %WR_Loop_Col.i" [../xup_high_level_synthesis_design_flow-main/source/lab3/dct.c:100->../xup_high_level_synthesis_design_flow-main/source/lab3/dct.c:116]   --->   Operation 237 'br' 'br_ln100' <Predicate = (icmp_ln74)> <Delay = 0.00>

State 23 <SV = 6> <Delay = 5.07>
ST_23 : Operation 238 [1/1] (0.00ns)   --->   "%i_3 = phi i4 %add_ln76, void %for.inc50.i.split, i4 0, void %Xpose_Col_Inner_Loop.i.split" [../xup_high_level_synthesis_design_flow-main/source/lab3/dct.c:76->../xup_high_level_synthesis_design_flow-main/source/lab3/dct.c:113]   --->   Operation 238 'phi' 'i_3' <Predicate = true> <Delay = 0.00>
ST_23 : Operation 239 [1/1] (0.00ns)   --->   "%trunc_ln76 = trunc i4 %i_3" [../xup_high_level_synthesis_design_flow-main/source/lab3/dct.c:76->../xup_high_level_synthesis_design_flow-main/source/lab3/dct.c:113]   --->   Operation 239 'trunc' 'trunc_ln76' <Predicate = true> <Delay = 0.00>
ST_23 : Operation 240 [1/1] (0.00ns)   --->   "%zext_ln77_1 = zext i4 %i_3" [../xup_high_level_synthesis_design_flow-main/source/lab3/dct.c:77->../xup_high_level_synthesis_design_flow-main/source/lab3/dct.c:113]   --->   Operation 240 'zext' 'zext_ln77_1' <Predicate = true> <Delay = 0.00>
ST_23 : Operation 241 [1/1] (0.00ns)   --->   "%tmp_11 = bitconcatenate i6 @_ssdm_op_BitConcatenate.i6.i3.i3, i3 %trunc_ln76, i3 0" [../xup_high_level_synthesis_design_flow-main/source/lab3/dct.c:77->../xup_high_level_synthesis_design_flow-main/source/lab3/dct.c:113]   --->   Operation 241 'bitconcatenate' 'tmp_11' <Predicate = true> <Delay = 0.00>
ST_23 : Operation 242 [1/1] (1.82ns)   --->   "%add_ln77 = add i6 %tmp_11, i6 %zext_ln77" [../xup_high_level_synthesis_design_flow-main/source/lab3/dct.c:77->../xup_high_level_synthesis_design_flow-main/source/lab3/dct.c:113]   --->   Operation 242 'add' 'add_ln77' <Predicate = true> <Delay = 1.82> <CoreInst = "Adder">   --->   Core 1 'Adder' <Latency = 0> <II = 1> <Delay = 1.82> <FuncUnit> <Opcode : 'add' 'sub'> <InPorts = 2> <OutPorts = 1>
ST_23 : Operation 243 [1/1] (0.00ns)   --->   "%zext_ln77_2 = zext i6 %add_ln77" [../xup_high_level_synthesis_design_flow-main/source/lab3/dct.c:77->../xup_high_level_synthesis_design_flow-main/source/lab3/dct.c:113]   --->   Operation 243 'zext' 'zext_ln77_2' <Predicate = true> <Delay = 0.00>
ST_23 : Operation 244 [1/1] (0.00ns)   --->   "%col_outbuf_addr = getelementptr i16 %col_outbuf, i64 0, i64 %zext_ln77_2" [../xup_high_level_synthesis_design_flow-main/source/lab3/dct.c:77->../xup_high_level_synthesis_design_flow-main/source/lab3/dct.c:113]   --->   Operation 244 'getelementptr' 'col_outbuf_addr' <Predicate = true> <Delay = 0.00>
ST_23 : Operation 245 [1/1] (1.82ns)   --->   "%add_ln77_1 = add i6 %tmp_s, i6 %zext_ln77_1" [../xup_high_level_synthesis_design_flow-main/source/lab3/dct.c:77->../xup_high_level_synthesis_design_flow-main/source/lab3/dct.c:113]   --->   Operation 245 'add' 'add_ln77_1' <Predicate = true> <Delay = 1.82> <CoreInst = "Adder">   --->   Core 1 'Adder' <Latency = 0> <II = 1> <Delay = 1.82> <FuncUnit> <Opcode : 'add' 'sub'> <InPorts = 2> <OutPorts = 1>
ST_23 : Operation 246 [1/1] (0.00ns)   --->   "%zext_ln77_3 = zext i6 %add_ln77_1" [../xup_high_level_synthesis_design_flow-main/source/lab3/dct.c:77->../xup_high_level_synthesis_design_flow-main/source/lab3/dct.c:113]   --->   Operation 246 'zext' 'zext_ln77_3' <Predicate = true> <Delay = 0.00>
ST_23 : Operation 247 [1/1] (0.00ns)   --->   "%buf_2d_out_addr = getelementptr i16 %buf_2d_out, i64 0, i64 %zext_ln77_3" [../xup_high_level_synthesis_design_flow-main/source/lab3/dct.c:77->../xup_high_level_synthesis_design_flow-main/source/lab3/dct.c:113]   --->   Operation 247 'getelementptr' 'buf_2d_out_addr' <Predicate = true> <Delay = 0.00>
ST_23 : Operation 248 [1/1] (1.73ns)   --->   "%icmp_ln76 = icmp_eq  i4 %i_3, i4 8" [../xup_high_level_synthesis_design_flow-main/source/lab3/dct.c:76->../xup_high_level_synthesis_design_flow-main/source/lab3/dct.c:113]   --->   Operation 248 'icmp' 'icmp_ln76' <Predicate = true> <Delay = 1.73> <CoreInst = "Cmp">   --->   Core 9 'Cmp' <Latency = 0> <II = 1> <Delay = 1.73> <FuncUnit> <Opcode : 'icmp'> <InPorts = 2> <OutPorts = 1>
ST_23 : Operation 249 [1/1] (1.73ns)   --->   "%add_ln76 = add i4 %i_3, i4 1" [../xup_high_level_synthesis_design_flow-main/source/lab3/dct.c:76->../xup_high_level_synthesis_design_flow-main/source/lab3/dct.c:113]   --->   Operation 249 'add' 'add_ln76' <Predicate = true> <Delay = 1.73> <CoreInst = "Adder">   --->   Core 1 'Adder' <Latency = 0> <II = 1> <Delay = 1.73> <FuncUnit> <Opcode : 'add' 'sub'> <InPorts = 2> <OutPorts = 1>
ST_23 : Operation 250 [1/1] (0.00ns)   --->   "%br_ln76 = br i1 %icmp_ln76, void %for.inc50.i.split, void %for.inc53.i" [../xup_high_level_synthesis_design_flow-main/source/lab3/dct.c:76->../xup_high_level_synthesis_design_flow-main/source/lab3/dct.c:113]   --->   Operation 250 'br' 'br_ln76' <Predicate = true> <Delay = 0.00>
ST_23 : Operation 251 [2/2] (3.25ns)   --->   "%col_outbuf_load = load i6 %col_outbuf_addr" [../xup_high_level_synthesis_design_flow-main/source/lab3/dct.c:77->../xup_high_level_synthesis_design_flow-main/source/lab3/dct.c:113]   --->   Operation 251 'load' 'col_outbuf_load' <Predicate = (!icmp_ln76)> <Delay = 3.25> <CoreInst = "RAM">   --->   Core 82 'RAM' <Latency = 1> <II = 1> <Delay = 3.25> <Storage> <Opcode : 'load' 'store'> <Ports = 2> <Width = 16> <Depth = 64> <RAM>
ST_23 : Operation 252 [1/1] (1.58ns)   --->   "%store_ln74 = store i4 %add_ln74, i4 %j_1" [../xup_high_level_synthesis_design_flow-main/source/lab3/dct.c:74->../xup_high_level_synthesis_design_flow-main/source/lab3/dct.c:113]   --->   Operation 252 'store' 'store_ln74' <Predicate = (icmp_ln76)> <Delay = 1.58>
ST_23 : Operation 253 [1/1] (0.00ns)   --->   "%br_ln74 = br void %Xpose_Col_Inner_Loop.i" [../xup_high_level_synthesis_design_flow-main/source/lab3/dct.c:74->../xup_high_level_synthesis_design_flow-main/source/lab3/dct.c:113]   --->   Operation 253 'br' 'br_ln74' <Predicate = (icmp_ln76)> <Delay = 0.00>

State 24 <SV = 7> <Delay = 6.50>
ST_24 : Operation 254 [1/1] (0.00ns)   --->   "%speclooptripcount_ln54 = speclooptripcount void @_ssdm_op_SpecLoopTripCount, i64 8, i64 8, i64 8" [../xup_high_level_synthesis_design_flow-main/source/lab3/dct.c:54->../xup_high_level_synthesis_design_flow-main/source/lab3/dct.c:113]   --->   Operation 254 'speclooptripcount' 'speclooptripcount_ln54' <Predicate = true> <Delay = 0.00>
ST_24 : Operation 255 [1/1] (0.00ns)   --->   "%specloopname_ln76 = specloopname void @_ssdm_op_SpecLoopName, void @empty_4" [../xup_high_level_synthesis_design_flow-main/source/lab3/dct.c:76->../xup_high_level_synthesis_design_flow-main/source/lab3/dct.c:113]   --->   Operation 255 'specloopname' 'specloopname_ln76' <Predicate = true> <Delay = 0.00>
ST_24 : Operation 256 [1/2] (3.25ns)   --->   "%col_outbuf_load = load i6 %col_outbuf_addr" [../xup_high_level_synthesis_design_flow-main/source/lab3/dct.c:77->../xup_high_level_synthesis_design_flow-main/source/lab3/dct.c:113]   --->   Operation 256 'load' 'col_outbuf_load' <Predicate = true> <Delay = 3.25> <CoreInst = "RAM">   --->   Core 82 'RAM' <Latency = 1> <II = 1> <Delay = 3.25> <Storage> <Opcode : 'load' 'store'> <Ports = 2> <Width = 16> <Depth = 64> <RAM>
ST_24 : Operation 257 [1/1] (3.25ns)   --->   "%store_ln77 = store i16 %col_outbuf_load, i6 %buf_2d_out_addr" [../xup_high_level_synthesis_design_flow-main/source/lab3/dct.c:77->../xup_high_level_synthesis_design_flow-main/source/lab3/dct.c:113]   --->   Operation 257 'store' 'store_ln77' <Predicate = true> <Delay = 3.25> <CoreInst = "RAM">   --->   Core 82 'RAM' <Latency = 1> <II = 1> <Delay = 3.25> <Storage> <Opcode : 'load' 'store'> <Ports = 2> <Width = 16> <Depth = 64> <RAM>
ST_24 : Operation 258 [1/1] (0.00ns)   --->   "%br_ln76 = br void %for.inc50.i" [../xup_high_level_synthesis_design_flow-main/source/lab3/dct.c:76->../xup_high_level_synthesis_design_flow-main/source/lab3/dct.c:113]   --->   Operation 258 'br' 'br_ln76' <Predicate = true> <Delay = 0.00>

State 25 <SV = 6> <Delay = 1.73>
ST_25 : Operation 259 [1/1] (0.00ns)   --->   "%r_3 = load i4 %r_1" [../xup_high_level_synthesis_design_flow-main/source/lab3/dct.c:100->../xup_high_level_synthesis_design_flow-main/source/lab3/dct.c:116]   --->   Operation 259 'load' 'r_3' <Predicate = true> <Delay = 0.00>
ST_25 : Operation 260 [1/1] (0.00ns)   --->   "%trunc_ln100 = trunc i4 %r_3" [../xup_high_level_synthesis_design_flow-main/source/lab3/dct.c:100->../xup_high_level_synthesis_design_flow-main/source/lab3/dct.c:116]   --->   Operation 260 'trunc' 'trunc_ln100' <Predicate = true> <Delay = 0.00>
ST_25 : Operation 261 [1/1] (0.00ns)   --->   "%tmp_10 = bitconcatenate i6 @_ssdm_op_BitConcatenate.i6.i3.i3, i3 %trunc_ln100, i3 0" [../xup_high_level_synthesis_design_flow-main/source/lab3/dct.c:100->../xup_high_level_synthesis_design_flow-main/source/lab3/dct.c:116]   --->   Operation 261 'bitconcatenate' 'tmp_10' <Predicate = true> <Delay = 0.00>
ST_25 : Operation 262 [1/1] (1.73ns)   --->   "%icmp_ln97 = icmp_eq  i4 %r_3, i4 8" [../xup_high_level_synthesis_design_flow-main/source/lab3/dct.c:97->../xup_high_level_synthesis_design_flow-main/source/lab3/dct.c:116]   --->   Operation 262 'icmp' 'icmp_ln97' <Predicate = true> <Delay = 1.73> <CoreInst = "Cmp">   --->   Core 9 'Cmp' <Latency = 0> <II = 1> <Delay = 1.73> <FuncUnit> <Opcode : 'icmp'> <InPorts = 2> <OutPorts = 1>
ST_25 : Operation 263 [1/1] (1.73ns)   --->   "%add_ln97 = add i4 %r_3, i4 1" [../xup_high_level_synthesis_design_flow-main/source/lab3/dct.c:97->../xup_high_level_synthesis_design_flow-main/source/lab3/dct.c:116]   --->   Operation 263 'add' 'add_ln97' <Predicate = true> <Delay = 1.73> <CoreInst = "Adder">   --->   Core 1 'Adder' <Latency = 0> <II = 1> <Delay = 1.73> <FuncUnit> <Opcode : 'add' 'sub'> <InPorts = 2> <OutPorts = 1>
ST_25 : Operation 264 [1/1] (0.00ns)   --->   "%br_ln97 = br i1 %icmp_ln97, void %WR_Loop_Col.i.split, void %write_data.exit" [../xup_high_level_synthesis_design_flow-main/source/lab3/dct.c:97->../xup_high_level_synthesis_design_flow-main/source/lab3/dct.c:116]   --->   Operation 264 'br' 'br_ln97' <Predicate = true> <Delay = 0.00>
ST_25 : Operation 265 [1/1] (0.00ns)   --->   "%speclooptripcount_ln94 = speclooptripcount void @_ssdm_op_SpecLoopTripCount, i64 8, i64 8, i64 8" [../xup_high_level_synthesis_design_flow-main/source/lab3/dct.c:94->../xup_high_level_synthesis_design_flow-main/source/lab3/dct.c:116]   --->   Operation 265 'speclooptripcount' 'speclooptripcount_ln94' <Predicate = (!icmp_ln97)> <Delay = 0.00>
ST_25 : Operation 266 [1/1] (0.00ns)   --->   "%specloopname_ln97 = specloopname void @_ssdm_op_SpecLoopName, void @empty_3" [../xup_high_level_synthesis_design_flow-main/source/lab3/dct.c:97->../xup_high_level_synthesis_design_flow-main/source/lab3/dct.c:116]   --->   Operation 266 'specloopname' 'specloopname_ln97' <Predicate = (!icmp_ln97)> <Delay = 0.00>
ST_25 : Operation 267 [1/1] (1.58ns)   --->   "%br_ln99 = br void %for.inc.i14" [../xup_high_level_synthesis_design_flow-main/source/lab3/dct.c:99->../xup_high_level_synthesis_design_flow-main/source/lab3/dct.c:116]   --->   Operation 267 'br' 'br_ln99' <Predicate = (!icmp_ln97)> <Delay = 1.58>
ST_25 : Operation 268 [1/1] (0.00ns)   --->   "%ret_ln117 = ret" [../xup_high_level_synthesis_design_flow-main/source/lab3/dct.c:117]   --->   Operation 268 'ret' 'ret_ln117' <Predicate = (icmp_ln97)> <Delay = 0.00>

State 26 <SV = 7> <Delay = 5.07>
ST_26 : Operation 269 [1/1] (0.00ns)   --->   "%c_1 = phi i4 %add_ln99, void %for.inc.i14.split, i4 0, void %WR_Loop_Col.i.split" [../xup_high_level_synthesis_design_flow-main/source/lab3/dct.c:99->../xup_high_level_synthesis_design_flow-main/source/lab3/dct.c:116]   --->   Operation 269 'phi' 'c_1' <Predicate = true> <Delay = 0.00>
ST_26 : Operation 270 [1/1] (0.00ns)   --->   "%zext_ln100_1 = zext i4 %c_1" [../xup_high_level_synthesis_design_flow-main/source/lab3/dct.c:100->../xup_high_level_synthesis_design_flow-main/source/lab3/dct.c:116]   --->   Operation 270 'zext' 'zext_ln100_1' <Predicate = true> <Delay = 0.00>
ST_26 : Operation 271 [1/1] (1.82ns)   --->   "%add_ln100 = add i6 %tmp_10, i6 %zext_ln100_1" [../xup_high_level_synthesis_design_flow-main/source/lab3/dct.c:100->../xup_high_level_synthesis_design_flow-main/source/lab3/dct.c:116]   --->   Operation 271 'add' 'add_ln100' <Predicate = true> <Delay = 1.82> <CoreInst = "Adder">   --->   Core 1 'Adder' <Latency = 0> <II = 1> <Delay = 1.82> <FuncUnit> <Opcode : 'add' 'sub'> <InPorts = 2> <OutPorts = 1>
ST_26 : Operation 272 [1/1] (0.00ns)   --->   "%zext_ln100_2 = zext i6 %add_ln100" [../xup_high_level_synthesis_design_flow-main/source/lab3/dct.c:100->../xup_high_level_synthesis_design_flow-main/source/lab3/dct.c:116]   --->   Operation 272 'zext' 'zext_ln100_2' <Predicate = true> <Delay = 0.00>
ST_26 : Operation 273 [1/1] (0.00ns)   --->   "%buf_2d_out_addr_1 = getelementptr i16 %buf_2d_out, i64 0, i64 %zext_ln100_2" [../xup_high_level_synthesis_design_flow-main/source/lab3/dct.c:100->../xup_high_level_synthesis_design_flow-main/source/lab3/dct.c:116]   --->   Operation 273 'getelementptr' 'buf_2d_out_addr_1' <Predicate = true> <Delay = 0.00>
ST_26 : Operation 274 [1/1] (1.73ns)   --->   "%icmp_ln99 = icmp_eq  i4 %c_1, i4 8" [../xup_high_level_synthesis_design_flow-main/source/lab3/dct.c:99->../xup_high_level_synthesis_design_flow-main/source/lab3/dct.c:116]   --->   Operation 274 'icmp' 'icmp_ln99' <Predicate = true> <Delay = 1.73> <CoreInst = "Cmp">   --->   Core 9 'Cmp' <Latency = 0> <II = 1> <Delay = 1.73> <FuncUnit> <Opcode : 'icmp'> <InPorts = 2> <OutPorts = 1>
ST_26 : Operation 275 [1/1] (1.73ns)   --->   "%add_ln99 = add i4 %c_1, i4 1" [../xup_high_level_synthesis_design_flow-main/source/lab3/dct.c:99->../xup_high_level_synthesis_design_flow-main/source/lab3/dct.c:116]   --->   Operation 275 'add' 'add_ln99' <Predicate = true> <Delay = 1.73> <CoreInst = "Adder">   --->   Core 1 'Adder' <Latency = 0> <II = 1> <Delay = 1.73> <FuncUnit> <Opcode : 'add' 'sub'> <InPorts = 2> <OutPorts = 1>
ST_26 : Operation 276 [1/1] (0.00ns)   --->   "%br_ln99 = br i1 %icmp_ln99, void %for.inc.i14.split, void %for.inc8.i17" [../xup_high_level_synthesis_design_flow-main/source/lab3/dct.c:99->../xup_high_level_synthesis_design_flow-main/source/lab3/dct.c:116]   --->   Operation 276 'br' 'br_ln99' <Predicate = true> <Delay = 0.00>
ST_26 : Operation 277 [2/2] (3.25ns)   --->   "%buf_2d_out_load = load i6 %buf_2d_out_addr_1" [../xup_high_level_synthesis_design_flow-main/source/lab3/dct.c:100->../xup_high_level_synthesis_design_flow-main/source/lab3/dct.c:116]   --->   Operation 277 'load' 'buf_2d_out_load' <Predicate = (!icmp_ln99)> <Delay = 3.25> <CoreInst = "RAM">   --->   Core 82 'RAM' <Latency = 1> <II = 1> <Delay = 3.25> <Storage> <Opcode : 'load' 'store'> <Ports = 2> <Width = 16> <Depth = 64> <RAM>
ST_26 : Operation 278 [1/1] (0.00ns)   --->   "%trunc_ln100_1 = trunc i4 %c_1" [../xup_high_level_synthesis_design_flow-main/source/lab3/dct.c:100->../xup_high_level_synthesis_design_flow-main/source/lab3/dct.c:116]   --->   Operation 278 'trunc' 'trunc_ln100_1' <Predicate = (!icmp_ln99)> <Delay = 0.00>
ST_26 : Operation 279 [1/1] (1.58ns)   --->   "%store_ln97 = store i4 %add_ln97, i4 %r_1" [../xup_high_level_synthesis_design_flow-main/source/lab3/dct.c:97->../xup_high_level_synthesis_design_flow-main/source/lab3/dct.c:116]   --->   Operation 279 'store' 'store_ln97' <Predicate = (icmp_ln99)> <Delay = 1.58>
ST_26 : Operation 280 [1/1] (0.00ns)   --->   "%br_ln97 = br void %WR_Loop_Col.i" [../xup_high_level_synthesis_design_flow-main/source/lab3/dct.c:97->../xup_high_level_synthesis_design_flow-main/source/lab3/dct.c:116]   --->   Operation 280 'br' 'br_ln97' <Predicate = (icmp_ln99)> <Delay = 0.00>

State 27 <SV = 8> <Delay = 6.50>
ST_27 : Operation 281 [1/1] (0.00ns)   --->   "%speclooptripcount_ln94 = speclooptripcount void @_ssdm_op_SpecLoopTripCount, i64 8, i64 8, i64 8" [../xup_high_level_synthesis_design_flow-main/source/lab3/dct.c:94->../xup_high_level_synthesis_design_flow-main/source/lab3/dct.c:116]   --->   Operation 281 'speclooptripcount' 'speclooptripcount_ln94' <Predicate = true> <Delay = 0.00>
ST_27 : Operation 282 [1/1] (0.00ns)   --->   "%specloopname_ln99 = specloopname void @_ssdm_op_SpecLoopName, void @empty_2" [../xup_high_level_synthesis_design_flow-main/source/lab3/dct.c:99->../xup_high_level_synthesis_design_flow-main/source/lab3/dct.c:116]   --->   Operation 282 'specloopname' 'specloopname_ln99' <Predicate = true> <Delay = 0.00>
ST_27 : Operation 283 [1/2] (3.25ns)   --->   "%buf_2d_out_load = load i6 %buf_2d_out_addr_1" [../xup_high_level_synthesis_design_flow-main/source/lab3/dct.c:100->../xup_high_level_synthesis_design_flow-main/source/lab3/dct.c:116]   --->   Operation 283 'load' 'buf_2d_out_load' <Predicate = true> <Delay = 3.25> <CoreInst = "RAM">   --->   Core 82 'RAM' <Latency = 1> <II = 1> <Delay = 3.25> <Storage> <Opcode : 'load' 'store'> <Ports = 2> <Width = 16> <Depth = 64> <RAM>
ST_27 : Operation 284 [1/1] (0.00ns)   --->   "%add_ln1 = bitconcatenate i6 @_ssdm_op_BitConcatenate.i6.i3.i3, i3 %trunc_ln100, i3 %trunc_ln100_1" [../xup_high_level_synthesis_design_flow-main/source/lab3/dct.c:100->../xup_high_level_synthesis_design_flow-main/source/lab3/dct.c:116]   --->   Operation 284 'bitconcatenate' 'add_ln1' <Predicate = true> <Delay = 0.00>
ST_27 : Operation 285 [1/1] (0.00ns)   --->   "%zext_ln100 = zext i6 %add_ln1" [../xup_high_level_synthesis_design_flow-main/source/lab3/dct.c:100->../xup_high_level_synthesis_design_flow-main/source/lab3/dct.c:116]   --->   Operation 285 'zext' 'zext_ln100' <Predicate = true> <Delay = 0.00>
ST_27 : Operation 286 [1/1] (0.00ns)   --->   "%output_r_addr = getelementptr i16 %output_r, i64 0, i64 %zext_ln100" [../xup_high_level_synthesis_design_flow-main/source/lab3/dct.c:100->../xup_high_level_synthesis_design_flow-main/source/lab3/dct.c:116]   --->   Operation 286 'getelementptr' 'output_r_addr' <Predicate = true> <Delay = 0.00>
ST_27 : Operation 287 [1/1] (3.25ns)   --->   "%store_ln100 = store i16 %buf_2d_out_load, i6 %output_r_addr" [../xup_high_level_synthesis_design_flow-main/source/lab3/dct.c:100->../xup_high_level_synthesis_design_flow-main/source/lab3/dct.c:116]   --->   Operation 287 'store' 'store_ln100' <Predicate = true> <Delay = 3.25> <CoreInst = "RAM">   --->   Core 82 'RAM' <Latency = 1> <II = 1> <Delay = 3.25> <Storage> <Opcode : 'load' 'store'> <Ports = 2> <Width = 16> <Depth = 64> <RAM>
ST_27 : Operation 288 [1/1] (0.00ns)   --->   "%br_ln99 = br void %for.inc.i14" [../xup_high_level_synthesis_design_flow-main/source/lab3/dct.c:99->../xup_high_level_synthesis_design_flow-main/source/lab3/dct.c:116]   --->   Operation 288 'br' 'br_ln99' <Predicate = true> <Delay = 0.00>


============================================================
+ Verbose Summary: Binding
============================================================
STG Binding: 
---------------- STG Properties BEGIN ----------------
- Is combinational: 0
- Is one-state seq: 0
- Is datapath-only: 0
- Is pipelined: 0
- Is top level: 1
Port [ Return ] is wired: 1; IO mode=ap_ctrl_hs:ce=0
Port [ input_r]:  wired=1; compound=1; hidden=0; nouse=0; global=0; static=0; extern=0; dir=0; type=1; pingpong=0; private_global=0; MemPort=[13]; IO mode=ap_memory:ce=0
Port [ output_r]:  wired=1; compound=1; hidden=0; nouse=0; global=0; static=0; extern=0; dir=1; type=1; pingpong=0; private_global=0; MemPort=[03]; IO mode=ap_memory:ce=0
Port [ dct_coeff_table]:  wired=0; compound=1; hidden=1; nouse=0; global=1; static=1; extern=0; dir=0; type=1; pingpong=0; private_global=1; MemPort=[1]; IO mode=ap_memory:ce=0
---------------- STG Properties END ------------------

---------------- Datapath Model BEGIN ----------------

<LifeTime>
<method=bitvector/>
r                      (alloca           ) [ 0111100000000000000000000000]
spectopmodule_ln104    (spectopmodule    ) [ 0000000000000000000000000000]
specinterface_ln0      (specinterface    ) [ 0000000000000000000000000000]
specbitsmap_ln0        (specbitsmap      ) [ 0000000000000000000000000000]
specinterface_ln0      (specinterface    ) [ 0000000000000000000000000000]
specbitsmap_ln0        (specbitsmap      ) [ 0000000000000000000000000000]
row_outbuf             (alloca           ) [ 0011111111111110000000000000]
col_outbuf             (alloca           ) [ 0011111111111111111111111000]
col_inbuf              (alloca           ) [ 0011111111111111111111000000]
buf_2d_in              (alloca           ) [ 0011111111110000000000000000]
buf_2d_out             (alloca           ) [ 0011111111111111111111111111]
store_ln85             (store            ) [ 0000000000000000000000000000]
br_ln85                (br               ) [ 0000000000000000000000000000]
r_2                    (load             ) [ 0000000000000000000000000000]
trunc_ln88             (trunc            ) [ 0001100000000000000000000000]
tmp_4                  (bitconcatenate   ) [ 0001100000000000000000000000]
icmp_ln85              (icmp             ) [ 0011100000000000000000000000]
add_ln85               (add              ) [ 0001100000000000000000000000]
br_ln85                (br               ) [ 0000000000000000000000000000]
speclooptripcount_ln82 (speclooptripcount) [ 0000000000000000000000000000]
specloopname_ln85      (specloopname     ) [ 0000000000000000000000000000]
br_ln87                (br               ) [ 0011100000000000000000000000]
i                      (alloca           ) [ 0011111111110000000000000000]
store_ln45             (store            ) [ 0000000000000000000000000000]
br_ln45                (br               ) [ 0000000000000000000000000000]
c                      (phi              ) [ 0001000000000000000000000000]
zext_ln88_1            (zext             ) [ 0000000000000000000000000000]
add_ln88               (add              ) [ 0000000000000000000000000000]
zext_ln88_2            (zext             ) [ 0000000000000000000000000000]
buf_2d_in_addr         (getelementptr    ) [ 0000100000000000000000000000]
icmp_ln87              (icmp             ) [ 0011100000000000000000000000]
add_ln87               (add              ) [ 0011100000000000000000000000]
br_ln87                (br               ) [ 0000000000000000000000000000]
trunc_ln88_1           (trunc            ) [ 0000000000000000000000000000]
add_ln                 (bitconcatenate   ) [ 0000000000000000000000000000]
zext_ln88              (zext             ) [ 0000000000000000000000000000]
input_r_addr           (getelementptr    ) [ 0000100000000000000000000000]
store_ln85             (store            ) [ 0000000000000000000000000000]
br_ln85                (br               ) [ 0000000000000000000000000000]
speclooptripcount_ln82 (speclooptripcount) [ 0000000000000000000000000000]
specloopname_ln87      (specloopname     ) [ 0000000000000000000000000000]
input_r_load           (load             ) [ 0000000000000000000000000000]
store_ln88             (store            ) [ 0000000000000000000000000000]
br_ln87                (br               ) [ 0011100000000000000000000000]
i_4                    (load             ) [ 0000000000000000000000000000]
trunc_ln45             (trunc            ) [ 0000000000000000000000000000]
tmp_5                  (bitconcatenate   ) [ 0000001111110000000000000000]
icmp_ln58              (icmp             ) [ 0000011111110000000000000000]
add_ln58               (add              ) [ 0000001111110000000000000000]
br_ln58                (br               ) [ 0000000000000000000000000000]
speclooptripcount_ln54 (speclooptripcount) [ 0000000000000000000000000000]
specloopname_ln58      (specloopname     ) [ 0000000000000000000000000000]
br_ln39                (br               ) [ 0000011111110000000000000000]
j                      (alloca           ) [ 0000011111111110000000000000]
store_ln63             (store            ) [ 0000000000000000000000000000]
br_ln63                (br               ) [ 0000000000000000000000000000]
k                      (phi              ) [ 0000001000000000000000000000]
trunc_ln39             (trunc            ) [ 0000000000000000000000000000]
zext_ln42              (zext             ) [ 0000000000000000000000000000]
tmp_7                  (bitconcatenate   ) [ 0000000111110000000000000000]
add_ln45_2             (add              ) [ 0000000000000000000000000000]
zext_ln45              (zext             ) [ 0000000000000000000000000000]
row_outbuf_addr_1      (getelementptr    ) [ 0000000111110000000000000000]
icmp_ln39              (icmp             ) [ 0000011111110000000000000000]
add_ln39               (add              ) [ 0000011111110000000000000000]
br_ln39                (br               ) [ 0000000000000000000000000000]
speclooptripcount_ln32 (speclooptripcount) [ 0000000000000000000000000000]
specloopname_ln39      (specloopname     ) [ 0000000000000000000000000000]
br_ln41                (br               ) [ 0000011111110000000000000000]
store_ln58             (store            ) [ 0000000000000000000000000000]
br_ln58                (br               ) [ 0000000000000000000000000000]
n                      (phi              ) [ 0000000100000000000000000000]
tmp                    (phi              ) [ 0000000111110000000000000000]
zext_ln42_1            (zext             ) [ 0000000000000000000000000000]
add_ln42               (add              ) [ 0000000000000000000000000000]
zext_ln42_2            (zext             ) [ 0000000000000000000000000000]
dct_coeff_table_addr   (getelementptr    ) [ 0000000010000000000000000000]
add_ln43               (add              ) [ 0000000000000000000000000000]
zext_ln43              (zext             ) [ 0000000000000000000000000000]
buf_2d_in_addr_1       (getelementptr    ) [ 0000000010000000000000000000]
icmp_ln41              (icmp             ) [ 0000011111110000000000000000]
add_ln41               (add              ) [ 0000011111110000000000000000]
br_ln41                (br               ) [ 0000000000000000000000000000]
trunc_ln41             (trunc            ) [ 0000000000000000000000000000]
add_ln45               (add              ) [ 0000000000000000000000000000]
trunc_ln2              (partselect       ) [ 0000000000000000000000000000]
store_ln45             (store            ) [ 0000000000000000000000000000]
br_ln39                (br               ) [ 0000011111110000000000000000]
coeff                  (load             ) [ 0000000000000000000000000000]
sext_ln42              (sext             ) [ 0000000001100000000000000000]
buf_2d_in_load         (load             ) [ 0000000000000000000000000000]
sext_ln43              (sext             ) [ 0000000001100000000000000000]
mul_ln43               (mul              ) [ 0000000000000000000000000000]
sext_ln43_1            (sext             ) [ 0000000000010000000000000000]
speclooptripcount_ln32 (speclooptripcount) [ 0000000000000000000000000000]
specloopname_ln41      (specloopname     ) [ 0000000000000000000000000000]
tmp_1                  (add              ) [ 0000011111110000000000000000]
br_ln41                (br               ) [ 0000011111110000000000000000]
j_2                    (load             ) [ 0000000000000000000000000000]
trunc_ln63             (trunc            ) [ 0000000000000000000000000000]
zext_ln66              (zext             ) [ 0000000000000110000000000000]
tmp_6                  (bitconcatenate   ) [ 0000000000000110000000000000]
icmp_ln63              (icmp             ) [ 0000000000001110000000000000]
add_ln63               (add              ) [ 0000000000000110000000000000]
br_ln63                (br               ) [ 0000000000000000000000000000]
speclooptripcount_ln54 (speclooptripcount) [ 0000000000000000000000000000]
specloopname_ln63      (specloopname     ) [ 0000000000000000000000000000]
br_ln65                (br               ) [ 0000000000001110000000000000]
i_1                    (alloca           ) [ 0000000000001111111111000000]
store_ln45             (store            ) [ 0000000000000000000000000000]
br_ln45                (br               ) [ 0000000000000000000000000000]
i_2                    (phi              ) [ 0000000000000100000000000000]
trunc_ln65             (trunc            ) [ 0000000000000000000000000000]
zext_ln66_1            (zext             ) [ 0000000000000000000000000000]
tmp_9                  (bitconcatenate   ) [ 0000000000000000000000000000]
add_ln66               (add              ) [ 0000000000000000000000000000]
zext_ln66_2            (zext             ) [ 0000000000000000000000000000]
row_outbuf_addr        (getelementptr    ) [ 0000000000000010000000000000]
add_ln66_1             (add              ) [ 0000000000000000000000000000]
zext_ln66_3            (zext             ) [ 0000000000000000000000000000]
col_inbuf_addr         (getelementptr    ) [ 0000000000000010000000000000]
icmp_ln65              (icmp             ) [ 0000000000001110000000000000]
add_ln65               (add              ) [ 0000000000001110000000000000]
br_ln65                (br               ) [ 0000000000000000000000000000]
store_ln63             (store            ) [ 0000000000000000000000000000]
br_ln63                (br               ) [ 0000000000000000000000000000]
speclooptripcount_ln54 (speclooptripcount) [ 0000000000000000000000000000]
specloopname_ln65      (specloopname     ) [ 0000000000000000000000000000]
row_outbuf_load        (load             ) [ 0000000000000000000000000000]
store_ln66             (store            ) [ 0000000000000000000000000000]
br_ln65                (br               ) [ 0000000000001110000000000000]
i_5                    (load             ) [ 0000000000000000000000000000]
trunc_ln45_2           (trunc            ) [ 0000000000000000000000000000]
tmp_8                  (bitconcatenate   ) [ 0000000000000000111111000000]
icmp_ln69              (icmp             ) [ 0000000000000001111111000000]
add_ln69               (add              ) [ 0000000000000000111111000000]
br_ln69                (br               ) [ 0000000000000000000000000000]
speclooptripcount_ln54 (speclooptripcount) [ 0000000000000000000000000000]
specloopname_ln69      (specloopname     ) [ 0000000000000000000000000000]
br_ln39                (br               ) [ 0000000000000001111111000000]
j_1                    (alloca           ) [ 0000000000000001111111111000]
store_ln74             (store            ) [ 0000000000000000000000000000]
br_ln74                (br               ) [ 0000000000000000000000000000]
k_1                    (phi              ) [ 0000000000000000100000000000]
trunc_ln39_1           (trunc            ) [ 0000000000000000000000000000]
zext_ln42_3            (zext             ) [ 0000000000000000000000000000]
tmp_3                  (bitconcatenate   ) [ 0000000000000000011111000000]
add_ln45_3             (add              ) [ 0000000000000000000000000000]
zext_ln45_1            (zext             ) [ 0000000000000000000000000000]
col_outbuf_addr_1      (getelementptr    ) [ 0000000000000000011111000000]
icmp_ln39_1            (icmp             ) [ 0000000000000001111111000000]
add_ln39_1             (add              ) [ 0000000000000001111111000000]
br_ln39                (br               ) [ 0000000000000000000000000000]
speclooptripcount_ln32 (speclooptripcount) [ 0000000000000000000000000000]
specloopname_ln39      (specloopname     ) [ 0000000000000000000000000000]
br_ln41                (br               ) [ 0000000000000001111111000000]
store_ln69             (store            ) [ 0000000000000000000000000000]
br_ln69                (br               ) [ 0000000000000000000000000000]
n_1                    (phi              ) [ 0000000000000000010000000000]
tmp_2                  (phi              ) [ 0000000000000000011111000000]
zext_ln42_4            (zext             ) [ 0000000000000000000000000000]
add_ln42_1             (add              ) [ 0000000000000000000000000000]
zext_ln42_5            (zext             ) [ 0000000000000000000000000000]
dct_coeff_table_addr_1 (getelementptr    ) [ 0000000000000000001000000000]
add_ln43_2             (add              ) [ 0000000000000000000000000000]
zext_ln43_1            (zext             ) [ 0000000000000000000000000000]
col_inbuf_addr_1       (getelementptr    ) [ 0000000000000000001000000000]
icmp_ln41_1            (icmp             ) [ 0000000000000001111111000000]
add_ln41_1             (add              ) [ 0000000000000001111111000000]
br_ln41                (br               ) [ 0000000000000000000000000000]
trunc_ln41_1           (trunc            ) [ 0000000000000000000000000000]
add_ln45_1             (add              ) [ 0000000000000000000000000000]
trunc_ln45_1           (partselect       ) [ 0000000000000000000000000000]
store_ln45             (store            ) [ 0000000000000000000000000000]
br_ln39                (br               ) [ 0000000000000001111111000000]
coeff_1                (load             ) [ 0000000000000000000000000000]
sext_ln42_1            (sext             ) [ 0000000000000000000110000000]
col_inbuf_load         (load             ) [ 0000000000000000000000000000]
sext_ln43_2            (sext             ) [ 0000000000000000000110000000]
mul_ln43_1             (mul              ) [ 0000000000000000000000000000]
sext_ln43_3            (sext             ) [ 0000000000000000000001000000]
speclooptripcount_ln32 (speclooptripcount) [ 0000000000000000000000000000]
specloopname_ln41      (specloopname     ) [ 0000000000000000000000000000]
tmp_12                 (add              ) [ 0000000000000001111111000000]
br_ln41                (br               ) [ 0000000000000001111111000000]
j_3                    (load             ) [ 0000000000000000000000000000]
trunc_ln74             (trunc            ) [ 0000000000000000000000000000]
zext_ln77              (zext             ) [ 0000000000000000000000011000]
tmp_s                  (bitconcatenate   ) [ 0000000000000000000000011000]
icmp_ln74              (icmp             ) [ 0000000000000000000000111000]
add_ln74               (add              ) [ 0000000000000000000000011000]
br_ln74                (br               ) [ 0000000000000000000000000000]
speclooptripcount_ln54 (speclooptripcount) [ 0000000000000000000000000000]
specloopname_ln74      (specloopname     ) [ 0000000000000000000000000000]
br_ln76                (br               ) [ 0000000000000000000000111000]
r_1                    (alloca           ) [ 0000000000000000000000111111]
store_ln100            (store            ) [ 0000000000000000000000000000]
br_ln100               (br               ) [ 0000000000000000000000000000]
i_3                    (phi              ) [ 0000000000000000000000010000]
trunc_ln76             (trunc            ) [ 0000000000000000000000000000]
zext_ln77_1            (zext             ) [ 0000000000000000000000000000]
tmp_11                 (bitconcatenate   ) [ 0000000000000000000000000000]
add_ln77               (add              ) [ 0000000000000000000000000000]
zext_ln77_2            (zext             ) [ 0000000000000000000000000000]
col_outbuf_addr        (getelementptr    ) [ 0000000000000000000000001000]
add_ln77_1             (add              ) [ 0000000000000000000000000000]
zext_ln77_3            (zext             ) [ 0000000000000000000000000000]
buf_2d_out_addr        (getelementptr    ) [ 0000000000000000000000001000]
icmp_ln76              (icmp             ) [ 0000000000000000000000111000]
add_ln76               (add              ) [ 0000000000000000000000111000]
br_ln76                (br               ) [ 0000000000000000000000000000]
store_ln74             (store            ) [ 0000000000000000000000000000]
br_ln74                (br               ) [ 0000000000000000000000000000]
speclooptripcount_ln54 (speclooptripcount) [ 0000000000000000000000000000]
specloopname_ln76      (specloopname     ) [ 0000000000000000000000000000]
col_outbuf_load        (load             ) [ 0000000000000000000000000000]
store_ln77             (store            ) [ 0000000000000000000000000000]
br_ln76                (br               ) [ 0000000000000000000000111000]
r_3                    (load             ) [ 0000000000000000000000000000]
trunc_ln100            (trunc            ) [ 0000000000000000000000000011]
tmp_10                 (bitconcatenate   ) [ 0000000000000000000000000011]
icmp_ln97              (icmp             ) [ 0000000000000000000000000111]
add_ln97               (add              ) [ 0000000000000000000000000011]
br_ln97                (br               ) [ 0000000000000000000000000000]
speclooptripcount_ln94 (speclooptripcount) [ 0000000000000000000000000000]
specloopname_ln97      (specloopname     ) [ 0000000000000000000000000000]
br_ln99                (br               ) [ 0000000000000000000000000111]
ret_ln117              (ret              ) [ 0000000000000000000000000000]
c_1                    (phi              ) [ 0000000000000000000000000010]
zext_ln100_1           (zext             ) [ 0000000000000000000000000000]
add_ln100              (add              ) [ 0000000000000000000000000000]
zext_ln100_2           (zext             ) [ 0000000000000000000000000000]
buf_2d_out_addr_1      (getelementptr    ) [ 0000000000000000000000000001]
icmp_ln99              (icmp             ) [ 0000000000000000000000000111]
add_ln99               (add              ) [ 0000000000000000000000000111]
br_ln99                (br               ) [ 0000000000000000000000000000]
trunc_ln100_1          (trunc            ) [ 0000000000000000000000000001]
store_ln97             (store            ) [ 0000000000000000000000000000]
br_ln97                (br               ) [ 0000000000000000000000000000]
speclooptripcount_ln94 (speclooptripcount) [ 0000000000000000000000000000]
specloopname_ln99      (specloopname     ) [ 0000000000000000000000000000]
buf_2d_out_load        (load             ) [ 0000000000000000000000000000]
add_ln1                (bitconcatenate   ) [ 0000000000000000000000000000]
zext_ln100             (zext             ) [ 0000000000000000000000000000]
output_r_addr          (getelementptr    ) [ 0000000000000000000000000000]
store_ln100            (store            ) [ 0000000000000000000000000000]
br_ln99                (br               ) [ 0000000000000000000000000111]
</LifeTime>

<model>

<comp_list>
<comp id="0" class="1000" name="input_r">
<pin_list>
<pin id="1" dir="1" index="0" bw="1" slack="0"/>
</pin_list>
<bind>
<StgValue><ssdm name="input_r"/><MemPortTyVec>1 3 </MemPortTyVec>
</StgValue>
</bind>
</comp>

<comp id="2" class="1000" name="output_r">
<pin_list>
<pin id="3" dir="1" index="0" bw="1" slack="0"/>
</pin_list>
<bind>
<StgValue><ssdm name="output_r"/><MemPortTyVec>0 3 </MemPortTyVec>
</StgValue>
</bind>
</comp>

<comp id="4" class="1000" name="dct_coeff_table">
<pin_list>
<pin id="5" dir="1" index="0" bw="1" slack="0"/>
</pin_list>
<bind>
<StgValue><ssdm name="dct_coeff_table"/><MemPortTyVec>1 </MemPortTyVec>
</StgValue>
</bind>
</comp>

<comp id="6" class="1001" name="const_6">
<pin_list>
<pin id="7" dir="1" index="0" bw="1" slack="0"/>
</pin_list>
<bind>
<StgValue><ssdm name=""/></StgValue>
</bind>
</comp>

<comp id="8" class="1001" name="const_8">
<pin_list>
<pin id="9" dir="1" index="0" bw="1" slack="2147483647"/>
</pin_list>
<bind>
<StgValue><ssdm name="_ssdm_op_SpecTopModule"/></StgValue>
</bind>
</comp>

<comp id="10" class="1001" name="const_10">
<pin_list>
<pin id="11" dir="1" index="0" bw="1" slack="2147483647"/>
</pin_list>
<bind>
<StgValue><ssdm name="empty_1"/></StgValue>
</bind>
</comp>

<comp id="12" class="1001" name="const_12">
<pin_list>
<pin id="13" dir="1" index="0" bw="1" slack="2147483647"/>
</pin_list>
<bind>
<StgValue><ssdm name="_ssdm_op_SpecInterface"/></StgValue>
</bind>
</comp>

<comp id="14" class="1001" name="const_14">
<pin_list>
<pin id="15" dir="1" index="0" bw="1" slack="2147483647"/>
</pin_list>
<bind>
<StgValue><ssdm name="empty"/></StgValue>
</bind>
</comp>

<comp id="16" class="1001" name="const_16">
<pin_list>
<pin id="17" dir="1" index="0" bw="1" slack="1"/>
</pin_list>
<bind>
<StgValue><ssdm name=""/></StgValue>
</bind>
</comp>

<comp id="18" class="1001" name="const_18">
<pin_list>
<pin id="19" dir="1" index="0" bw="1" slack="2147483647"/>
</pin_list>
<bind>
<StgValue><ssdm name="empty_0"/></StgValue>
</bind>
</comp>

<comp id="20" class="1001" name="const_20">
<pin_list>
<pin id="21" dir="1" index="0" bw="1" slack="2147483647"/>
</pin_list>
<bind>
<StgValue><ssdm name=""/></StgValue>
</bind>
</comp>

<comp id="22" class="1001" name="const_22">
<pin_list>
<pin id="23" dir="1" index="0" bw="1" slack="2147483647"/>
</pin_list>
<bind>
<StgValue><ssdm name="_ssdm_op_SpecBitsMap"/></StgValue>
</bind>
</comp>

<comp id="24" class="1001" name="const_24">
<pin_list>
<pin id="25" dir="1" index="0" bw="1" slack="0"/>
</pin_list>
<bind>
<StgValue><ssdm name=""/></StgValue>
</bind>
</comp>

<comp id="26" class="1001" name="const_26">
<pin_list>
<pin id="27" dir="1" index="0" bw="1" slack="0"/>
</pin_list>
<bind>
<StgValue><ssdm name=""/></StgValue>
</bind>
</comp>

<comp id="28" class="1001" name="const_28">
<pin_list>
<pin id="29" dir="1" index="0" bw="1" slack="0"/>
</pin_list>
<bind>
<StgValue><ssdm name="_ssdm_op_BitConcatenate.i6.i3.i3"/></StgValue>
</bind>
</comp>

<comp id="30" class="1001" name="const_30">
<pin_list>
<pin id="31" dir="1" index="0" bw="1" slack="0"/>
</pin_list>
<bind>
<StgValue><ssdm name=""/></StgValue>
</bind>
</comp>

<comp id="32" class="1001" name="const_32">
<pin_list>
<pin id="33" dir="1" index="0" bw="1" slack="0"/>
</pin_list>
<bind>
<StgValue><ssdm name=""/></StgValue>
</bind>
</comp>

<comp id="34" class="1001" name="const_34">
<pin_list>
<pin id="35" dir="1" index="0" bw="1" slack="0"/>
</pin_list>
<bind>
<StgValue><ssdm name=""/></StgValue>
</bind>
</comp>

<comp id="36" class="1001" name="const_36">
<pin_list>
<pin id="37" dir="1" index="0" bw="1" slack="2147483647"/>
</pin_list>
<bind>
<StgValue><ssdm name="_ssdm_op_SpecLoopTripCount"/></StgValue>
</bind>
</comp>

<comp id="38" class="1001" name="const_38">
<pin_list>
<pin id="39" dir="1" index="0" bw="1" slack="2147483647"/>
</pin_list>
<bind>
<StgValue><ssdm name=""/></StgValue>
</bind>
</comp>

<comp id="40" class="1001" name="const_40">
<pin_list>
<pin id="41" dir="1" index="0" bw="1" slack="2147483647"/>
</pin_list>
<bind>
<StgValue><ssdm name="_ssdm_op_SpecLoopName"/></StgValue>
</bind>
</comp>

<comp id="42" class="1001" name="const_42">
<pin_list>
<pin id="43" dir="1" index="0" bw="1" slack="2147483647"/>
</pin_list>
<bind>
<StgValue><ssdm name="empty_13"/></StgValue>
</bind>
</comp>

<comp id="44" class="1001" name="const_44">
<pin_list>
<pin id="45" dir="1" index="0" bw="1" slack="0"/>
</pin_list>
<bind>
<StgValue><ssdm name=""/></StgValue>
</bind>
</comp>

<comp id="46" class="1001" name="const_46">
<pin_list>
<pin id="47" dir="1" index="0" bw="1" slack="2147483647"/>
</pin_list>
<bind>
<StgValue><ssdm name="empty_12"/></StgValue>
</bind>
</comp>

<comp id="48" class="1001" name="const_48">
<pin_list>
<pin id="49" dir="1" index="0" bw="1" slack="2147483647"/>
</pin_list>
<bind>
<StgValue><ssdm name="empty_11"/></StgValue>
</bind>
</comp>

<comp id="50" class="1001" name="const_50">
<pin_list>
<pin id="51" dir="1" index="0" bw="1" slack="2147483647"/>
</pin_list>
<bind>
<StgValue><ssdm name="empty_7"/></StgValue>
</bind>
</comp>

<comp id="52" class="1001" name="const_52">
<pin_list>
<pin id="53" dir="1" index="0" bw="1" slack="0"/>
</pin_list>
<bind>
<StgValue><ssdm name=""/></StgValue>
</bind>
</comp>

<comp id="54" class="1001" name="const_54">
<pin_list>
<pin id="55" dir="1" index="0" bw="1" slack="0"/>
</pin_list>
<bind>
<StgValue><ssdm name="_ssdm_op_PartSelect.i16.i29.i32.i32"/></StgValue>
</bind>
</comp>

<comp id="56" class="1001" name="const_56">
<pin_list>
<pin id="57" dir="1" index="0" bw="1" slack="0"/>
</pin_list>
<bind>
<StgValue><ssdm name=""/></StgValue>
</bind>
</comp>

<comp id="58" class="1001" name="const_58">
<pin_list>
<pin id="59" dir="1" index="0" bw="1" slack="0"/>
</pin_list>
<bind>
<StgValue><ssdm name=""/></StgValue>
</bind>
</comp>

<comp id="60" class="1001" name="const_60">
<pin_list>
<pin id="61" dir="1" index="0" bw="1" slack="2147483647"/>
</pin_list>
<bind>
<StgValue><ssdm name="empty_6"/></StgValue>
</bind>
</comp>

<comp id="62" class="1001" name="const_62">
<pin_list>
<pin id="63" dir="1" index="0" bw="1" slack="2147483647"/>
</pin_list>
<bind>
<StgValue><ssdm name="empty_10"/></StgValue>
</bind>
</comp>

<comp id="64" class="1001" name="const_64">
<pin_list>
<pin id="65" dir="1" index="0" bw="1" slack="2147483647"/>
</pin_list>
<bind>
<StgValue><ssdm name="empty_9"/></StgValue>
</bind>
</comp>

<comp id="66" class="1001" name="const_66">
<pin_list>
<pin id="67" dir="1" index="0" bw="1" slack="2147483647"/>
</pin_list>
<bind>
<StgValue><ssdm name="empty_8"/></StgValue>
</bind>
</comp>

<comp id="68" class="1001" name="const_68">
<pin_list>
<pin id="69" dir="1" index="0" bw="1" slack="2147483647"/>
</pin_list>
<bind>
<StgValue><ssdm name="empty_5"/></StgValue>
</bind>
</comp>

<comp id="70" class="1001" name="const_70">
<pin_list>
<pin id="71" dir="1" index="0" bw="1" slack="2147483647"/>
</pin_list>
<bind>
<StgValue><ssdm name="empty_4"/></StgValue>
</bind>
</comp>

<comp id="72" class="1001" name="const_72">
<pin_list>
<pin id="73" dir="1" index="0" bw="1" slack="2147483647"/>
</pin_list>
<bind>
<StgValue><ssdm name="empty_3"/></StgValue>
</bind>
</comp>

<comp id="74" class="1001" name="const_74">
<pin_list>
<pin id="75" dir="1" index="0" bw="1" slack="2147483647"/>
</pin_list>
<bind>
<StgValue><ssdm name="empty_2"/></StgValue>
</bind>
</comp>

<comp id="76" class="1004" name="r_fu_76">
<pin_list>
<pin id="77" dir="0" index="0" bw="1" slack="0"/>
<pin id="78" dir="1" index="1" bw="4" slack="0"/>
</pin_list>
<bind>
<opcode="alloca(26) " fcode="alloca"/>
<opset="r/1 "/>
</bind>
</comp>

<comp id="80" class="1004" name="row_outbuf_alloca_fu_80">
<pin_list>
<pin id="81" dir="0" index="0" bw="1" slack="0"/>
<pin id="82" dir="1" index="1" bw="16" slack="2147483647"/>
</pin_list>
<bind>
<opcode="alloca(26) " fcode="alloca"/>
<opset="row_outbuf/1 "/>
</bind>
</comp>

<comp id="84" class="1004" name="col_outbuf_alloca_fu_84">
<pin_list>
<pin id="85" dir="0" index="0" bw="1" slack="0"/>
<pin id="86" dir="1" index="1" bw="16" slack="2147483647"/>
</pin_list>
<bind>
<opcode="alloca(26) " fcode="alloca"/>
<opset="col_outbuf/1 "/>
</bind>
</comp>

<comp id="88" class="1004" name="col_inbuf_alloca_fu_88">
<pin_list>
<pin id="89" dir="0" index="0" bw="1" slack="0"/>
<pin id="90" dir="1" index="1" bw="16" slack="2147483647"/>
</pin_list>
<bind>
<opcode="alloca(26) " fcode="alloca"/>
<opset="col_inbuf/1 "/>
</bind>
</comp>

<comp id="92" class="1004" name="buf_2d_in_alloca_fu_92">
<pin_list>
<pin id="93" dir="0" index="0" bw="1" slack="0"/>
<pin id="94" dir="1" index="1" bw="16" slack="2147483647"/>
</pin_list>
<bind>
<opcode="alloca(26) " fcode="alloca"/>
<opset="buf_2d_in/1 "/>
</bind>
</comp>

<comp id="96" class="1004" name="buf_2d_out_alloca_fu_96">
<pin_list>
<pin id="97" dir="0" index="0" bw="1" slack="0"/>
<pin id="98" dir="1" index="1" bw="16" slack="2147483647"/>
</pin_list>
<bind>
<opcode="alloca(26) " fcode="alloca"/>
<opset="buf_2d_out/1 "/>
</bind>
</comp>

<comp id="100" class="1004" name="i_fu_100">
<pin_list>
<pin id="101" dir="0" index="0" bw="1" slack="0"/>
<pin id="102" dir="1" index="1" bw="4" slack="0"/>
</pin_list>
<bind>
<opcode="alloca(26) " fcode="alloca"/>
<opset="i/2 "/>
</bind>
</comp>

<comp id="104" class="1004" name="j_fu_104">
<pin_list>
<pin id="105" dir="0" index="0" bw="1" slack="0"/>
<pin id="106" dir="1" index="1" bw="4" slack="0"/>
</pin_list>
<bind>
<opcode="alloca(26) " fcode="alloca"/>
<opset="j/5 "/>
</bind>
</comp>

<comp id="108" class="1004" name="i_1_fu_108">
<pin_list>
<pin id="109" dir="0" index="0" bw="1" slack="0"/>
<pin id="110" dir="1" index="1" bw="4" slack="0"/>
</pin_list>
<bind>
<opcode="alloca(26) " fcode="alloca"/>
<opset="i_1/12 "/>
</bind>
</comp>

<comp id="112" class="1004" name="j_1_fu_112">
<pin_list>
<pin id="113" dir="0" index="0" bw="1" slack="0"/>
<pin id="114" dir="1" index="1" bw="4" slack="0"/>
</pin_list>
<bind>
<opcode="alloca(26) " fcode="alloca"/>
<opset="j_1/15 "/>
</bind>
</comp>

<comp id="116" class="1004" name="r_1_fu_116">
<pin_list>
<pin id="117" dir="0" index="0" bw="1" slack="0"/>
<pin id="118" dir="1" index="1" bw="4" slack="0"/>
</pin_list>
<bind>
<opcode="alloca(26) " fcode="alloca"/>
<opset="r_1/22 "/>
</bind>
</comp>

<comp id="120" class="1004" name="buf_2d_in_addr_gep_fu_120">
<pin_list>
<pin id="121" dir="0" index="0" bw="16" slack="2147483647"/>
<pin id="122" dir="0" index="1" bw="1" slack="0"/>
<pin id="123" dir="0" index="2" bw="6" slack="0"/>
<pin id="124" dir="1" index="3" bw="6" slack="1"/>
</pin_list>
<bind>
<opcode="getelementptr(29) " fcode="getelementptr"/>
<opset="buf_2d_in_addr/3 "/>
</bind>
</comp>

<comp id="126" class="1004" name="input_r_addr_gep_fu_126">
<pin_list>
<pin id="127" dir="0" index="0" bw="16" slack="0"/>
<pin id="128" dir="0" index="1" bw="1" slack="0"/>
<pin id="129" dir="0" index="2" bw="6" slack="0"/>
<pin id="130" dir="1" index="3" bw="6" slack="0"/>
</pin_list>
<bind>
<opcode="getelementptr(29) " fcode="getelementptr"/>
<opset="input_r_addr/3 "/>
</bind>
</comp>

<comp id="133" class="1004" name="grp_access_fu_133">
<pin_list>
<pin id="134" dir="0" index="0" bw="6" slack="0"/>
<pin id="135" dir="0" index="1" bw="16" slack="2147483647"/>
<pin id="136" dir="0" index="2" bw="0" slack="2147483647"/>
<pin id="137" dir="1" index="3" bw="16" slack="0"/>
</pin_list>
<bind>
<opcode="load(27) " fcode="load"/>
<opset="input_r_load/3 "/>
</bind>
</comp>

<comp id="139" class="1004" name="grp_access_fu_139">
<pin_list>
<pin id="140" dir="0" index="0" bw="6" slack="0"/>
<pin id="141" dir="0" index="1" bw="16" slack="0"/>
<pin id="142" dir="0" index="2" bw="0" slack="2147483647"/>
<pin id="143" dir="1" index="3" bw="16" slack="0"/>
</pin_list>
<bind>
<opcode="load(27) store(28) " fcode="load"/>
<opset="store_ln88/4 buf_2d_in_load/7 "/>
</bind>
</comp>

<comp id="145" class="1004" name="row_outbuf_addr_1_gep_fu_145">
<pin_list>
<pin id="146" dir="0" index="0" bw="16" slack="2147483647"/>
<pin id="147" dir="0" index="1" bw="1" slack="0"/>
<pin id="148" dir="0" index="2" bw="6" slack="0"/>
<pin id="149" dir="1" index="3" bw="6" slack="1"/>
</pin_list>
<bind>
<opcode="getelementptr(29) " fcode="getelementptr"/>
<opset="row_outbuf_addr_1/6 "/>
</bind>
</comp>

<comp id="151" class="1004" name="dct_coeff_table_addr_gep_fu_151">
<pin_list>
<pin id="152" dir="0" index="0" bw="15" slack="0"/>
<pin id="153" dir="0" index="1" bw="1" slack="0"/>
<pin id="154" dir="0" index="2" bw="6" slack="0"/>
<pin id="155" dir="1" index="3" bw="6" slack="0"/>
</pin_list>
<bind>
<opcode="getelementptr(29) " fcode="getelementptr"/>
<opset="dct_coeff_table_addr/7 "/>
</bind>
</comp>

<comp id="158" class="1004" name="buf_2d_in_addr_1_gep_fu_158">
<pin_list>
<pin id="159" dir="0" index="0" bw="16" slack="2147483647"/>
<pin id="160" dir="0" index="1" bw="1" slack="0"/>
<pin id="161" dir="0" index="2" bw="6" slack="0"/>
<pin id="162" dir="1" index="3" bw="6" slack="0"/>
</pin_list>
<bind>
<opcode="getelementptr(29) " fcode="getelementptr"/>
<opset="buf_2d_in_addr_1/7 "/>
</bind>
</comp>

<comp id="164" class="1004" name="grp_access_fu_164">
<pin_list>
<pin id="165" dir="0" index="0" bw="6" slack="0"/>
<pin id="166" dir="0" index="1" bw="15" slack="2147483647"/>
<pin id="167" dir="0" index="2" bw="0" slack="2147483647"/>
<pin id="168" dir="1" index="3" bw="15" slack="0"/>
</pin_list>
<bind>
<opcode="load(27) " fcode="load"/>
<opset="coeff/7 coeff_1/17 "/>
</bind>
</comp>

<comp id="171" class="1004" name="grp_access_fu_171">
<pin_list>
<pin id="172" dir="0" index="0" bw="6" slack="0"/>
<pin id="173" dir="0" index="1" bw="16" slack="0"/>
<pin id="174" dir="0" index="2" bw="0" slack="2147483647"/>
<pin id="175" dir="1" index="3" bw="16" slack="0"/>
</pin_list>
<bind>
<opcode="load(27) store(28) " fcode="load"/>
<opset="store_ln45/7 row_outbuf_load/13 "/>
</bind>
</comp>

<comp id="176" class="1004" name="row_outbuf_addr_gep_fu_176">
<pin_list>
<pin id="177" dir="0" index="0" bw="16" slack="2147483647"/>
<pin id="178" dir="0" index="1" bw="1" slack="0"/>
<pin id="179" dir="0" index="2" bw="6" slack="0"/>
<pin id="180" dir="1" index="3" bw="6" slack="0"/>
</pin_list>
<bind>
<opcode="getelementptr(29) " fcode="getelementptr"/>
<opset="row_outbuf_addr/13 "/>
</bind>
</comp>

<comp id="182" class="1004" name="col_inbuf_addr_gep_fu_182">
<pin_list>
<pin id="183" dir="0" index="0" bw="16" slack="2147483647"/>
<pin id="184" dir="0" index="1" bw="1" slack="0"/>
<pin id="185" dir="0" index="2" bw="6" slack="0"/>
<pin id="186" dir="1" index="3" bw="6" slack="1"/>
</pin_list>
<bind>
<opcode="getelementptr(29) " fcode="getelementptr"/>
<opset="col_inbuf_addr/13 "/>
</bind>
</comp>

<comp id="189" class="1004" name="grp_access_fu_189">
<pin_list>
<pin id="190" dir="0" index="0" bw="6" slack="0"/>
<pin id="191" dir="0" index="1" bw="16" slack="0"/>
<pin id="192" dir="0" index="2" bw="0" slack="2147483647"/>
<pin id="193" dir="1" index="3" bw="16" slack="0"/>
</pin_list>
<bind>
<opcode="load(27) store(28) " fcode="load"/>
<opset="store_ln66/14 col_inbuf_load/17 "/>
</bind>
</comp>

<comp id="195" class="1004" name="col_outbuf_addr_1_gep_fu_195">
<pin_list>
<pin id="196" dir="0" index="0" bw="16" slack="2147483647"/>
<pin id="197" dir="0" index="1" bw="1" slack="0"/>
<pin id="198" dir="0" index="2" bw="6" slack="0"/>
<pin id="199" dir="1" index="3" bw="6" slack="1"/>
</pin_list>
<bind>
<opcode="getelementptr(29) " fcode="getelementptr"/>
<opset="col_outbuf_addr_1/16 "/>
</bind>
</comp>

<comp id="201" class="1004" name="dct_coeff_table_addr_1_gep_fu_201">
<pin_list>
<pin id="202" dir="0" index="0" bw="15" slack="0"/>
<pin id="203" dir="0" index="1" bw="1" slack="0"/>
<pin id="204" dir="0" index="2" bw="6" slack="0"/>
<pin id="205" dir="1" index="3" bw="6" slack="0"/>
</pin_list>
<bind>
<opcode="getelementptr(29) " fcode="getelementptr"/>
<opset="dct_coeff_table_addr_1/17 "/>
</bind>
</comp>

<comp id="208" class="1004" name="col_inbuf_addr_1_gep_fu_208">
<pin_list>
<pin id="209" dir="0" index="0" bw="16" slack="2147483647"/>
<pin id="210" dir="0" index="1" bw="1" slack="0"/>
<pin id="211" dir="0" index="2" bw="6" slack="0"/>
<pin id="212" dir="1" index="3" bw="6" slack="0"/>
</pin_list>
<bind>
<opcode="getelementptr(29) " fcode="getelementptr"/>
<opset="col_inbuf_addr_1/17 "/>
</bind>
</comp>

<comp id="216" class="1004" name="grp_access_fu_216">
<pin_list>
<pin id="217" dir="0" index="0" bw="6" slack="0"/>
<pin id="218" dir="0" index="1" bw="16" slack="0"/>
<pin id="219" dir="0" index="2" bw="0" slack="2147483647"/>
<pin id="220" dir="1" index="3" bw="16" slack="0"/>
</pin_list>
<bind>
<opcode="load(27) store(28) " fcode="load"/>
<opset="store_ln45/17 col_outbuf_load/23 "/>
</bind>
</comp>

<comp id="221" class="1004" name="col_outbuf_addr_gep_fu_221">
<pin_list>
<pin id="222" dir="0" index="0" bw="16" slack="2147483647"/>
<pin id="223" dir="0" index="1" bw="1" slack="0"/>
<pin id="224" dir="0" index="2" bw="6" slack="0"/>
<pin id="225" dir="1" index="3" bw="6" slack="0"/>
</pin_list>
<bind>
<opcode="getelementptr(29) " fcode="getelementptr"/>
<opset="col_outbuf_addr/23 "/>
</bind>
</comp>

<comp id="227" class="1004" name="buf_2d_out_addr_gep_fu_227">
<pin_list>
<pin id="228" dir="0" index="0" bw="16" slack="2147483647"/>
<pin id="229" dir="0" index="1" bw="1" slack="0"/>
<pin id="230" dir="0" index="2" bw="6" slack="0"/>
<pin id="231" dir="1" index="3" bw="6" slack="1"/>
</pin_list>
<bind>
<opcode="getelementptr(29) " fcode="getelementptr"/>
<opset="buf_2d_out_addr/23 "/>
</bind>
</comp>

<comp id="234" class="1004" name="grp_access_fu_234">
<pin_list>
<pin id="235" dir="0" index="0" bw="6" slack="0"/>
<pin id="236" dir="0" index="1" bw="16" slack="0"/>
<pin id="237" dir="0" index="2" bw="0" slack="2147483647"/>
<pin id="238" dir="1" index="3" bw="16" slack="0"/>
</pin_list>
<bind>
<opcode="load(27) store(28) " fcode="load"/>
<opset="store_ln77/24 buf_2d_out_load/26 "/>
</bind>
</comp>

<comp id="240" class="1004" name="buf_2d_out_addr_1_gep_fu_240">
<pin_list>
<pin id="241" dir="0" index="0" bw="16" slack="2147483647"/>
<pin id="242" dir="0" index="1" bw="1" slack="0"/>
<pin id="243" dir="0" index="2" bw="6" slack="0"/>
<pin id="244" dir="1" index="3" bw="6" slack="0"/>
</pin_list>
<bind>
<opcode="getelementptr(29) " fcode="getelementptr"/>
<opset="buf_2d_out_addr_1/26 "/>
</bind>
</comp>

<comp id="247" class="1004" name="output_r_addr_gep_fu_247">
<pin_list>
<pin id="248" dir="0" index="0" bw="16" slack="0"/>
<pin id="249" dir="0" index="1" bw="1" slack="0"/>
<pin id="250" dir="0" index="2" bw="6" slack="0"/>
<pin id="251" dir="1" index="3" bw="6" slack="0"/>
</pin_list>
<bind>
<opcode="getelementptr(29) " fcode="getelementptr"/>
<opset="output_r_addr/27 "/>
</bind>
</comp>

<comp id="254" class="1004" name="store_ln100_access_fu_254">
<pin_list>
<pin id="255" dir="0" index="0" bw="6" slack="0"/>
<pin id="256" dir="0" index="1" bw="16" slack="0"/>
<pin id="257" dir="0" index="2" bw="0" slack="2147483647"/>
<pin id="258" dir="1" index="3" bw="16" slack="2147483647"/>
</pin_list>
<bind>
<opcode="store(28) " fcode="store"/>
<opset="store_ln100/27 "/>
</bind>
</comp>

<comp id="261" class="1005" name="c_reg_261">
<pin_list>
<pin id="262" dir="0" index="0" bw="4" slack="1"/>
<pin id="263" dir="1" index="1" bw="4" slack="1"/>
</pin_list>
<bind>
<opset="c (phireg) "/>
</bind>
</comp>

<comp id="265" class="1004" name="c_phi_fu_265">
<pin_list>
<pin id="266" dir="0" index="0" bw="4" slack="0"/>
<pin id="267" dir="0" index="1" bw="0" slack="2147483647"/>
<pin id="268" dir="0" index="2" bw="1" slack="1"/>
<pin id="269" dir="0" index="3" bw="0" slack="2147483647"/>
<pin id="270" dir="1" index="4" bw="4" slack="0"/>
</pin_list>
<bind>
<opcode="phi(47) " fcode="phi"/>
<opset="c/3 "/>
</bind>
</comp>

<comp id="272" class="1005" name="k_reg_272">
<pin_list>
<pin id="273" dir="0" index="0" bw="4" slack="1"/>
<pin id="274" dir="1" index="1" bw="4" slack="1"/>
</pin_list>
<bind>
<opset="k (phireg) "/>
</bind>
</comp>

<comp id="276" class="1004" name="k_phi_fu_276">
<pin_list>
<pin id="277" dir="0" index="0" bw="4" slack="0"/>
<pin id="278" dir="0" index="1" bw="0" slack="2147483647"/>
<pin id="279" dir="0" index="2" bw="1" slack="1"/>
<pin id="280" dir="0" index="3" bw="0" slack="2147483647"/>
<pin id="281" dir="1" index="4" bw="4" slack="0"/>
</pin_list>
<bind>
<opcode="phi(47) " fcode="phi"/>
<opset="k/6 "/>
</bind>
</comp>

<comp id="283" class="1005" name="n_reg_283">
<pin_list>
<pin id="284" dir="0" index="0" bw="4" slack="1"/>
<pin id="285" dir="1" index="1" bw="4" slack="1"/>
</pin_list>
<bind>
<opset="n (phireg) "/>
</bind>
</comp>

<comp id="287" class="1004" name="n_phi_fu_287">
<pin_list>
<pin id="288" dir="0" index="0" bw="4" slack="0"/>
<pin id="289" dir="0" index="1" bw="0" slack="2147483647"/>
<pin id="290" dir="0" index="2" bw="1" slack="1"/>
<pin id="291" dir="0" index="3" bw="0" slack="2147483647"/>
<pin id="292" dir="1" index="4" bw="4" slack="0"/>
</pin_list>
<bind>
<opcode="phi(47) " fcode="phi"/>
<opset="n/7 "/>
</bind>
</comp>

<comp id="294" class="1005" name="tmp_reg_294">
<pin_list>
<pin id="295" dir="0" index="0" bw="32" slack="1"/>
<pin id="296" dir="1" index="1" bw="32" slack="1"/>
</pin_list>
<bind>
<opset="tmp (phireg) "/>
</bind>
</comp>

<comp id="298" class="1004" name="tmp_phi_fu_298">
<pin_list>
<pin id="299" dir="0" index="0" bw="32" slack="1"/>
<pin id="300" dir="0" index="1" bw="0" slack="2147483647"/>
<pin id="301" dir="0" index="2" bw="1" slack="1"/>
<pin id="302" dir="0" index="3" bw="0" slack="2147483647"/>
<pin id="303" dir="1" index="4" bw="32" slack="0"/>
</pin_list>
<bind>
<opcode="phi(47) " fcode="phi"/>
<opset="tmp/7 "/>
</bind>
</comp>

<comp id="306" class="1005" name="i_2_reg_306">
<pin_list>
<pin id="307" dir="0" index="0" bw="4" slack="1"/>
<pin id="308" dir="1" index="1" bw="4" slack="1"/>
</pin_list>
<bind>
<opset="i_2 (phireg) "/>
</bind>
</comp>

<comp id="310" class="1004" name="i_2_phi_fu_310">
<pin_list>
<pin id="311" dir="0" index="0" bw="4" slack="0"/>
<pin id="312" dir="0" index="1" bw="0" slack="2147483647"/>
<pin id="313" dir="0" index="2" bw="1" slack="1"/>
<pin id="314" dir="0" index="3" bw="0" slack="2147483647"/>
<pin id="315" dir="1" index="4" bw="4" slack="0"/>
</pin_list>
<bind>
<opcode="phi(47) " fcode="phi"/>
<opset="i_2/13 "/>
</bind>
</comp>

<comp id="317" class="1005" name="k_1_reg_317">
<pin_list>
<pin id="318" dir="0" index="0" bw="4" slack="1"/>
<pin id="319" dir="1" index="1" bw="4" slack="1"/>
</pin_list>
<bind>
<opset="k_1 (phireg) "/>
</bind>
</comp>

<comp id="321" class="1004" name="k_1_phi_fu_321">
<pin_list>
<pin id="322" dir="0" index="0" bw="4" slack="0"/>
<pin id="323" dir="0" index="1" bw="0" slack="2147483647"/>
<pin id="324" dir="0" index="2" bw="1" slack="1"/>
<pin id="325" dir="0" index="3" bw="0" slack="2147483647"/>
<pin id="326" dir="1" index="4" bw="4" slack="0"/>
</pin_list>
<bind>
<opcode="phi(47) " fcode="phi"/>
<opset="k_1/16 "/>
</bind>
</comp>

<comp id="328" class="1005" name="n_1_reg_328">
<pin_list>
<pin id="329" dir="0" index="0" bw="4" slack="1"/>
<pin id="330" dir="1" index="1" bw="4" slack="1"/>
</pin_list>
<bind>
<opset="n_1 (phireg) "/>
</bind>
</comp>

<comp id="332" class="1004" name="n_1_phi_fu_332">
<pin_list>
<pin id="333" dir="0" index="0" bw="4" slack="0"/>
<pin id="334" dir="0" index="1" bw="0" slack="2147483647"/>
<pin id="335" dir="0" index="2" bw="1" slack="1"/>
<pin id="336" dir="0" index="3" bw="0" slack="2147483647"/>
<pin id="337" dir="1" index="4" bw="4" slack="0"/>
</pin_list>
<bind>
<opcode="phi(47) " fcode="phi"/>
<opset="n_1/17 "/>
</bind>
</comp>

<comp id="339" class="1005" name="tmp_2_reg_339">
<pin_list>
<pin id="340" dir="0" index="0" bw="32" slack="1"/>
<pin id="341" dir="1" index="1" bw="32" slack="1"/>
</pin_list>
<bind>
<opset="tmp_2 (phireg) "/>
</bind>
</comp>

<comp id="343" class="1004" name="tmp_2_phi_fu_343">
<pin_list>
<pin id="344" dir="0" index="0" bw="32" slack="1"/>
<pin id="345" dir="0" index="1" bw="0" slack="2147483647"/>
<pin id="346" dir="0" index="2" bw="1" slack="1"/>
<pin id="347" dir="0" index="3" bw="0" slack="2147483647"/>
<pin id="348" dir="1" index="4" bw="32" slack="0"/>
</pin_list>
<bind>
<opcode="phi(47) " fcode="phi"/>
<opset="tmp_2/17 "/>
</bind>
</comp>

<comp id="351" class="1005" name="i_3_reg_351">
<pin_list>
<pin id="352" dir="0" index="0" bw="4" slack="1"/>
<pin id="353" dir="1" index="1" bw="4" slack="1"/>
</pin_list>
<bind>
<opset="i_3 (phireg) "/>
</bind>
</comp>

<comp id="355" class="1004" name="i_3_phi_fu_355">
<pin_list>
<pin id="356" dir="0" index="0" bw="4" slack="0"/>
<pin id="357" dir="0" index="1" bw="0" slack="2147483647"/>
<pin id="358" dir="0" index="2" bw="1" slack="1"/>
<pin id="359" dir="0" index="3" bw="0" slack="2147483647"/>
<pin id="360" dir="1" index="4" bw="4" slack="0"/>
</pin_list>
<bind>
<opcode="phi(47) " fcode="phi"/>
<opset="i_3/23 "/>
</bind>
</comp>

<comp id="362" class="1005" name="c_1_reg_362">
<pin_list>
<pin id="363" dir="0" index="0" bw="4" slack="1"/>
<pin id="364" dir="1" index="1" bw="4" slack="1"/>
</pin_list>
<bind>
<opset="c_1 (phireg) "/>
</bind>
</comp>

<comp id="366" class="1004" name="c_1_phi_fu_366">
<pin_list>
<pin id="367" dir="0" index="0" bw="4" slack="0"/>
<pin id="368" dir="0" index="1" bw="0" slack="2147483647"/>
<pin id="369" dir="0" index="2" bw="1" slack="1"/>
<pin id="370" dir="0" index="3" bw="0" slack="2147483647"/>
<pin id="371" dir="1" index="4" bw="4" slack="0"/>
</pin_list>
<bind>
<opcode="phi(47) " fcode="phi"/>
<opset="c_1/26 "/>
</bind>
</comp>

<comp id="373" class="1004" name="store_ln85_store_fu_373">
<pin_list>
<pin id="374" dir="0" index="0" bw="1" slack="0"/>
<pin id="375" dir="0" index="1" bw="4" slack="0"/>
<pin id="376" dir="1" index="2" bw="0" slack="2147483647"/>
</pin_list>
<bind>
<opcode="store(28) " fcode="store"/>
<opset="store_ln85/1 "/>
</bind>
</comp>

<comp id="378" class="1004" name="r_2_load_fu_378">
<pin_list>
<pin id="379" dir="0" index="0" bw="4" slack="1"/>
<pin id="380" dir="1" index="1" bw="4" slack="0"/>
</pin_list>
<bind>
<opcode="load(27) " fcode="load"/>
<opset="r_2/2 "/>
</bind>
</comp>

<comp id="381" class="1004" name="trunc_ln88_fu_381">
<pin_list>
<pin id="382" dir="0" index="0" bw="4" slack="0"/>
<pin id="383" dir="1" index="1" bw="3" slack="0"/>
</pin_list>
<bind>
<opcode="trunc(33) " fcode="trunc"/>
<opset="trunc_ln88/2 "/>
</bind>
</comp>

<comp id="385" class="1004" name="tmp_4_fu_385">
<pin_list>
<pin id="386" dir="0" index="0" bw="6" slack="0"/>
<pin id="387" dir="0" index="1" bw="3" slack="0"/>
<pin id="388" dir="0" index="2" bw="1" slack="0"/>
<pin id="389" dir="1" index="3" bw="6" slack="1"/>
</pin_list>
<bind>
<opcode="bitconcatenate(1004) " fcode="bitconcatenate"/>
<opset="tmp_4/2 "/>
</bind>
</comp>

<comp id="393" class="1004" name="icmp_ln85_fu_393">
<pin_list>
<pin id="394" dir="0" index="0" bw="4" slack="0"/>
<pin id="395" dir="0" index="1" bw="4" slack="0"/>
<pin id="396" dir="1" index="2" bw="1" slack="2147483647"/>
</pin_list>
<bind>
<opcode="icmp(45) " fcode="icmp"/>
<opset="icmp_ln85/2 "/>
</bind>
</comp>

<comp id="399" class="1004" name="add_ln85_fu_399">
<pin_list>
<pin id="400" dir="0" index="0" bw="4" slack="0"/>
<pin id="401" dir="0" index="1" bw="1" slack="0"/>
<pin id="402" dir="1" index="2" bw="4" slack="1"/>
</pin_list>
<bind>
<opcode="add(8) " fcode="add"/>
<opset="add_ln85/2 "/>
</bind>
</comp>

<comp id="405" class="1004" name="store_ln45_store_fu_405">
<pin_list>
<pin id="406" dir="0" index="0" bw="1" slack="0"/>
<pin id="407" dir="0" index="1" bw="4" slack="0"/>
<pin id="408" dir="1" index="2" bw="0" slack="2147483647"/>
</pin_list>
<bind>
<opcode="store(28) " fcode="store"/>
<opset="store_ln45/2 "/>
</bind>
</comp>

<comp id="410" class="1004" name="zext_ln88_1_fu_410">
<pin_list>
<pin id="411" dir="0" index="0" bw="4" slack="0"/>
<pin id="412" dir="1" index="1" bw="6" slack="0"/>
</pin_list>
<bind>
<opcode="zext(34) " fcode="zext"/>
<opset="zext_ln88_1/3 "/>
</bind>
</comp>

<comp id="414" class="1004" name="add_ln88_fu_414">
<pin_list>
<pin id="415" dir="0" index="0" bw="6" slack="1"/>
<pin id="416" dir="0" index="1" bw="4" slack="0"/>
<pin id="417" dir="1" index="2" bw="6" slack="0"/>
</pin_list>
<bind>
<opcode="add(8) " fcode="add"/>
<opset="add_ln88/3 "/>
</bind>
</comp>

<comp id="419" class="1004" name="zext_ln88_2_fu_419">
<pin_list>
<pin id="420" dir="0" index="0" bw="6" slack="0"/>
<pin id="421" dir="1" index="1" bw="64" slack="0"/>
</pin_list>
<bind>
<opcode="zext(34) " fcode="zext"/>
<opset="zext_ln88_2/3 "/>
</bind>
</comp>

<comp id="424" class="1004" name="icmp_ln87_fu_424">
<pin_list>
<pin id="425" dir="0" index="0" bw="4" slack="0"/>
<pin id="426" dir="0" index="1" bw="4" slack="0"/>
<pin id="427" dir="1" index="2" bw="1" slack="2147483647"/>
</pin_list>
<bind>
<opcode="icmp(45) " fcode="icmp"/>
<opset="icmp_ln87/3 "/>
</bind>
</comp>

<comp id="430" class="1004" name="add_ln87_fu_430">
<pin_list>
<pin id="431" dir="0" index="0" bw="4" slack="0"/>
<pin id="432" dir="0" index="1" bw="1" slack="0"/>
<pin id="433" dir="1" index="2" bw="4" slack="0"/>
</pin_list>
<bind>
<opcode="add(8) " fcode="add"/>
<opset="add_ln87/3 "/>
</bind>
</comp>

<comp id="436" class="1004" name="trunc_ln88_1_fu_436">
<pin_list>
<pin id="437" dir="0" index="0" bw="4" slack="0"/>
<pin id="438" dir="1" index="1" bw="3" slack="0"/>
</pin_list>
<bind>
<opcode="trunc(33) " fcode="trunc"/>
<opset="trunc_ln88_1/3 "/>
</bind>
</comp>

<comp id="440" class="1004" name="add_ln_fu_440">
<pin_list>
<pin id="441" dir="0" index="0" bw="6" slack="0"/>
<pin id="442" dir="0" index="1" bw="3" slack="1"/>
<pin id="443" dir="0" index="2" bw="3" slack="0"/>
<pin id="444" dir="1" index="3" bw="6" slack="0"/>
</pin_list>
<bind>
<opcode="bitconcatenate(1004) " fcode="bitconcatenate"/>
<opset="add_ln/3 "/>
</bind>
</comp>

<comp id="447" class="1004" name="zext_ln88_fu_447">
<pin_list>
<pin id="448" dir="0" index="0" bw="6" slack="0"/>
<pin id="449" dir="1" index="1" bw="64" slack="0"/>
</pin_list>
<bind>
<opcode="zext(34) " fcode="zext"/>
<opset="zext_ln88/3 "/>
</bind>
</comp>

<comp id="452" class="1004" name="store_ln85_store_fu_452">
<pin_list>
<pin id="453" dir="0" index="0" bw="4" slack="1"/>
<pin id="454" dir="0" index="1" bw="4" slack="2"/>
<pin id="455" dir="1" index="2" bw="0" slack="2147483647"/>
</pin_list>
<bind>
<opcode="store(28) " fcode="store"/>
<opset="store_ln85/3 "/>
</bind>
</comp>

<comp id="456" class="1004" name="i_4_load_fu_456">
<pin_list>
<pin id="457" dir="0" index="0" bw="4" slack="1"/>
<pin id="458" dir="1" index="1" bw="4" slack="0"/>
</pin_list>
<bind>
<opcode="load(27) " fcode="load"/>
<opset="i_4/5 "/>
</bind>
</comp>

<comp id="459" class="1004" name="trunc_ln45_fu_459">
<pin_list>
<pin id="460" dir="0" index="0" bw="4" slack="0"/>
<pin id="461" dir="1" index="1" bw="3" slack="0"/>
</pin_list>
<bind>
<opcode="trunc(33) " fcode="trunc"/>
<opset="trunc_ln45/5 "/>
</bind>
</comp>

<comp id="463" class="1004" name="tmp_5_fu_463">
<pin_list>
<pin id="464" dir="0" index="0" bw="6" slack="0"/>
<pin id="465" dir="0" index="1" bw="3" slack="0"/>
<pin id="466" dir="0" index="2" bw="1" slack="0"/>
<pin id="467" dir="1" index="3" bw="6" slack="1"/>
</pin_list>
<bind>
<opcode="bitconcatenate(1004) " fcode="bitconcatenate"/>
<opset="tmp_5/5 "/>
</bind>
</comp>

<comp id="471" class="1004" name="icmp_ln58_fu_471">
<pin_list>
<pin id="472" dir="0" index="0" bw="4" slack="0"/>
<pin id="473" dir="0" index="1" bw="4" slack="0"/>
<pin id="474" dir="1" index="2" bw="1" slack="2147483647"/>
</pin_list>
<bind>
<opcode="icmp(45) " fcode="icmp"/>
<opset="icmp_ln58/5 "/>
</bind>
</comp>

<comp id="477" class="1004" name="add_ln58_fu_477">
<pin_list>
<pin id="478" dir="0" index="0" bw="4" slack="0"/>
<pin id="479" dir="0" index="1" bw="1" slack="0"/>
<pin id="480" dir="1" index="2" bw="4" slack="1"/>
</pin_list>
<bind>
<opcode="add(8) " fcode="add"/>
<opset="add_ln58/5 "/>
</bind>
</comp>

<comp id="483" class="1004" name="store_ln63_store_fu_483">
<pin_list>
<pin id="484" dir="0" index="0" bw="1" slack="0"/>
<pin id="485" dir="0" index="1" bw="4" slack="0"/>
<pin id="486" dir="1" index="2" bw="0" slack="2147483647"/>
</pin_list>
<bind>
<opcode="store(28) " fcode="store"/>
<opset="store_ln63/5 "/>
</bind>
</comp>

<comp id="488" class="1004" name="trunc_ln39_fu_488">
<pin_list>
<pin id="489" dir="0" index="0" bw="4" slack="0"/>
<pin id="490" dir="1" index="1" bw="3" slack="0"/>
</pin_list>
<bind>
<opcode="trunc(33) " fcode="trunc"/>
<opset="trunc_ln39/6 "/>
</bind>
</comp>

<comp id="492" class="1004" name="zext_ln42_fu_492">
<pin_list>
<pin id="493" dir="0" index="0" bw="4" slack="0"/>
<pin id="494" dir="1" index="1" bw="6" slack="0"/>
</pin_list>
<bind>
<opcode="zext(34) " fcode="zext"/>
<opset="zext_ln42/6 "/>
</bind>
</comp>

<comp id="496" class="1004" name="tmp_7_fu_496">
<pin_list>
<pin id="497" dir="0" index="0" bw="6" slack="0"/>
<pin id="498" dir="0" index="1" bw="3" slack="0"/>
<pin id="499" dir="0" index="2" bw="1" slack="0"/>
<pin id="500" dir="1" index="3" bw="6" slack="1"/>
</pin_list>
<bind>
<opcode="bitconcatenate(1004) " fcode="bitconcatenate"/>
<opset="tmp_7/6 "/>
</bind>
</comp>

<comp id="504" class="1004" name="add_ln45_2_fu_504">
<pin_list>
<pin id="505" dir="0" index="0" bw="6" slack="1"/>
<pin id="506" dir="0" index="1" bw="4" slack="0"/>
<pin id="507" dir="1" index="2" bw="6" slack="0"/>
</pin_list>
<bind>
<opcode="add(8) " fcode="add"/>
<opset="add_ln45_2/6 "/>
</bind>
</comp>

<comp id="509" class="1004" name="zext_ln45_fu_509">
<pin_list>
<pin id="510" dir="0" index="0" bw="6" slack="0"/>
<pin id="511" dir="1" index="1" bw="64" slack="0"/>
</pin_list>
<bind>
<opcode="zext(34) " fcode="zext"/>
<opset="zext_ln45/6 "/>
</bind>
</comp>

<comp id="514" class="1004" name="icmp_ln39_fu_514">
<pin_list>
<pin id="515" dir="0" index="0" bw="4" slack="0"/>
<pin id="516" dir="0" index="1" bw="4" slack="0"/>
<pin id="517" dir="1" index="2" bw="1" slack="2147483647"/>
</pin_list>
<bind>
<opcode="icmp(45) " fcode="icmp"/>
<opset="icmp_ln39/6 "/>
</bind>
</comp>

<comp id="520" class="1004" name="add_ln39_fu_520">
<pin_list>
<pin id="521" dir="0" index="0" bw="4" slack="0"/>
<pin id="522" dir="0" index="1" bw="1" slack="0"/>
<pin id="523" dir="1" index="2" bw="4" slack="0"/>
</pin_list>
<bind>
<opcode="add(8) " fcode="add"/>
<opset="add_ln39/6 "/>
</bind>
</comp>

<comp id="526" class="1004" name="store_ln58_store_fu_526">
<pin_list>
<pin id="527" dir="0" index="0" bw="4" slack="1"/>
<pin id="528" dir="0" index="1" bw="4" slack="2"/>
<pin id="529" dir="1" index="2" bw="0" slack="2147483647"/>
</pin_list>
<bind>
<opcode="store(28) " fcode="store"/>
<opset="store_ln58/6 "/>
</bind>
</comp>

<comp id="530" class="1004" name="zext_ln42_1_fu_530">
<pin_list>
<pin id="531" dir="0" index="0" bw="4" slack="0"/>
<pin id="532" dir="1" index="1" bw="6" slack="0"/>
</pin_list>
<bind>
<opcode="zext(34) " fcode="zext"/>
<opset="zext_ln42_1/7 "/>
</bind>
</comp>

<comp id="534" class="1004" name="add_ln42_fu_534">
<pin_list>
<pin id="535" dir="0" index="0" bw="6" slack="1"/>
<pin id="536" dir="0" index="1" bw="4" slack="0"/>
<pin id="537" dir="1" index="2" bw="6" slack="0"/>
</pin_list>
<bind>
<opcode="add(8) " fcode="add"/>
<opset="add_ln42/7 "/>
</bind>
</comp>

<comp id="539" class="1004" name="zext_ln42_2_fu_539">
<pin_list>
<pin id="540" dir="0" index="0" bw="6" slack="0"/>
<pin id="541" dir="1" index="1" bw="64" slack="0"/>
</pin_list>
<bind>
<opcode="zext(34) " fcode="zext"/>
<opset="zext_ln42_2/7 "/>
</bind>
</comp>

<comp id="544" class="1004" name="add_ln43_fu_544">
<pin_list>
<pin id="545" dir="0" index="0" bw="6" slack="2"/>
<pin id="546" dir="0" index="1" bw="4" slack="0"/>
<pin id="547" dir="1" index="2" bw="6" slack="0"/>
</pin_list>
<bind>
<opcode="add(8) " fcode="add"/>
<opset="add_ln43/7 "/>
</bind>
</comp>

<comp id="549" class="1004" name="zext_ln43_fu_549">
<pin_list>
<pin id="550" dir="0" index="0" bw="6" slack="0"/>
<pin id="551" dir="1" index="1" bw="64" slack="0"/>
</pin_list>
<bind>
<opcode="zext(34) " fcode="zext"/>
<opset="zext_ln43/7 "/>
</bind>
</comp>

<comp id="554" class="1004" name="icmp_ln41_fu_554">
<pin_list>
<pin id="555" dir="0" index="0" bw="4" slack="0"/>
<pin id="556" dir="0" index="1" bw="4" slack="0"/>
<pin id="557" dir="1" index="2" bw="1" slack="2147483647"/>
</pin_list>
<bind>
<opcode="icmp(45) " fcode="icmp"/>
<opset="icmp_ln41/7 "/>
</bind>
</comp>

<comp id="560" class="1004" name="add_ln41_fu_560">
<pin_list>
<pin id="561" dir="0" index="0" bw="4" slack="0"/>
<pin id="562" dir="0" index="1" bw="1" slack="0"/>
<pin id="563" dir="1" index="2" bw="4" slack="0"/>
</pin_list>
<bind>
<opcode="add(8) " fcode="add"/>
<opset="add_ln41/7 "/>
</bind>
</comp>

<comp id="566" class="1004" name="trunc_ln41_fu_566">
<pin_list>
<pin id="567" dir="0" index="0" bw="32" slack="0"/>
<pin id="568" dir="1" index="1" bw="29" slack="0"/>
</pin_list>
<bind>
<opcode="trunc(33) " fcode="trunc"/>
<opset="trunc_ln41/7 "/>
</bind>
</comp>

<comp id="570" class="1004" name="add_ln45_fu_570">
<pin_list>
<pin id="571" dir="0" index="0" bw="29" slack="0"/>
<pin id="572" dir="0" index="1" bw="14" slack="0"/>
<pin id="573" dir="1" index="2" bw="29" slack="0"/>
</pin_list>
<bind>
<opcode="add(8) " fcode="add"/>
<opset="add_ln45/7 "/>
</bind>
</comp>

<comp id="576" class="1004" name="trunc_ln2_fu_576">
<pin_list>
<pin id="577" dir="0" index="0" bw="16" slack="0"/>
<pin id="578" dir="0" index="1" bw="29" slack="0"/>
<pin id="579" dir="0" index="2" bw="5" slack="0"/>
<pin id="580" dir="0" index="3" bw="6" slack="0"/>
<pin id="581" dir="1" index="4" bw="16" slack="0"/>
</pin_list>
<bind>
<opcode="partselect(1002) " fcode="partselect"/>
<opset="trunc_ln2/7 "/>
</bind>
</comp>

<comp id="587" class="1004" name="sext_ln42_fu_587">
<pin_list>
<pin id="588" dir="0" index="0" bw="15" slack="0"/>
<pin id="589" dir="1" index="1" bw="31" slack="0"/>
</pin_list>
<bind>
<opcode="sext(35) " fcode="sext"/>
<opset="sext_ln42/8 "/>
</bind>
</comp>

<comp id="591" class="1004" name="sext_ln43_fu_591">
<pin_list>
<pin id="592" dir="0" index="0" bw="16" slack="0"/>
<pin id="593" dir="1" index="1" bw="31" slack="0"/>
</pin_list>
<bind>
<opcode="sext(35) " fcode="sext"/>
<opset="sext_ln43/8 "/>
</bind>
</comp>

<comp id="595" class="1004" name="j_2_load_fu_595">
<pin_list>
<pin id="596" dir="0" index="0" bw="4" slack="1"/>
<pin id="597" dir="1" index="1" bw="4" slack="0"/>
</pin_list>
<bind>
<opcode="load(27) " fcode="load"/>
<opset="j_2/12 "/>
</bind>
</comp>

<comp id="598" class="1004" name="trunc_ln63_fu_598">
<pin_list>
<pin id="599" dir="0" index="0" bw="4" slack="0"/>
<pin id="600" dir="1" index="1" bw="3" slack="0"/>
</pin_list>
<bind>
<opcode="trunc(33) " fcode="trunc"/>
<opset="trunc_ln63/12 "/>
</bind>
</comp>

<comp id="602" class="1004" name="zext_ln66_fu_602">
<pin_list>
<pin id="603" dir="0" index="0" bw="4" slack="0"/>
<pin id="604" dir="1" index="1" bw="6" slack="1"/>
</pin_list>
<bind>
<opcode="zext(34) " fcode="zext"/>
<opset="zext_ln66/12 "/>
</bind>
</comp>

<comp id="606" class="1004" name="tmp_6_fu_606">
<pin_list>
<pin id="607" dir="0" index="0" bw="6" slack="0"/>
<pin id="608" dir="0" index="1" bw="3" slack="0"/>
<pin id="609" dir="0" index="2" bw="1" slack="0"/>
<pin id="610" dir="1" index="3" bw="6" slack="1"/>
</pin_list>
<bind>
<opcode="bitconcatenate(1004) " fcode="bitconcatenate"/>
<opset="tmp_6/12 "/>
</bind>
</comp>

<comp id="614" class="1004" name="icmp_ln63_fu_614">
<pin_list>
<pin id="615" dir="0" index="0" bw="4" slack="0"/>
<pin id="616" dir="0" index="1" bw="4" slack="0"/>
<pin id="617" dir="1" index="2" bw="1" slack="2147483647"/>
</pin_list>
<bind>
<opcode="icmp(45) " fcode="icmp"/>
<opset="icmp_ln63/12 "/>
</bind>
</comp>

<comp id="620" class="1004" name="add_ln63_fu_620">
<pin_list>
<pin id="621" dir="0" index="0" bw="4" slack="0"/>
<pin id="622" dir="0" index="1" bw="1" slack="0"/>
<pin id="623" dir="1" index="2" bw="4" slack="1"/>
</pin_list>
<bind>
<opcode="add(8) " fcode="add"/>
<opset="add_ln63/12 "/>
</bind>
</comp>

<comp id="626" class="1004" name="store_ln45_store_fu_626">
<pin_list>
<pin id="627" dir="0" index="0" bw="1" slack="0"/>
<pin id="628" dir="0" index="1" bw="4" slack="0"/>
<pin id="629" dir="1" index="2" bw="0" slack="2147483647"/>
</pin_list>
<bind>
<opcode="store(28) " fcode="store"/>
<opset="store_ln45/12 "/>
</bind>
</comp>

<comp id="631" class="1004" name="trunc_ln65_fu_631">
<pin_list>
<pin id="632" dir="0" index="0" bw="4" slack="0"/>
<pin id="633" dir="1" index="1" bw="3" slack="0"/>
</pin_list>
<bind>
<opcode="trunc(33) " fcode="trunc"/>
<opset="trunc_ln65/13 "/>
</bind>
</comp>

<comp id="635" class="1004" name="zext_ln66_1_fu_635">
<pin_list>
<pin id="636" dir="0" index="0" bw="4" slack="0"/>
<pin id="637" dir="1" index="1" bw="6" slack="0"/>
</pin_list>
<bind>
<opcode="zext(34) " fcode="zext"/>
<opset="zext_ln66_1/13 "/>
</bind>
</comp>

<comp id="639" class="1004" name="tmp_9_fu_639">
<pin_list>
<pin id="640" dir="0" index="0" bw="6" slack="0"/>
<pin id="641" dir="0" index="1" bw="3" slack="0"/>
<pin id="642" dir="0" index="2" bw="1" slack="0"/>
<pin id="643" dir="1" index="3" bw="6" slack="0"/>
</pin_list>
<bind>
<opcode="bitconcatenate(1004) " fcode="bitconcatenate"/>
<opset="tmp_9/13 "/>
</bind>
</comp>

<comp id="647" class="1004" name="add_ln66_fu_647">
<pin_list>
<pin id="648" dir="0" index="0" bw="6" slack="0"/>
<pin id="649" dir="0" index="1" bw="4" slack="1"/>
<pin id="650" dir="1" index="2" bw="6" slack="0"/>
</pin_list>
<bind>
<opcode="add(8) " fcode="add"/>
<opset="add_ln66/13 "/>
</bind>
</comp>

<comp id="652" class="1004" name="zext_ln66_2_fu_652">
<pin_list>
<pin id="653" dir="0" index="0" bw="6" slack="0"/>
<pin id="654" dir="1" index="1" bw="64" slack="0"/>
</pin_list>
<bind>
<opcode="zext(34) " fcode="zext"/>
<opset="zext_ln66_2/13 "/>
</bind>
</comp>

<comp id="657" class="1004" name="add_ln66_1_fu_657">
<pin_list>
<pin id="658" dir="0" index="0" bw="6" slack="1"/>
<pin id="659" dir="0" index="1" bw="4" slack="0"/>
<pin id="660" dir="1" index="2" bw="6" slack="0"/>
</pin_list>
<bind>
<opcode="add(8) " fcode="add"/>
<opset="add_ln66_1/13 "/>
</bind>
</comp>

<comp id="662" class="1004" name="zext_ln66_3_fu_662">
<pin_list>
<pin id="663" dir="0" index="0" bw="6" slack="0"/>
<pin id="664" dir="1" index="1" bw="64" slack="0"/>
</pin_list>
<bind>
<opcode="zext(34) " fcode="zext"/>
<opset="zext_ln66_3/13 "/>
</bind>
</comp>

<comp id="667" class="1004" name="icmp_ln65_fu_667">
<pin_list>
<pin id="668" dir="0" index="0" bw="4" slack="0"/>
<pin id="669" dir="0" index="1" bw="4" slack="0"/>
<pin id="670" dir="1" index="2" bw="1" slack="2147483647"/>
</pin_list>
<bind>
<opcode="icmp(45) " fcode="icmp"/>
<opset="icmp_ln65/13 "/>
</bind>
</comp>

<comp id="673" class="1004" name="add_ln65_fu_673">
<pin_list>
<pin id="674" dir="0" index="0" bw="4" slack="0"/>
<pin id="675" dir="0" index="1" bw="1" slack="0"/>
<pin id="676" dir="1" index="2" bw="4" slack="0"/>
</pin_list>
<bind>
<opcode="add(8) " fcode="add"/>
<opset="add_ln65/13 "/>
</bind>
</comp>

<comp id="679" class="1004" name="store_ln63_store_fu_679">
<pin_list>
<pin id="680" dir="0" index="0" bw="4" slack="1"/>
<pin id="681" dir="0" index="1" bw="4" slack="2"/>
<pin id="682" dir="1" index="2" bw="0" slack="2147483647"/>
</pin_list>
<bind>
<opcode="store(28) " fcode="store"/>
<opset="store_ln63/13 "/>
</bind>
</comp>

<comp id="683" class="1004" name="i_5_load_fu_683">
<pin_list>
<pin id="684" dir="0" index="0" bw="4" slack="1"/>
<pin id="685" dir="1" index="1" bw="4" slack="0"/>
</pin_list>
<bind>
<opcode="load(27) " fcode="load"/>
<opset="i_5/15 "/>
</bind>
</comp>

<comp id="686" class="1004" name="trunc_ln45_2_fu_686">
<pin_list>
<pin id="687" dir="0" index="0" bw="4" slack="0"/>
<pin id="688" dir="1" index="1" bw="3" slack="0"/>
</pin_list>
<bind>
<opcode="trunc(33) " fcode="trunc"/>
<opset="trunc_ln45_2/15 "/>
</bind>
</comp>

<comp id="690" class="1004" name="tmp_8_fu_690">
<pin_list>
<pin id="691" dir="0" index="0" bw="6" slack="0"/>
<pin id="692" dir="0" index="1" bw="3" slack="0"/>
<pin id="693" dir="0" index="2" bw="1" slack="0"/>
<pin id="694" dir="1" index="3" bw="6" slack="1"/>
</pin_list>
<bind>
<opcode="bitconcatenate(1004) " fcode="bitconcatenate"/>
<opset="tmp_8/15 "/>
</bind>
</comp>

<comp id="698" class="1004" name="icmp_ln69_fu_698">
<pin_list>
<pin id="699" dir="0" index="0" bw="4" slack="0"/>
<pin id="700" dir="0" index="1" bw="4" slack="0"/>
<pin id="701" dir="1" index="2" bw="1" slack="2147483647"/>
</pin_list>
<bind>
<opcode="icmp(45) " fcode="icmp"/>
<opset="icmp_ln69/15 "/>
</bind>
</comp>

<comp id="704" class="1004" name="add_ln69_fu_704">
<pin_list>
<pin id="705" dir="0" index="0" bw="4" slack="0"/>
<pin id="706" dir="0" index="1" bw="1" slack="0"/>
<pin id="707" dir="1" index="2" bw="4" slack="1"/>
</pin_list>
<bind>
<opcode="add(8) " fcode="add"/>
<opset="add_ln69/15 "/>
</bind>
</comp>

<comp id="710" class="1004" name="store_ln74_store_fu_710">
<pin_list>
<pin id="711" dir="0" index="0" bw="1" slack="0"/>
<pin id="712" dir="0" index="1" bw="4" slack="0"/>
<pin id="713" dir="1" index="2" bw="0" slack="2147483647"/>
</pin_list>
<bind>
<opcode="store(28) " fcode="store"/>
<opset="store_ln74/15 "/>
</bind>
</comp>

<comp id="715" class="1004" name="trunc_ln39_1_fu_715">
<pin_list>
<pin id="716" dir="0" index="0" bw="4" slack="0"/>
<pin id="717" dir="1" index="1" bw="3" slack="0"/>
</pin_list>
<bind>
<opcode="trunc(33) " fcode="trunc"/>
<opset="trunc_ln39_1/16 "/>
</bind>
</comp>

<comp id="719" class="1004" name="zext_ln42_3_fu_719">
<pin_list>
<pin id="720" dir="0" index="0" bw="4" slack="0"/>
<pin id="721" dir="1" index="1" bw="6" slack="0"/>
</pin_list>
<bind>
<opcode="zext(34) " fcode="zext"/>
<opset="zext_ln42_3/16 "/>
</bind>
</comp>

<comp id="723" class="1004" name="tmp_3_fu_723">
<pin_list>
<pin id="724" dir="0" index="0" bw="6" slack="0"/>
<pin id="725" dir="0" index="1" bw="3" slack="0"/>
<pin id="726" dir="0" index="2" bw="1" slack="0"/>
<pin id="727" dir="1" index="3" bw="6" slack="1"/>
</pin_list>
<bind>
<opcode="bitconcatenate(1004) " fcode="bitconcatenate"/>
<opset="tmp_3/16 "/>
</bind>
</comp>

<comp id="731" class="1004" name="add_ln45_3_fu_731">
<pin_list>
<pin id="732" dir="0" index="0" bw="6" slack="1"/>
<pin id="733" dir="0" index="1" bw="4" slack="0"/>
<pin id="734" dir="1" index="2" bw="6" slack="0"/>
</pin_list>
<bind>
<opcode="add(8) " fcode="add"/>
<opset="add_ln45_3/16 "/>
</bind>
</comp>

<comp id="736" class="1004" name="zext_ln45_1_fu_736">
<pin_list>
<pin id="737" dir="0" index="0" bw="6" slack="0"/>
<pin id="738" dir="1" index="1" bw="64" slack="0"/>
</pin_list>
<bind>
<opcode="zext(34) " fcode="zext"/>
<opset="zext_ln45_1/16 "/>
</bind>
</comp>

<comp id="741" class="1004" name="icmp_ln39_1_fu_741">
<pin_list>
<pin id="742" dir="0" index="0" bw="4" slack="0"/>
<pin id="743" dir="0" index="1" bw="4" slack="0"/>
<pin id="744" dir="1" index="2" bw="1" slack="2147483647"/>
</pin_list>
<bind>
<opcode="icmp(45) " fcode="icmp"/>
<opset="icmp_ln39_1/16 "/>
</bind>
</comp>

<comp id="747" class="1004" name="add_ln39_1_fu_747">
<pin_list>
<pin id="748" dir="0" index="0" bw="4" slack="0"/>
<pin id="749" dir="0" index="1" bw="1" slack="0"/>
<pin id="750" dir="1" index="2" bw="4" slack="0"/>
</pin_list>
<bind>
<opcode="add(8) " fcode="add"/>
<opset="add_ln39_1/16 "/>
</bind>
</comp>

<comp id="753" class="1004" name="store_ln69_store_fu_753">
<pin_list>
<pin id="754" dir="0" index="0" bw="4" slack="1"/>
<pin id="755" dir="0" index="1" bw="4" slack="2"/>
<pin id="756" dir="1" index="2" bw="0" slack="2147483647"/>
</pin_list>
<bind>
<opcode="store(28) " fcode="store"/>
<opset="store_ln69/16 "/>
</bind>
</comp>

<comp id="757" class="1004" name="zext_ln42_4_fu_757">
<pin_list>
<pin id="758" dir="0" index="0" bw="4" slack="0"/>
<pin id="759" dir="1" index="1" bw="6" slack="0"/>
</pin_list>
<bind>
<opcode="zext(34) " fcode="zext"/>
<opset="zext_ln42_4/17 "/>
</bind>
</comp>

<comp id="761" class="1004" name="add_ln42_1_fu_761">
<pin_list>
<pin id="762" dir="0" index="0" bw="6" slack="1"/>
<pin id="763" dir="0" index="1" bw="4" slack="0"/>
<pin id="764" dir="1" index="2" bw="6" slack="0"/>
</pin_list>
<bind>
<opcode="add(8) " fcode="add"/>
<opset="add_ln42_1/17 "/>
</bind>
</comp>

<comp id="766" class="1004" name="zext_ln42_5_fu_766">
<pin_list>
<pin id="767" dir="0" index="0" bw="6" slack="0"/>
<pin id="768" dir="1" index="1" bw="64" slack="0"/>
</pin_list>
<bind>
<opcode="zext(34) " fcode="zext"/>
<opset="zext_ln42_5/17 "/>
</bind>
</comp>

<comp id="771" class="1004" name="add_ln43_2_fu_771">
<pin_list>
<pin id="772" dir="0" index="0" bw="6" slack="2"/>
<pin id="773" dir="0" index="1" bw="4" slack="0"/>
<pin id="774" dir="1" index="2" bw="6" slack="0"/>
</pin_list>
<bind>
<opcode="add(8) " fcode="add"/>
<opset="add_ln43_2/17 "/>
</bind>
</comp>

<comp id="776" class="1004" name="zext_ln43_1_fu_776">
<pin_list>
<pin id="777" dir="0" index="0" bw="6" slack="0"/>
<pin id="778" dir="1" index="1" bw="64" slack="0"/>
</pin_list>
<bind>
<opcode="zext(34) " fcode="zext"/>
<opset="zext_ln43_1/17 "/>
</bind>
</comp>

<comp id="781" class="1004" name="icmp_ln41_1_fu_781">
<pin_list>
<pin id="782" dir="0" index="0" bw="4" slack="0"/>
<pin id="783" dir="0" index="1" bw="4" slack="0"/>
<pin id="784" dir="1" index="2" bw="1" slack="2147483647"/>
</pin_list>
<bind>
<opcode="icmp(45) " fcode="icmp"/>
<opset="icmp_ln41_1/17 "/>
</bind>
</comp>

<comp id="787" class="1004" name="add_ln41_1_fu_787">
<pin_list>
<pin id="788" dir="0" index="0" bw="4" slack="0"/>
<pin id="789" dir="0" index="1" bw="1" slack="0"/>
<pin id="790" dir="1" index="2" bw="4" slack="0"/>
</pin_list>
<bind>
<opcode="add(8) " fcode="add"/>
<opset="add_ln41_1/17 "/>
</bind>
</comp>

<comp id="793" class="1004" name="trunc_ln41_1_fu_793">
<pin_list>
<pin id="794" dir="0" index="0" bw="32" slack="0"/>
<pin id="795" dir="1" index="1" bw="29" slack="0"/>
</pin_list>
<bind>
<opcode="trunc(33) " fcode="trunc"/>
<opset="trunc_ln41_1/17 "/>
</bind>
</comp>

<comp id="797" class="1004" name="add_ln45_1_fu_797">
<pin_list>
<pin id="798" dir="0" index="0" bw="29" slack="0"/>
<pin id="799" dir="0" index="1" bw="14" slack="0"/>
<pin id="800" dir="1" index="2" bw="29" slack="0"/>
</pin_list>
<bind>
<opcode="add(8) " fcode="add"/>
<opset="add_ln45_1/17 "/>
</bind>
</comp>

<comp id="803" class="1004" name="trunc_ln45_1_fu_803">
<pin_list>
<pin id="804" dir="0" index="0" bw="16" slack="0"/>
<pin id="805" dir="0" index="1" bw="29" slack="0"/>
<pin id="806" dir="0" index="2" bw="5" slack="0"/>
<pin id="807" dir="0" index="3" bw="6" slack="0"/>
<pin id="808" dir="1" index="4" bw="16" slack="0"/>
</pin_list>
<bind>
<opcode="partselect(1002) " fcode="partselect"/>
<opset="trunc_ln45_1/17 "/>
</bind>
</comp>

<comp id="814" class="1004" name="sext_ln42_1_fu_814">
<pin_list>
<pin id="815" dir="0" index="0" bw="15" slack="0"/>
<pin id="816" dir="1" index="1" bw="31" slack="0"/>
</pin_list>
<bind>
<opcode="sext(35) " fcode="sext"/>
<opset="sext_ln42_1/18 "/>
</bind>
</comp>

<comp id="818" class="1004" name="sext_ln43_2_fu_818">
<pin_list>
<pin id="819" dir="0" index="0" bw="16" slack="0"/>
<pin id="820" dir="1" index="1" bw="31" slack="0"/>
</pin_list>
<bind>
<opcode="sext(35) " fcode="sext"/>
<opset="sext_ln43_2/18 "/>
</bind>
</comp>

<comp id="822" class="1004" name="j_3_load_fu_822">
<pin_list>
<pin id="823" dir="0" index="0" bw="4" slack="1"/>
<pin id="824" dir="1" index="1" bw="4" slack="0"/>
</pin_list>
<bind>
<opcode="load(27) " fcode="load"/>
<opset="j_3/22 "/>
</bind>
</comp>

<comp id="825" class="1004" name="trunc_ln74_fu_825">
<pin_list>
<pin id="826" dir="0" index="0" bw="4" slack="0"/>
<pin id="827" dir="1" index="1" bw="3" slack="0"/>
</pin_list>
<bind>
<opcode="trunc(33) " fcode="trunc"/>
<opset="trunc_ln74/22 "/>
</bind>
</comp>

<comp id="829" class="1004" name="zext_ln77_fu_829">
<pin_list>
<pin id="830" dir="0" index="0" bw="4" slack="0"/>
<pin id="831" dir="1" index="1" bw="6" slack="1"/>
</pin_list>
<bind>
<opcode="zext(34) " fcode="zext"/>
<opset="zext_ln77/22 "/>
</bind>
</comp>

<comp id="833" class="1004" name="tmp_s_fu_833">
<pin_list>
<pin id="834" dir="0" index="0" bw="6" slack="0"/>
<pin id="835" dir="0" index="1" bw="3" slack="0"/>
<pin id="836" dir="0" index="2" bw="1" slack="0"/>
<pin id="837" dir="1" index="3" bw="6" slack="1"/>
</pin_list>
<bind>
<opcode="bitconcatenate(1004) " fcode="bitconcatenate"/>
<opset="tmp_s/22 "/>
</bind>
</comp>

<comp id="841" class="1004" name="icmp_ln74_fu_841">
<pin_list>
<pin id="842" dir="0" index="0" bw="4" slack="0"/>
<pin id="843" dir="0" index="1" bw="4" slack="0"/>
<pin id="844" dir="1" index="2" bw="1" slack="2147483647"/>
</pin_list>
<bind>
<opcode="icmp(45) " fcode="icmp"/>
<opset="icmp_ln74/22 "/>
</bind>
</comp>

<comp id="847" class="1004" name="add_ln74_fu_847">
<pin_list>
<pin id="848" dir="0" index="0" bw="4" slack="0"/>
<pin id="849" dir="0" index="1" bw="1" slack="0"/>
<pin id="850" dir="1" index="2" bw="4" slack="1"/>
</pin_list>
<bind>
<opcode="add(8) " fcode="add"/>
<opset="add_ln74/22 "/>
</bind>
</comp>

<comp id="853" class="1004" name="store_ln100_store_fu_853">
<pin_list>
<pin id="854" dir="0" index="0" bw="1" slack="0"/>
<pin id="855" dir="0" index="1" bw="4" slack="0"/>
<pin id="856" dir="1" index="2" bw="0" slack="2147483647"/>
</pin_list>
<bind>
<opcode="store(28) " fcode="store"/>
<opset="store_ln100/22 "/>
</bind>
</comp>

<comp id="858" class="1004" name="trunc_ln76_fu_858">
<pin_list>
<pin id="859" dir="0" index="0" bw="4" slack="0"/>
<pin id="860" dir="1" index="1" bw="3" slack="0"/>
</pin_list>
<bind>
<opcode="trunc(33) " fcode="trunc"/>
<opset="trunc_ln76/23 "/>
</bind>
</comp>

<comp id="862" class="1004" name="zext_ln77_1_fu_862">
<pin_list>
<pin id="863" dir="0" index="0" bw="4" slack="0"/>
<pin id="864" dir="1" index="1" bw="6" slack="0"/>
</pin_list>
<bind>
<opcode="zext(34) " fcode="zext"/>
<opset="zext_ln77_1/23 "/>
</bind>
</comp>

<comp id="866" class="1004" name="tmp_11_fu_866">
<pin_list>
<pin id="867" dir="0" index="0" bw="6" slack="0"/>
<pin id="868" dir="0" index="1" bw="3" slack="0"/>
<pin id="869" dir="0" index="2" bw="1" slack="0"/>
<pin id="870" dir="1" index="3" bw="6" slack="0"/>
</pin_list>
<bind>
<opcode="bitconcatenate(1004) " fcode="bitconcatenate"/>
<opset="tmp_11/23 "/>
</bind>
</comp>

<comp id="874" class="1004" name="add_ln77_fu_874">
<pin_list>
<pin id="875" dir="0" index="0" bw="6" slack="0"/>
<pin id="876" dir="0" index="1" bw="4" slack="1"/>
<pin id="877" dir="1" index="2" bw="6" slack="0"/>
</pin_list>
<bind>
<opcode="add(8) " fcode="add"/>
<opset="add_ln77/23 "/>
</bind>
</comp>

<comp id="879" class="1004" name="zext_ln77_2_fu_879">
<pin_list>
<pin id="880" dir="0" index="0" bw="6" slack="0"/>
<pin id="881" dir="1" index="1" bw="64" slack="0"/>
</pin_list>
<bind>
<opcode="zext(34) " fcode="zext"/>
<opset="zext_ln77_2/23 "/>
</bind>
</comp>

<comp id="884" class="1004" name="add_ln77_1_fu_884">
<pin_list>
<pin id="885" dir="0" index="0" bw="6" slack="1"/>
<pin id="886" dir="0" index="1" bw="4" slack="0"/>
<pin id="887" dir="1" index="2" bw="6" slack="0"/>
</pin_list>
<bind>
<opcode="add(8) " fcode="add"/>
<opset="add_ln77_1/23 "/>
</bind>
</comp>

<comp id="889" class="1004" name="zext_ln77_3_fu_889">
<pin_list>
<pin id="890" dir="0" index="0" bw="6" slack="0"/>
<pin id="891" dir="1" index="1" bw="64" slack="0"/>
</pin_list>
<bind>
<opcode="zext(34) " fcode="zext"/>
<opset="zext_ln77_3/23 "/>
</bind>
</comp>

<comp id="894" class="1004" name="icmp_ln76_fu_894">
<pin_list>
<pin id="895" dir="0" index="0" bw="4" slack="0"/>
<pin id="896" dir="0" index="1" bw="4" slack="0"/>
<pin id="897" dir="1" index="2" bw="1" slack="2147483647"/>
</pin_list>
<bind>
<opcode="icmp(45) " fcode="icmp"/>
<opset="icmp_ln76/23 "/>
</bind>
</comp>

<comp id="900" class="1004" name="add_ln76_fu_900">
<pin_list>
<pin id="901" dir="0" index="0" bw="4" slack="0"/>
<pin id="902" dir="0" index="1" bw="1" slack="0"/>
<pin id="903" dir="1" index="2" bw="4" slack="0"/>
</pin_list>
<bind>
<opcode="add(8) " fcode="add"/>
<opset="add_ln76/23 "/>
</bind>
</comp>

<comp id="906" class="1004" name="store_ln74_store_fu_906">
<pin_list>
<pin id="907" dir="0" index="0" bw="4" slack="1"/>
<pin id="908" dir="0" index="1" bw="4" slack="2"/>
<pin id="909" dir="1" index="2" bw="0" slack="2147483647"/>
</pin_list>
<bind>
<opcode="store(28) " fcode="store"/>
<opset="store_ln74/23 "/>
</bind>
</comp>

<comp id="910" class="1004" name="r_3_load_fu_910">
<pin_list>
<pin id="911" dir="0" index="0" bw="4" slack="1"/>
<pin id="912" dir="1" index="1" bw="4" slack="0"/>
</pin_list>
<bind>
<opcode="load(27) " fcode="load"/>
<opset="r_3/25 "/>
</bind>
</comp>

<comp id="913" class="1004" name="trunc_ln100_fu_913">
<pin_list>
<pin id="914" dir="0" index="0" bw="4" slack="0"/>
<pin id="915" dir="1" index="1" bw="3" slack="0"/>
</pin_list>
<bind>
<opcode="trunc(33) " fcode="trunc"/>
<opset="trunc_ln100/25 "/>
</bind>
</comp>

<comp id="917" class="1004" name="tmp_10_fu_917">
<pin_list>
<pin id="918" dir="0" index="0" bw="6" slack="0"/>
<pin id="919" dir="0" index="1" bw="3" slack="0"/>
<pin id="920" dir="0" index="2" bw="1" slack="0"/>
<pin id="921" dir="1" index="3" bw="6" slack="1"/>
</pin_list>
<bind>
<opcode="bitconcatenate(1004) " fcode="bitconcatenate"/>
<opset="tmp_10/25 "/>
</bind>
</comp>

<comp id="925" class="1004" name="icmp_ln97_fu_925">
<pin_list>
<pin id="926" dir="0" index="0" bw="4" slack="0"/>
<pin id="927" dir="0" index="1" bw="4" slack="0"/>
<pin id="928" dir="1" index="2" bw="1" slack="2147483647"/>
</pin_list>
<bind>
<opcode="icmp(45) " fcode="icmp"/>
<opset="icmp_ln97/25 "/>
</bind>
</comp>

<comp id="931" class="1004" name="add_ln97_fu_931">
<pin_list>
<pin id="932" dir="0" index="0" bw="4" slack="0"/>
<pin id="933" dir="0" index="1" bw="1" slack="0"/>
<pin id="934" dir="1" index="2" bw="4" slack="1"/>
</pin_list>
<bind>
<opcode="add(8) " fcode="add"/>
<opset="add_ln97/25 "/>
</bind>
</comp>

<comp id="937" class="1004" name="zext_ln100_1_fu_937">
<pin_list>
<pin id="938" dir="0" index="0" bw="4" slack="0"/>
<pin id="939" dir="1" index="1" bw="6" slack="0"/>
</pin_list>
<bind>
<opcode="zext(34) " fcode="zext"/>
<opset="zext_ln100_1/26 "/>
</bind>
</comp>

<comp id="941" class="1004" name="add_ln100_fu_941">
<pin_list>
<pin id="942" dir="0" index="0" bw="6" slack="1"/>
<pin id="943" dir="0" index="1" bw="4" slack="0"/>
<pin id="944" dir="1" index="2" bw="6" slack="0"/>
</pin_list>
<bind>
<opcode="add(8) " fcode="add"/>
<opset="add_ln100/26 "/>
</bind>
</comp>

<comp id="946" class="1004" name="zext_ln100_2_fu_946">
<pin_list>
<pin id="947" dir="0" index="0" bw="6" slack="0"/>
<pin id="948" dir="1" index="1" bw="64" slack="0"/>
</pin_list>
<bind>
<opcode="zext(34) " fcode="zext"/>
<opset="zext_ln100_2/26 "/>
</bind>
</comp>

<comp id="951" class="1004" name="icmp_ln99_fu_951">
<pin_list>
<pin id="952" dir="0" index="0" bw="4" slack="0"/>
<pin id="953" dir="0" index="1" bw="4" slack="0"/>
<pin id="954" dir="1" index="2" bw="1" slack="2147483647"/>
</pin_list>
<bind>
<opcode="icmp(45) " fcode="icmp"/>
<opset="icmp_ln99/26 "/>
</bind>
</comp>

<comp id="957" class="1004" name="add_ln99_fu_957">
<pin_list>
<pin id="958" dir="0" index="0" bw="4" slack="0"/>
<pin id="959" dir="0" index="1" bw="1" slack="0"/>
<pin id="960" dir="1" index="2" bw="4" slack="0"/>
</pin_list>
<bind>
<opcode="add(8) " fcode="add"/>
<opset="add_ln99/26 "/>
</bind>
</comp>

<comp id="963" class="1004" name="trunc_ln100_1_fu_963">
<pin_list>
<pin id="964" dir="0" index="0" bw="4" slack="0"/>
<pin id="965" dir="1" index="1" bw="3" slack="1"/>
</pin_list>
<bind>
<opcode="trunc(33) " fcode="trunc"/>
<opset="trunc_ln100_1/26 "/>
</bind>
</comp>

<comp id="967" class="1004" name="store_ln97_store_fu_967">
<pin_list>
<pin id="968" dir="0" index="0" bw="4" slack="1"/>
<pin id="969" dir="0" index="1" bw="4" slack="2"/>
<pin id="970" dir="1" index="2" bw="0" slack="2147483647"/>
</pin_list>
<bind>
<opcode="store(28) " fcode="store"/>
<opset="store_ln97/26 "/>
</bind>
</comp>

<comp id="971" class="1004" name="add_ln1_fu_971">
<pin_list>
<pin id="972" dir="0" index="0" bw="6" slack="0"/>
<pin id="973" dir="0" index="1" bw="3" slack="2"/>
<pin id="974" dir="0" index="2" bw="3" slack="1"/>
<pin id="975" dir="1" index="3" bw="6" slack="0"/>
</pin_list>
<bind>
<opcode="bitconcatenate(1004) " fcode="bitconcatenate"/>
<opset="add_ln1/27 "/>
</bind>
</comp>

<comp id="977" class="1004" name="zext_ln100_fu_977">
<pin_list>
<pin id="978" dir="0" index="0" bw="6" slack="0"/>
<pin id="979" dir="1" index="1" bw="64" slack="0"/>
</pin_list>
<bind>
<opcode="zext(34) " fcode="zext"/>
<opset="zext_ln100/27 "/>
</bind>
</comp>

<comp id="982" class="1007" name="grp_fu_982">
<pin_list>
<pin id="983" dir="0" index="0" bw="16" slack="0"/>
<pin id="984" dir="0" index="1" bw="15" slack="0"/>
<pin id="985" dir="0" index="2" bw="32" slack="3"/>
<pin id="986" dir="1" index="3" bw="32" slack="1"/>
</pin_list>
<bind>
<opcode="muladd(1172) " fcode="muladd"/>
<opset="mul_ln43/8 sext_ln43_1/10 tmp_1/10 "/>
</bind>
</comp>

<comp id="990" class="1007" name="grp_fu_990">
<pin_list>
<pin id="991" dir="0" index="0" bw="16" slack="0"/>
<pin id="992" dir="0" index="1" bw="15" slack="0"/>
<pin id="993" dir="0" index="2" bw="32" slack="3"/>
<pin id="994" dir="1" index="3" bw="32" slack="1"/>
</pin_list>
<bind>
<opcode="muladd(1172) " fcode="muladd"/>
<opset="mul_ln43_1/18 sext_ln43_3/20 tmp_12/20 "/>
</bind>
</comp>

<comp id="998" class="1005" name="r_reg_998">
<pin_list>
<pin id="999" dir="0" index="0" bw="4" slack="0"/>
<pin id="1000" dir="1" index="1" bw="4" slack="0"/>
</pin_list>
<bind>
<opset="r "/>
</bind>
</comp>

<comp id="1005" class="1005" name="trunc_ln88_reg_1005">
<pin_list>
<pin id="1006" dir="0" index="0" bw="3" slack="1"/>
<pin id="1007" dir="1" index="1" bw="3" slack="1"/>
</pin_list>
<bind>
<opset="trunc_ln88 "/>
</bind>
</comp>

<comp id="1010" class="1005" name="tmp_4_reg_1010">
<pin_list>
<pin id="1011" dir="0" index="0" bw="6" slack="1"/>
<pin id="1012" dir="1" index="1" bw="6" slack="1"/>
</pin_list>
<bind>
<opset="tmp_4 "/>
</bind>
</comp>

<comp id="1018" class="1005" name="add_ln85_reg_1018">
<pin_list>
<pin id="1019" dir="0" index="0" bw="4" slack="1"/>
<pin id="1020" dir="1" index="1" bw="4" slack="1"/>
</pin_list>
<bind>
<opset="add_ln85 "/>
</bind>
</comp>

<comp id="1023" class="1005" name="i_reg_1023">
<pin_list>
<pin id="1024" dir="0" index="0" bw="4" slack="0"/>
<pin id="1025" dir="1" index="1" bw="4" slack="0"/>
</pin_list>
<bind>
<opset="i "/>
</bind>
</comp>

<comp id="1030" class="1005" name="buf_2d_in_addr_reg_1030">
<pin_list>
<pin id="1031" dir="0" index="0" bw="6" slack="1"/>
<pin id="1032" dir="1" index="1" bw="6" slack="1"/>
</pin_list>
<bind>
<opset="buf_2d_in_addr "/>
</bind>
</comp>

<comp id="1038" class="1005" name="add_ln87_reg_1038">
<pin_list>
<pin id="1039" dir="0" index="0" bw="4" slack="0"/>
<pin id="1040" dir="1" index="1" bw="4" slack="0"/>
</pin_list>
<bind>
<opset="add_ln87 "/>
</bind>
</comp>

<comp id="1043" class="1005" name="input_r_addr_reg_1043">
<pin_list>
<pin id="1044" dir="0" index="0" bw="6" slack="1"/>
<pin id="1045" dir="1" index="1" bw="6" slack="1"/>
</pin_list>
<bind>
<opset="input_r_addr "/>
</bind>
</comp>

<comp id="1048" class="1005" name="tmp_5_reg_1048">
<pin_list>
<pin id="1049" dir="0" index="0" bw="6" slack="1"/>
<pin id="1050" dir="1" index="1" bw="6" slack="1"/>
</pin_list>
<bind>
<opset="tmp_5 "/>
</bind>
</comp>

<comp id="1057" class="1005" name="add_ln58_reg_1057">
<pin_list>
<pin id="1058" dir="0" index="0" bw="4" slack="1"/>
<pin id="1059" dir="1" index="1" bw="4" slack="1"/>
</pin_list>
<bind>
<opset="add_ln58 "/>
</bind>
</comp>

<comp id="1062" class="1005" name="j_reg_1062">
<pin_list>
<pin id="1063" dir="0" index="0" bw="4" slack="0"/>
<pin id="1064" dir="1" index="1" bw="4" slack="0"/>
</pin_list>
<bind>
<opset="j "/>
</bind>
</comp>

<comp id="1069" class="1005" name="tmp_7_reg_1069">
<pin_list>
<pin id="1070" dir="0" index="0" bw="6" slack="1"/>
<pin id="1071" dir="1" index="1" bw="6" slack="1"/>
</pin_list>
<bind>
<opset="tmp_7 "/>
</bind>
</comp>

<comp id="1074" class="1005" name="row_outbuf_addr_1_reg_1074">
<pin_list>
<pin id="1075" dir="0" index="0" bw="6" slack="1"/>
<pin id="1076" dir="1" index="1" bw="6" slack="1"/>
</pin_list>
<bind>
<opset="row_outbuf_addr_1 "/>
</bind>
</comp>

<comp id="1082" class="1005" name="add_ln39_reg_1082">
<pin_list>
<pin id="1083" dir="0" index="0" bw="4" slack="0"/>
<pin id="1084" dir="1" index="1" bw="4" slack="0"/>
</pin_list>
<bind>
<opset="add_ln39 "/>
</bind>
</comp>

<comp id="1087" class="1005" name="dct_coeff_table_addr_reg_1087">
<pin_list>
<pin id="1088" dir="0" index="0" bw="6" slack="1"/>
<pin id="1089" dir="1" index="1" bw="6" slack="1"/>
</pin_list>
<bind>
<opset="dct_coeff_table_addr "/>
</bind>
</comp>

<comp id="1092" class="1005" name="buf_2d_in_addr_1_reg_1092">
<pin_list>
<pin id="1093" dir="0" index="0" bw="6" slack="1"/>
<pin id="1094" dir="1" index="1" bw="6" slack="1"/>
</pin_list>
<bind>
<opset="buf_2d_in_addr_1 "/>
</bind>
</comp>

<comp id="1100" class="1005" name="add_ln41_reg_1100">
<pin_list>
<pin id="1101" dir="0" index="0" bw="4" slack="0"/>
<pin id="1102" dir="1" index="1" bw="4" slack="0"/>
</pin_list>
<bind>
<opset="add_ln41 "/>
</bind>
</comp>

<comp id="1105" class="1005" name="sext_ln42_reg_1105">
<pin_list>
<pin id="1106" dir="0" index="0" bw="31" slack="1"/>
<pin id="1107" dir="1" index="1" bw="31" slack="1"/>
</pin_list>
<bind>
<opset="sext_ln42 "/>
</bind>
</comp>

<comp id="1110" class="1005" name="sext_ln43_reg_1110">
<pin_list>
<pin id="1111" dir="0" index="0" bw="31" slack="1"/>
<pin id="1112" dir="1" index="1" bw="31" slack="1"/>
</pin_list>
<bind>
<opset="sext_ln43 "/>
</bind>
</comp>

<comp id="1115" class="1005" name="tmp_1_reg_1115">
<pin_list>
<pin id="1116" dir="0" index="0" bw="32" slack="1"/>
<pin id="1117" dir="1" index="1" bw="32" slack="1"/>
</pin_list>
<bind>
<opset="tmp_1 "/>
</bind>
</comp>

<comp id="1120" class="1005" name="zext_ln66_reg_1120">
<pin_list>
<pin id="1121" dir="0" index="0" bw="6" slack="1"/>
<pin id="1122" dir="1" index="1" bw="6" slack="1"/>
</pin_list>
<bind>
<opset="zext_ln66 "/>
</bind>
</comp>

<comp id="1125" class="1005" name="tmp_6_reg_1125">
<pin_list>
<pin id="1126" dir="0" index="0" bw="6" slack="1"/>
<pin id="1127" dir="1" index="1" bw="6" slack="1"/>
</pin_list>
<bind>
<opset="tmp_6 "/>
</bind>
</comp>

<comp id="1133" class="1005" name="add_ln63_reg_1133">
<pin_list>
<pin id="1134" dir="0" index="0" bw="4" slack="1"/>
<pin id="1135" dir="1" index="1" bw="4" slack="1"/>
</pin_list>
<bind>
<opset="add_ln63 "/>
</bind>
</comp>

<comp id="1138" class="1005" name="i_1_reg_1138">
<pin_list>
<pin id="1139" dir="0" index="0" bw="4" slack="0"/>
<pin id="1140" dir="1" index="1" bw="4" slack="0"/>
</pin_list>
<bind>
<opset="i_1 "/>
</bind>
</comp>

<comp id="1145" class="1005" name="row_outbuf_addr_reg_1145">
<pin_list>
<pin id="1146" dir="0" index="0" bw="6" slack="1"/>
<pin id="1147" dir="1" index="1" bw="6" slack="1"/>
</pin_list>
<bind>
<opset="row_outbuf_addr "/>
</bind>
</comp>

<comp id="1150" class="1005" name="col_inbuf_addr_reg_1150">
<pin_list>
<pin id="1151" dir="0" index="0" bw="6" slack="1"/>
<pin id="1152" dir="1" index="1" bw="6" slack="1"/>
</pin_list>
<bind>
<opset="col_inbuf_addr "/>
</bind>
</comp>

<comp id="1158" class="1005" name="add_ln65_reg_1158">
<pin_list>
<pin id="1159" dir="0" index="0" bw="4" slack="0"/>
<pin id="1160" dir="1" index="1" bw="4" slack="0"/>
</pin_list>
<bind>
<opset="add_ln65 "/>
</bind>
</comp>

<comp id="1163" class="1005" name="tmp_8_reg_1163">
<pin_list>
<pin id="1164" dir="0" index="0" bw="6" slack="1"/>
<pin id="1165" dir="1" index="1" bw="6" slack="1"/>
</pin_list>
<bind>
<opset="tmp_8 "/>
</bind>
</comp>

<comp id="1172" class="1005" name="add_ln69_reg_1172">
<pin_list>
<pin id="1173" dir="0" index="0" bw="4" slack="1"/>
<pin id="1174" dir="1" index="1" bw="4" slack="1"/>
</pin_list>
<bind>
<opset="add_ln69 "/>
</bind>
</comp>

<comp id="1177" class="1005" name="j_1_reg_1177">
<pin_list>
<pin id="1178" dir="0" index="0" bw="4" slack="0"/>
<pin id="1179" dir="1" index="1" bw="4" slack="0"/>
</pin_list>
<bind>
<opset="j_1 "/>
</bind>
</comp>

<comp id="1184" class="1005" name="tmp_3_reg_1184">
<pin_list>
<pin id="1185" dir="0" index="0" bw="6" slack="1"/>
<pin id="1186" dir="1" index="1" bw="6" slack="1"/>
</pin_list>
<bind>
<opset="tmp_3 "/>
</bind>
</comp>

<comp id="1189" class="1005" name="col_outbuf_addr_1_reg_1189">
<pin_list>
<pin id="1190" dir="0" index="0" bw="6" slack="1"/>
<pin id="1191" dir="1" index="1" bw="6" slack="1"/>
</pin_list>
<bind>
<opset="col_outbuf_addr_1 "/>
</bind>
</comp>

<comp id="1197" class="1005" name="add_ln39_1_reg_1197">
<pin_list>
<pin id="1198" dir="0" index="0" bw="4" slack="0"/>
<pin id="1199" dir="1" index="1" bw="4" slack="0"/>
</pin_list>
<bind>
<opset="add_ln39_1 "/>
</bind>
</comp>

<comp id="1202" class="1005" name="dct_coeff_table_addr_1_reg_1202">
<pin_list>
<pin id="1203" dir="0" index="0" bw="6" slack="1"/>
<pin id="1204" dir="1" index="1" bw="6" slack="1"/>
</pin_list>
<bind>
<opset="dct_coeff_table_addr_1 "/>
</bind>
</comp>

<comp id="1207" class="1005" name="col_inbuf_addr_1_reg_1207">
<pin_list>
<pin id="1208" dir="0" index="0" bw="6" slack="1"/>
<pin id="1209" dir="1" index="1" bw="6" slack="1"/>
</pin_list>
<bind>
<opset="col_inbuf_addr_1 "/>
</bind>
</comp>

<comp id="1215" class="1005" name="add_ln41_1_reg_1215">
<pin_list>
<pin id="1216" dir="0" index="0" bw="4" slack="0"/>
<pin id="1217" dir="1" index="1" bw="4" slack="0"/>
</pin_list>
<bind>
<opset="add_ln41_1 "/>
</bind>
</comp>

<comp id="1220" class="1005" name="sext_ln42_1_reg_1220">
<pin_list>
<pin id="1221" dir="0" index="0" bw="31" slack="1"/>
<pin id="1222" dir="1" index="1" bw="31" slack="1"/>
</pin_list>
<bind>
<opset="sext_ln42_1 "/>
</bind>
</comp>

<comp id="1225" class="1005" name="sext_ln43_2_reg_1225">
<pin_list>
<pin id="1226" dir="0" index="0" bw="31" slack="1"/>
<pin id="1227" dir="1" index="1" bw="31" slack="1"/>
</pin_list>
<bind>
<opset="sext_ln43_2 "/>
</bind>
</comp>

<comp id="1230" class="1005" name="tmp_12_reg_1230">
<pin_list>
<pin id="1231" dir="0" index="0" bw="32" slack="1"/>
<pin id="1232" dir="1" index="1" bw="32" slack="1"/>
</pin_list>
<bind>
<opset="tmp_12 "/>
</bind>
</comp>

<comp id="1235" class="1005" name="zext_ln77_reg_1235">
<pin_list>
<pin id="1236" dir="0" index="0" bw="6" slack="1"/>
<pin id="1237" dir="1" index="1" bw="6" slack="1"/>
</pin_list>
<bind>
<opset="zext_ln77 "/>
</bind>
</comp>

<comp id="1240" class="1005" name="tmp_s_reg_1240">
<pin_list>
<pin id="1241" dir="0" index="0" bw="6" slack="1"/>
<pin id="1242" dir="1" index="1" bw="6" slack="1"/>
</pin_list>
<bind>
<opset="tmp_s "/>
</bind>
</comp>

<comp id="1248" class="1005" name="add_ln74_reg_1248">
<pin_list>
<pin id="1249" dir="0" index="0" bw="4" slack="1"/>
<pin id="1250" dir="1" index="1" bw="4" slack="1"/>
</pin_list>
<bind>
<opset="add_ln74 "/>
</bind>
</comp>

<comp id="1253" class="1005" name="r_1_reg_1253">
<pin_list>
<pin id="1254" dir="0" index="0" bw="4" slack="0"/>
<pin id="1255" dir="1" index="1" bw="4" slack="0"/>
</pin_list>
<bind>
<opset="r_1 "/>
</bind>
</comp>

<comp id="1260" class="1005" name="col_outbuf_addr_reg_1260">
<pin_list>
<pin id="1261" dir="0" index="0" bw="6" slack="1"/>
<pin id="1262" dir="1" index="1" bw="6" slack="1"/>
</pin_list>
<bind>
<opset="col_outbuf_addr "/>
</bind>
</comp>

<comp id="1265" class="1005" name="buf_2d_out_addr_reg_1265">
<pin_list>
<pin id="1266" dir="0" index="0" bw="6" slack="1"/>
<pin id="1267" dir="1" index="1" bw="6" slack="1"/>
</pin_list>
<bind>
<opset="buf_2d_out_addr "/>
</bind>
</comp>

<comp id="1273" class="1005" name="add_ln76_reg_1273">
<pin_list>
<pin id="1274" dir="0" index="0" bw="4" slack="0"/>
<pin id="1275" dir="1" index="1" bw="4" slack="0"/>
</pin_list>
<bind>
<opset="add_ln76 "/>
</bind>
</comp>

<comp id="1278" class="1005" name="trunc_ln100_reg_1278">
<pin_list>
<pin id="1279" dir="0" index="0" bw="3" slack="2"/>
<pin id="1280" dir="1" index="1" bw="3" slack="2"/>
</pin_list>
<bind>
<opset="trunc_ln100 "/>
</bind>
</comp>

<comp id="1283" class="1005" name="tmp_10_reg_1283">
<pin_list>
<pin id="1284" dir="0" index="0" bw="6" slack="1"/>
<pin id="1285" dir="1" index="1" bw="6" slack="1"/>
</pin_list>
<bind>
<opset="tmp_10 "/>
</bind>
</comp>

<comp id="1291" class="1005" name="add_ln97_reg_1291">
<pin_list>
<pin id="1292" dir="0" index="0" bw="4" slack="1"/>
<pin id="1293" dir="1" index="1" bw="4" slack="1"/>
</pin_list>
<bind>
<opset="add_ln97 "/>
</bind>
</comp>

<comp id="1296" class="1005" name="buf_2d_out_addr_1_reg_1296">
<pin_list>
<pin id="1297" dir="0" index="0" bw="6" slack="1"/>
<pin id="1298" dir="1" index="1" bw="6" slack="1"/>
</pin_list>
<bind>
<opset="buf_2d_out_addr_1 "/>
</bind>
</comp>

<comp id="1304" class="1005" name="add_ln99_reg_1304">
<pin_list>
<pin id="1305" dir="0" index="0" bw="4" slack="0"/>
<pin id="1306" dir="1" index="1" bw="4" slack="0"/>
</pin_list>
<bind>
<opset="add_ln99 "/>
</bind>
</comp>

<comp id="1309" class="1005" name="trunc_ln100_1_reg_1309">
<pin_list>
<pin id="1310" dir="0" index="0" bw="3" slack="1"/>
<pin id="1311" dir="1" index="1" bw="3" slack="1"/>
</pin_list>
<bind>
<opset="trunc_ln100_1 "/>
</bind>
</comp>

</comp_list>

<net_list>
<net id="79"><net_src comp="6" pin="0"/><net_sink comp="76" pin=0"/></net>

<net id="83"><net_src comp="24" pin="0"/><net_sink comp="80" pin=0"/></net>

<net id="87"><net_src comp="24" pin="0"/><net_sink comp="84" pin=0"/></net>

<net id="91"><net_src comp="24" pin="0"/><net_sink comp="88" pin=0"/></net>

<net id="95"><net_src comp="24" pin="0"/><net_sink comp="92" pin=0"/></net>

<net id="99"><net_src comp="24" pin="0"/><net_sink comp="96" pin=0"/></net>

<net id="103"><net_src comp="6" pin="0"/><net_sink comp="100" pin=0"/></net>

<net id="107"><net_src comp="6" pin="0"/><net_sink comp="104" pin=0"/></net>

<net id="111"><net_src comp="6" pin="0"/><net_sink comp="108" pin=0"/></net>

<net id="115"><net_src comp="6" pin="0"/><net_sink comp="112" pin=0"/></net>

<net id="119"><net_src comp="6" pin="0"/><net_sink comp="116" pin=0"/></net>

<net id="125"><net_src comp="44" pin="0"/><net_sink comp="120" pin=1"/></net>

<net id="131"><net_src comp="0" pin="0"/><net_sink comp="126" pin=0"/></net>

<net id="132"><net_src comp="44" pin="0"/><net_sink comp="126" pin=1"/></net>

<net id="138"><net_src comp="126" pin="3"/><net_sink comp="133" pin=0"/></net>

<net id="144"><net_src comp="133" pin="3"/><net_sink comp="139" pin=1"/></net>

<net id="150"><net_src comp="44" pin="0"/><net_sink comp="145" pin=1"/></net>

<net id="156"><net_src comp="4" pin="0"/><net_sink comp="151" pin=0"/></net>

<net id="157"><net_src comp="44" pin="0"/><net_sink comp="151" pin=1"/></net>

<net id="163"><net_src comp="44" pin="0"/><net_sink comp="158" pin=1"/></net>

<net id="169"><net_src comp="151" pin="3"/><net_sink comp="164" pin=0"/></net>

<net id="170"><net_src comp="158" pin="3"/><net_sink comp="139" pin=0"/></net>

<net id="181"><net_src comp="44" pin="0"/><net_sink comp="176" pin=1"/></net>

<net id="187"><net_src comp="44" pin="0"/><net_sink comp="182" pin=1"/></net>

<net id="188"><net_src comp="176" pin="3"/><net_sink comp="171" pin=0"/></net>

<net id="194"><net_src comp="171" pin="3"/><net_sink comp="189" pin=1"/></net>

<net id="200"><net_src comp="44" pin="0"/><net_sink comp="195" pin=1"/></net>

<net id="206"><net_src comp="4" pin="0"/><net_sink comp="201" pin=0"/></net>

<net id="207"><net_src comp="44" pin="0"/><net_sink comp="201" pin=1"/></net>

<net id="213"><net_src comp="44" pin="0"/><net_sink comp="208" pin=1"/></net>

<net id="214"><net_src comp="201" pin="3"/><net_sink comp="164" pin=0"/></net>

<net id="215"><net_src comp="208" pin="3"/><net_sink comp="189" pin=0"/></net>

<net id="226"><net_src comp="44" pin="0"/><net_sink comp="221" pin=1"/></net>

<net id="232"><net_src comp="44" pin="0"/><net_sink comp="227" pin=1"/></net>

<net id="233"><net_src comp="221" pin="3"/><net_sink comp="216" pin=0"/></net>

<net id="239"><net_src comp="216" pin="3"/><net_sink comp="234" pin=1"/></net>

<net id="245"><net_src comp="44" pin="0"/><net_sink comp="240" pin=1"/></net>

<net id="246"><net_src comp="240" pin="3"/><net_sink comp="234" pin=0"/></net>

<net id="252"><net_src comp="2" pin="0"/><net_sink comp="247" pin=0"/></net>

<net id="253"><net_src comp="44" pin="0"/><net_sink comp="247" pin=1"/></net>

<net id="259"><net_src comp="234" pin="3"/><net_sink comp="254" pin=1"/></net>

<net id="260"><net_src comp="247" pin="3"/><net_sink comp="254" pin=0"/></net>

<net id="264"><net_src comp="26" pin="0"/><net_sink comp="261" pin=0"/></net>

<net id="271"><net_src comp="261" pin="1"/><net_sink comp="265" pin=2"/></net>

<net id="275"><net_src comp="26" pin="0"/><net_sink comp="272" pin=0"/></net>

<net id="282"><net_src comp="272" pin="1"/><net_sink comp="276" pin=2"/></net>

<net id="286"><net_src comp="26" pin="0"/><net_sink comp="283" pin=0"/></net>

<net id="293"><net_src comp="283" pin="1"/><net_sink comp="287" pin=2"/></net>

<net id="297"><net_src comp="16" pin="0"/><net_sink comp="294" pin=0"/></net>

<net id="304"><net_src comp="294" pin="1"/><net_sink comp="298" pin=2"/></net>

<net id="305"><net_src comp="298" pin="4"/><net_sink comp="294" pin=0"/></net>

<net id="309"><net_src comp="26" pin="0"/><net_sink comp="306" pin=0"/></net>

<net id="316"><net_src comp="306" pin="1"/><net_sink comp="310" pin=2"/></net>

<net id="320"><net_src comp="26" pin="0"/><net_sink comp="317" pin=0"/></net>

<net id="327"><net_src comp="317" pin="1"/><net_sink comp="321" pin=2"/></net>

<net id="331"><net_src comp="26" pin="0"/><net_sink comp="328" pin=0"/></net>

<net id="338"><net_src comp="328" pin="1"/><net_sink comp="332" pin=2"/></net>

<net id="342"><net_src comp="16" pin="0"/><net_sink comp="339" pin=0"/></net>

<net id="349"><net_src comp="339" pin="1"/><net_sink comp="343" pin=2"/></net>

<net id="350"><net_src comp="343" pin="4"/><net_sink comp="339" pin=0"/></net>

<net id="354"><net_src comp="26" pin="0"/><net_sink comp="351" pin=0"/></net>

<net id="361"><net_src comp="351" pin="1"/><net_sink comp="355" pin=2"/></net>

<net id="365"><net_src comp="26" pin="0"/><net_sink comp="362" pin=0"/></net>

<net id="372"><net_src comp="362" pin="1"/><net_sink comp="366" pin=2"/></net>

<net id="377"><net_src comp="26" pin="0"/><net_sink comp="373" pin=0"/></net>

<net id="384"><net_src comp="378" pin="1"/><net_sink comp="381" pin=0"/></net>

<net id="390"><net_src comp="28" pin="0"/><net_sink comp="385" pin=0"/></net>

<net id="391"><net_src comp="381" pin="1"/><net_sink comp="385" pin=1"/></net>

<net id="392"><net_src comp="30" pin="0"/><net_sink comp="385" pin=2"/></net>

<net id="397"><net_src comp="378" pin="1"/><net_sink comp="393" pin=0"/></net>

<net id="398"><net_src comp="32" pin="0"/><net_sink comp="393" pin=1"/></net>

<net id="403"><net_src comp="378" pin="1"/><net_sink comp="399" pin=0"/></net>

<net id="404"><net_src comp="34" pin="0"/><net_sink comp="399" pin=1"/></net>

<net id="409"><net_src comp="26" pin="0"/><net_sink comp="405" pin=0"/></net>

<net id="413"><net_src comp="265" pin="4"/><net_sink comp="410" pin=0"/></net>

<net id="418"><net_src comp="410" pin="1"/><net_sink comp="414" pin=1"/></net>

<net id="422"><net_src comp="414" pin="2"/><net_sink comp="419" pin=0"/></net>

<net id="423"><net_src comp="419" pin="1"/><net_sink comp="120" pin=2"/></net>

<net id="428"><net_src comp="265" pin="4"/><net_sink comp="424" pin=0"/></net>

<net id="429"><net_src comp="32" pin="0"/><net_sink comp="424" pin=1"/></net>

<net id="434"><net_src comp="265" pin="4"/><net_sink comp="430" pin=0"/></net>

<net id="435"><net_src comp="34" pin="0"/><net_sink comp="430" pin=1"/></net>

<net id="439"><net_src comp="265" pin="4"/><net_sink comp="436" pin=0"/></net>

<net id="445"><net_src comp="28" pin="0"/><net_sink comp="440" pin=0"/></net>

<net id="446"><net_src comp="436" pin="1"/><net_sink comp="440" pin=2"/></net>

<net id="450"><net_src comp="440" pin="3"/><net_sink comp="447" pin=0"/></net>

<net id="451"><net_src comp="447" pin="1"/><net_sink comp="126" pin=2"/></net>

<net id="462"><net_src comp="456" pin="1"/><net_sink comp="459" pin=0"/></net>

<net id="468"><net_src comp="28" pin="0"/><net_sink comp="463" pin=0"/></net>

<net id="469"><net_src comp="459" pin="1"/><net_sink comp="463" pin=1"/></net>

<net id="470"><net_src comp="30" pin="0"/><net_sink comp="463" pin=2"/></net>

<net id="475"><net_src comp="456" pin="1"/><net_sink comp="471" pin=0"/></net>

<net id="476"><net_src comp="32" pin="0"/><net_sink comp="471" pin=1"/></net>

<net id="481"><net_src comp="456" pin="1"/><net_sink comp="477" pin=0"/></net>

<net id="482"><net_src comp="34" pin="0"/><net_sink comp="477" pin=1"/></net>

<net id="487"><net_src comp="26" pin="0"/><net_sink comp="483" pin=0"/></net>

<net id="491"><net_src comp="276" pin="4"/><net_sink comp="488" pin=0"/></net>

<net id="495"><net_src comp="276" pin="4"/><net_sink comp="492" pin=0"/></net>

<net id="501"><net_src comp="28" pin="0"/><net_sink comp="496" pin=0"/></net>

<net id="502"><net_src comp="488" pin="1"/><net_sink comp="496" pin=1"/></net>

<net id="503"><net_src comp="30" pin="0"/><net_sink comp="496" pin=2"/></net>

<net id="508"><net_src comp="492" pin="1"/><net_sink comp="504" pin=1"/></net>

<net id="512"><net_src comp="504" pin="2"/><net_sink comp="509" pin=0"/></net>

<net id="513"><net_src comp="509" pin="1"/><net_sink comp="145" pin=2"/></net>

<net id="518"><net_src comp="276" pin="4"/><net_sink comp="514" pin=0"/></net>

<net id="519"><net_src comp="32" pin="0"/><net_sink comp="514" pin=1"/></net>

<net id="524"><net_src comp="276" pin="4"/><net_sink comp="520" pin=0"/></net>

<net id="525"><net_src comp="34" pin="0"/><net_sink comp="520" pin=1"/></net>

<net id="533"><net_src comp="287" pin="4"/><net_sink comp="530" pin=0"/></net>

<net id="538"><net_src comp="530" pin="1"/><net_sink comp="534" pin=1"/></net>

<net id="542"><net_src comp="534" pin="2"/><net_sink comp="539" pin=0"/></net>

<net id="543"><net_src comp="539" pin="1"/><net_sink comp="151" pin=2"/></net>

<net id="548"><net_src comp="530" pin="1"/><net_sink comp="544" pin=1"/></net>

<net id="552"><net_src comp="544" pin="2"/><net_sink comp="549" pin=0"/></net>

<net id="553"><net_src comp="549" pin="1"/><net_sink comp="158" pin=2"/></net>

<net id="558"><net_src comp="287" pin="4"/><net_sink comp="554" pin=0"/></net>

<net id="559"><net_src comp="32" pin="0"/><net_sink comp="554" pin=1"/></net>

<net id="564"><net_src comp="287" pin="4"/><net_sink comp="560" pin=0"/></net>

<net id="565"><net_src comp="34" pin="0"/><net_sink comp="560" pin=1"/></net>

<net id="569"><net_src comp="298" pin="4"/><net_sink comp="566" pin=0"/></net>

<net id="574"><net_src comp="566" pin="1"/><net_sink comp="570" pin=0"/></net>

<net id="575"><net_src comp="52" pin="0"/><net_sink comp="570" pin=1"/></net>

<net id="582"><net_src comp="54" pin="0"/><net_sink comp="576" pin=0"/></net>

<net id="583"><net_src comp="570" pin="2"/><net_sink comp="576" pin=1"/></net>

<net id="584"><net_src comp="56" pin="0"/><net_sink comp="576" pin=2"/></net>

<net id="585"><net_src comp="58" pin="0"/><net_sink comp="576" pin=3"/></net>

<net id="586"><net_src comp="576" pin="4"/><net_sink comp="171" pin=1"/></net>

<net id="590"><net_src comp="164" pin="3"/><net_sink comp="587" pin=0"/></net>

<net id="594"><net_src comp="139" pin="3"/><net_sink comp="591" pin=0"/></net>

<net id="601"><net_src comp="595" pin="1"/><net_sink comp="598" pin=0"/></net>

<net id="605"><net_src comp="595" pin="1"/><net_sink comp="602" pin=0"/></net>

<net id="611"><net_src comp="28" pin="0"/><net_sink comp="606" pin=0"/></net>

<net id="612"><net_src comp="598" pin="1"/><net_sink comp="606" pin=1"/></net>

<net id="613"><net_src comp="30" pin="0"/><net_sink comp="606" pin=2"/></net>

<net id="618"><net_src comp="595" pin="1"/><net_sink comp="614" pin=0"/></net>

<net id="619"><net_src comp="32" pin="0"/><net_sink comp="614" pin=1"/></net>

<net id="624"><net_src comp="595" pin="1"/><net_sink comp="620" pin=0"/></net>

<net id="625"><net_src comp="34" pin="0"/><net_sink comp="620" pin=1"/></net>

<net id="630"><net_src comp="26" pin="0"/><net_sink comp="626" pin=0"/></net>

<net id="634"><net_src comp="310" pin="4"/><net_sink comp="631" pin=0"/></net>

<net id="638"><net_src comp="310" pin="4"/><net_sink comp="635" pin=0"/></net>

<net id="644"><net_src comp="28" pin="0"/><net_sink comp="639" pin=0"/></net>

<net id="645"><net_src comp="631" pin="1"/><net_sink comp="639" pin=1"/></net>

<net id="646"><net_src comp="30" pin="0"/><net_sink comp="639" pin=2"/></net>

<net id="651"><net_src comp="639" pin="3"/><net_sink comp="647" pin=0"/></net>

<net id="655"><net_src comp="647" pin="2"/><net_sink comp="652" pin=0"/></net>

<net id="656"><net_src comp="652" pin="1"/><net_sink comp="176" pin=2"/></net>

<net id="661"><net_src comp="635" pin="1"/><net_sink comp="657" pin=1"/></net>

<net id="665"><net_src comp="657" pin="2"/><net_sink comp="662" pin=0"/></net>

<net id="666"><net_src comp="662" pin="1"/><net_sink comp="182" pin=2"/></net>

<net id="671"><net_src comp="310" pin="4"/><net_sink comp="667" pin=0"/></net>

<net id="672"><net_src comp="32" pin="0"/><net_sink comp="667" pin=1"/></net>

<net id="677"><net_src comp="310" pin="4"/><net_sink comp="673" pin=0"/></net>

<net id="678"><net_src comp="34" pin="0"/><net_sink comp="673" pin=1"/></net>

<net id="689"><net_src comp="683" pin="1"/><net_sink comp="686" pin=0"/></net>

<net id="695"><net_src comp="28" pin="0"/><net_sink comp="690" pin=0"/></net>

<net id="696"><net_src comp="686" pin="1"/><net_sink comp="690" pin=1"/></net>

<net id="697"><net_src comp="30" pin="0"/><net_sink comp="690" pin=2"/></net>

<net id="702"><net_src comp="683" pin="1"/><net_sink comp="698" pin=0"/></net>

<net id="703"><net_src comp="32" pin="0"/><net_sink comp="698" pin=1"/></net>

<net id="708"><net_src comp="683" pin="1"/><net_sink comp="704" pin=0"/></net>

<net id="709"><net_src comp="34" pin="0"/><net_sink comp="704" pin=1"/></net>

<net id="714"><net_src comp="26" pin="0"/><net_sink comp="710" pin=0"/></net>

<net id="718"><net_src comp="321" pin="4"/><net_sink comp="715" pin=0"/></net>

<net id="722"><net_src comp="321" pin="4"/><net_sink comp="719" pin=0"/></net>

<net id="728"><net_src comp="28" pin="0"/><net_sink comp="723" pin=0"/></net>

<net id="729"><net_src comp="715" pin="1"/><net_sink comp="723" pin=1"/></net>

<net id="730"><net_src comp="30" pin="0"/><net_sink comp="723" pin=2"/></net>

<net id="735"><net_src comp="719" pin="1"/><net_sink comp="731" pin=1"/></net>

<net id="739"><net_src comp="731" pin="2"/><net_sink comp="736" pin=0"/></net>

<net id="740"><net_src comp="736" pin="1"/><net_sink comp="195" pin=2"/></net>

<net id="745"><net_src comp="321" pin="4"/><net_sink comp="741" pin=0"/></net>

<net id="746"><net_src comp="32" pin="0"/><net_sink comp="741" pin=1"/></net>

<net id="751"><net_src comp="321" pin="4"/><net_sink comp="747" pin=0"/></net>

<net id="752"><net_src comp="34" pin="0"/><net_sink comp="747" pin=1"/></net>

<net id="760"><net_src comp="332" pin="4"/><net_sink comp="757" pin=0"/></net>

<net id="765"><net_src comp="757" pin="1"/><net_sink comp="761" pin=1"/></net>

<net id="769"><net_src comp="761" pin="2"/><net_sink comp="766" pin=0"/></net>

<net id="770"><net_src comp="766" pin="1"/><net_sink comp="201" pin=2"/></net>

<net id="775"><net_src comp="757" pin="1"/><net_sink comp="771" pin=1"/></net>

<net id="779"><net_src comp="771" pin="2"/><net_sink comp="776" pin=0"/></net>

<net id="780"><net_src comp="776" pin="1"/><net_sink comp="208" pin=2"/></net>

<net id="785"><net_src comp="332" pin="4"/><net_sink comp="781" pin=0"/></net>

<net id="786"><net_src comp="32" pin="0"/><net_sink comp="781" pin=1"/></net>

<net id="791"><net_src comp="332" pin="4"/><net_sink comp="787" pin=0"/></net>

<net id="792"><net_src comp="34" pin="0"/><net_sink comp="787" pin=1"/></net>

<net id="796"><net_src comp="343" pin="4"/><net_sink comp="793" pin=0"/></net>

<net id="801"><net_src comp="793" pin="1"/><net_sink comp="797" pin=0"/></net>

<net id="802"><net_src comp="52" pin="0"/><net_sink comp="797" pin=1"/></net>

<net id="809"><net_src comp="54" pin="0"/><net_sink comp="803" pin=0"/></net>

<net id="810"><net_src comp="797" pin="2"/><net_sink comp="803" pin=1"/></net>

<net id="811"><net_src comp="56" pin="0"/><net_sink comp="803" pin=2"/></net>

<net id="812"><net_src comp="58" pin="0"/><net_sink comp="803" pin=3"/></net>

<net id="813"><net_src comp="803" pin="4"/><net_sink comp="216" pin=1"/></net>

<net id="817"><net_src comp="164" pin="3"/><net_sink comp="814" pin=0"/></net>

<net id="821"><net_src comp="189" pin="3"/><net_sink comp="818" pin=0"/></net>

<net id="828"><net_src comp="822" pin="1"/><net_sink comp="825" pin=0"/></net>

<net id="832"><net_src comp="822" pin="1"/><net_sink comp="829" pin=0"/></net>

<net id="838"><net_src comp="28" pin="0"/><net_sink comp="833" pin=0"/></net>

<net id="839"><net_src comp="825" pin="1"/><net_sink comp="833" pin=1"/></net>

<net id="840"><net_src comp="30" pin="0"/><net_sink comp="833" pin=2"/></net>

<net id="845"><net_src comp="822" pin="1"/><net_sink comp="841" pin=0"/></net>

<net id="846"><net_src comp="32" pin="0"/><net_sink comp="841" pin=1"/></net>

<net id="851"><net_src comp="822" pin="1"/><net_sink comp="847" pin=0"/></net>

<net id="852"><net_src comp="34" pin="0"/><net_sink comp="847" pin=1"/></net>

<net id="857"><net_src comp="26" pin="0"/><net_sink comp="853" pin=0"/></net>

<net id="861"><net_src comp="355" pin="4"/><net_sink comp="858" pin=0"/></net>

<net id="865"><net_src comp="355" pin="4"/><net_sink comp="862" pin=0"/></net>

<net id="871"><net_src comp="28" pin="0"/><net_sink comp="866" pin=0"/></net>

<net id="872"><net_src comp="858" pin="1"/><net_sink comp="866" pin=1"/></net>

<net id="873"><net_src comp="30" pin="0"/><net_sink comp="866" pin=2"/></net>

<net id="878"><net_src comp="866" pin="3"/><net_sink comp="874" pin=0"/></net>

<net id="882"><net_src comp="874" pin="2"/><net_sink comp="879" pin=0"/></net>

<net id="883"><net_src comp="879" pin="1"/><net_sink comp="221" pin=2"/></net>

<net id="888"><net_src comp="862" pin="1"/><net_sink comp="884" pin=1"/></net>

<net id="892"><net_src comp="884" pin="2"/><net_sink comp="889" pin=0"/></net>

<net id="893"><net_src comp="889" pin="1"/><net_sink comp="227" pin=2"/></net>

<net id="898"><net_src comp="355" pin="4"/><net_sink comp="894" pin=0"/></net>

<net id="899"><net_src comp="32" pin="0"/><net_sink comp="894" pin=1"/></net>

<net id="904"><net_src comp="355" pin="4"/><net_sink comp="900" pin=0"/></net>

<net id="905"><net_src comp="34" pin="0"/><net_sink comp="900" pin=1"/></net>

<net id="916"><net_src comp="910" pin="1"/><net_sink comp="913" pin=0"/></net>

<net id="922"><net_src comp="28" pin="0"/><net_sink comp="917" pin=0"/></net>

<net id="923"><net_src comp="913" pin="1"/><net_sink comp="917" pin=1"/></net>

<net id="924"><net_src comp="30" pin="0"/><net_sink comp="917" pin=2"/></net>

<net id="929"><net_src comp="910" pin="1"/><net_sink comp="925" pin=0"/></net>

<net id="930"><net_src comp="32" pin="0"/><net_sink comp="925" pin=1"/></net>

<net id="935"><net_src comp="910" pin="1"/><net_sink comp="931" pin=0"/></net>

<net id="936"><net_src comp="34" pin="0"/><net_sink comp="931" pin=1"/></net>

<net id="940"><net_src comp="366" pin="4"/><net_sink comp="937" pin=0"/></net>

<net id="945"><net_src comp="937" pin="1"/><net_sink comp="941" pin=1"/></net>

<net id="949"><net_src comp="941" pin="2"/><net_sink comp="946" pin=0"/></net>

<net id="950"><net_src comp="946" pin="1"/><net_sink comp="240" pin=2"/></net>

<net id="955"><net_src comp="366" pin="4"/><net_sink comp="951" pin=0"/></net>

<net id="956"><net_src comp="32" pin="0"/><net_sink comp="951" pin=1"/></net>

<net id="961"><net_src comp="366" pin="4"/><net_sink comp="957" pin=0"/></net>

<net id="962"><net_src comp="34" pin="0"/><net_sink comp="957" pin=1"/></net>

<net id="966"><net_src comp="366" pin="4"/><net_sink comp="963" pin=0"/></net>

<net id="976"><net_src comp="28" pin="0"/><net_sink comp="971" pin=0"/></net>

<net id="980"><net_src comp="971" pin="3"/><net_sink comp="977" pin=0"/></net>

<net id="981"><net_src comp="977" pin="1"/><net_sink comp="247" pin=2"/></net>

<net id="987"><net_src comp="591" pin="1"/><net_sink comp="982" pin=0"/></net>

<net id="988"><net_src comp="587" pin="1"/><net_sink comp="982" pin=1"/></net>

<net id="989"><net_src comp="294" pin="1"/><net_sink comp="982" pin=2"/></net>

<net id="995"><net_src comp="818" pin="1"/><net_sink comp="990" pin=0"/></net>

<net id="996"><net_src comp="814" pin="1"/><net_sink comp="990" pin=1"/></net>

<net id="997"><net_src comp="339" pin="1"/><net_sink comp="990" pin=2"/></net>

<net id="1001"><net_src comp="76" pin="1"/><net_sink comp="998" pin=0"/></net>

<net id="1002"><net_src comp="998" pin="1"/><net_sink comp="373" pin=1"/></net>

<net id="1003"><net_src comp="998" pin="1"/><net_sink comp="378" pin=0"/></net>

<net id="1004"><net_src comp="998" pin="1"/><net_sink comp="452" pin=1"/></net>

<net id="1008"><net_src comp="381" pin="1"/><net_sink comp="1005" pin=0"/></net>

<net id="1009"><net_src comp="1005" pin="1"/><net_sink comp="440" pin=1"/></net>

<net id="1013"><net_src comp="385" pin="3"/><net_sink comp="1010" pin=0"/></net>

<net id="1014"><net_src comp="1010" pin="1"/><net_sink comp="414" pin=0"/></net>

<net id="1021"><net_src comp="399" pin="2"/><net_sink comp="1018" pin=0"/></net>

<net id="1022"><net_src comp="1018" pin="1"/><net_sink comp="452" pin=0"/></net>

<net id="1026"><net_src comp="100" pin="1"/><net_sink comp="1023" pin=0"/></net>

<net id="1027"><net_src comp="1023" pin="1"/><net_sink comp="405" pin=1"/></net>

<net id="1028"><net_src comp="1023" pin="1"/><net_sink comp="456" pin=0"/></net>

<net id="1029"><net_src comp="1023" pin="1"/><net_sink comp="526" pin=1"/></net>

<net id="1033"><net_src comp="120" pin="3"/><net_sink comp="1030" pin=0"/></net>

<net id="1034"><net_src comp="1030" pin="1"/><net_sink comp="139" pin=0"/></net>

<net id="1041"><net_src comp="430" pin="2"/><net_sink comp="1038" pin=0"/></net>

<net id="1042"><net_src comp="1038" pin="1"/><net_sink comp="265" pin=0"/></net>

<net id="1046"><net_src comp="126" pin="3"/><net_sink comp="1043" pin=0"/></net>

<net id="1047"><net_src comp="1043" pin="1"/><net_sink comp="133" pin=0"/></net>

<net id="1051"><net_src comp="463" pin="3"/><net_sink comp="1048" pin=0"/></net>

<net id="1052"><net_src comp="1048" pin="1"/><net_sink comp="504" pin=0"/></net>

<net id="1053"><net_src comp="1048" pin="1"/><net_sink comp="544" pin=0"/></net>

<net id="1060"><net_src comp="477" pin="2"/><net_sink comp="1057" pin=0"/></net>

<net id="1061"><net_src comp="1057" pin="1"/><net_sink comp="526" pin=0"/></net>

<net id="1065"><net_src comp="104" pin="1"/><net_sink comp="1062" pin=0"/></net>

<net id="1066"><net_src comp="1062" pin="1"/><net_sink comp="483" pin=1"/></net>

<net id="1067"><net_src comp="1062" pin="1"/><net_sink comp="595" pin=0"/></net>

<net id="1068"><net_src comp="1062" pin="1"/><net_sink comp="679" pin=1"/></net>

<net id="1072"><net_src comp="496" pin="3"/><net_sink comp="1069" pin=0"/></net>

<net id="1073"><net_src comp="1069" pin="1"/><net_sink comp="534" pin=0"/></net>

<net id="1077"><net_src comp="145" pin="3"/><net_sink comp="1074" pin=0"/></net>

<net id="1078"><net_src comp="1074" pin="1"/><net_sink comp="171" pin=0"/></net>

<net id="1085"><net_src comp="520" pin="2"/><net_sink comp="1082" pin=0"/></net>

<net id="1086"><net_src comp="1082" pin="1"/><net_sink comp="276" pin=0"/></net>

<net id="1090"><net_src comp="151" pin="3"/><net_sink comp="1087" pin=0"/></net>

<net id="1091"><net_src comp="1087" pin="1"/><net_sink comp="164" pin=0"/></net>

<net id="1095"><net_src comp="158" pin="3"/><net_sink comp="1092" pin=0"/></net>

<net id="1096"><net_src comp="1092" pin="1"/><net_sink comp="139" pin=0"/></net>

<net id="1103"><net_src comp="560" pin="2"/><net_sink comp="1100" pin=0"/></net>

<net id="1104"><net_src comp="1100" pin="1"/><net_sink comp="287" pin=0"/></net>

<net id="1108"><net_src comp="587" pin="1"/><net_sink comp="1105" pin=0"/></net>

<net id="1109"><net_src comp="1105" pin="1"/><net_sink comp="982" pin=1"/></net>

<net id="1113"><net_src comp="591" pin="1"/><net_sink comp="1110" pin=0"/></net>

<net id="1114"><net_src comp="1110" pin="1"/><net_sink comp="982" pin=0"/></net>

<net id="1118"><net_src comp="982" pin="3"/><net_sink comp="1115" pin=0"/></net>

<net id="1119"><net_src comp="1115" pin="1"/><net_sink comp="298" pin=0"/></net>

<net id="1123"><net_src comp="602" pin="1"/><net_sink comp="1120" pin=0"/></net>

<net id="1124"><net_src comp="1120" pin="1"/><net_sink comp="647" pin=1"/></net>

<net id="1128"><net_src comp="606" pin="3"/><net_sink comp="1125" pin=0"/></net>

<net id="1129"><net_src comp="1125" pin="1"/><net_sink comp="657" pin=0"/></net>

<net id="1136"><net_src comp="620" pin="2"/><net_sink comp="1133" pin=0"/></net>

<net id="1137"><net_src comp="1133" pin="1"/><net_sink comp="679" pin=0"/></net>

<net id="1141"><net_src comp="108" pin="1"/><net_sink comp="1138" pin=0"/></net>

<net id="1142"><net_src comp="1138" pin="1"/><net_sink comp="626" pin=1"/></net>

<net id="1143"><net_src comp="1138" pin="1"/><net_sink comp="683" pin=0"/></net>

<net id="1144"><net_src comp="1138" pin="1"/><net_sink comp="753" pin=1"/></net>

<net id="1148"><net_src comp="176" pin="3"/><net_sink comp="1145" pin=0"/></net>

<net id="1149"><net_src comp="1145" pin="1"/><net_sink comp="171" pin=0"/></net>

<net id="1153"><net_src comp="182" pin="3"/><net_sink comp="1150" pin=0"/></net>

<net id="1154"><net_src comp="1150" pin="1"/><net_sink comp="189" pin=0"/></net>

<net id="1161"><net_src comp="673" pin="2"/><net_sink comp="1158" pin=0"/></net>

<net id="1162"><net_src comp="1158" pin="1"/><net_sink comp="310" pin=0"/></net>

<net id="1166"><net_src comp="690" pin="3"/><net_sink comp="1163" pin=0"/></net>

<net id="1167"><net_src comp="1163" pin="1"/><net_sink comp="731" pin=0"/></net>

<net id="1168"><net_src comp="1163" pin="1"/><net_sink comp="771" pin=0"/></net>

<net id="1175"><net_src comp="704" pin="2"/><net_sink comp="1172" pin=0"/></net>

<net id="1176"><net_src comp="1172" pin="1"/><net_sink comp="753" pin=0"/></net>

<net id="1180"><net_src comp="112" pin="1"/><net_sink comp="1177" pin=0"/></net>

<net id="1181"><net_src comp="1177" pin="1"/><net_sink comp="710" pin=1"/></net>

<net id="1182"><net_src comp="1177" pin="1"/><net_sink comp="822" pin=0"/></net>

<net id="1183"><net_src comp="1177" pin="1"/><net_sink comp="906" pin=1"/></net>

<net id="1187"><net_src comp="723" pin="3"/><net_sink comp="1184" pin=0"/></net>

<net id="1188"><net_src comp="1184" pin="1"/><net_sink comp="761" pin=0"/></net>

<net id="1192"><net_src comp="195" pin="3"/><net_sink comp="1189" pin=0"/></net>

<net id="1193"><net_src comp="1189" pin="1"/><net_sink comp="216" pin=0"/></net>

<net id="1200"><net_src comp="747" pin="2"/><net_sink comp="1197" pin=0"/></net>

<net id="1201"><net_src comp="1197" pin="1"/><net_sink comp="321" pin=0"/></net>

<net id="1205"><net_src comp="201" pin="3"/><net_sink comp="1202" pin=0"/></net>

<net id="1206"><net_src comp="1202" pin="1"/><net_sink comp="164" pin=0"/></net>

<net id="1210"><net_src comp="208" pin="3"/><net_sink comp="1207" pin=0"/></net>

<net id="1211"><net_src comp="1207" pin="1"/><net_sink comp="189" pin=0"/></net>

<net id="1218"><net_src comp="787" pin="2"/><net_sink comp="1215" pin=0"/></net>

<net id="1219"><net_src comp="1215" pin="1"/><net_sink comp="332" pin=0"/></net>

<net id="1223"><net_src comp="814" pin="1"/><net_sink comp="1220" pin=0"/></net>

<net id="1224"><net_src comp="1220" pin="1"/><net_sink comp="990" pin=1"/></net>

<net id="1228"><net_src comp="818" pin="1"/><net_sink comp="1225" pin=0"/></net>

<net id="1229"><net_src comp="1225" pin="1"/><net_sink comp="990" pin=0"/></net>

<net id="1233"><net_src comp="990" pin="3"/><net_sink comp="1230" pin=0"/></net>

<net id="1234"><net_src comp="1230" pin="1"/><net_sink comp="343" pin=0"/></net>

<net id="1238"><net_src comp="829" pin="1"/><net_sink comp="1235" pin=0"/></net>

<net id="1239"><net_src comp="1235" pin="1"/><net_sink comp="874" pin=1"/></net>

<net id="1243"><net_src comp="833" pin="3"/><net_sink comp="1240" pin=0"/></net>

<net id="1244"><net_src comp="1240" pin="1"/><net_sink comp="884" pin=0"/></net>

<net id="1251"><net_src comp="847" pin="2"/><net_sink comp="1248" pin=0"/></net>

<net id="1252"><net_src comp="1248" pin="1"/><net_sink comp="906" pin=0"/></net>

<net id="1256"><net_src comp="116" pin="1"/><net_sink comp="1253" pin=0"/></net>

<net id="1257"><net_src comp="1253" pin="1"/><net_sink comp="853" pin=1"/></net>

<net id="1258"><net_src comp="1253" pin="1"/><net_sink comp="910" pin=0"/></net>

<net id="1259"><net_src comp="1253" pin="1"/><net_sink comp="967" pin=1"/></net>

<net id="1263"><net_src comp="221" pin="3"/><net_sink comp="1260" pin=0"/></net>

<net id="1264"><net_src comp="1260" pin="1"/><net_sink comp="216" pin=0"/></net>

<net id="1268"><net_src comp="227" pin="3"/><net_sink comp="1265" pin=0"/></net>

<net id="1269"><net_src comp="1265" pin="1"/><net_sink comp="234" pin=0"/></net>

<net id="1276"><net_src comp="900" pin="2"/><net_sink comp="1273" pin=0"/></net>

<net id="1277"><net_src comp="1273" pin="1"/><net_sink comp="355" pin=0"/></net>

<net id="1281"><net_src comp="913" pin="1"/><net_sink comp="1278" pin=0"/></net>

<net id="1282"><net_src comp="1278" pin="1"/><net_sink comp="971" pin=1"/></net>

<net id="1286"><net_src comp="917" pin="3"/><net_sink comp="1283" pin=0"/></net>

<net id="1287"><net_src comp="1283" pin="1"/><net_sink comp="941" pin=0"/></net>

<net id="1294"><net_src comp="931" pin="2"/><net_sink comp="1291" pin=0"/></net>

<net id="1295"><net_src comp="1291" pin="1"/><net_sink comp="967" pin=0"/></net>

<net id="1299"><net_src comp="240" pin="3"/><net_sink comp="1296" pin=0"/></net>

<net id="1300"><net_src comp="1296" pin="1"/><net_sink comp="234" pin=0"/></net>

<net id="1307"><net_src comp="957" pin="2"/><net_sink comp="1304" pin=0"/></net>

<net id="1308"><net_src comp="1304" pin="1"/><net_sink comp="366" pin=0"/></net>

<net id="1312"><net_src comp="963" pin="1"/><net_sink comp="1309" pin=0"/></net>

<net id="1313"><net_src comp="1309" pin="1"/><net_sink comp="971" pin=2"/></net>

</net_list>

</model> 
---------------- Datapath Model END ------------------

* FSMD analyzer results:
  - Output states:
	Port: output_r | {27 }
 - Input state : 
	Port: dct : input_r | {3 4 }
	Port: dct : dct_coeff_table | {7 8 17 18 }
  - Chain level:
	State 1
		store_ln85 : 1
	State 2
		trunc_ln88 : 1
		tmp_4 : 2
		icmp_ln85 : 1
		add_ln85 : 1
		br_ln85 : 2
		store_ln45 : 1
	State 3
		zext_ln88_1 : 1
		add_ln88 : 2
		zext_ln88_2 : 3
		buf_2d_in_addr : 4
		icmp_ln87 : 1
		add_ln87 : 1
		br_ln87 : 2
		trunc_ln88_1 : 1
		add_ln : 2
		zext_ln88 : 3
		input_r_addr : 4
		input_r_load : 5
	State 4
		store_ln88 : 1
	State 5
		trunc_ln45 : 1
		tmp_5 : 2
		icmp_ln58 : 1
		add_ln58 : 1
		br_ln58 : 2
		store_ln63 : 1
	State 6
		trunc_ln39 : 1
		zext_ln42 : 1
		tmp_7 : 2
		add_ln45_2 : 2
		zext_ln45 : 3
		row_outbuf_addr_1 : 4
		icmp_ln39 : 1
		add_ln39 : 1
		br_ln39 : 2
	State 7
		zext_ln42_1 : 1
		add_ln42 : 2
		zext_ln42_2 : 3
		dct_coeff_table_addr : 4
		add_ln43 : 2
		zext_ln43 : 3
		buf_2d_in_addr_1 : 4
		icmp_ln41 : 1
		add_ln41 : 1
		br_ln41 : 2
		coeff : 5
		buf_2d_in_load : 5
		trunc_ln41 : 1
		add_ln45 : 2
		trunc_ln2 : 3
		store_ln45 : 4
	State 8
		sext_ln42 : 1
		sext_ln43 : 1
		mul_ln43 : 2
	State 9
	State 10
		sext_ln43_1 : 1
		tmp_1 : 2
	State 11
	State 12
		trunc_ln63 : 1
		zext_ln66 : 1
		tmp_6 : 2
		icmp_ln63 : 1
		add_ln63 : 1
		br_ln63 : 2
		store_ln45 : 1
	State 13
		trunc_ln65 : 1
		zext_ln66_1 : 1
		tmp_9 : 2
		add_ln66 : 3
		zext_ln66_2 : 4
		row_outbuf_addr : 5
		add_ln66_1 : 2
		zext_ln66_3 : 3
		col_inbuf_addr : 4
		icmp_ln65 : 1
		add_ln65 : 1
		br_ln65 : 2
		row_outbuf_load : 6
	State 14
		store_ln66 : 1
	State 15
		trunc_ln45_2 : 1
		tmp_8 : 2
		icmp_ln69 : 1
		add_ln69 : 1
		br_ln69 : 2
		store_ln74 : 1
	State 16
		trunc_ln39_1 : 1
		zext_ln42_3 : 1
		tmp_3 : 2
		add_ln45_3 : 2
		zext_ln45_1 : 3
		col_outbuf_addr_1 : 4
		icmp_ln39_1 : 1
		add_ln39_1 : 1
		br_ln39 : 2
	State 17
		zext_ln42_4 : 1
		add_ln42_1 : 2
		zext_ln42_5 : 3
		dct_coeff_table_addr_1 : 4
		add_ln43_2 : 2
		zext_ln43_1 : 3
		col_inbuf_addr_1 : 4
		icmp_ln41_1 : 1
		add_ln41_1 : 1
		br_ln41 : 2
		coeff_1 : 5
		col_inbuf_load : 5
		trunc_ln41_1 : 1
		add_ln45_1 : 2
		trunc_ln45_1 : 3
		store_ln45 : 4
	State 18
		sext_ln42_1 : 1
		sext_ln43_2 : 1
		mul_ln43_1 : 2
	State 19
	State 20
		sext_ln43_3 : 1
		tmp_12 : 2
	State 21
	State 22
		trunc_ln74 : 1
		zext_ln77 : 1
		tmp_s : 2
		icmp_ln74 : 1
		add_ln74 : 1
		br_ln74 : 2
		store_ln100 : 1
	State 23
		trunc_ln76 : 1
		zext_ln77_1 : 1
		tmp_11 : 2
		add_ln77 : 3
		zext_ln77_2 : 4
		col_outbuf_addr : 5
		add_ln77_1 : 2
		zext_ln77_3 : 3
		buf_2d_out_addr : 4
		icmp_ln76 : 1
		add_ln76 : 1
		br_ln76 : 2
		col_outbuf_load : 6
	State 24
		store_ln77 : 1
	State 25
		trunc_ln100 : 1
		tmp_10 : 2
		icmp_ln97 : 1
		add_ln97 : 1
		br_ln97 : 2
	State 26
		zext_ln100_1 : 1
		add_ln100 : 2
		zext_ln100_2 : 3
		buf_2d_out_addr_1 : 4
		icmp_ln99 : 1
		add_ln99 : 1
		br_ln99 : 2
		buf_2d_out_load : 5
		trunc_ln100_1 : 1
	State 27
		zext_ln100 : 1
		output_r_addr : 2
		store_ln100 : 3


============================================================
+ Verbose Summary: Datapath Resource usage 
============================================================

* Functional unit list:
|----------|----------------------|---------|---------|---------|
| Operation|    Functional Unit   |   DSP   |    FF   |   LUT   |
|----------|----------------------|---------|---------|---------|
|          |    add_ln85_fu_399   |    0    |    0    |    13   |
|          |    add_ln88_fu_414   |    0    |    0    |    14   |
|          |    add_ln87_fu_430   |    0    |    0    |    13   |
|          |    add_ln58_fu_477   |    0    |    0    |    13   |
|          |   add_ln45_2_fu_504  |    0    |    0    |    14   |
|          |    add_ln39_fu_520   |    0    |    0    |    13   |
|          |    add_ln42_fu_534   |    0    |    0    |    14   |
|          |    add_ln43_fu_544   |    0    |    0    |    14   |
|          |    add_ln41_fu_560   |    0    |    0    |    13   |
|          |    add_ln45_fu_570   |    0    |    0    |    36   |
|          |    add_ln63_fu_620   |    0    |    0    |    13   |
|          |    add_ln66_fu_647   |    0    |    0    |    14   |
|          |   add_ln66_1_fu_657  |    0    |    0    |    14   |
|    add   |    add_ln65_fu_673   |    0    |    0    |    13   |
|          |    add_ln69_fu_704   |    0    |    0    |    13   |
|          |   add_ln45_3_fu_731  |    0    |    0    |    14   |
|          |   add_ln39_1_fu_747  |    0    |    0    |    13   |
|          |   add_ln42_1_fu_761  |    0    |    0    |    14   |
|          |   add_ln43_2_fu_771  |    0    |    0    |    14   |
|          |   add_ln41_1_fu_787  |    0    |    0    |    13   |
|          |   add_ln45_1_fu_797  |    0    |    0    |    36   |
|          |    add_ln74_fu_847   |    0    |    0    |    13   |
|          |    add_ln77_fu_874   |    0    |    0    |    14   |
|          |   add_ln77_1_fu_884  |    0    |    0    |    14   |
|          |    add_ln76_fu_900   |    0    |    0    |    13   |
|          |    add_ln97_fu_931   |    0    |    0    |    13   |
|          |   add_ln100_fu_941   |    0    |    0    |    14   |
|          |    add_ln99_fu_957   |    0    |    0    |    13   |
|----------|----------------------|---------|---------|---------|
|          |   icmp_ln85_fu_393   |    0    |    0    |    13   |
|          |   icmp_ln87_fu_424   |    0    |    0    |    13   |
|          |   icmp_ln58_fu_471   |    0    |    0    |    13   |
|          |   icmp_ln39_fu_514   |    0    |    0    |    13   |
|          |   icmp_ln41_fu_554   |    0    |    0    |    13   |
|          |   icmp_ln63_fu_614   |    0    |    0    |    13   |
|   icmp   |   icmp_ln65_fu_667   |    0    |    0    |    13   |
|          |   icmp_ln69_fu_698   |    0    |    0    |    13   |
|          |  icmp_ln39_1_fu_741  |    0    |    0    |    13   |
|          |  icmp_ln41_1_fu_781  |    0    |    0    |    13   |
|          |   icmp_ln74_fu_841   |    0    |    0    |    13   |
|          |   icmp_ln76_fu_894   |    0    |    0    |    13   |
|          |   icmp_ln97_fu_925   |    0    |    0    |    13   |
|          |   icmp_ln99_fu_951   |    0    |    0    |    13   |
|----------|----------------------|---------|---------|---------|
|  muladd  |      grp_fu_982      |    1    |    0    |    0    |
|          |      grp_fu_990      |    1    |    0    |    0    |
|----------|----------------------|---------|---------|---------|
|          |   trunc_ln88_fu_381  |    0    |    0    |    0    |
|          |  trunc_ln88_1_fu_436 |    0    |    0    |    0    |
|          |   trunc_ln45_fu_459  |    0    |    0    |    0    |
|          |   trunc_ln39_fu_488  |    0    |    0    |    0    |
|          |   trunc_ln41_fu_566  |    0    |    0    |    0    |
|          |   trunc_ln63_fu_598  |    0    |    0    |    0    |
|   trunc  |   trunc_ln65_fu_631  |    0    |    0    |    0    |
|          |  trunc_ln45_2_fu_686 |    0    |    0    |    0    |
|          |  trunc_ln39_1_fu_715 |    0    |    0    |    0    |
|          |  trunc_ln41_1_fu_793 |    0    |    0    |    0    |
|          |   trunc_ln74_fu_825  |    0    |    0    |    0    |
|          |   trunc_ln76_fu_858  |    0    |    0    |    0    |
|          |  trunc_ln100_fu_913  |    0    |    0    |    0    |
|          | trunc_ln100_1_fu_963 |    0    |    0    |    0    |
|----------|----------------------|---------|---------|---------|
|          |     tmp_4_fu_385     |    0    |    0    |    0    |
|          |     add_ln_fu_440    |    0    |    0    |    0    |
|          |     tmp_5_fu_463     |    0    |    0    |    0    |
|          |     tmp_7_fu_496     |    0    |    0    |    0    |
|          |     tmp_6_fu_606     |    0    |    0    |    0    |
|bitconcatenate|     tmp_9_fu_639     |    0    |    0    |    0    |
|          |     tmp_8_fu_690     |    0    |    0    |    0    |
|          |     tmp_3_fu_723     |    0    |    0    |    0    |
|          |     tmp_s_fu_833     |    0    |    0    |    0    |
|          |     tmp_11_fu_866    |    0    |    0    |    0    |
|          |     tmp_10_fu_917    |    0    |    0    |    0    |
|          |    add_ln1_fu_971    |    0    |    0    |    0    |
|----------|----------------------|---------|---------|---------|
|          |  zext_ln88_1_fu_410  |    0    |    0    |    0    |
|          |  zext_ln88_2_fu_419  |    0    |    0    |    0    |
|          |   zext_ln88_fu_447   |    0    |    0    |    0    |
|          |   zext_ln42_fu_492   |    0    |    0    |    0    |
|          |   zext_ln45_fu_509   |    0    |    0    |    0    |
|          |  zext_ln42_1_fu_530  |    0    |    0    |    0    |
|          |  zext_ln42_2_fu_539  |    0    |    0    |    0    |
|          |   zext_ln43_fu_549   |    0    |    0    |    0    |
|          |   zext_ln66_fu_602   |    0    |    0    |    0    |
|          |  zext_ln66_1_fu_635  |    0    |    0    |    0    |
|          |  zext_ln66_2_fu_652  |    0    |    0    |    0    |
|   zext   |  zext_ln66_3_fu_662  |    0    |    0    |    0    |
|          |  zext_ln42_3_fu_719  |    0    |    0    |    0    |
|          |  zext_ln45_1_fu_736  |    0    |    0    |    0    |
|          |  zext_ln42_4_fu_757  |    0    |    0    |    0    |
|          |  zext_ln42_5_fu_766  |    0    |    0    |    0    |
|          |  zext_ln43_1_fu_776  |    0    |    0    |    0    |
|          |   zext_ln77_fu_829   |    0    |    0    |    0    |
|          |  zext_ln77_1_fu_862  |    0    |    0    |    0    |
|          |  zext_ln77_2_fu_879  |    0    |    0    |    0    |
|          |  zext_ln77_3_fu_889  |    0    |    0    |    0    |
|          |  zext_ln100_1_fu_937 |    0    |    0    |    0    |
|          |  zext_ln100_2_fu_946 |    0    |    0    |    0    |
|          |   zext_ln100_fu_977  |    0    |    0    |    0    |
|----------|----------------------|---------|---------|---------|
|partselect|   trunc_ln2_fu_576   |    0    |    0    |    0    |
|          |  trunc_ln45_1_fu_803 |    0    |    0    |    0    |
|----------|----------------------|---------|---------|---------|
|          |   sext_ln42_fu_587   |    0    |    0    |    0    |
|   sext   |   sext_ln43_fu_591   |    0    |    0    |    0    |
|          |  sext_ln42_1_fu_814  |    0    |    0    |    0    |
|          |  sext_ln43_2_fu_818  |    0    |    0    |    0    |
|----------|----------------------|---------|---------|---------|
|   Total  |                      |    2    |    0    |   604   |
|----------|----------------------|---------|---------|---------|

Memories:
+---------------+--------+--------+--------+--------+
|               |  BRAM  |   FF   |   LUT  |  URAM  |
+---------------+--------+--------+--------+--------+
|   buf_2d_in   |    1   |    0   |    0   |    0   |
|   buf_2d_out  |    1   |    0   |    0   |    0   |
|   col_inbuf   |    1   |    0   |    0   |    0   |
|   col_outbuf  |    1   |    0   |    0   |    0   |
|dct_coeff_table|    0   |   15   |   15   |    -   |
|   row_outbuf  |    1   |    0   |    0   |    0   |
+---------------+--------+--------+--------+--------+
|     Total     |    5   |   15   |   15   |    0   |
+---------------+--------+--------+--------+--------+

* Register list:
+-------------------------------+--------+
|                               |   FF   |
+-------------------------------+--------+
|      add_ln39_1_reg_1197      |    4   |
|       add_ln39_reg_1082       |    4   |
|      add_ln41_1_reg_1215      |    4   |
|       add_ln41_reg_1100       |    4   |
|       add_ln58_reg_1057       |    4   |
|       add_ln63_reg_1133       |    4   |
|       add_ln65_reg_1158       |    4   |
|       add_ln69_reg_1172       |    4   |
|       add_ln74_reg_1248       |    4   |
|       add_ln76_reg_1273       |    4   |
|       add_ln85_reg_1018       |    4   |
|       add_ln87_reg_1038       |    4   |
|       add_ln97_reg_1291       |    4   |
|       add_ln99_reg_1304       |    4   |
|   buf_2d_in_addr_1_reg_1092   |    6   |
|    buf_2d_in_addr_reg_1030    |    6   |
|   buf_2d_out_addr_1_reg_1296  |    6   |
|    buf_2d_out_addr_reg_1265   |    6   |
|          c_1_reg_362          |    4   |
|           c_reg_261           |    4   |
|   col_inbuf_addr_1_reg_1207   |    6   |
|    col_inbuf_addr_reg_1150    |    6   |
|   col_outbuf_addr_1_reg_1189  |    6   |
|    col_outbuf_addr_reg_1260   |    6   |
|dct_coeff_table_addr_1_reg_1202|    6   |
| dct_coeff_table_addr_reg_1087 |    6   |
|          i_1_reg_1138         |    4   |
|          i_2_reg_306          |    4   |
|          i_3_reg_351          |    4   |
|           i_reg_1023          |    4   |
|     input_r_addr_reg_1043     |    6   |
|          j_1_reg_1177         |    4   |
|           j_reg_1062          |    4   |
|          k_1_reg_317          |    4   |
|           k_reg_272           |    4   |
|          n_1_reg_328          |    4   |
|           n_reg_283           |    4   |
|          r_1_reg_1253         |    4   |
|           r_reg_998           |    4   |
|   row_outbuf_addr_1_reg_1074  |    6   |
|    row_outbuf_addr_reg_1145   |    6   |
|      sext_ln42_1_reg_1220     |   31   |
|       sext_ln42_reg_1105      |   31   |
|      sext_ln43_2_reg_1225     |   31   |
|       sext_ln43_reg_1110      |   31   |
|        tmp_10_reg_1283        |    6   |
|        tmp_12_reg_1230        |   32   |
|         tmp_1_reg_1115        |   32   |
|         tmp_2_reg_339         |   32   |
|         tmp_3_reg_1184        |    6   |
|         tmp_4_reg_1010        |    6   |
|         tmp_5_reg_1048        |    6   |
|         tmp_6_reg_1125        |    6   |
|         tmp_7_reg_1069        |    6   |
|         tmp_8_reg_1163        |    6   |
|          tmp_reg_294          |   32   |
|         tmp_s_reg_1240        |    6   |
|     trunc_ln100_1_reg_1309    |    3   |
|      trunc_ln100_reg_1278     |    3   |
|      trunc_ln88_reg_1005      |    3   |
|       zext_ln66_reg_1120      |    6   |
|       zext_ln77_reg_1235      |    6   |
+-------------------------------+--------+
|             Total             |   511  |
+-------------------------------+--------+

* Multiplexer (MUX) list: 
|-------------------|------|------|------|--------||---------||---------|
|        Comp       |  Pin | Size |  BW  | S x BW ||  Delay  ||   LUT   |
|-------------------|------|------|------|--------||---------||---------|
| grp_access_fu_133 |  p0  |   2  |   6  |   12   ||    9    |
| grp_access_fu_139 |  p0  |   3  |   6  |   18   ||    14   |
| grp_access_fu_164 |  p0  |   4  |   6  |   24   ||    20   |
| grp_access_fu_171 |  p0  |   3  |   6  |   18   ||    14   |
| grp_access_fu_189 |  p0  |   3  |   6  |   18   ||    14   |
| grp_access_fu_216 |  p0  |   3  |   6  |   18   ||    14   |
| grp_access_fu_234 |  p0  |   3  |   6  |   18   ||    14   |
|    tmp_reg_294    |  p0  |   2  |  32  |   64   ||    9    |
|   tmp_2_reg_339   |  p0  |   2  |  32  |   64   ||    9    |
|     grp_fu_982    |  p0  |   2  |  16  |   32   ||    9    |
|     grp_fu_982    |  p1  |   2  |  15  |   30   ||    9    |
|     grp_fu_990    |  p0  |   2  |  16  |   32   ||    9    |
|     grp_fu_990    |  p1  |   2  |  15  |   30   ||    9    |
|-------------------|------|------|------|--------||---------||---------|
|       Total       |      |      |      |   378  || 21.4791 ||   153   |
|-------------------|------|------|------|--------||---------||---------|



* Summary:
+-----------+--------+--------+--------+--------+--------+--------+
|           |  BRAM  |   DSP  |  Delay |   FF   |   LUT  |  URAM  |
+-----------+--------+--------+--------+--------+--------+--------+
|  Function |    -   |    2   |    -   |    0   |   604  |    -   |
|   Memory  |    5   |    -   |    -   |   15   |   15   |    0   |
|Multiplexer|    -   |    -   |   21   |    -   |   153  |    -   |
|  Register |    -   |    -   |    -   |   511  |    -   |    -   |
+-----------+--------+--------+--------+--------+--------+--------+
|   Total   |    5   |    2   |   21   |   526  |   772  |    0   |
+-----------+--------+--------+--------+--------+--------+--------+
