

================================================================
== Vitis HLS Report for 'dct'
================================================================
* Date:           Sun Dec  1 13:48:26 2024

* Version:        2023.1 (Build 3854077 on May  4 2023)
* Project:        lab3
* Solution:       solution2 (Vivado IP Flow Target)
* Product family: zynq
* Target device:  xc7z020-clg484-1


================================================================
== Performance Estimates
================================================================
+ Timing: 
    * Summary: 
    +--------+----------+----------+------------+
    |  Clock |  Target  | Estimated| Uncertainty|
    +--------+----------+----------+------------+
    |ap_clk  |  10.00 ns|  6.508 ns|     2.70 ns|
    +--------+----------+----------+------------+

+ Latency: 
    * Summary: 
    +---------+---------+-----------+-----------+------+------+---------+
    |  Latency (cycles) |   Latency (absolute)  |   Interval  | Pipeline|
    |   min   |   max   |    min    |    max    |  min |  max |   Type  |
    +---------+---------+-----------+-----------+------+------+---------+
    |     5990|     5990|  59.900 us|  59.900 us|  5991|  5991|       no|
    +---------+---------+-----------+-----------+------+------+---------+

    + Detail: 
        * Instance: 
        N/A

        * Loop: 
        +-------------------------+---------+---------+----------+-----------+-----------+------+----------+
        |                         |  Latency (cycles) | Iteration|  Initiation Interval  | Trip |          |
        |        Loop Name        |   min   |   max   |  Latency |  achieved |   target  | Count| Pipelined|
        +-------------------------+---------+---------+----------+-----------+-----------+------+----------+
        |- RD_Loop_Row            |      144|      144|        18|          -|          -|     8|        no|
        | + RD_Loop_Col           |       16|       16|         2|          -|          -|     8|        no|
        |- Row_DCT_Loop           |     2704|     2704|       338|          -|          -|     8|        no|
        | + DCT_Outer_Loop        |      336|      336|        42|          -|          -|     8|        no|
        |  ++ DCT_Inner_Loop      |       40|       40|         5|          -|          -|     8|        no|
        |- Xpose_Row_Outer_Loop   |      144|      144|        18|          -|          -|     8|        no|
        | + Xpose_Row_Inner_Loop  |       16|       16|         2|          -|          -|     8|        no|
        |- Col_DCT_Loop           |     2704|     2704|       338|          -|          -|     8|        no|
        | + DCT_Outer_Loop        |      336|      336|        42|          -|          -|     8|        no|
        |  ++ DCT_Inner_Loop      |       40|       40|         5|          -|          -|     8|        no|
        |- Xpose_Col_Outer_Loop   |      144|      144|        18|          -|          -|     8|        no|
        | + Xpose_Col_Inner_Loop  |       16|       16|         2|          -|          -|     8|        no|
        |- WR_Loop_Row            |      144|      144|        18|          -|          -|     8|        no|
        | + WR_Loop_Col           |       16|       16|         2|          -|          -|     8|        no|
        +-------------------------+---------+---------+----------+-----------+-----------+------+----------+

============================================================
+ Verbose Summary: Synthesis Manager
============================================================
InlineROM: 1
ExposeGlobal: 0
============================================================
+ Verbose Summary: CDFG Model
============================================================
IsTopModel: 1
ResetActiveHigh: 1
IsCombinational: 0
IsDatapathOnly: 0
HasWiredReturn: 1
HasMFsm: 0
HasVarLatency: 1
IsPipeline: 0
IsRtlPipelined: 0
IsInstanceOverlapped: 0
IsDontTouch: 0
HasImplIP: 0
IsGatedGlobalClock: 0


============================================================
+ Verbose Summary: Schedule
============================================================
* Number of FSM states : 27
* Pipeline : 0
* Dataflow Pipeline: 0

* FSM state transitions: 
1 --> 2 
2 --> 3 5 
3 --> 4 2 
4 --> 3 
5 --> 6 12 
6 --> 7 5 
7 --> 8 6 
8 --> 9 
9 --> 10 
10 --> 11 
11 --> 7 
12 --> 13 15 
13 --> 14 12 
14 --> 13 
15 --> 16 22 
16 --> 17 15 
17 --> 18 16 
18 --> 19 
19 --> 20 
20 --> 21 
21 --> 17 
22 --> 23 25 
23 --> 24 22 
24 --> 23 
25 --> 26 
26 --> 27 25 
27 --> 26 

* FSM state operations: 

State 1 <SV = 0> <Delay = 1.58>
ST_1 : Operation 28 [1/1] (0.00ns)   --->   "%r = alloca i32 1"   --->   Operation 28 'alloca' 'r' <Predicate = true> <Delay = 0.00>
ST_1 : Operation 29 [1/1] (0.00ns)   --->   "%spectopmodule_ln104 = spectopmodule void @_ssdm_op_SpecTopModule, void @empty_1" [../xup_high_level_synthesis_design_flow-main/source/lab3/dct.c:104]   --->   Operation 29 'spectopmodule' 'spectopmodule_ln104' <Predicate = true> <Delay = 0.00>
ST_1 : Operation 30 [1/1] (0.00ns)   --->   "%specinterface_ln0 = specinterface void @_ssdm_op_SpecInterface, i16 %input_r, void @empty, i32 0, i32 0, void @empty_0, i32 4294967295, i32 0, void @empty_0, void @empty_0, void @empty_0, i32 0, i32 0, i32 0, i32 0, void @empty_0, void @empty_0, i32 4294967295, i32 0"   --->   Operation 30 'specinterface' 'specinterface_ln0' <Predicate = true> <Delay = 0.00>
ST_1 : Operation 31 [1/1] (0.00ns)   --->   "%specbitsmap_ln0 = specbitsmap void @_ssdm_op_SpecBitsMap, i16 %input_r"   --->   Operation 31 'specbitsmap' 'specbitsmap_ln0' <Predicate = true> <Delay = 0.00>
ST_1 : Operation 32 [1/1] (0.00ns)   --->   "%specinterface_ln0 = specinterface void @_ssdm_op_SpecInterface, i16 %output_r, void @empty, i32 0, i32 0, void @empty_0, i32 4294967295, i32 0, void @empty_0, void @empty_0, void @empty_0, i32 0, i32 0, i32 0, i32 0, void @empty_0, void @empty_0, i32 4294967295, i32 0"   --->   Operation 32 'specinterface' 'specinterface_ln0' <Predicate = true> <Delay = 0.00>
ST_1 : Operation 33 [1/1] (0.00ns)   --->   "%specbitsmap_ln0 = specbitsmap void @_ssdm_op_SpecBitsMap, i16 %output_r"   --->   Operation 33 'specbitsmap' 'specbitsmap_ln0' <Predicate = true> <Delay = 0.00>
ST_1 : Operation 34 [1/1] (0.00ns)   --->   "%row_outbuf = alloca i64 1" [../xup_high_level_synthesis_design_flow-main/source/lab3/dct.c:52->../xup_high_level_synthesis_design_flow-main/source/lab3/dct.c:113]   --->   Operation 34 'alloca' 'row_outbuf' <Predicate = true> <Delay = 0.00> <CoreInst = "RAM">   --->   Core 82 'RAM' <Latency = 1> <II = 1> <Delay = 3.25> <Storage> <Opcode : 'load' 'store'> <Ports = 2> <Width = 16> <Depth = 64> <RAM>
ST_1 : Operation 35 [1/1] (0.00ns)   --->   "%col_outbuf = alloca i64 1" [../xup_high_level_synthesis_design_flow-main/source/lab3/dct.c:53->../xup_high_level_synthesis_design_flow-main/source/lab3/dct.c:113]   --->   Operation 35 'alloca' 'col_outbuf' <Predicate = true> <Delay = 0.00> <CoreInst = "RAM">   --->   Core 82 'RAM' <Latency = 1> <II = 1> <Delay = 3.25> <Storage> <Opcode : 'load' 'store'> <Ports = 2> <Width = 16> <Depth = 64> <RAM>
ST_1 : Operation 36 [1/1] (0.00ns)   --->   "%col_inbuf = alloca i64 1" [../xup_high_level_synthesis_design_flow-main/source/lab3/dct.c:53->../xup_high_level_synthesis_design_flow-main/source/lab3/dct.c:113]   --->   Operation 36 'alloca' 'col_inbuf' <Predicate = true> <Delay = 0.00> <CoreInst = "RAM">   --->   Core 82 'RAM' <Latency = 1> <II = 1> <Delay = 3.25> <Storage> <Opcode : 'load' 'store'> <Ports = 2> <Width = 16> <Depth = 64> <RAM>
ST_1 : Operation 37 [1/1] (0.00ns)   --->   "%buf_2d_in = alloca i64 1" [../xup_high_level_synthesis_design_flow-main/source/lab3/dct.c:107]   --->   Operation 37 'alloca' 'buf_2d_in' <Predicate = true> <Delay = 0.00> <CoreInst = "RAM">   --->   Core 82 'RAM' <Latency = 1> <II = 1> <Delay = 3.25> <Storage> <Opcode : 'load' 'store'> <Ports = 2> <Width = 16> <Depth = 64> <RAM>
ST_1 : Operation 38 [1/1] (0.00ns)   --->   "%buf_2d_out = alloca i64 1" [../xup_high_level_synthesis_design_flow-main/source/lab3/dct.c:108]   --->   Operation 38 'alloca' 'buf_2d_out' <Predicate = true> <Delay = 0.00> <CoreInst = "RAM">   --->   Core 82 'RAM' <Latency = 1> <II = 1> <Delay = 3.25> <Storage> <Opcode : 'load' 'store'> <Ports = 2> <Width = 16> <Depth = 64> <RAM>
ST_1 : Operation 39 [1/1] (1.58ns)   --->   "%store_ln85 = store i4 0, i4 %r" [../xup_high_level_synthesis_design_flow-main/source/lab3/dct.c:85->../xup_high_level_synthesis_design_flow-main/source/lab3/dct.c:111]   --->   Operation 39 'store' 'store_ln85' <Predicate = true> <Delay = 1.58>
ST_1 : Operation 40 [1/1] (0.00ns)   --->   "%br_ln85 = br void %RD_Loop_Col.i" [../xup_high_level_synthesis_design_flow-main/source/lab3/dct.c:85->../xup_high_level_synthesis_design_flow-main/source/lab3/dct.c:111]   --->   Operation 40 'br' 'br_ln85' <Predicate = true> <Delay = 0.00>

State 2 <SV = 1> <Delay = 3.32>
ST_2 : Operation 41 [1/1] (0.00ns)   --->   "%r_2 = load i4 %r" [../xup_high_level_synthesis_design_flow-main/source/lab3/dct.c:88->../xup_high_level_synthesis_design_flow-main/source/lab3/dct.c:111]   --->   Operation 41 'load' 'r_2' <Predicate = true> <Delay = 0.00>
ST_2 : Operation 42 [1/1] (0.00ns)   --->   "%trunc_ln88 = trunc i4 %r_2" [../xup_high_level_synthesis_design_flow-main/source/lab3/dct.c:88->../xup_high_level_synthesis_design_flow-main/source/lab3/dct.c:111]   --->   Operation 42 'trunc' 'trunc_ln88' <Predicate = true> <Delay = 0.00>
ST_2 : Operation 43 [1/1] (0.00ns)   --->   "%tmp_4 = bitconcatenate i6 @_ssdm_op_BitConcatenate.i6.i3.i3, i3 %trunc_ln88, i3 0" [../xup_high_level_synthesis_design_flow-main/source/lab3/dct.c:88->../xup_high_level_synthesis_design_flow-main/source/lab3/dct.c:111]   --->   Operation 43 'bitconcatenate' 'tmp_4' <Predicate = true> <Delay = 0.00>
ST_2 : Operation 44 [1/1] (1.73ns)   --->   "%icmp_ln85 = icmp_eq  i4 %r_2, i4 8" [../xup_high_level_synthesis_design_flow-main/source/lab3/dct.c:85->../xup_high_level_synthesis_design_flow-main/source/lab3/dct.c:111]   --->   Operation 44 'icmp' 'icmp_ln85' <Predicate = true> <Delay = 1.73> <CoreInst = "Cmp">   --->   Core 9 'Cmp' <Latency = 0> <II = 1> <Delay = 1.73> <FuncUnit> <Opcode : 'icmp'> <InPorts = 2> <OutPorts = 1>
ST_2 : Operation 45 [1/1] (1.73ns)   --->   "%add_ln85 = add i4 %r_2, i4 1" [../xup_high_level_synthesis_design_flow-main/source/lab3/dct.c:85->../xup_high_level_synthesis_design_flow-main/source/lab3/dct.c:111]   --->   Operation 45 'add' 'add_ln85' <Predicate = true> <Delay = 1.73> <CoreInst = "Adder">   --->   Core 1 'Adder' <Latency = 0> <II = 1> <Delay = 1.73> <FuncUnit> <Opcode : 'add' 'sub'> <InPorts = 2> <OutPorts = 1>
ST_2 : Operation 46 [1/1] (0.00ns)   --->   "%br_ln85 = br i1 %icmp_ln85, void %RD_Loop_Col.i.split, void %for.inc.i2.preheader" [../xup_high_level_synthesis_design_flow-main/source/lab3/dct.c:85->../xup_high_level_synthesis_design_flow-main/source/lab3/dct.c:111]   --->   Operation 46 'br' 'br_ln85' <Predicate = true> <Delay = 0.00>
ST_2 : Operation 47 [1/1] (0.00ns)   --->   "%speclooptripcount_ln82 = speclooptripcount void @_ssdm_op_SpecLoopTripCount, i64 8, i64 8, i64 8" [../xup_high_level_synthesis_design_flow-main/source/lab3/dct.c:82->../xup_high_level_synthesis_design_flow-main/source/lab3/dct.c:111]   --->   Operation 47 'speclooptripcount' 'speclooptripcount_ln82' <Predicate = (!icmp_ln85)> <Delay = 0.00>
ST_2 : Operation 48 [1/1] (0.00ns)   --->   "%specloopname_ln85 = specloopname void @_ssdm_op_SpecLoopName, void @empty_13" [../xup_high_level_synthesis_design_flow-main/source/lab3/dct.c:85->../xup_high_level_synthesis_design_flow-main/source/lab3/dct.c:111]   --->   Operation 48 'specloopname' 'specloopname_ln85' <Predicate = (!icmp_ln85)> <Delay = 0.00>
ST_2 : Operation 49 [1/1] (1.58ns)   --->   "%br_ln87 = br void %for.inc.i" [../xup_high_level_synthesis_design_flow-main/source/lab3/dct.c:87->../xup_high_level_synthesis_design_flow-main/source/lab3/dct.c:111]   --->   Operation 49 'br' 'br_ln87' <Predicate = (!icmp_ln85)> <Delay = 1.58>
ST_2 : Operation 50 [1/1] (0.00ns)   --->   "%i = alloca i32 1"   --->   Operation 50 'alloca' 'i' <Predicate = (icmp_ln85)> <Delay = 0.00>
ST_2 : Operation 51 [1/1] (1.58ns)   --->   "%store_ln45 = store i4 0, i4 %i" [../xup_high_level_synthesis_design_flow-main/source/lab3/dct.c:45->../xup_high_level_synthesis_design_flow-main/source/lab3/dct.c:59->../xup_high_level_synthesis_design_flow-main/source/lab3/dct.c:113]   --->   Operation 51 'store' 'store_ln45' <Predicate = (icmp_ln85)> <Delay = 1.58>
ST_2 : Operation 52 [1/1] (0.00ns)   --->   "%br_ln45 = br void %for.inc.i2" [../xup_high_level_synthesis_design_flow-main/source/lab3/dct.c:45->../xup_high_level_synthesis_design_flow-main/source/lab3/dct.c:59->../xup_high_level_synthesis_design_flow-main/source/lab3/dct.c:113]   --->   Operation 52 'br' 'br_ln45' <Predicate = (icmp_ln85)> <Delay = 0.00>

State 3 <SV = 2> <Delay = 3.32>
ST_3 : Operation 53 [1/1] (0.00ns)   --->   "%c = phi i4 %add_ln87, void %for.inc.i.split, i4 0, void %RD_Loop_Col.i.split" [../xup_high_level_synthesis_design_flow-main/source/lab3/dct.c:87->../xup_high_level_synthesis_design_flow-main/source/lab3/dct.c:111]   --->   Operation 53 'phi' 'c' <Predicate = true> <Delay = 0.00>
ST_3 : Operation 54 [1/1] (0.00ns)   --->   "%zext_ln88_1 = zext i4 %c" [../xup_high_level_synthesis_design_flow-main/source/lab3/dct.c:88->../xup_high_level_synthesis_design_flow-main/source/lab3/dct.c:111]   --->   Operation 54 'zext' 'zext_ln88_1' <Predicate = true> <Delay = 0.00>
ST_3 : Operation 55 [1/1] (1.82ns)   --->   "%add_ln88 = add i6 %tmp_4, i6 %zext_ln88_1" [../xup_high_level_synthesis_design_flow-main/source/lab3/dct.c:88->../xup_high_level_synthesis_design_flow-main/source/lab3/dct.c:111]   --->   Operation 55 'add' 'add_ln88' <Predicate = true> <Delay = 1.82> <CoreInst = "Adder">   --->   Core 1 'Adder' <Latency = 0> <II = 1> <Delay = 1.82> <FuncUnit> <Opcode : 'add' 'sub'> <InPorts = 2> <OutPorts = 1>
ST_3 : Operation 56 [1/1] (0.00ns)   --->   "%zext_ln88_2 = zext i6 %add_ln88" [../xup_high_level_synthesis_design_flow-main/source/lab3/dct.c:88->../xup_high_level_synthesis_design_flow-main/source/lab3/dct.c:111]   --->   Operation 56 'zext' 'zext_ln88_2' <Predicate = true> <Delay = 0.00>
ST_3 : Operation 57 [1/1] (0.00ns)   --->   "%buf_2d_in_addr = getelementptr i16 %buf_2d_in, i64 0, i64 %zext_ln88_2" [../xup_high_level_synthesis_design_flow-main/source/lab3/dct.c:88->../xup_high_level_synthesis_design_flow-main/source/lab3/dct.c:111]   --->   Operation 57 'getelementptr' 'buf_2d_in_addr' <Predicate = true> <Delay = 0.00>
ST_3 : Operation 58 [1/1] (1.73ns)   --->   "%icmp_ln87 = icmp_eq  i4 %c, i4 8" [../xup_high_level_synthesis_design_flow-main/source/lab3/dct.c:87->../xup_high_level_synthesis_design_flow-main/source/lab3/dct.c:111]   --->   Operation 58 'icmp' 'icmp_ln87' <Predicate = true> <Delay = 1.73> <CoreInst = "Cmp">   --->   Core 9 'Cmp' <Latency = 0> <II = 1> <Delay = 1.73> <FuncUnit> <Opcode : 'icmp'> <InPorts = 2> <OutPorts = 1>
ST_3 : Operation 59 [1/1] (1.73ns)   --->   "%add_ln87 = add i4 %c, i4 1" [../xup_high_level_synthesis_design_flow-main/source/lab3/dct.c:87->../xup_high_level_synthesis_design_flow-main/source/lab3/dct.c:111]   --->   Operation 59 'add' 'add_ln87' <Predicate = true> <Delay = 1.73> <CoreInst = "Adder">   --->   Core 1 'Adder' <Latency = 0> <II = 1> <Delay = 1.73> <FuncUnit> <Opcode : 'add' 'sub'> <InPorts = 2> <OutPorts = 1>
ST_3 : Operation 60 [1/1] (0.00ns)   --->   "%br_ln87 = br i1 %icmp_ln87, void %for.inc.i.split, void %for.inc8.i" [../xup_high_level_synthesis_design_flow-main/source/lab3/dct.c:87->../xup_high_level_synthesis_design_flow-main/source/lab3/dct.c:111]   --->   Operation 60 'br' 'br_ln87' <Predicate = true> <Delay = 0.00>
ST_3 : Operation 61 [1/1] (0.00ns)   --->   "%trunc_ln88_1 = trunc i4 %c" [../xup_high_level_synthesis_design_flow-main/source/lab3/dct.c:88->../xup_high_level_synthesis_design_flow-main/source/lab3/dct.c:111]   --->   Operation 61 'trunc' 'trunc_ln88_1' <Predicate = (!icmp_ln87)> <Delay = 0.00>
ST_3 : Operation 62 [1/1] (0.00ns)   --->   "%add_ln = bitconcatenate i6 @_ssdm_op_BitConcatenate.i6.i3.i3, i3 %trunc_ln88, i3 %trunc_ln88_1" [../xup_high_level_synthesis_design_flow-main/source/lab3/dct.c:88->../xup_high_level_synthesis_design_flow-main/source/lab3/dct.c:111]   --->   Operation 62 'bitconcatenate' 'add_ln' <Predicate = (!icmp_ln87)> <Delay = 0.00>
ST_3 : Operation 63 [1/1] (0.00ns)   --->   "%zext_ln88 = zext i6 %add_ln" [../xup_high_level_synthesis_design_flow-main/source/lab3/dct.c:88->../xup_high_level_synthesis_design_flow-main/source/lab3/dct.c:111]   --->   Operation 63 'zext' 'zext_ln88' <Predicate = (!icmp_ln87)> <Delay = 0.00>
ST_3 : Operation 64 [1/1] (0.00ns)   --->   "%input_r_addr = getelementptr i16 %input_r, i64 0, i64 %zext_ln88" [../xup_high_level_synthesis_design_flow-main/source/lab3/dct.c:88->../xup_high_level_synthesis_design_flow-main/source/lab3/dct.c:111]   --->   Operation 64 'getelementptr' 'input_r_addr' <Predicate = (!icmp_ln87)> <Delay = 0.00>
ST_3 : Operation 65 [2/2] (3.25ns)   --->   "%input_r_load = load i6 %input_r_addr" [../xup_high_level_synthesis_design_flow-main/source/lab3/dct.c:88->../xup_high_level_synthesis_design_flow-main/source/lab3/dct.c:111]   --->   Operation 65 'load' 'input_r_load' <Predicate = (!icmp_ln87)> <Delay = 3.25> <CoreInst = "RAM">   --->   Core 82 'RAM' <Latency = 1> <II = 1> <Delay = 3.25> <Storage> <Opcode : 'load' 'store'> <Ports = 2> <Width = 16> <Depth = 64> <RAM>
ST_3 : Operation 66 [1/1] (1.58ns)   --->   "%store_ln85 = store i4 %add_ln85, i4 %r" [../xup_high_level_synthesis_design_flow-main/source/lab3/dct.c:85->../xup_high_level_synthesis_design_flow-main/source/lab3/dct.c:111]   --->   Operation 66 'store' 'store_ln85' <Predicate = (icmp_ln87)> <Delay = 1.58>
ST_3 : Operation 67 [1/1] (0.00ns)   --->   "%br_ln85 = br void %RD_Loop_Col.i" [../xup_high_level_synthesis_design_flow-main/source/lab3/dct.c:85->../xup_high_level_synthesis_design_flow-main/source/lab3/dct.c:111]   --->   Operation 67 'br' 'br_ln85' <Predicate = (icmp_ln87)> <Delay = 0.00>

State 4 <SV = 3> <Delay = 6.50>
ST_4 : Operation 68 [1/1] (0.00ns)   --->   "%speclooptripcount_ln82 = speclooptripcount void @_ssdm_op_SpecLoopTripCount, i64 8, i64 8, i64 8" [../xup_high_level_synthesis_design_flow-main/source/lab3/dct.c:82->../xup_high_level_synthesis_design_flow-main/source/lab3/dct.c:111]   --->   Operation 68 'speclooptripcount' 'speclooptripcount_ln82' <Predicate = true> <Delay = 0.00>
ST_4 : Operation 69 [1/1] (0.00ns)   --->   "%specloopname_ln87 = specloopname void @_ssdm_op_SpecLoopName, void @empty_12" [../xup_high_level_synthesis_design_flow-main/source/lab3/dct.c:87->../xup_high_level_synthesis_design_flow-main/source/lab3/dct.c:111]   --->   Operation 69 'specloopname' 'specloopname_ln87' <Predicate = true> <Delay = 0.00>
ST_4 : Operation 70 [1/2] (3.25ns)   --->   "%input_r_load = load i6 %input_r_addr" [../xup_high_level_synthesis_design_flow-main/source/lab3/dct.c:88->../xup_high_level_synthesis_design_flow-main/source/lab3/dct.c:111]   --->   Operation 70 'load' 'input_r_load' <Predicate = true> <Delay = 3.25> <CoreInst = "RAM">   --->   Core 82 'RAM' <Latency = 1> <II = 1> <Delay = 3.25> <Storage> <Opcode : 'load' 'store'> <Ports = 2> <Width = 16> <Depth = 64> <RAM>
ST_4 : Operation 71 [1/1] (3.25ns)   --->   "%store_ln88 = store i16 %input_r_load, i6 %buf_2d_in_addr" [../xup_high_level_synthesis_design_flow-main/source/lab3/dct.c:88->../xup_high_level_synthesis_design_flow-main/source/lab3/dct.c:111]   --->   Operation 71 'store' 'store_ln88' <Predicate = true> <Delay = 3.25> <CoreInst = "RAM">   --->   Core 82 'RAM' <Latency = 1> <II = 1> <Delay = 3.25> <Storage> <Opcode : 'load' 'store'> <Ports = 2> <Width = 16> <Depth = 64> <RAM>
ST_4 : Operation 72 [1/1] (0.00ns)   --->   "%br_ln87 = br void %for.inc.i" [../xup_high_level_synthesis_design_flow-main/source/lab3/dct.c:87->../xup_high_level_synthesis_design_flow-main/source/lab3/dct.c:111]   --->   Operation 72 'br' 'br_ln87' <Predicate = true> <Delay = 0.00>

State 5 <SV = 2> <Delay = 3.32>
ST_5 : Operation 73 [1/1] (0.00ns)   --->   "%i_4 = load i4 %i" [../xup_high_level_synthesis_design_flow-main/source/lab3/dct.c:45->../xup_high_level_synthesis_design_flow-main/source/lab3/dct.c:59->../xup_high_level_synthesis_design_flow-main/source/lab3/dct.c:113]   --->   Operation 73 'load' 'i_4' <Predicate = true> <Delay = 0.00>
ST_5 : Operation 74 [1/1] (0.00ns)   --->   "%trunc_ln45 = trunc i4 %i_4" [../xup_high_level_synthesis_design_flow-main/source/lab3/dct.c:45->../xup_high_level_synthesis_design_flow-main/source/lab3/dct.c:59->../xup_high_level_synthesis_design_flow-main/source/lab3/dct.c:113]   --->   Operation 74 'trunc' 'trunc_ln45' <Predicate = true> <Delay = 0.00>
ST_5 : Operation 75 [1/1] (0.00ns)   --->   "%tmp_5 = bitconcatenate i6 @_ssdm_op_BitConcatenate.i6.i3.i3, i3 %trunc_ln45, i3 0" [../xup_high_level_synthesis_design_flow-main/source/lab3/dct.c:45->../xup_high_level_synthesis_design_flow-main/source/lab3/dct.c:59->../xup_high_level_synthesis_design_flow-main/source/lab3/dct.c:113]   --->   Operation 75 'bitconcatenate' 'tmp_5' <Predicate = true> <Delay = 0.00>
ST_5 : Operation 76 [1/1] (1.73ns)   --->   "%icmp_ln58 = icmp_eq  i4 %i_4, i4 8" [../xup_high_level_synthesis_design_flow-main/source/lab3/dct.c:58->../xup_high_level_synthesis_design_flow-main/source/lab3/dct.c:113]   --->   Operation 76 'icmp' 'icmp_ln58' <Predicate = true> <Delay = 1.73> <CoreInst = "Cmp">   --->   Core 9 'Cmp' <Latency = 0> <II = 1> <Delay = 1.73> <FuncUnit> <Opcode : 'icmp'> <InPorts = 2> <OutPorts = 1>
ST_5 : Operation 77 [1/1] (1.73ns)   --->   "%add_ln58 = add i4 %i_4, i4 1" [../xup_high_level_synthesis_design_flow-main/source/lab3/dct.c:58->../xup_high_level_synthesis_design_flow-main/source/lab3/dct.c:113]   --->   Operation 77 'add' 'add_ln58' <Predicate = true> <Delay = 1.73> <CoreInst = "Adder">   --->   Core 1 'Adder' <Latency = 0> <II = 1> <Delay = 1.73> <FuncUnit> <Opcode : 'add' 'sub'> <InPorts = 2> <OutPorts = 1>
ST_5 : Operation 78 [1/1] (0.00ns)   --->   "%br_ln58 = br i1 %icmp_ln58, void %for.inc.i2.split, void %Xpose_Row_Inner_Loop.i.preheader" [../xup_high_level_synthesis_design_flow-main/source/lab3/dct.c:58->../xup_high_level_synthesis_design_flow-main/source/lab3/dct.c:113]   --->   Operation 78 'br' 'br_ln58' <Predicate = true> <Delay = 0.00>
ST_5 : Operation 79 [1/1] (0.00ns)   --->   "%speclooptripcount_ln54 = speclooptripcount void @_ssdm_op_SpecLoopTripCount, i64 8, i64 8, i64 8" [../xup_high_level_synthesis_design_flow-main/source/lab3/dct.c:54->../xup_high_level_synthesis_design_flow-main/source/lab3/dct.c:113]   --->   Operation 79 'speclooptripcount' 'speclooptripcount_ln54' <Predicate = (!icmp_ln58)> <Delay = 0.00>
ST_5 : Operation 80 [1/1] (0.00ns)   --->   "%specloopname_ln58 = specloopname void @_ssdm_op_SpecLoopName, void @empty_11" [../xup_high_level_synthesis_design_flow-main/source/lab3/dct.c:58->../xup_high_level_synthesis_design_flow-main/source/lab3/dct.c:113]   --->   Operation 80 'specloopname' 'specloopname_ln58' <Predicate = (!icmp_ln58)> <Delay = 0.00>
ST_5 : Operation 81 [1/1] (1.58ns)   --->   "%br_ln39 = br void %DCT_Inner_Loop.i.i" [../xup_high_level_synthesis_design_flow-main/source/lab3/dct.c:39->../xup_high_level_synthesis_design_flow-main/source/lab3/dct.c:59->../xup_high_level_synthesis_design_flow-main/source/lab3/dct.c:113]   --->   Operation 81 'br' 'br_ln39' <Predicate = (!icmp_ln58)> <Delay = 1.58>
ST_5 : Operation 82 [1/1] (0.00ns)   --->   "%j = alloca i32 1"   --->   Operation 82 'alloca' 'j' <Predicate = (icmp_ln58)> <Delay = 0.00>
ST_5 : Operation 83 [1/1] (1.58ns)   --->   "%store_ln63 = store i4 0, i4 %j" [../xup_high_level_synthesis_design_flow-main/source/lab3/dct.c:63->../xup_high_level_synthesis_design_flow-main/source/lab3/dct.c:113]   --->   Operation 83 'store' 'store_ln63' <Predicate = (icmp_ln58)> <Delay = 1.58>
ST_5 : Operation 84 [1/1] (0.00ns)   --->   "%br_ln63 = br void %Xpose_Row_Inner_Loop.i" [../xup_high_level_synthesis_design_flow-main/source/lab3/dct.c:63->../xup_high_level_synthesis_design_flow-main/source/lab3/dct.c:113]   --->   Operation 84 'br' 'br_ln63' <Predicate = (icmp_ln58)> <Delay = 0.00>

State 6 <SV = 3> <Delay = 3.32>
ST_6 : Operation 85 [1/1] (0.00ns)   --->   "%k = phi i4 %add_ln39, void %for.inc13.i.i, i4 0, void %for.inc.i2.split" [../xup_high_level_synthesis_design_flow-main/source/lab3/dct.c:39->../xup_high_level_synthesis_design_flow-main/source/lab3/dct.c:59->../xup_high_level_synthesis_design_flow-main/source/lab3/dct.c:113]   --->   Operation 85 'phi' 'k' <Predicate = true> <Delay = 0.00>
ST_6 : Operation 86 [1/1] (0.00ns)   --->   "%trunc_ln39 = trunc i4 %k" [../xup_high_level_synthesis_design_flow-main/source/lab3/dct.c:39->../xup_high_level_synthesis_design_flow-main/source/lab3/dct.c:59->../xup_high_level_synthesis_design_flow-main/source/lab3/dct.c:113]   --->   Operation 86 'trunc' 'trunc_ln39' <Predicate = true> <Delay = 0.00>
ST_6 : Operation 87 [1/1] (0.00ns)   --->   "%zext_ln42 = zext i4 %k" [../xup_high_level_synthesis_design_flow-main/source/lab3/dct.c:42->../xup_high_level_synthesis_design_flow-main/source/lab3/dct.c:59->../xup_high_level_synthesis_design_flow-main/source/lab3/dct.c:113]   --->   Operation 87 'zext' 'zext_ln42' <Predicate = true> <Delay = 0.00>
ST_6 : Operation 88 [1/1] (0.00ns)   --->   "%tmp_7 = bitconcatenate i6 @_ssdm_op_BitConcatenate.i6.i3.i3, i3 %trunc_ln39, i3 0" [../xup_high_level_synthesis_design_flow-main/source/lab3/dct.c:42->../xup_high_level_synthesis_design_flow-main/source/lab3/dct.c:59->../xup_high_level_synthesis_design_flow-main/source/lab3/dct.c:113]   --->   Operation 88 'bitconcatenate' 'tmp_7' <Predicate = true> <Delay = 0.00>
ST_6 : Operation 89 [1/1] (1.82ns)   --->   "%add_ln45_2 = add i6 %tmp_5, i6 %zext_ln42" [../xup_high_level_synthesis_design_flow-main/source/lab3/dct.c:45->../xup_high_level_synthesis_design_flow-main/source/lab3/dct.c:59->../xup_high_level_synthesis_design_flow-main/source/lab3/dct.c:113]   --->   Operation 89 'add' 'add_ln45_2' <Predicate = true> <Delay = 1.82> <CoreInst = "Adder">   --->   Core 1 'Adder' <Latency = 0> <II = 1> <Delay = 1.82> <FuncUnit> <Opcode : 'add' 'sub'> <InPorts = 2> <OutPorts = 1>
ST_6 : Operation 90 [1/1] (0.00ns)   --->   "%zext_ln45 = zext i6 %add_ln45_2" [../xup_high_level_synthesis_design_flow-main/source/lab3/dct.c:45->../xup_high_level_synthesis_design_flow-main/source/lab3/dct.c:59->../xup_high_level_synthesis_design_flow-main/source/lab3/dct.c:113]   --->   Operation 90 'zext' 'zext_ln45' <Predicate = true> <Delay = 0.00>
ST_6 : Operation 91 [1/1] (0.00ns)   --->   "%row_outbuf_addr_1 = getelementptr i16 %row_outbuf, i64 0, i64 %zext_ln45" [../xup_high_level_synthesis_design_flow-main/source/lab3/dct.c:45->../xup_high_level_synthesis_design_flow-main/source/lab3/dct.c:59->../xup_high_level_synthesis_design_flow-main/source/lab3/dct.c:113]   --->   Operation 91 'getelementptr' 'row_outbuf_addr_1' <Predicate = true> <Delay = 0.00>
ST_6 : Operation 92 [1/1] (1.73ns)   --->   "%icmp_ln39 = icmp_eq  i4 %k, i4 8" [../xup_high_level_synthesis_design_flow-main/source/lab3/dct.c:39->../xup_high_level_synthesis_design_flow-main/source/lab3/dct.c:59->../xup_high_level_synthesis_design_flow-main/source/lab3/dct.c:113]   --->   Operation 92 'icmp' 'icmp_ln39' <Predicate = true> <Delay = 1.73> <CoreInst = "Cmp">   --->   Core 9 'Cmp' <Latency = 0> <II = 1> <Delay = 1.73> <FuncUnit> <Opcode : 'icmp'> <InPorts = 2> <OutPorts = 1>
ST_6 : Operation 93 [1/1] (1.73ns)   --->   "%add_ln39 = add i4 %k, i4 1" [../xup_high_level_synthesis_design_flow-main/source/lab3/dct.c:39->../xup_high_level_synthesis_design_flow-main/source/lab3/dct.c:59->../xup_high_level_synthesis_design_flow-main/source/lab3/dct.c:113]   --->   Operation 93 'add' 'add_ln39' <Predicate = true> <Delay = 1.73> <CoreInst = "Adder">   --->   Core 1 'Adder' <Latency = 0> <II = 1> <Delay = 1.73> <FuncUnit> <Opcode : 'add' 'sub'> <InPorts = 2> <OutPorts = 1>
ST_6 : Operation 94 [1/1] (0.00ns)   --->   "%br_ln39 = br i1 %icmp_ln39, void %DCT_Inner_Loop.i.i.split, void %dct_1d.exit.i" [../xup_high_level_synthesis_design_flow-main/source/lab3/dct.c:39->../xup_high_level_synthesis_design_flow-main/source/lab3/dct.c:59->../xup_high_level_synthesis_design_flow-main/source/lab3/dct.c:113]   --->   Operation 94 'br' 'br_ln39' <Predicate = true> <Delay = 0.00>
ST_6 : Operation 95 [1/1] (0.00ns)   --->   "%speclooptripcount_ln32 = speclooptripcount void @_ssdm_op_SpecLoopTripCount, i64 8, i64 8, i64 8" [../xup_high_level_synthesis_design_flow-main/source/lab3/dct.c:32->../xup_high_level_synthesis_design_flow-main/source/lab3/dct.c:59->../xup_high_level_synthesis_design_flow-main/source/lab3/dct.c:113]   --->   Operation 95 'speclooptripcount' 'speclooptripcount_ln32' <Predicate = (!icmp_ln39)> <Delay = 0.00>
ST_6 : Operation 96 [1/1] (0.00ns)   --->   "%specloopname_ln39 = specloopname void @_ssdm_op_SpecLoopName, void @empty_7" [../xup_high_level_synthesis_design_flow-main/source/lab3/dct.c:39->../xup_high_level_synthesis_design_flow-main/source/lab3/dct.c:59->../xup_high_level_synthesis_design_flow-main/source/lab3/dct.c:113]   --->   Operation 96 'specloopname' 'specloopname_ln39' <Predicate = (!icmp_ln39)> <Delay = 0.00>
ST_6 : Operation 97 [1/1] (1.58ns)   --->   "%br_ln41 = br void %for.inc.i.i" [../xup_high_level_synthesis_design_flow-main/source/lab3/dct.c:41->../xup_high_level_synthesis_design_flow-main/source/lab3/dct.c:59->../xup_high_level_synthesis_design_flow-main/source/lab3/dct.c:113]   --->   Operation 97 'br' 'br_ln41' <Predicate = (!icmp_ln39)> <Delay = 1.58>
ST_6 : Operation 98 [1/1] (1.58ns)   --->   "%store_ln58 = store i4 %add_ln58, i4 %i" [../xup_high_level_synthesis_design_flow-main/source/lab3/dct.c:58->../xup_high_level_synthesis_design_flow-main/source/lab3/dct.c:113]   --->   Operation 98 'store' 'store_ln58' <Predicate = (icmp_ln39)> <Delay = 1.58>
ST_6 : Operation 99 [1/1] (0.00ns)   --->   "%br_ln58 = br void %for.inc.i2" [../xup_high_level_synthesis_design_flow-main/source/lab3/dct.c:58->../xup_high_level_synthesis_design_flow-main/source/lab3/dct.c:113]   --->   Operation 99 'br' 'br_ln58' <Predicate = (icmp_ln39)> <Delay = 0.00>

State 7 <SV = 4> <Delay = 5.71>
ST_7 : Operation 100 [1/1] (0.00ns)   --->   "%n = phi i4 %add_ln41, void %for.inc.i.i.split, i4 0, void %DCT_Inner_Loop.i.i.split" [../xup_high_level_synthesis_design_flow-main/source/lab3/dct.c:41->../xup_high_level_synthesis_design_flow-main/source/lab3/dct.c:59->../xup_high_level_synthesis_design_flow-main/source/lab3/dct.c:113]   --->   Operation 100 'phi' 'n' <Predicate = true> <Delay = 0.00>
ST_7 : Operation 101 [1/1] (0.00ns)   --->   "%tmp = phi i32 %tmp_1, void %for.inc.i.i.split, i32 0, void %DCT_Inner_Loop.i.i.split"   --->   Operation 101 'phi' 'tmp' <Predicate = true> <Delay = 0.00>
ST_7 : Operation 102 [1/1] (0.00ns)   --->   "%zext_ln42_1 = zext i4 %n" [../xup_high_level_synthesis_design_flow-main/source/lab3/dct.c:42->../xup_high_level_synthesis_design_flow-main/source/lab3/dct.c:59->../xup_high_level_synthesis_design_flow-main/source/lab3/dct.c:113]   --->   Operation 102 'zext' 'zext_ln42_1' <Predicate = true> <Delay = 0.00>
ST_7 : Operation 103 [1/1] (1.82ns)   --->   "%add_ln42 = add i6 %tmp_7, i6 %zext_ln42_1" [../xup_high_level_synthesis_design_flow-main/source/lab3/dct.c:42->../xup_high_level_synthesis_design_flow-main/source/lab3/dct.c:59->../xup_high_level_synthesis_design_flow-main/source/lab3/dct.c:113]   --->   Operation 103 'add' 'add_ln42' <Predicate = true> <Delay = 1.82> <CoreInst = "Adder">   --->   Core 1 'Adder' <Latency = 0> <II = 1> <Delay = 1.82> <FuncUnit> <Opcode : 'add' 'sub'> <InPorts = 2> <OutPorts = 1>
ST_7 : Operation 104 [1/1] (0.00ns)   --->   "%zext_ln42_2 = zext i6 %add_ln42" [../xup_high_level_synthesis_design_flow-main/source/lab3/dct.c:42->../xup_high_level_synthesis_design_flow-main/source/lab3/dct.c:59->../xup_high_level_synthesis_design_flow-main/source/lab3/dct.c:113]   --->   Operation 104 'zext' 'zext_ln42_2' <Predicate = true> <Delay = 0.00>
ST_7 : Operation 105 [1/1] (0.00ns)   --->   "%dct_coeff_table_addr = getelementptr i15 %dct_coeff_table, i64 0, i64 %zext_ln42_2" [../xup_high_level_synthesis_design_flow-main/source/lab3/dct.c:42->../xup_high_level_synthesis_design_flow-main/source/lab3/dct.c:59->../xup_high_level_synthesis_design_flow-main/source/lab3/dct.c:113]   --->   Operation 105 'getelementptr' 'dct_coeff_table_addr' <Predicate = true> <Delay = 0.00>
ST_7 : Operation 106 [1/1] (1.82ns)   --->   "%add_ln43 = add i6 %tmp_5, i6 %zext_ln42_1" [../xup_high_level_synthesis_design_flow-main/source/lab3/dct.c:43->../xup_high_level_synthesis_design_flow-main/source/lab3/dct.c:59->../xup_high_level_synthesis_design_flow-main/source/lab3/dct.c:113]   --->   Operation 106 'add' 'add_ln43' <Predicate = true> <Delay = 1.82> <CoreInst = "Adder">   --->   Core 1 'Adder' <Latency = 0> <II = 1> <Delay = 1.82> <FuncUnit> <Opcode : 'add' 'sub'> <InPorts = 2> <OutPorts = 1>
ST_7 : Operation 107 [1/1] (0.00ns)   --->   "%zext_ln43 = zext i6 %add_ln43" [../xup_high_level_synthesis_design_flow-main/source/lab3/dct.c:43->../xup_high_level_synthesis_design_flow-main/source/lab3/dct.c:59->../xup_high_level_synthesis_design_flow-main/source/lab3/dct.c:113]   --->   Operation 107 'zext' 'zext_ln43' <Predicate = true> <Delay = 0.00>
ST_7 : Operation 108 [1/1] (0.00ns)   --->   "%buf_2d_in_addr_1 = getelementptr i16 %buf_2d_in, i64 0, i64 %zext_ln43" [../xup_high_level_synthesis_design_flow-main/source/lab3/dct.c:43->../xup_high_level_synthesis_design_flow-main/source/lab3/dct.c:59->../xup_high_level_synthesis_design_flow-main/source/lab3/dct.c:113]   --->   Operation 108 'getelementptr' 'buf_2d_in_addr_1' <Predicate = true> <Delay = 0.00>
ST_7 : Operation 109 [1/1] (1.73ns)   --->   "%icmp_ln41 = icmp_eq  i4 %n, i4 8" [../xup_high_level_synthesis_design_flow-main/source/lab3/dct.c:41->../xup_high_level_synthesis_design_flow-main/source/lab3/dct.c:59->../xup_high_level_synthesis_design_flow-main/source/lab3/dct.c:113]   --->   Operation 109 'icmp' 'icmp_ln41' <Predicate = true> <Delay = 1.73> <CoreInst = "Cmp">   --->   Core 9 'Cmp' <Latency = 0> <II = 1> <Delay = 1.73> <FuncUnit> <Opcode : 'icmp'> <InPorts = 2> <OutPorts = 1>
ST_7 : Operation 110 [1/1] (1.73ns)   --->   "%add_ln41 = add i4 %n, i4 1" [../xup_high_level_synthesis_design_flow-main/source/lab3/dct.c:41->../xup_high_level_synthesis_design_flow-main/source/lab3/dct.c:59->../xup_high_level_synthesis_design_flow-main/source/lab3/dct.c:113]   --->   Operation 110 'add' 'add_ln41' <Predicate = true> <Delay = 1.73> <CoreInst = "Adder">   --->   Core 1 'Adder' <Latency = 0> <II = 1> <Delay = 1.73> <FuncUnit> <Opcode : 'add' 'sub'> <InPorts = 2> <OutPorts = 1>
ST_7 : Operation 111 [1/1] (0.00ns)   --->   "%br_ln41 = br i1 %icmp_ln41, void %for.inc.i.i.split, void %for.inc13.i.i" [../xup_high_level_synthesis_design_flow-main/source/lab3/dct.c:41->../xup_high_level_synthesis_design_flow-main/source/lab3/dct.c:59->../xup_high_level_synthesis_design_flow-main/source/lab3/dct.c:113]   --->   Operation 111 'br' 'br_ln41' <Predicate = true> <Delay = 0.00>
ST_7 : Operation 112 [2/2] (2.32ns)   --->   "%coeff = load i6 %dct_coeff_table_addr" [../xup_high_level_synthesis_design_flow-main/source/lab3/dct.c:42->../xup_high_level_synthesis_design_flow-main/source/lab3/dct.c:59->../xup_high_level_synthesis_design_flow-main/source/lab3/dct.c:113]   --->   Operation 112 'load' 'coeff' <Predicate = (!icmp_ln41)> <Delay = 2.32> <CoreInst = "ROM">   --->   Core 95 'ROM' <Latency = 1> <II = 1> <Delay = 2.32> <Storage> <Opcode : 'load'> <Ports = 0> <Width = 15> <Depth = 64> <ROM>
ST_7 : Operation 113 [2/2] (3.25ns)   --->   "%buf_2d_in_load = load i6 %buf_2d_in_addr_1" [../xup_high_level_synthesis_design_flow-main/source/lab3/dct.c:43->../xup_high_level_synthesis_design_flow-main/source/lab3/dct.c:59->../xup_high_level_synthesis_design_flow-main/source/lab3/dct.c:113]   --->   Operation 113 'load' 'buf_2d_in_load' <Predicate = (!icmp_ln41)> <Delay = 3.25> <CoreInst = "RAM">   --->   Core 82 'RAM' <Latency = 1> <II = 1> <Delay = 3.25> <Storage> <Opcode : 'load' 'store'> <Ports = 2> <Width = 16> <Depth = 64> <RAM>
ST_7 : Operation 114 [1/1] (0.00ns)   --->   "%trunc_ln41 = trunc i32 %tmp" [../xup_high_level_synthesis_design_flow-main/source/lab3/dct.c:41->../xup_high_level_synthesis_design_flow-main/source/lab3/dct.c:59->../xup_high_level_synthesis_design_flow-main/source/lab3/dct.c:113]   --->   Operation 114 'trunc' 'trunc_ln41' <Predicate = (icmp_ln41)> <Delay = 0.00>
ST_7 : Operation 115 [1/1] (2.46ns)   --->   "%add_ln45 = add i29 %trunc_ln41, i29 4096" [../xup_high_level_synthesis_design_flow-main/source/lab3/dct.c:45->../xup_high_level_synthesis_design_flow-main/source/lab3/dct.c:59->../xup_high_level_synthesis_design_flow-main/source/lab3/dct.c:113]   --->   Operation 115 'add' 'add_ln45' <Predicate = (icmp_ln41)> <Delay = 2.46> <CoreInst = "Adder">   --->   Core 1 'Adder' <Latency = 0> <II = 1> <Delay = 2.46> <FuncUnit> <Opcode : 'add' 'sub'> <InPorts = 2> <OutPorts = 1>
ST_7 : Operation 116 [1/1] (0.00ns)   --->   "%trunc_ln2 = partselect i16 @_ssdm_op_PartSelect.i16.i29.i32.i32, i29 %add_ln45, i32 13, i32 28" [../xup_high_level_synthesis_design_flow-main/source/lab3/dct.c:45->../xup_high_level_synthesis_design_flow-main/source/lab3/dct.c:59->../xup_high_level_synthesis_design_flow-main/source/lab3/dct.c:113]   --->   Operation 116 'partselect' 'trunc_ln2' <Predicate = (icmp_ln41)> <Delay = 0.00>
ST_7 : Operation 117 [1/1] (3.25ns)   --->   "%store_ln45 = store i16 %trunc_ln2, i6 %row_outbuf_addr_1" [../xup_high_level_synthesis_design_flow-main/source/lab3/dct.c:45->../xup_high_level_synthesis_design_flow-main/source/lab3/dct.c:59->../xup_high_level_synthesis_design_flow-main/source/lab3/dct.c:113]   --->   Operation 117 'store' 'store_ln45' <Predicate = (icmp_ln41)> <Delay = 3.25> <CoreInst = "RAM">   --->   Core 82 'RAM' <Latency = 1> <II = 1> <Delay = 3.25> <Storage> <Opcode : 'load' 'store'> <Ports = 2> <Width = 16> <Depth = 64> <RAM>
ST_7 : Operation 118 [1/1] (0.00ns)   --->   "%br_ln39 = br void %DCT_Inner_Loop.i.i" [../xup_high_level_synthesis_design_flow-main/source/lab3/dct.c:39->../xup_high_level_synthesis_design_flow-main/source/lab3/dct.c:59->../xup_high_level_synthesis_design_flow-main/source/lab3/dct.c:113]   --->   Operation 118 'br' 'br_ln39' <Predicate = (icmp_ln41)> <Delay = 0.00>

State 8 <SV = 5> <Delay = 4.30>
ST_8 : Operation 119 [1/2] (2.32ns)   --->   "%coeff = load i6 %dct_coeff_table_addr" [../xup_high_level_synthesis_design_flow-main/source/lab3/dct.c:42->../xup_high_level_synthesis_design_flow-main/source/lab3/dct.c:59->../xup_high_level_synthesis_design_flow-main/source/lab3/dct.c:113]   --->   Operation 119 'load' 'coeff' <Predicate = true> <Delay = 2.32> <CoreInst = "ROM">   --->   Core 95 'ROM' <Latency = 1> <II = 1> <Delay = 2.32> <Storage> <Opcode : 'load'> <Ports = 0> <Width = 15> <Depth = 64> <ROM>
ST_8 : Operation 120 [1/1] (0.00ns)   --->   "%sext_ln42 = sext i15 %coeff" [../xup_high_level_synthesis_design_flow-main/source/lab3/dct.c:42->../xup_high_level_synthesis_design_flow-main/source/lab3/dct.c:59->../xup_high_level_synthesis_design_flow-main/source/lab3/dct.c:113]   --->   Operation 120 'sext' 'sext_ln42' <Predicate = true> <Delay = 0.00>
ST_8 : Operation 121 [1/2] (3.25ns)   --->   "%buf_2d_in_load = load i6 %buf_2d_in_addr_1" [../xup_high_level_synthesis_design_flow-main/source/lab3/dct.c:43->../xup_high_level_synthesis_design_flow-main/source/lab3/dct.c:59->../xup_high_level_synthesis_design_flow-main/source/lab3/dct.c:113]   --->   Operation 121 'load' 'buf_2d_in_load' <Predicate = true> <Delay = 3.25> <CoreInst = "RAM">   --->   Core 82 'RAM' <Latency = 1> <II = 1> <Delay = 3.25> <Storage> <Opcode : 'load' 'store'> <Ports = 2> <Width = 16> <Depth = 64> <RAM>
ST_8 : Operation 122 [1/1] (0.00ns)   --->   "%sext_ln43 = sext i16 %buf_2d_in_load" [../xup_high_level_synthesis_design_flow-main/source/lab3/dct.c:43->../xup_high_level_synthesis_design_flow-main/source/lab3/dct.c:59->../xup_high_level_synthesis_design_flow-main/source/lab3/dct.c:113]   --->   Operation 122 'sext' 'sext_ln43' <Predicate = true> <Delay = 0.00>
ST_8 : Operation 123 [3/3] (1.05ns) (grouped into DSP with root node tmp_1)   --->   "%mul_ln43 = mul i31 %sext_ln43, i31 %sext_ln42" [../xup_high_level_synthesis_design_flow-main/source/lab3/dct.c:43->../xup_high_level_synthesis_design_flow-main/source/lab3/dct.c:59->../xup_high_level_synthesis_design_flow-main/source/lab3/dct.c:113]   --->   Operation 123 'mul' 'mul_ln43' <Predicate = true> <Delay = 1.05> <CoreInst = "DSP48">   --->   Core 119 'DSP48' <Latency = 3> <II = 1> <Delay = 2.15> <IPBlock> <Opcode : '<invalid operator> ' 'mul' 'add' 'sub' 'select'> <InPorts = 0> <OutPorts = 1> <Sync> <CReg>

State 9 <SV = 6> <Delay = 1.05>
ST_9 : Operation 124 [2/3] (1.05ns) (grouped into DSP with root node tmp_1)   --->   "%mul_ln43 = mul i31 %sext_ln43, i31 %sext_ln42" [../xup_high_level_synthesis_design_flow-main/source/lab3/dct.c:43->../xup_high_level_synthesis_design_flow-main/source/lab3/dct.c:59->../xup_high_level_synthesis_design_flow-main/source/lab3/dct.c:113]   --->   Operation 124 'mul' 'mul_ln43' <Predicate = true> <Delay = 1.05> <CoreInst = "DSP48">   --->   Core 119 'DSP48' <Latency = 3> <II = 1> <Delay = 2.15> <IPBlock> <Opcode : '<invalid operator> ' 'mul' 'add' 'sub' 'select'> <InPorts = 0> <OutPorts = 1> <Sync> <CReg>

State 10 <SV = 7> <Delay = 2.10>
ST_10 : Operation 125 [1/3] (0.00ns) (grouped into DSP with root node tmp_1)   --->   "%mul_ln43 = mul i31 %sext_ln43, i31 %sext_ln42" [../xup_high_level_synthesis_design_flow-main/source/lab3/dct.c:43->../xup_high_level_synthesis_design_flow-main/source/lab3/dct.c:59->../xup_high_level_synthesis_design_flow-main/source/lab3/dct.c:113]   --->   Operation 125 'mul' 'mul_ln43' <Predicate = true> <Delay = 0.00> <CoreInst = "DSP48">   --->   Core 119 'DSP48' <Latency = 3> <II = 1> <Delay = 2.15> <IPBlock> <Opcode : '<invalid operator> ' 'mul' 'add' 'sub' 'select'> <InPorts = 0> <OutPorts = 1> <Sync> <CReg>
ST_10 : Operation 126 [1/1] (0.00ns) (grouped into DSP with root node tmp_1)   --->   "%sext_ln43_1 = sext i31 %mul_ln43" [../xup_high_level_synthesis_design_flow-main/source/lab3/dct.c:43->../xup_high_level_synthesis_design_flow-main/source/lab3/dct.c:59->../xup_high_level_synthesis_design_flow-main/source/lab3/dct.c:113]   --->   Operation 126 'sext' 'sext_ln43_1' <Predicate = true> <Delay = 0.00>
ST_10 : Operation 127 [2/2] (2.10ns) (root node of the DSP)   --->   "%tmp_1 = add i32 %sext_ln43_1, i32 %tmp" [../xup_high_level_synthesis_design_flow-main/source/lab3/dct.c:43->../xup_high_level_synthesis_design_flow-main/source/lab3/dct.c:59->../xup_high_level_synthesis_design_flow-main/source/lab3/dct.c:113]   --->   Operation 127 'add' 'tmp_1' <Predicate = true> <Delay = 2.10> <CoreInst = "DSP48">   --->   Core 119 'DSP48' <Latency = 3> <II = 1> <Delay = 2.15> <IPBlock> <Opcode : '<invalid operator> ' 'mul' 'add' 'sub' 'select'> <InPorts = 0> <OutPorts = 1> <Sync> <CReg>

State 11 <SV = 8> <Delay = 2.10>
ST_11 : Operation 128 [1/1] (0.00ns)   --->   "%speclooptripcount_ln32 = speclooptripcount void @_ssdm_op_SpecLoopTripCount, i64 8, i64 8, i64 8" [../xup_high_level_synthesis_design_flow-main/source/lab3/dct.c:32->../xup_high_level_synthesis_design_flow-main/source/lab3/dct.c:59->../xup_high_level_synthesis_design_flow-main/source/lab3/dct.c:113]   --->   Operation 128 'speclooptripcount' 'speclooptripcount_ln32' <Predicate = true> <Delay = 0.00>
ST_11 : Operation 129 [1/1] (0.00ns)   --->   "%specloopname_ln41 = specloopname void @_ssdm_op_SpecLoopName, void @empty_6" [../xup_high_level_synthesis_design_flow-main/source/lab3/dct.c:41->../xup_high_level_synthesis_design_flow-main/source/lab3/dct.c:59->../xup_high_level_synthesis_design_flow-main/source/lab3/dct.c:113]   --->   Operation 129 'specloopname' 'specloopname_ln41' <Predicate = true> <Delay = 0.00>
ST_11 : Operation 130 [1/2] (2.10ns) (root node of the DSP)   --->   "%tmp_1 = add i32 %sext_ln43_1, i32 %tmp" [../xup_high_level_synthesis_design_flow-main/source/lab3/dct.c:43->../xup_high_level_synthesis_design_flow-main/source/lab3/dct.c:59->../xup_high_level_synthesis_design_flow-main/source/lab3/dct.c:113]   --->   Operation 130 'add' 'tmp_1' <Predicate = true> <Delay = 2.10> <CoreInst = "DSP48">   --->   Core 119 'DSP48' <Latency = 3> <II = 1> <Delay = 2.15> <IPBlock> <Opcode : '<invalid operator> ' 'mul' 'add' 'sub' 'select'> <InPorts = 0> <OutPorts = 1> <Sync> <CReg>
ST_11 : Operation 131 [1/1] (0.00ns)   --->   "%br_ln41 = br void %for.inc.i.i" [../xup_high_level_synthesis_design_flow-main/source/lab3/dct.c:41->../xup_high_level_synthesis_design_flow-main/source/lab3/dct.c:59->../xup_high_level_synthesis_design_flow-main/source/lab3/dct.c:113]   --->   Operation 131 'br' 'br_ln41' <Predicate = true> <Delay = 0.00>

State 12 <SV = 3> <Delay = 3.32>
ST_12 : Operation 132 [1/1] (0.00ns)   --->   "%j_2 = load i4 %j" [../xup_high_level_synthesis_design_flow-main/source/lab3/dct.c:63->../xup_high_level_synthesis_design_flow-main/source/lab3/dct.c:113]   --->   Operation 132 'load' 'j_2' <Predicate = true> <Delay = 0.00>
ST_12 : Operation 133 [1/1] (0.00ns)   --->   "%trunc_ln63 = trunc i4 %j_2" [../xup_high_level_synthesis_design_flow-main/source/lab3/dct.c:63->../xup_high_level_synthesis_design_flow-main/source/lab3/dct.c:113]   --->   Operation 133 'trunc' 'trunc_ln63' <Predicate = true> <Delay = 0.00>
ST_12 : Operation 134 [1/1] (0.00ns)   --->   "%zext_ln66 = zext i4 %j_2" [../xup_high_level_synthesis_design_flow-main/source/lab3/dct.c:66->../xup_high_level_synthesis_design_flow-main/source/lab3/dct.c:113]   --->   Operation 134 'zext' 'zext_ln66' <Predicate = true> <Delay = 0.00>
ST_12 : Operation 135 [1/1] (0.00ns)   --->   "%tmp_6 = bitconcatenate i6 @_ssdm_op_BitConcatenate.i6.i3.i3, i3 %trunc_ln63, i3 0" [../xup_high_level_synthesis_design_flow-main/source/lab3/dct.c:66->../xup_high_level_synthesis_design_flow-main/source/lab3/dct.c:113]   --->   Operation 135 'bitconcatenate' 'tmp_6' <Predicate = true> <Delay = 0.00>
ST_12 : Operation 136 [1/1] (1.73ns)   --->   "%icmp_ln63 = icmp_eq  i4 %j_2, i4 8" [../xup_high_level_synthesis_design_flow-main/source/lab3/dct.c:63->../xup_high_level_synthesis_design_flow-main/source/lab3/dct.c:113]   --->   Operation 136 'icmp' 'icmp_ln63' <Predicate = true> <Delay = 1.73> <CoreInst = "Cmp">   --->   Core 9 'Cmp' <Latency = 0> <II = 1> <Delay = 1.73> <FuncUnit> <Opcode : 'icmp'> <InPorts = 2> <OutPorts = 1>
ST_12 : Operation 137 [1/1] (1.73ns)   --->   "%add_ln63 = add i4 %j_2, i4 1" [../xup_high_level_synthesis_design_flow-main/source/lab3/dct.c:63->../xup_high_level_synthesis_design_flow-main/source/lab3/dct.c:113]   --->   Operation 137 'add' 'add_ln63' <Predicate = true> <Delay = 1.73> <CoreInst = "Adder">   --->   Core 1 'Adder' <Latency = 0> <II = 1> <Delay = 1.73> <FuncUnit> <Opcode : 'add' 'sub'> <InPorts = 2> <OutPorts = 1>
ST_12 : Operation 138 [1/1] (0.00ns)   --->   "%br_ln63 = br i1 %icmp_ln63, void %Xpose_Row_Inner_Loop.i.split, void %for.inc33.i.preheader" [../xup_high_level_synthesis_design_flow-main/source/lab3/dct.c:63->../xup_high_level_synthesis_design_flow-main/source/lab3/dct.c:113]   --->   Operation 138 'br' 'br_ln63' <Predicate = true> <Delay = 0.00>
ST_12 : Operation 139 [1/1] (0.00ns)   --->   "%speclooptripcount_ln54 = speclooptripcount void @_ssdm_op_SpecLoopTripCount, i64 8, i64 8, i64 8" [../xup_high_level_synthesis_design_flow-main/source/lab3/dct.c:54->../xup_high_level_synthesis_design_flow-main/source/lab3/dct.c:113]   --->   Operation 139 'speclooptripcount' 'speclooptripcount_ln54' <Predicate = (!icmp_ln63)> <Delay = 0.00>
ST_12 : Operation 140 [1/1] (0.00ns)   --->   "%specloopname_ln63 = specloopname void @_ssdm_op_SpecLoopName, void @empty_10" [../xup_high_level_synthesis_design_flow-main/source/lab3/dct.c:63->../xup_high_level_synthesis_design_flow-main/source/lab3/dct.c:113]   --->   Operation 140 'specloopname' 'specloopname_ln63' <Predicate = (!icmp_ln63)> <Delay = 0.00>
ST_12 : Operation 141 [1/1] (1.58ns)   --->   "%br_ln65 = br void %for.inc18.i" [../xup_high_level_synthesis_design_flow-main/source/lab3/dct.c:65->../xup_high_level_synthesis_design_flow-main/source/lab3/dct.c:113]   --->   Operation 141 'br' 'br_ln65' <Predicate = (!icmp_ln63)> <Delay = 1.58>
ST_12 : Operation 142 [1/1] (0.00ns)   --->   "%i_1 = alloca i32 1"   --->   Operation 142 'alloca' 'i_1' <Predicate = (icmp_ln63)> <Delay = 0.00>
ST_12 : Operation 143 [1/1] (1.58ns)   --->   "%store_ln45 = store i4 0, i4 %i_1" [../xup_high_level_synthesis_design_flow-main/source/lab3/dct.c:45->../xup_high_level_synthesis_design_flow-main/source/lab3/dct.c:70->../xup_high_level_synthesis_design_flow-main/source/lab3/dct.c:113]   --->   Operation 143 'store' 'store_ln45' <Predicate = (icmp_ln63)> <Delay = 1.58>
ST_12 : Operation 144 [1/1] (0.00ns)   --->   "%br_ln45 = br void %for.inc33.i" [../xup_high_level_synthesis_design_flow-main/source/lab3/dct.c:45->../xup_high_level_synthesis_design_flow-main/source/lab3/dct.c:70->../xup_high_level_synthesis_design_flow-main/source/lab3/dct.c:113]   --->   Operation 144 'br' 'br_ln45' <Predicate = (icmp_ln63)> <Delay = 0.00>

State 13 <SV = 4> <Delay = 5.07>
ST_13 : Operation 145 [1/1] (0.00ns)   --->   "%i_2 = phi i4 %add_ln65, void %for.inc18.i.split, i4 0, void %Xpose_Row_Inner_Loop.i.split" [../xup_high_level_synthesis_design_flow-main/source/lab3/dct.c:65->../xup_high_level_synthesis_design_flow-main/source/lab3/dct.c:113]   --->   Operation 145 'phi' 'i_2' <Predicate = true> <Delay = 0.00>
ST_13 : Operation 146 [1/1] (0.00ns)   --->   "%trunc_ln65 = trunc i4 %i_2" [../xup_high_level_synthesis_design_flow-main/source/lab3/dct.c:65->../xup_high_level_synthesis_design_flow-main/source/lab3/dct.c:113]   --->   Operation 146 'trunc' 'trunc_ln65' <Predicate = true> <Delay = 0.00>
ST_13 : Operation 147 [1/1] (0.00ns)   --->   "%zext_ln66_1 = zext i4 %i_2" [../xup_high_level_synthesis_design_flow-main/source/lab3/dct.c:66->../xup_high_level_synthesis_design_flow-main/source/lab3/dct.c:113]   --->   Operation 147 'zext' 'zext_ln66_1' <Predicate = true> <Delay = 0.00>
ST_13 : Operation 148 [1/1] (0.00ns)   --->   "%tmp_9 = bitconcatenate i6 @_ssdm_op_BitConcatenate.i6.i3.i3, i3 %trunc_ln65, i3 0" [../xup_high_level_synthesis_design_flow-main/source/lab3/dct.c:66->../xup_high_level_synthesis_design_flow-main/source/lab3/dct.c:113]   --->   Operation 148 'bitconcatenate' 'tmp_9' <Predicate = true> <Delay = 0.00>
ST_13 : Operation 149 [1/1] (1.82ns)   --->   "%add_ln66 = add i6 %tmp_9, i6 %zext_ln66" [../xup_high_level_synthesis_design_flow-main/source/lab3/dct.c:66->../xup_high_level_synthesis_design_flow-main/source/lab3/dct.c:113]   --->   Operation 149 'add' 'add_ln66' <Predicate = true> <Delay = 1.82> <CoreInst = "Adder">   --->   Core 1 'Adder' <Latency = 0> <II = 1> <Delay = 1.82> <FuncUnit> <Opcode : 'add' 'sub'> <InPorts = 2> <OutPorts = 1>
ST_13 : Operation 150 [1/1] (0.00ns)   --->   "%zext_ln66_2 = zext i6 %add_ln66" [../xup_high_level_synthesis_design_flow-main/source/lab3/dct.c:66->../xup_high_level_synthesis_design_flow-main/source/lab3/dct.c:113]   --->   Operation 150 'zext' 'zext_ln66_2' <Predicate = true> <Delay = 0.00>
ST_13 : Operation 151 [1/1] (0.00ns)   --->   "%row_outbuf_addr = getelementptr i16 %row_outbuf, i64 0, i64 %zext_ln66_2" [../xup_high_level_synthesis_design_flow-main/source/lab3/dct.c:66->../xup_high_level_synthesis_design_flow-main/source/lab3/dct.c:113]   --->   Operation 151 'getelementptr' 'row_outbuf_addr' <Predicate = true> <Delay = 0.00>
ST_13 : Operation 152 [1/1] (1.82ns)   --->   "%add_ln66_1 = add i6 %tmp_6, i6 %zext_ln66_1" [../xup_high_level_synthesis_design_flow-main/source/lab3/dct.c:66->../xup_high_level_synthesis_design_flow-main/source/lab3/dct.c:113]   --->   Operation 152 'add' 'add_ln66_1' <Predicate = true> <Delay = 1.82> <CoreInst = "Adder">   --->   Core 1 'Adder' <Latency = 0> <II = 1> <Delay = 1.82> <FuncUnit> <Opcode : 'add' 'sub'> <InPorts = 2> <OutPorts = 1>
ST_13 : Operation 153 [1/1] (0.00ns)   --->   "%zext_ln66_3 = zext i6 %add_ln66_1" [../xup_high_level_synthesis_design_flow-main/source/lab3/dct.c:66->../xup_high_level_synthesis_design_flow-main/source/lab3/dct.c:113]   --->   Operation 153 'zext' 'zext_ln66_3' <Predicate = true> <Delay = 0.00>
ST_13 : Operation 154 [1/1] (0.00ns)   --->   "%col_inbuf_addr = getelementptr i16 %col_inbuf, i64 0, i64 %zext_ln66_3" [../xup_high_level_synthesis_design_flow-main/source/lab3/dct.c:66->../xup_high_level_synthesis_design_flow-main/source/lab3/dct.c:113]   --->   Operation 154 'getelementptr' 'col_inbuf_addr' <Predicate = true> <Delay = 0.00>
ST_13 : Operation 155 [1/1] (1.73ns)   --->   "%icmp_ln65 = icmp_eq  i4 %i_2, i4 8" [../xup_high_level_synthesis_design_flow-main/source/lab3/dct.c:65->../xup_high_level_synthesis_design_flow-main/source/lab3/dct.c:113]   --->   Operation 155 'icmp' 'icmp_ln65' <Predicate = true> <Delay = 1.73> <CoreInst = "Cmp">   --->   Core 9 'Cmp' <Latency = 0> <II = 1> <Delay = 1.73> <FuncUnit> <Opcode : 'icmp'> <InPorts = 2> <OutPorts = 1>
ST_13 : Operation 156 [1/1] (1.73ns)   --->   "%add_ln65 = add i4 %i_2, i4 1" [../xup_high_level_synthesis_design_flow-main/source/lab3/dct.c:65->../xup_high_level_synthesis_design_flow-main/source/lab3/dct.c:113]   --->   Operation 156 'add' 'add_ln65' <Predicate = true> <Delay = 1.73> <CoreInst = "Adder">   --->   Core 1 'Adder' <Latency = 0> <II = 1> <Delay = 1.73> <FuncUnit> <Opcode : 'add' 'sub'> <InPorts = 2> <OutPorts = 1>
ST_13 : Operation 157 [1/1] (0.00ns)   --->   "%br_ln65 = br i1 %icmp_ln65, void %for.inc18.i.split, void %for.inc21.i" [../xup_high_level_synthesis_design_flow-main/source/lab3/dct.c:65->../xup_high_level_synthesis_design_flow-main/source/lab3/dct.c:113]   --->   Operation 157 'br' 'br_ln65' <Predicate = true> <Delay = 0.00>
ST_13 : Operation 158 [2/2] (3.25ns)   --->   "%row_outbuf_load = load i6 %row_outbuf_addr" [../xup_high_level_synthesis_design_flow-main/source/lab3/dct.c:66->../xup_high_level_synthesis_design_flow-main/source/lab3/dct.c:113]   --->   Operation 158 'load' 'row_outbuf_load' <Predicate = (!icmp_ln65)> <Delay = 3.25> <CoreInst = "RAM">   --->   Core 82 'RAM' <Latency = 1> <II = 1> <Delay = 3.25> <Storage> <Opcode : 'load' 'store'> <Ports = 2> <Width = 16> <Depth = 64> <RAM>
ST_13 : Operation 159 [1/1] (1.58ns)   --->   "%store_ln63 = store i4 %add_ln63, i4 %j" [../xup_high_level_synthesis_design_flow-main/source/lab3/dct.c:63->../xup_high_level_synthesis_design_flow-main/source/lab3/dct.c:113]   --->   Operation 159 'store' 'store_ln63' <Predicate = (icmp_ln65)> <Delay = 1.58>
ST_13 : Operation 160 [1/1] (0.00ns)   --->   "%br_ln63 = br void %Xpose_Row_Inner_Loop.i" [../xup_high_level_synthesis_design_flow-main/source/lab3/dct.c:63->../xup_high_level_synthesis_design_flow-main/source/lab3/dct.c:113]   --->   Operation 160 'br' 'br_ln63' <Predicate = (icmp_ln65)> <Delay = 0.00>

State 14 <SV = 5> <Delay = 6.50>
ST_14 : Operation 161 [1/1] (0.00ns)   --->   "%speclooptripcount_ln54 = speclooptripcount void @_ssdm_op_SpecLoopTripCount, i64 8, i64 8, i64 8" [../xup_high_level_synthesis_design_flow-main/source/lab3/dct.c:54->../xup_high_level_synthesis_design_flow-main/source/lab3/dct.c:113]   --->   Operation 161 'speclooptripcount' 'speclooptripcount_ln54' <Predicate = true> <Delay = 0.00>
ST_14 : Operation 162 [1/1] (0.00ns)   --->   "%specloopname_ln65 = specloopname void @_ssdm_op_SpecLoopName, void @empty_9" [../xup_high_level_synthesis_design_flow-main/source/lab3/dct.c:65->../xup_high_level_synthesis_design_flow-main/source/lab3/dct.c:113]   --->   Operation 162 'specloopname' 'specloopname_ln65' <Predicate = true> <Delay = 0.00>
ST_14 : Operation 163 [1/2] (3.25ns)   --->   "%row_outbuf_load = load i6 %row_outbuf_addr" [../xup_high_level_synthesis_design_flow-main/source/lab3/dct.c:66->../xup_high_level_synthesis_design_flow-main/source/lab3/dct.c:113]   --->   Operation 163 'load' 'row_outbuf_load' <Predicate = true> <Delay = 3.25> <CoreInst = "RAM">   --->   Core 82 'RAM' <Latency = 1> <II = 1> <Delay = 3.25> <Storage> <Opcode : 'load' 'store'> <Ports = 2> <Width = 16> <Depth = 64> <RAM>
ST_14 : Operation 164 [1/1] (3.25ns)   --->   "%store_ln66 = store i16 %row_outbuf_load, i6 %col_inbuf_addr" [../xup_high_level_synthesis_design_flow-main/source/lab3/dct.c:66->../xup_high_level_synthesis_design_flow-main/source/lab3/dct.c:113]   --->   Operation 164 'store' 'store_ln66' <Predicate = true> <Delay = 3.25> <CoreInst = "RAM">   --->   Core 82 'RAM' <Latency = 1> <II = 1> <Delay = 3.25> <Storage> <Opcode : 'load' 'store'> <Ports = 2> <Width = 16> <Depth = 64> <RAM>
ST_14 : Operation 165 [1/1] (0.00ns)   --->   "%br_ln65 = br void %for.inc18.i" [../xup_high_level_synthesis_design_flow-main/source/lab3/dct.c:65->../xup_high_level_synthesis_design_flow-main/source/lab3/dct.c:113]   --->   Operation 165 'br' 'br_ln65' <Predicate = true> <Delay = 0.00>

State 15 <SV = 4> <Delay = 3.32>
ST_15 : Operation 166 [1/1] (0.00ns)   --->   "%i_5 = load i4 %i_1" [../xup_high_level_synthesis_design_flow-main/source/lab3/dct.c:45->../xup_high_level_synthesis_design_flow-main/source/lab3/dct.c:70->../xup_high_level_synthesis_design_flow-main/source/lab3/dct.c:113]   --->   Operation 166 'load' 'i_5' <Predicate = true> <Delay = 0.00>
ST_15 : Operation 167 [1/1] (0.00ns)   --->   "%trunc_ln45_2 = trunc i4 %i_5" [../xup_high_level_synthesis_design_flow-main/source/lab3/dct.c:45->../xup_high_level_synthesis_design_flow-main/source/lab3/dct.c:70->../xup_high_level_synthesis_design_flow-main/source/lab3/dct.c:113]   --->   Operation 167 'trunc' 'trunc_ln45_2' <Predicate = true> <Delay = 0.00>
ST_15 : Operation 168 [1/1] (0.00ns)   --->   "%tmp_8 = bitconcatenate i6 @_ssdm_op_BitConcatenate.i6.i3.i3, i3 %trunc_ln45_2, i3 0" [../xup_high_level_synthesis_design_flow-main/source/lab3/dct.c:45->../xup_high_level_synthesis_design_flow-main/source/lab3/dct.c:70->../xup_high_level_synthesis_design_flow-main/source/lab3/dct.c:113]   --->   Operation 168 'bitconcatenate' 'tmp_8' <Predicate = true> <Delay = 0.00>
ST_15 : Operation 169 [1/1] (1.73ns)   --->   "%icmp_ln69 = icmp_eq  i4 %i_5, i4 8" [../xup_high_level_synthesis_design_flow-main/source/lab3/dct.c:69->../xup_high_level_synthesis_design_flow-main/source/lab3/dct.c:113]   --->   Operation 169 'icmp' 'icmp_ln69' <Predicate = true> <Delay = 1.73> <CoreInst = "Cmp">   --->   Core 9 'Cmp' <Latency = 0> <II = 1> <Delay = 1.73> <FuncUnit> <Opcode : 'icmp'> <InPorts = 2> <OutPorts = 1>
ST_15 : Operation 170 [1/1] (1.73ns)   --->   "%add_ln69 = add i4 %i_5, i4 1" [../xup_high_level_synthesis_design_flow-main/source/lab3/dct.c:69->../xup_high_level_synthesis_design_flow-main/source/lab3/dct.c:113]   --->   Operation 170 'add' 'add_ln69' <Predicate = true> <Delay = 1.73> <CoreInst = "Adder">   --->   Core 1 'Adder' <Latency = 0> <II = 1> <Delay = 1.73> <FuncUnit> <Opcode : 'add' 'sub'> <InPorts = 2> <OutPorts = 1>
ST_15 : Operation 171 [1/1] (0.00ns)   --->   "%br_ln69 = br i1 %icmp_ln69, void %for.inc33.i.split, void %Xpose_Col_Inner_Loop.i.preheader" [../xup_high_level_synthesis_design_flow-main/source/lab3/dct.c:69->../xup_high_level_synthesis_design_flow-main/source/lab3/dct.c:113]   --->   Operation 171 'br' 'br_ln69' <Predicate = true> <Delay = 0.00>
ST_15 : Operation 172 [1/1] (0.00ns)   --->   "%speclooptripcount_ln54 = speclooptripcount void @_ssdm_op_SpecLoopTripCount, i64 8, i64 8, i64 8" [../xup_high_level_synthesis_design_flow-main/source/lab3/dct.c:54->../xup_high_level_synthesis_design_flow-main/source/lab3/dct.c:113]   --->   Operation 172 'speclooptripcount' 'speclooptripcount_ln54' <Predicate = (!icmp_ln69)> <Delay = 0.00>
ST_15 : Operation 173 [1/1] (0.00ns)   --->   "%specloopname_ln69 = specloopname void @_ssdm_op_SpecLoopName, void @empty_8" [../xup_high_level_synthesis_design_flow-main/source/lab3/dct.c:69->../xup_high_level_synthesis_design_flow-main/source/lab3/dct.c:113]   --->   Operation 173 'specloopname' 'specloopname_ln69' <Predicate = (!icmp_ln69)> <Delay = 0.00>
ST_15 : Operation 174 [1/1] (1.58ns)   --->   "%br_ln39 = br void %DCT_Inner_Loop.i17.i" [../xup_high_level_synthesis_design_flow-main/source/lab3/dct.c:39->../xup_high_level_synthesis_design_flow-main/source/lab3/dct.c:70->../xup_high_level_synthesis_design_flow-main/source/lab3/dct.c:113]   --->   Operation 174 'br' 'br_ln39' <Predicate = (!icmp_ln69)> <Delay = 1.58>
ST_15 : Operation 175 [1/1] (0.00ns)   --->   "%j_1 = alloca i32 1"   --->   Operation 175 'alloca' 'j_1' <Predicate = (icmp_ln69)> <Delay = 0.00>
ST_15 : Operation 176 [1/1] (1.58ns)   --->   "%store_ln74 = store i4 0, i4 %j_1" [../xup_high_level_synthesis_design_flow-main/source/lab3/dct.c:74->../xup_high_level_synthesis_design_flow-main/source/lab3/dct.c:113]   --->   Operation 176 'store' 'store_ln74' <Predicate = (icmp_ln69)> <Delay = 1.58>
ST_15 : Operation 177 [1/1] (0.00ns)   --->   "%br_ln74 = br void %Xpose_Col_Inner_Loop.i" [../xup_high_level_synthesis_design_flow-main/source/lab3/dct.c:74->../xup_high_level_synthesis_design_flow-main/source/lab3/dct.c:113]   --->   Operation 177 'br' 'br_ln74' <Predicate = (icmp_ln69)> <Delay = 0.00>

State 16 <SV = 5> <Delay = 3.32>
ST_16 : Operation 178 [1/1] (0.00ns)   --->   "%k_1 = phi i4 %add_ln39_1, void %for.inc13.i36.i, i4 0, void %for.inc33.i.split" [../xup_high_level_synthesis_design_flow-main/source/lab3/dct.c:39->../xup_high_level_synthesis_design_flow-main/source/lab3/dct.c:70->../xup_high_level_synthesis_design_flow-main/source/lab3/dct.c:113]   --->   Operation 178 'phi' 'k_1' <Predicate = true> <Delay = 0.00>
ST_16 : Operation 179 [1/1] (0.00ns)   --->   "%trunc_ln39_1 = trunc i4 %k_1" [../xup_high_level_synthesis_design_flow-main/source/lab3/dct.c:39->../xup_high_level_synthesis_design_flow-main/source/lab3/dct.c:70->../xup_high_level_synthesis_design_flow-main/source/lab3/dct.c:113]   --->   Operation 179 'trunc' 'trunc_ln39_1' <Predicate = true> <Delay = 0.00>
ST_16 : Operation 180 [1/1] (0.00ns)   --->   "%zext_ln42_3 = zext i4 %k_1" [../xup_high_level_synthesis_design_flow-main/source/lab3/dct.c:42->../xup_high_level_synthesis_design_flow-main/source/lab3/dct.c:70->../xup_high_level_synthesis_design_flow-main/source/lab3/dct.c:113]   --->   Operation 180 'zext' 'zext_ln42_3' <Predicate = true> <Delay = 0.00>
ST_16 : Operation 181 [1/1] (0.00ns)   --->   "%tmp_3 = bitconcatenate i6 @_ssdm_op_BitConcatenate.i6.i3.i3, i3 %trunc_ln39_1, i3 0" [../xup_high_level_synthesis_design_flow-main/source/lab3/dct.c:42->../xup_high_level_synthesis_design_flow-main/source/lab3/dct.c:70->../xup_high_level_synthesis_design_flow-main/source/lab3/dct.c:113]   --->   Operation 181 'bitconcatenate' 'tmp_3' <Predicate = true> <Delay = 0.00>
ST_16 : Operation 182 [1/1] (1.82ns)   --->   "%add_ln45_3 = add i6 %tmp_8, i6 %zext_ln42_3" [../xup_high_level_synthesis_design_flow-main/source/lab3/dct.c:45->../xup_high_level_synthesis_design_flow-main/source/lab3/dct.c:70->../xup_high_level_synthesis_design_flow-main/source/lab3/dct.c:113]   --->   Operation 182 'add' 'add_ln45_3' <Predicate = true> <Delay = 1.82> <CoreInst = "Adder">   --->   Core 1 'Adder' <Latency = 0> <II = 1> <Delay = 1.82> <FuncUnit> <Opcode : 'add' 'sub'> <InPorts = 2> <OutPorts = 1>
ST_16 : Operation 183 [1/1] (0.00ns)   --->   "%zext_ln45_1 = zext i6 %add_ln45_3" [../xup_high_level_synthesis_design_flow-main/source/lab3/dct.c:45->../xup_high_level_synthesis_design_flow-main/source/lab3/dct.c:70->../xup_high_level_synthesis_design_flow-main/source/lab3/dct.c:113]   --->   Operation 183 'zext' 'zext_ln45_1' <Predicate = true> <Delay = 0.00>
ST_16 : Operation 184 [1/1] (0.00ns)   --->   "%col_outbuf_addr_1 = getelementptr i16 %col_outbuf, i64 0, i64 %zext_ln45_1" [../xup_high_level_synthesis_design_flow-main/source/lab3/dct.c:45->../xup_high_level_synthesis_design_flow-main/source/lab3/dct.c:70->../xup_high_level_synthesis_design_flow-main/source/lab3/dct.c:113]   --->   Operation 184 'getelementptr' 'col_outbuf_addr_1' <Predicate = true> <Delay = 0.00>
ST_16 : Operation 185 [1/1] (1.73ns)   --->   "%icmp_ln39_1 = icmp_eq  i4 %k_1, i4 8" [../xup_high_level_synthesis_design_flow-main/source/lab3/dct.c:39->../xup_high_level_synthesis_design_flow-main/source/lab3/dct.c:70->../xup_high_level_synthesis_design_flow-main/source/lab3/dct.c:113]   --->   Operation 185 'icmp' 'icmp_ln39_1' <Predicate = true> <Delay = 1.73> <CoreInst = "Cmp">   --->   Core 9 'Cmp' <Latency = 0> <II = 1> <Delay = 1.73> <FuncUnit> <Opcode : 'icmp'> <InPorts = 2> <OutPorts = 1>
ST_16 : Operation 186 [1/1] (1.73ns)   --->   "%add_ln39_1 = add i4 %k_1, i4 1" [../xup_high_level_synthesis_design_flow-main/source/lab3/dct.c:39->../xup_high_level_synthesis_design_flow-main/source/lab3/dct.c:70->../xup_high_level_synthesis_design_flow-main/source/lab3/dct.c:113]   --->   Operation 186 'add' 'add_ln39_1' <Predicate = true> <Delay = 1.73> <CoreInst = "Adder">   --->   Core 1 'Adder' <Latency = 0> <II = 1> <Delay = 1.73> <FuncUnit> <Opcode : 'add' 'sub'> <InPorts = 2> <OutPorts = 1>
ST_16 : Operation 187 [1/1] (0.00ns)   --->   "%br_ln39 = br i1 %icmp_ln39_1, void %DCT_Inner_Loop.i17.i.split, void %dct_1d.exit37.i" [../xup_high_level_synthesis_design_flow-main/source/lab3/dct.c:39->../xup_high_level_synthesis_design_flow-main/source/lab3/dct.c:70->../xup_high_level_synthesis_design_flow-main/source/lab3/dct.c:113]   --->   Operation 187 'br' 'br_ln39' <Predicate = true> <Delay = 0.00>
ST_16 : Operation 188 [1/1] (0.00ns)   --->   "%speclooptripcount_ln32 = speclooptripcount void @_ssdm_op_SpecLoopTripCount, i64 8, i64 8, i64 8" [../xup_high_level_synthesis_design_flow-main/source/lab3/dct.c:32->../xup_high_level_synthesis_design_flow-main/source/lab3/dct.c:70->../xup_high_level_synthesis_design_flow-main/source/lab3/dct.c:113]   --->   Operation 188 'speclooptripcount' 'speclooptripcount_ln32' <Predicate = (!icmp_ln39_1)> <Delay = 0.00>
ST_16 : Operation 189 [1/1] (0.00ns)   --->   "%specloopname_ln39 = specloopname void @_ssdm_op_SpecLoopName, void @empty_7" [../xup_high_level_synthesis_design_flow-main/source/lab3/dct.c:39->../xup_high_level_synthesis_design_flow-main/source/lab3/dct.c:70->../xup_high_level_synthesis_design_flow-main/source/lab3/dct.c:113]   --->   Operation 189 'specloopname' 'specloopname_ln39' <Predicate = (!icmp_ln39_1)> <Delay = 0.00>
ST_16 : Operation 190 [1/1] (1.58ns)   --->   "%br_ln41 = br void %for.inc.i29.i" [../xup_high_level_synthesis_design_flow-main/source/lab3/dct.c:41->../xup_high_level_synthesis_design_flow-main/source/lab3/dct.c:70->../xup_high_level_synthesis_design_flow-main/source/lab3/dct.c:113]   --->   Operation 190 'br' 'br_ln41' <Predicate = (!icmp_ln39_1)> <Delay = 1.58>
ST_16 : Operation 191 [1/1] (1.58ns)   --->   "%store_ln69 = store i4 %add_ln69, i4 %i_1" [../xup_high_level_synthesis_design_flow-main/source/lab3/dct.c:69->../xup_high_level_synthesis_design_flow-main/source/lab3/dct.c:113]   --->   Operation 191 'store' 'store_ln69' <Predicate = (icmp_ln39_1)> <Delay = 1.58>
ST_16 : Operation 192 [1/1] (0.00ns)   --->   "%br_ln69 = br void %for.inc33.i" [../xup_high_level_synthesis_design_flow-main/source/lab3/dct.c:69->../xup_high_level_synthesis_design_flow-main/source/lab3/dct.c:113]   --->   Operation 192 'br' 'br_ln69' <Predicate = (icmp_ln39_1)> <Delay = 0.00>

State 17 <SV = 6> <Delay = 5.71>
ST_17 : Operation 193 [1/1] (0.00ns)   --->   "%n_1 = phi i4 %add_ln41_1, void %for.inc.i29.i.split, i4 0, void %DCT_Inner_Loop.i17.i.split" [../xup_high_level_synthesis_design_flow-main/source/lab3/dct.c:41->../xup_high_level_synthesis_design_flow-main/source/lab3/dct.c:70->../xup_high_level_synthesis_design_flow-main/source/lab3/dct.c:113]   --->   Operation 193 'phi' 'n_1' <Predicate = true> <Delay = 0.00>
ST_17 : Operation 194 [1/1] (0.00ns)   --->   "%tmp_2 = phi i32 %tmp_12, void %for.inc.i29.i.split, i32 0, void %DCT_Inner_Loop.i17.i.split"   --->   Operation 194 'phi' 'tmp_2' <Predicate = true> <Delay = 0.00>
ST_17 : Operation 195 [1/1] (0.00ns)   --->   "%zext_ln42_4 = zext i4 %n_1" [../xup_high_level_synthesis_design_flow-main/source/lab3/dct.c:42->../xup_high_level_synthesis_design_flow-main/source/lab3/dct.c:70->../xup_high_level_synthesis_design_flow-main/source/lab3/dct.c:113]   --->   Operation 195 'zext' 'zext_ln42_4' <Predicate = true> <Delay = 0.00>
ST_17 : Operation 196 [1/1] (1.82ns)   --->   "%add_ln42_1 = add i6 %tmp_3, i6 %zext_ln42_4" [../xup_high_level_synthesis_design_flow-main/source/lab3/dct.c:42->../xup_high_level_synthesis_design_flow-main/source/lab3/dct.c:70->../xup_high_level_synthesis_design_flow-main/source/lab3/dct.c:113]   --->   Operation 196 'add' 'add_ln42_1' <Predicate = true> <Delay = 1.82> <CoreInst = "Adder">   --->   Core 1 'Adder' <Latency = 0> <II = 1> <Delay = 1.82> <FuncUnit> <Opcode : 'add' 'sub'> <InPorts = 2> <OutPorts = 1>
ST_17 : Operation 197 [1/1] (0.00ns)   --->   "%zext_ln42_5 = zext i6 %add_ln42_1" [../xup_high_level_synthesis_design_flow-main/source/lab3/dct.c:42->../xup_high_level_synthesis_design_flow-main/source/lab3/dct.c:70->../xup_high_level_synthesis_design_flow-main/source/lab3/dct.c:113]   --->   Operation 197 'zext' 'zext_ln42_5' <Predicate = true> <Delay = 0.00>
ST_17 : Operation 198 [1/1] (0.00ns)   --->   "%dct_coeff_table_addr_1 = getelementptr i15 %dct_coeff_table, i64 0, i64 %zext_ln42_5" [../xup_high_level_synthesis_design_flow-main/source/lab3/dct.c:42->../xup_high_level_synthesis_design_flow-main/source/lab3/dct.c:70->../xup_high_level_synthesis_design_flow-main/source/lab3/dct.c:113]   --->   Operation 198 'getelementptr' 'dct_coeff_table_addr_1' <Predicate = true> <Delay = 0.00>
ST_17 : Operation 199 [1/1] (1.82ns)   --->   "%add_ln43_2 = add i6 %tmp_8, i6 %zext_ln42_4" [../xup_high_level_synthesis_design_flow-main/source/lab3/dct.c:43->../xup_high_level_synthesis_design_flow-main/source/lab3/dct.c:70->../xup_high_level_synthesis_design_flow-main/source/lab3/dct.c:113]   --->   Operation 199 'add' 'add_ln43_2' <Predicate = true> <Delay = 1.82> <CoreInst = "Adder">   --->   Core 1 'Adder' <Latency = 0> <II = 1> <Delay = 1.82> <FuncUnit> <Opcode : 'add' 'sub'> <InPorts = 2> <OutPorts = 1>
ST_17 : Operation 200 [1/1] (0.00ns)   --->   "%zext_ln43_1 = zext i6 %add_ln43_2" [../xup_high_level_synthesis_design_flow-main/source/lab3/dct.c:43->../xup_high_level_synthesis_design_flow-main/source/lab3/dct.c:70->../xup_high_level_synthesis_design_flow-main/source/lab3/dct.c:113]   --->   Operation 200 'zext' 'zext_ln43_1' <Predicate = true> <Delay = 0.00>
ST_17 : Operation 201 [1/1] (0.00ns)   --->   "%col_inbuf_addr_1 = getelementptr i16 %col_inbuf, i64 0, i64 %zext_ln43_1" [../xup_high_level_synthesis_design_flow-main/source/lab3/dct.c:43->../xup_high_level_synthesis_design_flow-main/source/lab3/dct.c:70->../xup_high_level_synthesis_design_flow-main/source/lab3/dct.c:113]   --->   Operation 201 'getelementptr' 'col_inbuf_addr_1' <Predicate = true> <Delay = 0.00>
ST_17 : Operation 202 [1/1] (1.73ns)   --->   "%icmp_ln41_1 = icmp_eq  i4 %n_1, i4 8" [../xup_high_level_synthesis_design_flow-main/source/lab3/dct.c:41->../xup_high_level_synthesis_design_flow-main/source/lab3/dct.c:70->../xup_high_level_synthesis_design_flow-main/source/lab3/dct.c:113]   --->   Operation 202 'icmp' 'icmp_ln41_1' <Predicate = true> <Delay = 1.73> <CoreInst = "Cmp">   --->   Core 9 'Cmp' <Latency = 0> <II = 1> <Delay = 1.73> <FuncUnit> <Opcode : 'icmp'> <InPorts = 2> <OutPorts = 1>
ST_17 : Operation 203 [1/1] (1.73ns)   --->   "%add_ln41_1 = add i4 %n_1, i4 1" [../xup_high_level_synthesis_design_flow-main/source/lab3/dct.c:41->../xup_high_level_synthesis_design_flow-main/source/lab3/dct.c:70->../xup_high_level_synthesis_design_flow-main/source/lab3/dct.c:113]   --->   Operation 203 'add' 'add_ln41_1' <Predicate = true> <Delay = 1.73> <CoreInst = "Adder">   --->   Core 1 'Adder' <Latency = 0> <II = 1> <Delay = 1.73> <FuncUnit> <Opcode : 'add' 'sub'> <InPorts = 2> <OutPorts = 1>
ST_17 : Operation 204 [1/1] (0.00ns)   --->   "%br_ln41 = br i1 %icmp_ln41_1, void %for.inc.i29.i.split, void %for.inc13.i36.i" [../xup_high_level_synthesis_design_flow-main/source/lab3/dct.c:41->../xup_high_level_synthesis_design_flow-main/source/lab3/dct.c:70->../xup_high_level_synthesis_design_flow-main/source/lab3/dct.c:113]   --->   Operation 204 'br' 'br_ln41' <Predicate = true> <Delay = 0.00>
ST_17 : Operation 205 [2/2] (2.32ns)   --->   "%coeff_1 = load i6 %dct_coeff_table_addr_1" [../xup_high_level_synthesis_design_flow-main/source/lab3/dct.c:42->../xup_high_level_synthesis_design_flow-main/source/lab3/dct.c:70->../xup_high_level_synthesis_design_flow-main/source/lab3/dct.c:113]   --->   Operation 205 'load' 'coeff_1' <Predicate = (!icmp_ln41_1)> <Delay = 2.32> <CoreInst = "ROM">   --->   Core 95 'ROM' <Latency = 1> <II = 1> <Delay = 2.32> <Storage> <Opcode : 'load'> <Ports = 0> <Width = 15> <Depth = 64> <ROM>
ST_17 : Operation 206 [2/2] (3.25ns)   --->   "%col_inbuf_load = load i6 %col_inbuf_addr_1" [../xup_high_level_synthesis_design_flow-main/source/lab3/dct.c:43->../xup_high_level_synthesis_design_flow-main/source/lab3/dct.c:70->../xup_high_level_synthesis_design_flow-main/source/lab3/dct.c:113]   --->   Operation 206 'load' 'col_inbuf_load' <Predicate = (!icmp_ln41_1)> <Delay = 3.25> <CoreInst = "RAM">   --->   Core 82 'RAM' <Latency = 1> <II = 1> <Delay = 3.25> <Storage> <Opcode : 'load' 'store'> <Ports = 2> <Width = 16> <Depth = 64> <RAM>
ST_17 : Operation 207 [1/1] (0.00ns)   --->   "%trunc_ln41_1 = trunc i32 %tmp_2" [../xup_high_level_synthesis_design_flow-main/source/lab3/dct.c:41->../xup_high_level_synthesis_design_flow-main/source/lab3/dct.c:70->../xup_high_level_synthesis_design_flow-main/source/lab3/dct.c:113]   --->   Operation 207 'trunc' 'trunc_ln41_1' <Predicate = (icmp_ln41_1)> <Delay = 0.00>
ST_17 : Operation 208 [1/1] (2.46ns)   --->   "%add_ln45_1 = add i29 %trunc_ln41_1, i29 4096" [../xup_high_level_synthesis_design_flow-main/source/lab3/dct.c:45->../xup_high_level_synthesis_design_flow-main/source/lab3/dct.c:70->../xup_high_level_synthesis_design_flow-main/source/lab3/dct.c:113]   --->   Operation 208 'add' 'add_ln45_1' <Predicate = (icmp_ln41_1)> <Delay = 2.46> <CoreInst = "Adder">   --->   Core 1 'Adder' <Latency = 0> <II = 1> <Delay = 2.46> <FuncUnit> <Opcode : 'add' 'sub'> <InPorts = 2> <OutPorts = 1>
ST_17 : Operation 209 [1/1] (0.00ns)   --->   "%trunc_ln45_1 = partselect i16 @_ssdm_op_PartSelect.i16.i29.i32.i32, i29 %add_ln45_1, i32 13, i32 28" [../xup_high_level_synthesis_design_flow-main/source/lab3/dct.c:45->../xup_high_level_synthesis_design_flow-main/source/lab3/dct.c:70->../xup_high_level_synthesis_design_flow-main/source/lab3/dct.c:113]   --->   Operation 209 'partselect' 'trunc_ln45_1' <Predicate = (icmp_ln41_1)> <Delay = 0.00>
ST_17 : Operation 210 [1/1] (3.25ns)   --->   "%store_ln45 = store i16 %trunc_ln45_1, i6 %col_outbuf_addr_1" [../xup_high_level_synthesis_design_flow-main/source/lab3/dct.c:45->../xup_high_level_synthesis_design_flow-main/source/lab3/dct.c:70->../xup_high_level_synthesis_design_flow-main/source/lab3/dct.c:113]   --->   Operation 210 'store' 'store_ln45' <Predicate = (icmp_ln41_1)> <Delay = 3.25> <CoreInst = "RAM">   --->   Core 82 'RAM' <Latency = 1> <II = 1> <Delay = 3.25> <Storage> <Opcode : 'load' 'store'> <Ports = 2> <Width = 16> <Depth = 64> <RAM>
ST_17 : Operation 211 [1/1] (0.00ns)   --->   "%br_ln39 = br void %DCT_Inner_Loop.i17.i" [../xup_high_level_synthesis_design_flow-main/source/lab3/dct.c:39->../xup_high_level_synthesis_design_flow-main/source/lab3/dct.c:70->../xup_high_level_synthesis_design_flow-main/source/lab3/dct.c:113]   --->   Operation 211 'br' 'br_ln39' <Predicate = (icmp_ln41_1)> <Delay = 0.00>

State 18 <SV = 7> <Delay = 4.30>
ST_18 : Operation 212 [1/2] (2.32ns)   --->   "%coeff_1 = load i6 %dct_coeff_table_addr_1" [../xup_high_level_synthesis_design_flow-main/source/lab3/dct.c:42->../xup_high_level_synthesis_design_flow-main/source/lab3/dct.c:70->../xup_high_level_synthesis_design_flow-main/source/lab3/dct.c:113]   --->   Operation 212 'load' 'coeff_1' <Predicate = true> <Delay = 2.32> <CoreInst = "ROM">   --->   Core 95 'ROM' <Latency = 1> <II = 1> <Delay = 2.32> <Storage> <Opcode : 'load'> <Ports = 0> <Width = 15> <Depth = 64> <ROM>
ST_18 : Operation 213 [1/1] (0.00ns)   --->   "%sext_ln42_1 = sext i15 %coeff_1" [../xup_high_level_synthesis_design_flow-main/source/lab3/dct.c:42->../xup_high_level_synthesis_design_flow-main/source/lab3/dct.c:70->../xup_high_level_synthesis_design_flow-main/source/lab3/dct.c:113]   --->   Operation 213 'sext' 'sext_ln42_1' <Predicate = true> <Delay = 0.00>
ST_18 : Operation 214 [1/2] (3.25ns)   --->   "%col_inbuf_load = load i6 %col_inbuf_addr_1" [../xup_high_level_synthesis_design_flow-main/source/lab3/dct.c:43->../xup_high_level_synthesis_design_flow-main/source/lab3/dct.c:70->../xup_high_level_synthesis_design_flow-main/source/lab3/dct.c:113]   --->   Operation 214 'load' 'col_inbuf_load' <Predicate = true> <Delay = 3.25> <CoreInst = "RAM">   --->   Core 82 'RAM' <Latency = 1> <II = 1> <Delay = 3.25> <Storage> <Opcode : 'load' 'store'> <Ports = 2> <Width = 16> <Depth = 64> <RAM>
ST_18 : Operation 215 [1/1] (0.00ns)   --->   "%sext_ln43_2 = sext i16 %col_inbuf_load" [../xup_high_level_synthesis_design_flow-main/source/lab3/dct.c:43->../xup_high_level_synthesis_design_flow-main/source/lab3/dct.c:70->../xup_high_level_synthesis_design_flow-main/source/lab3/dct.c:113]   --->   Operation 215 'sext' 'sext_ln43_2' <Predicate = true> <Delay = 0.00>
ST_18 : Operation 216 [3/3] (1.05ns) (grouped into DSP with root node tmp_12)   --->   "%mul_ln43_1 = mul i31 %sext_ln43_2, i31 %sext_ln42_1" [../xup_high_level_synthesis_design_flow-main/source/lab3/dct.c:43->../xup_high_level_synthesis_design_flow-main/source/lab3/dct.c:70->../xup_high_level_synthesis_design_flow-main/source/lab3/dct.c:113]   --->   Operation 216 'mul' 'mul_ln43_1' <Predicate = true> <Delay = 1.05> <CoreInst = "DSP48">   --->   Core 119 'DSP48' <Latency = 3> <II = 1> <Delay = 2.15> <IPBlock> <Opcode : '<invalid operator> ' 'mul' 'add' 'sub' 'select'> <InPorts = 0> <OutPorts = 1> <Sync> <CReg>

State 19 <SV = 8> <Delay = 1.05>
ST_19 : Operation 217 [2/3] (1.05ns) (grouped into DSP with root node tmp_12)   --->   "%mul_ln43_1 = mul i31 %sext_ln43_2, i31 %sext_ln42_1" [../xup_high_level_synthesis_design_flow-main/source/lab3/dct.c:43->../xup_high_level_synthesis_design_flow-main/source/lab3/dct.c:70->../xup_high_level_synthesis_design_flow-main/source/lab3/dct.c:113]   --->   Operation 217 'mul' 'mul_ln43_1' <Predicate = true> <Delay = 1.05> <CoreInst = "DSP48">   --->   Core 119 'DSP48' <Latency = 3> <II = 1> <Delay = 2.15> <IPBlock> <Opcode : '<invalid operator> ' 'mul' 'add' 'sub' 'select'> <InPorts = 0> <OutPorts = 1> <Sync> <CReg>

State 20 <SV = 9> <Delay = 2.10>
ST_20 : Operation 218 [1/3] (0.00ns) (grouped into DSP with root node tmp_12)   --->   "%mul_ln43_1 = mul i31 %sext_ln43_2, i31 %sext_ln42_1" [../xup_high_level_synthesis_design_flow-main/source/lab3/dct.c:43->../xup_high_level_synthesis_design_flow-main/source/lab3/dct.c:70->../xup_high_level_synthesis_design_flow-main/source/lab3/dct.c:113]   --->   Operation 218 'mul' 'mul_ln43_1' <Predicate = true> <Delay = 0.00> <CoreInst = "DSP48">   --->   Core 119 'DSP48' <Latency = 3> <II = 1> <Delay = 2.15> <IPBlock> <Opcode : '<invalid operator> ' 'mul' 'add' 'sub' 'select'> <InPorts = 0> <OutPorts = 1> <Sync> <CReg>
ST_20 : Operation 219 [1/1] (0.00ns) (grouped into DSP with root node tmp_12)   --->   "%sext_ln43_3 = sext i31 %mul_ln43_1" [../xup_high_level_synthesis_design_flow-main/source/lab3/dct.c:43->../xup_high_level_synthesis_design_flow-main/source/lab3/dct.c:70->../xup_high_level_synthesis_design_flow-main/source/lab3/dct.c:113]   --->   Operation 219 'sext' 'sext_ln43_3' <Predicate = true> <Delay = 0.00>
ST_20 : Operation 220 [2/2] (2.10ns) (root node of the DSP)   --->   "%tmp_12 = add i32 %sext_ln43_3, i32 %tmp_2" [../xup_high_level_synthesis_design_flow-main/source/lab3/dct.c:43->../xup_high_level_synthesis_design_flow-main/source/lab3/dct.c:70->../xup_high_level_synthesis_design_flow-main/source/lab3/dct.c:113]   --->   Operation 220 'add' 'tmp_12' <Predicate = true> <Delay = 2.10> <CoreInst = "DSP48">   --->   Core 119 'DSP48' <Latency = 3> <II = 1> <Delay = 2.15> <IPBlock> <Opcode : '<invalid operator> ' 'mul' 'add' 'sub' 'select'> <InPorts = 0> <OutPorts = 1> <Sync> <CReg>

State 21 <SV = 10> <Delay = 2.10>
ST_21 : Operation 221 [1/1] (0.00ns)   --->   "%speclooptripcount_ln32 = speclooptripcount void @_ssdm_op_SpecLoopTripCount, i64 8, i64 8, i64 8" [../xup_high_level_synthesis_design_flow-main/source/lab3/dct.c:32->../xup_high_level_synthesis_design_flow-main/source/lab3/dct.c:70->../xup_high_level_synthesis_design_flow-main/source/lab3/dct.c:113]   --->   Operation 221 'speclooptripcount' 'speclooptripcount_ln32' <Predicate = true> <Delay = 0.00>
ST_21 : Operation 222 [1/1] (0.00ns)   --->   "%specloopname_ln41 = specloopname void @_ssdm_op_SpecLoopName, void @empty_6" [../xup_high_level_synthesis_design_flow-main/source/lab3/dct.c:41->../xup_high_level_synthesis_design_flow-main/source/lab3/dct.c:70->../xup_high_level_synthesis_design_flow-main/source/lab3/dct.c:113]   --->   Operation 222 'specloopname' 'specloopname_ln41' <Predicate = true> <Delay = 0.00>
ST_21 : Operation 223 [1/2] (2.10ns) (root node of the DSP)   --->   "%tmp_12 = add i32 %sext_ln43_3, i32 %tmp_2" [../xup_high_level_synthesis_design_flow-main/source/lab3/dct.c:43->../xup_high_level_synthesis_design_flow-main/source/lab3/dct.c:70->../xup_high_level_synthesis_design_flow-main/source/lab3/dct.c:113]   --->   Operation 223 'add' 'tmp_12' <Predicate = true> <Delay = 2.10> <CoreInst = "DSP48">   --->   Core 119 'DSP48' <Latency = 3> <II = 1> <Delay = 2.15> <IPBlock> <Opcode : '<invalid operator> ' 'mul' 'add' 'sub' 'select'> <InPorts = 0> <OutPorts = 1> <Sync> <CReg>
ST_21 : Operation 224 [1/1] (0.00ns)   --->   "%br_ln41 = br void %for.inc.i29.i" [../xup_high_level_synthesis_design_flow-main/source/lab3/dct.c:41->../xup_high_level_synthesis_design_flow-main/source/lab3/dct.c:70->../xup_high_level_synthesis_design_flow-main/source/lab3/dct.c:113]   --->   Operation 224 'br' 'br_ln41' <Predicate = true> <Delay = 0.00>

State 22 <SV = 5> <Delay = 3.32>
ST_22 : Operation 225 [1/1] (0.00ns)   --->   "%j_3 = load i4 %j_1" [../xup_high_level_synthesis_design_flow-main/source/lab3/dct.c:74->../xup_high_level_synthesis_design_flow-main/source/lab3/dct.c:113]   --->   Operation 225 'load' 'j_3' <Predicate = true> <Delay = 0.00>
ST_22 : Operation 226 [1/1] (0.00ns)   --->   "%trunc_ln74 = trunc i4 %j_3" [../xup_high_level_synthesis_design_flow-main/source/lab3/dct.c:74->../xup_high_level_synthesis_design_flow-main/source/lab3/dct.c:113]   --->   Operation 226 'trunc' 'trunc_ln74' <Predicate = true> <Delay = 0.00>
ST_22 : Operation 227 [1/1] (0.00ns)   --->   "%zext_ln77 = zext i4 %j_3" [../xup_high_level_synthesis_design_flow-main/source/lab3/dct.c:77->../xup_high_level_synthesis_design_flow-main/source/lab3/dct.c:113]   --->   Operation 227 'zext' 'zext_ln77' <Predicate = true> <Delay = 0.00>
ST_22 : Operation 228 [1/1] (0.00ns)   --->   "%tmp_s = bitconcatenate i6 @_ssdm_op_BitConcatenate.i6.i3.i3, i3 %trunc_ln74, i3 0" [../xup_high_level_synthesis_design_flow-main/source/lab3/dct.c:77->../xup_high_level_synthesis_design_flow-main/source/lab3/dct.c:113]   --->   Operation 228 'bitconcatenate' 'tmp_s' <Predicate = true> <Delay = 0.00>
ST_22 : Operation 229 [1/1] (1.73ns)   --->   "%icmp_ln74 = icmp_eq  i4 %j_3, i4 8" [../xup_high_level_synthesis_design_flow-main/source/lab3/dct.c:74->../xup_high_level_synthesis_design_flow-main/source/lab3/dct.c:113]   --->   Operation 229 'icmp' 'icmp_ln74' <Predicate = true> <Delay = 1.73> <CoreInst = "Cmp">   --->   Core 9 'Cmp' <Latency = 0> <II = 1> <Delay = 1.73> <FuncUnit> <Opcode : 'icmp'> <InPorts = 2> <OutPorts = 1>
ST_22 : Operation 230 [1/1] (1.73ns)   --->   "%add_ln74 = add i4 %j_3, i4 1" [../xup_high_level_synthesis_design_flow-main/source/lab3/dct.c:74->../xup_high_level_synthesis_design_flow-main/source/lab3/dct.c:113]   --->   Operation 230 'add' 'add_ln74' <Predicate = true> <Delay = 1.73> <CoreInst = "Adder">   --->   Core 1 'Adder' <Latency = 0> <II = 1> <Delay = 1.73> <FuncUnit> <Opcode : 'add' 'sub'> <InPorts = 2> <OutPorts = 1>
ST_22 : Operation 231 [1/1] (0.00ns)   --->   "%br_ln74 = br i1 %icmp_ln74, void %Xpose_Col_Inner_Loop.i.split, void %WR_Loop_Col.i.preheader" [../xup_high_level_synthesis_design_flow-main/source/lab3/dct.c:74->../xup_high_level_synthesis_design_flow-main/source/lab3/dct.c:113]   --->   Operation 231 'br' 'br_ln74' <Predicate = true> <Delay = 0.00>
ST_22 : Operation 232 [1/1] (0.00ns)   --->   "%speclooptripcount_ln54 = speclooptripcount void @_ssdm_op_SpecLoopTripCount, i64 8, i64 8, i64 8" [../xup_high_level_synthesis_design_flow-main/source/lab3/dct.c:54->../xup_high_level_synthesis_design_flow-main/source/lab3/dct.c:113]   --->   Operation 232 'speclooptripcount' 'speclooptripcount_ln54' <Predicate = (!icmp_ln74)> <Delay = 0.00>
ST_22 : Operation 233 [1/1] (0.00ns)   --->   "%specloopname_ln74 = specloopname void @_ssdm_op_SpecLoopName, void @empty_5" [../xup_high_level_synthesis_design_flow-main/source/lab3/dct.c:74->../xup_high_level_synthesis_design_flow-main/source/lab3/dct.c:113]   --->   Operation 233 'specloopname' 'specloopname_ln74' <Predicate = (!icmp_ln74)> <Delay = 0.00>
ST_22 : Operation 234 [1/1] (1.58ns)   --->   "%br_ln76 = br void %for.inc50.i" [../xup_high_level_synthesis_design_flow-main/source/lab3/dct.c:76->../xup_high_level_synthesis_design_flow-main/source/lab3/dct.c:113]   --->   Operation 234 'br' 'br_ln76' <Predicate = (!icmp_ln74)> <Delay = 1.58>
ST_22 : Operation 235 [1/1] (0.00ns)   --->   "%r_1 = alloca i32 1"   --->   Operation 235 'alloca' 'r_1' <Predicate = (icmp_ln74)> <Delay = 0.00>
ST_22 : Operation 236 [1/1] (1.58ns)   --->   "%store_ln100 = store i4 0, i4 %r_1" [../xup_high_level_synthesis_design_flow-main/source/lab3/dct.c:100->../xup_high_level_synthesis_design_flow-main/source/lab3/dct.c:116]   --->   Operation 236 'store' 'store_ln100' <Predicate = (icmp_ln74)> <Delay = 1.58>
ST_22 : Operation 237 [1/1] (0.00ns)   --->   "%br_ln100 = br void %WR_Loop_Col.i" [../xup_high_level_synthesis_design_flow-main/source/lab3/dct.c:100->../xup_high_level_synthesis_design_flow-main/source/lab3/dct.c:116]   --->   Operation 237 'br' 'br_ln100' <Predicate = (icmp_ln74)> <Delay = 0.00>

State 23 <SV = 6> <Delay = 5.07>
ST_23 : Operation 238 [1/1] (0.00ns)   --->   "%i_3 = phi i4 %add_ln76, void %for.inc50.i.split, i4 0, void %Xpose_Col_Inner_Loop.i.split" [../xup_high_level_synthesis_design_flow-main/source/lab3/dct.c:76->../xup_high_level_synthesis_design_flow-main/source/lab3/dct.c:113]   --->   Operation 238 'phi' 'i_3' <Predicate = true> <Delay = 0.00>
ST_23 : Operation 239 [1/1] (0.00ns)   --->   "%trunc_ln76 = trunc i4 %i_3" [../xup_high_level_synthesis_design_flow-main/source/lab3/dct.c:76->../xup_high_level_synthesis_design_flow-main/source/lab3/dct.c:113]   --->   Operation 239 'trunc' 'trunc_ln76' <Predicate = true> <Delay = 0.00>
ST_23 : Operation 240 [1/1] (0.00ns)   --->   "%zext_ln77_1 = zext i4 %i_3" [../xup_high_level_synthesis_design_flow-main/source/lab3/dct.c:77->../xup_high_level_synthesis_design_flow-main/source/lab3/dct.c:113]   --->   Operation 240 'zext' 'zext_ln77_1' <Predicate = true> <Delay = 0.00>
ST_23 : Operation 241 [1/1] (0.00ns)   --->   "%tmp_11 = bitconcatenate i6 @_ssdm_op_BitConcatenate.i6.i3.i3, i3 %trunc_ln76, i3 0" [../xup_high_level_synthesis_design_flow-main/source/lab3/dct.c:77->../xup_high_level_synthesis_design_flow-main/source/lab3/dct.c:113]   --->   Operation 241 'bitconcatenate' 'tmp_11' <Predicate = true> <Delay = 0.00>
ST_23 : Operation 242 [1/1] (1.82ns)   --->   "%add_ln77 = add i6 %tmp_11, i6 %zext_ln77" [../xup_high_level_synthesis_design_flow-main/source/lab3/dct.c:77->../xup_high_level_synthesis_design_flow-main/source/lab3/dct.c:113]   --->   Operation 242 'add' 'add_ln77' <Predicate = true> <Delay = 1.82> <CoreInst = "Adder">   --->   Core 1 'Adder' <Latency = 0> <II = 1> <Delay = 1.82> <FuncUnit> <Opcode : 'add' 'sub'> <InPorts = 2> <OutPorts = 1>
ST_23 : Operation 243 [1/1] (0.00ns)   --->   "%zext_ln77_2 = zext i6 %add_ln77" [../xup_high_level_synthesis_design_flow-main/source/lab3/dct.c:77->../xup_high_level_synthesis_design_flow-main/source/lab3/dct.c:113]   --->   Operation 243 'zext' 'zext_ln77_2' <Predicate = true> <Delay = 0.00>
ST_23 : Operation 244 [1/1] (0.00ns)   --->   "%col_outbuf_addr = getelementptr i16 %col_outbuf, i64 0, i64 %zext_ln77_2" [../xup_high_level_synthesis_design_flow-main/source/lab3/dct.c:77->../xup_high_level_synthesis_design_flow-main/source/lab3/dct.c:113]   --->   Operation 244 'getelementptr' 'col_outbuf_addr' <Predicate = true> <Delay = 0.00>
ST_23 : Operation 245 [1/1] (1.82ns)   --->   "%add_ln77_1 = add i6 %tmp_s, i6 %zext_ln77_1" [../xup_high_level_synthesis_design_flow-main/source/lab3/dct.c:77->../xup_high_level_synthesis_design_flow-main/source/lab3/dct.c:113]   --->   Operation 245 'add' 'add_ln77_1' <Predicate = true> <Delay = 1.82> <CoreInst = "Adder">   --->   Core 1 'Adder' <Latency = 0> <II = 1> <Delay = 1.82> <FuncUnit> <Opcode : 'add' 'sub'> <InPorts = 2> <OutPorts = 1>
ST_23 : Operation 246 [1/1] (0.00ns)   --->   "%zext_ln77_3 = zext i6 %add_ln77_1" [../xup_high_level_synthesis_design_flow-main/source/lab3/dct.c:77->../xup_high_level_synthesis_design_flow-main/source/lab3/dct.c:113]   --->   Operation 246 'zext' 'zext_ln77_3' <Predicate = true> <Delay = 0.00>
ST_23 : Operation 247 [1/1] (0.00ns)   --->   "%buf_2d_out_addr = getelementptr i16 %buf_2d_out, i64 0, i64 %zext_ln77_3" [../xup_high_level_synthesis_design_flow-main/source/lab3/dct.c:77->../xup_high_level_synthesis_design_flow-main/source/lab3/dct.c:113]   --->   Operation 247 'getelementptr' 'buf_2d_out_addr' <Predicate = true> <Delay = 0.00>
ST_23 : Operation 248 [1/1] (1.73ns)   --->   "%icmp_ln76 = icmp_eq  i4 %i_3, i4 8" [../xup_high_level_synthesis_design_flow-main/source/lab3/dct.c:76->../xup_high_level_synthesis_design_flow-main/source/lab3/dct.c:113]   --->   Operation 248 'icmp' 'icmp_ln76' <Predicate = true> <Delay = 1.73> <CoreInst = "Cmp">   --->   Core 9 'Cmp' <Latency = 0> <II = 1> <Delay = 1.73> <FuncUnit> <Opcode : 'icmp'> <InPorts = 2> <OutPorts = 1>
ST_23 : Operation 249 [1/1] (1.73ns)   --->   "%add_ln76 = add i4 %i_3, i4 1" [../xup_high_level_synthesis_design_flow-main/source/lab3/dct.c:76->../xup_high_level_synthesis_design_flow-main/source/lab3/dct.c:113]   --->   Operation 249 'add' 'add_ln76' <Predicate = true> <Delay = 1.73> <CoreInst = "Adder">   --->   Core 1 'Adder' <Latency = 0> <II = 1> <Delay = 1.73> <FuncUnit> <Opcode : 'add' 'sub'> <InPorts = 2> <OutPorts = 1>
ST_23 : Operation 250 [1/1] (0.00ns)   --->   "%br_ln76 = br i1 %icmp_ln76, void %for.inc50.i.split, void %for.inc53.i" [../xup_high_level_synthesis_design_flow-main/source/lab3/dct.c:76->../xup_high_level_synthesis_design_flow-main/source/lab3/dct.c:113]   --->   Operation 250 'br' 'br_ln76' <Predicate = true> <Delay = 0.00>
ST_23 : Operation 251 [2/2] (3.25ns)   --->   "%col_outbuf_load = load i6 %col_outbuf_addr" [../xup_high_level_synthesis_design_flow-main/source/lab3/dct.c:77->../xup_high_level_synthesis_design_flow-main/source/lab3/dct.c:113]   --->   Operation 251 'load' 'col_outbuf_load' <Predicate = (!icmp_ln76)> <Delay = 3.25> <CoreInst = "RAM">   --->   Core 82 'RAM' <Latency = 1> <II = 1> <Delay = 3.25> <Storage> <Opcode : 'load' 'store'> <Ports = 2> <Width = 16> <Depth = 64> <RAM>
ST_23 : Operation 252 [1/1] (1.58ns)   --->   "%store_ln74 = store i4 %add_ln74, i4 %j_1" [../xup_high_level_synthesis_design_flow-main/source/lab3/dct.c:74->../xup_high_level_synthesis_design_flow-main/source/lab3/dct.c:113]   --->   Operation 252 'store' 'store_ln74' <Predicate = (icmp_ln76)> <Delay = 1.58>
ST_23 : Operation 253 [1/1] (0.00ns)   --->   "%br_ln74 = br void %Xpose_Col_Inner_Loop.i" [../xup_high_level_synthesis_design_flow-main/source/lab3/dct.c:74->../xup_high_level_synthesis_design_flow-main/source/lab3/dct.c:113]   --->   Operation 253 'br' 'br_ln74' <Predicate = (icmp_ln76)> <Delay = 0.00>

State 24 <SV = 7> <Delay = 6.50>
ST_24 : Operation 254 [1/1] (0.00ns)   --->   "%speclooptripcount_ln54 = speclooptripcount void @_ssdm_op_SpecLoopTripCount, i64 8, i64 8, i64 8" [../xup_high_level_synthesis_design_flow-main/source/lab3/dct.c:54->../xup_high_level_synthesis_design_flow-main/source/lab3/dct.c:113]   --->   Operation 254 'speclooptripcount' 'speclooptripcount_ln54' <Predicate = true> <Delay = 0.00>
ST_24 : Operation 255 [1/1] (0.00ns)   --->   "%specloopname_ln76 = specloopname void @_ssdm_op_SpecLoopName, void @empty_4" [../xup_high_level_synthesis_design_flow-main/source/lab3/dct.c:76->../xup_high_level_synthesis_design_flow-main/source/lab3/dct.c:113]   --->   Operation 255 'specloopname' 'specloopname_ln76' <Predicate = true> <Delay = 0.00>
ST_24 : Operation 256 [1/2] (3.25ns)   --->   "%col_outbuf_load = load i6 %col_outbuf_addr" [../xup_high_level_synthesis_design_flow-main/source/lab3/dct.c:77->../xup_high_level_synthesis_design_flow-main/source/lab3/dct.c:113]   --->   Operation 256 'load' 'col_outbuf_load' <Predicate = true> <Delay = 3.25> <CoreInst = "RAM">   --->   Core 82 'RAM' <Latency = 1> <II = 1> <Delay = 3.25> <Storage> <Opcode : 'load' 'store'> <Ports = 2> <Width = 16> <Depth = 64> <RAM>
ST_24 : Operation 257 [1/1] (3.25ns)   --->   "%store_ln77 = store i16 %col_outbuf_load, i6 %buf_2d_out_addr" [../xup_high_level_synthesis_design_flow-main/source/lab3/dct.c:77->../xup_high_level_synthesis_design_flow-main/source/lab3/dct.c:113]   --->   Operation 257 'store' 'store_ln77' <Predicate = true> <Delay = 3.25> <CoreInst = "RAM">   --->   Core 82 'RAM' <Latency = 1> <II = 1> <Delay = 3.25> <Storage> <Opcode : 'load' 'store'> <Ports = 2> <Width = 16> <Depth = 64> <RAM>
ST_24 : Operation 258 [1/1] (0.00ns)   --->   "%br_ln76 = br void %for.inc50.i" [../xup_high_level_synthesis_design_flow-main/source/lab3/dct.c:76->../xup_high_level_synthesis_design_flow-main/source/lab3/dct.c:113]   --->   Operation 258 'br' 'br_ln76' <Predicate = true> <Delay = 0.00>

State 25 <SV = 6> <Delay = 1.73>
ST_25 : Operation 259 [1/1] (0.00ns)   --->   "%r_3 = load i4 %r_1" [../xup_high_level_synthesis_design_flow-main/source/lab3/dct.c:100->../xup_high_level_synthesis_design_flow-main/source/lab3/dct.c:116]   --->   Operation 259 'load' 'r_3' <Predicate = true> <Delay = 0.00>
ST_25 : Operation 260 [1/1] (0.00ns)   --->   "%trunc_ln100 = trunc i4 %r_3" [../xup_high_level_synthesis_design_flow-main/source/lab3/dct.c:100->../xup_high_level_synthesis_design_flow-main/source/lab3/dct.c:116]   --->   Operation 260 'trunc' 'trunc_ln100' <Predicate = true> <Delay = 0.00>
ST_25 : Operation 261 [1/1] (0.00ns)   --->   "%tmp_10 = bitconcatenate i6 @_ssdm_op_BitConcatenate.i6.i3.i3, i3 %trunc_ln100, i3 0" [../xup_high_level_synthesis_design_flow-main/source/lab3/dct.c:100->../xup_high_level_synthesis_design_flow-main/source/lab3/dct.c:116]   --->   Operation 261 'bitconcatenate' 'tmp_10' <Predicate = true> <Delay = 0.00>
ST_25 : Operation 262 [1/1] (1.73ns)   --->   "%icmp_ln97 = icmp_eq  i4 %r_3, i4 8" [../xup_high_level_synthesis_design_flow-main/source/lab3/dct.c:97->../xup_high_level_synthesis_design_flow-main/source/lab3/dct.c:116]   --->   Operation 262 'icmp' 'icmp_ln97' <Predicate = true> <Delay = 1.73> <CoreInst = "Cmp">   --->   Core 9 'Cmp' <Latency = 0> <II = 1> <Delay = 1.73> <FuncUnit> <Opcode : 'icmp'> <InPorts = 2> <OutPorts = 1>
ST_25 : Operation 263 [1/1] (1.73ns)   --->   "%add_ln97 = add i4 %r_3, i4 1" [../xup_high_level_synthesis_design_flow-main/source/lab3/dct.c:97->../xup_high_level_synthesis_design_flow-main/source/lab3/dct.c:116]   --->   Operation 263 'add' 'add_ln97' <Predicate = true> <Delay = 1.73> <CoreInst = "Adder">   --->   Core 1 'Adder' <Latency = 0> <II = 1> <Delay = 1.73> <FuncUnit> <Opcode : 'add' 'sub'> <InPorts = 2> <OutPorts = 1>
ST_25 : Operation 264 [1/1] (0.00ns)   --->   "%br_ln97 = br i1 %icmp_ln97, void %WR_Loop_Col.i.split, void %write_data.exit" [../xup_high_level_synthesis_design_flow-main/source/lab3/dct.c:97->../xup_high_level_synthesis_design_flow-main/source/lab3/dct.c:116]   --->   Operation 264 'br' 'br_ln97' <Predicate = true> <Delay = 0.00>
ST_25 : Operation 265 [1/1] (0.00ns)   --->   "%speclooptripcount_ln94 = speclooptripcount void @_ssdm_op_SpecLoopTripCount, i64 8, i64 8, i64 8" [../xup_high_level_synthesis_design_flow-main/source/lab3/dct.c:94->../xup_high_level_synthesis_design_flow-main/source/lab3/dct.c:116]   --->   Operation 265 'speclooptripcount' 'speclooptripcount_ln94' <Predicate = (!icmp_ln97)> <Delay = 0.00>
ST_25 : Operation 266 [1/1] (0.00ns)   --->   "%specloopname_ln97 = specloopname void @_ssdm_op_SpecLoopName, void @empty_3" [../xup_high_level_synthesis_design_flow-main/source/lab3/dct.c:97->../xup_high_level_synthesis_design_flow-main/source/lab3/dct.c:116]   --->   Operation 266 'specloopname' 'specloopname_ln97' <Predicate = (!icmp_ln97)> <Delay = 0.00>
ST_25 : Operation 267 [1/1] (1.58ns)   --->   "%br_ln99 = br void %for.inc.i14" [../xup_high_level_synthesis_design_flow-main/source/lab3/dct.c:99->../xup_high_level_synthesis_design_flow-main/source/lab3/dct.c:116]   --->   Operation 267 'br' 'br_ln99' <Predicate = (!icmp_ln97)> <Delay = 1.58>
ST_25 : Operation 268 [1/1] (0.00ns)   --->   "%ret_ln117 = ret" [../xup_high_level_synthesis_design_flow-main/source/lab3/dct.c:117]   --->   Operation 268 'ret' 'ret_ln117' <Predicate = (icmp_ln97)> <Delay = 0.00>

State 26 <SV = 7> <Delay = 5.07>
ST_26 : Operation 269 [1/1] (0.00ns)   --->   "%c_1 = phi i4 %add_ln99, void %for.inc.i14.split, i4 0, void %WR_Loop_Col.i.split" [../xup_high_level_synthesis_design_flow-main/source/lab3/dct.c:99->../xup_high_level_synthesis_design_flow-main/source/lab3/dct.c:116]   --->   Operation 269 'phi' 'c_1' <Predicate = true> <Delay = 0.00>
ST_26 : Operation 270 [1/1] (0.00ns)   --->   "%zext_ln100_1 = zext i4 %c_1" [../xup_high_level_synthesis_design_flow-main/source/lab3/dct.c:100->../xup_high_level_synthesis_design_flow-main/source/lab3/dct.c:116]   --->   Operation 270 'zext' 'zext_ln100_1' <Predicate = true> <Delay = 0.00>
ST_26 : Operation 271 [1/1] (1.82ns)   --->   "%add_ln100 = add i6 %tmp_10, i6 %zext_ln100_1" [../xup_high_level_synthesis_design_flow-main/source/lab3/dct.c:100->../xup_high_level_synthesis_design_flow-main/source/lab3/dct.c:116]   --->   Operation 271 'add' 'add_ln100' <Predicate = true> <Delay = 1.82> <CoreInst = "Adder">   --->   Core 1 'Adder' <Latency = 0> <II = 1> <Delay = 1.82> <FuncUnit> <Opcode : 'add' 'sub'> <InPorts = 2> <OutPorts = 1>
ST_26 : Operation 272 [1/1] (0.00ns)   --->   "%zext_ln100_2 = zext i6 %add_ln100" [../xup_high_level_synthesis_design_flow-main/source/lab3/dct.c:100->../xup_high_level_synthesis_design_flow-main/source/lab3/dct.c:116]   --->   Operation 272 'zext' 'zext_ln100_2' <Predicate = true> <Delay = 0.00>
ST_26 : Operation 273 [1/1] (0.00ns)   --->   "%buf_2d_out_addr_1 = getelementptr i16 %buf_2d_out, i64 0, i64 %zext_ln100_2" [../xup_high_level_synthesis_design_flow-main/source/lab3/dct.c:100->../xup_high_level_synthesis_design_flow-main/source/lab3/dct.c:116]   --->   Operation 273 'getelementptr' 'buf_2d_out_addr_1' <Predicate = true> <Delay = 0.00>
ST_26 : Operation 274 [1/1] (1.73ns)   --->   "%icmp_ln99 = icmp_eq  i4 %c_1, i4 8" [../xup_high_level_synthesis_design_flow-main/source/lab3/dct.c:99->../xup_high_level_synthesis_design_flow-main/source/lab3/dct.c:116]   --->   Operation 274 'icmp' 'icmp_ln99' <Predicate = true> <Delay = 1.73> <CoreInst = "Cmp">   --->   Core 9 'Cmp' <Latency = 0> <II = 1> <Delay = 1.73> <FuncUnit> <Opcode : 'icmp'> <InPorts = 2> <OutPorts = 1>
ST_26 : Operation 275 [1/1] (1.73ns)   --->   "%add_ln99 = add i4 %c_1, i4 1" [../xup_high_level_synthesis_design_flow-main/source/lab3/dct.c:99->../xup_high_level_synthesis_design_flow-main/source/lab3/dct.c:116]   --->   Operation 275 'add' 'add_ln99' <Predicate = true> <Delay = 1.73> <CoreInst = "Adder">   --->   Core 1 'Adder' <Latency = 0> <II = 1> <Delay = 1.73> <FuncUnit> <Opcode : 'add' 'sub'> <InPorts = 2> <OutPorts = 1>
ST_26 : Operation 276 [1/1] (0.00ns)   --->   "%br_ln99 = br i1 %icmp_ln99, void %for.inc.i14.split, void %for.inc8.i17" [../xup_high_level_synthesis_design_flow-main/source/lab3/dct.c:99->../xup_high_level_synthesis_design_flow-main/source/lab3/dct.c:116]   --->   Operation 276 'br' 'br_ln99' <Predicate = true> <Delay = 0.00>
ST_26 : Operation 277 [2/2] (3.25ns)   --->   "%buf_2d_out_load = load i6 %buf_2d_out_addr_1" [../xup_high_level_synthesis_design_flow-main/source/lab3/dct.c:100->../xup_high_level_synthesis_design_flow-main/source/lab3/dct.c:116]   --->   Operation 277 'load' 'buf_2d_out_load' <Predicate = (!icmp_ln99)> <Delay = 3.25> <CoreInst = "RAM">   --->   Core 82 'RAM' <Latency = 1> <II = 1> <Delay = 3.25> <Storage> <Opcode : 'load' 'store'> <Ports = 2> <Width = 16> <Depth = 64> <RAM>
ST_26 : Operation 278 [1/1] (0.00ns)   --->   "%trunc_ln100_1 = trunc i4 %c_1" [../xup_high_level_synthesis_design_flow-main/source/lab3/dct.c:100->../xup_high_level_synthesis_design_flow-main/source/lab3/dct.c:116]   --->   Operation 278 'trunc' 'trunc_ln100_1' <Predicate = (!icmp_ln99)> <Delay = 0.00>
ST_26 : Operation 279 [1/1] (1.58ns)   --->   "%store_ln97 = store i4 %add_ln97, i4 %r_1" [../xup_high_level_synthesis_design_flow-main/source/lab3/dct.c:97->../xup_high_level_synthesis_design_flow-main/source/lab3/dct.c:116]   --->   Operation 279 'store' 'store_ln97' <Predicate = (icmp_ln99)> <Delay = 1.58>
ST_26 : Operation 280 [1/1] (0.00ns)   --->   "%br_ln97 = br void %WR_Loop_Col.i" [../xup_high_level_synthesis_design_flow-main/source/lab3/dct.c:97->../xup_high_level_synthesis_design_flow-main/source/lab3/dct.c:116]   --->   Operation 280 'br' 'br_ln97' <Predicate = (icmp_ln99)> <Delay = 0.00>

State 27 <SV = 8> <Delay = 6.50>
ST_27 : Operation 281 [1/1] (0.00ns)   --->   "%speclooptripcount_ln94 = speclooptripcount void @_ssdm_op_SpecLoopTripCount, i64 8, i64 8, i64 8" [../xup_high_level_synthesis_design_flow-main/source/lab3/dct.c:94->../xup_high_level_synthesis_design_flow-main/source/lab3/dct.c:116]   --->   Operation 281 'speclooptripcount' 'speclooptripcount_ln94' <Predicate = true> <Delay = 0.00>
ST_27 : Operation 282 [1/1] (0.00ns)   --->   "%specloopname_ln99 = specloopname void @_ssdm_op_SpecLoopName, void @empty_2" [../xup_high_level_synthesis_design_flow-main/source/lab3/dct.c:99->../xup_high_level_synthesis_design_flow-main/source/lab3/dct.c:116]   --->   Operation 282 'specloopname' 'specloopname_ln99' <Predicate = true> <Delay = 0.00>
ST_27 : Operation 283 [1/2] (3.25ns)   --->   "%buf_2d_out_load = load i6 %buf_2d_out_addr_1" [../xup_high_level_synthesis_design_flow-main/source/lab3/dct.c:100->../xup_high_level_synthesis_design_flow-main/source/lab3/dct.c:116]   --->   Operation 283 'load' 'buf_2d_out_load' <Predicate = true> <Delay = 3.25> <CoreInst = "RAM">   --->   Core 82 'RAM' <Latency = 1> <II = 1> <Delay = 3.25> <Storage> <Opcode : 'load' 'store'> <Ports = 2> <Width = 16> <Depth = 64> <RAM>
ST_27 : Operation 284 [1/1] (0.00ns)   --->   "%add_ln1 = bitconcatenate i6 @_ssdm_op_BitConcatenate.i6.i3.i3, i3 %trunc_ln100, i3 %trunc_ln100_1" [../xup_high_level_synthesis_design_flow-main/source/lab3/dct.c:100->../xup_high_level_synthesis_design_flow-main/source/lab3/dct.c:116]   --->   Operation 284 'bitconcatenate' 'add_ln1' <Predicate = true> <Delay = 0.00>
ST_27 : Operation 285 [1/1] (0.00ns)   --->   "%zext_ln100 = zext i6 %add_ln1" [../xup_high_level_synthesis_design_flow-main/source/lab3/dct.c:100->../xup_high_level_synthesis_design_flow-main/source/lab3/dct.c:116]   --->   Operation 285 'zext' 'zext_ln100' <Predicate = true> <Delay = 0.00>
ST_27 : Operation 286 [1/1] (0.00ns)   --->   "%output_r_addr = getelementptr i16 %output_r, i64 0, i64 %zext_ln100" [../xup_high_level_synthesis_design_flow-main/source/lab3/dct.c:100->../xup_high_level_synthesis_design_flow-main/source/lab3/dct.c:116]   --->   Operation 286 'getelementptr' 'output_r_addr' <Predicate = true> <Delay = 0.00>
ST_27 : Operation 287 [1/1] (3.25ns)   --->   "%store_ln100 = store i16 %buf_2d_out_load, i6 %output_r_addr" [../xup_high_level_synthesis_design_flow-main/source/lab3/dct.c:100->../xup_high_level_synthesis_design_flow-main/source/lab3/dct.c:116]   --->   Operation 287 'store' 'store_ln100' <Predicate = true> <Delay = 3.25> <CoreInst = "RAM">   --->   Core 82 'RAM' <Latency = 1> <II = 1> <Delay = 3.25> <Storage> <Opcode : 'load' 'store'> <Ports = 2> <Width = 16> <Depth = 64> <RAM>
ST_27 : Operation 288 [1/1] (0.00ns)   --->   "%br_ln99 = br void %for.inc.i14" [../xup_high_level_synthesis_design_flow-main/source/lab3/dct.c:99->../xup_high_level_synthesis_design_flow-main/source/lab3/dct.c:116]   --->   Operation 288 'br' 'br_ln99' <Predicate = true> <Delay = 0.00>


============================================================
+ Verbose Summary: Timing violations
============================================================
Target clock period: 10.000ns, clock uncertainty: 2.700ns.

 <State 1>: 1.588ns
The critical path consists of the following:
	'alloca' operation ('r') [4]  (0.000 ns)
	'store' operation ('store_ln85', ../xup_high_level_synthesis_design_flow-main/source/lab3/dct.c:85->../xup_high_level_synthesis_design_flow-main/source/lab3/dct.c:111) of constant 0 on local variable 'r' [15]  (1.588 ns)

 <State 2>: 3.323ns
The critical path consists of the following:
	'load' operation ('r', ../xup_high_level_synthesis_design_flow-main/source/lab3/dct.c:88->../xup_high_level_synthesis_design_flow-main/source/lab3/dct.c:111) on local variable 'r' [18]  (0.000 ns)
	'icmp' operation ('icmp_ln85', ../xup_high_level_synthesis_design_flow-main/source/lab3/dct.c:85->../xup_high_level_synthesis_design_flow-main/source/lab3/dct.c:111) [21]  (1.735 ns)
	blocking operation 1.588 ns on control path)

 <State 3>: 3.323ns
The critical path consists of the following:
	'phi' operation ('c', ../xup_high_level_synthesis_design_flow-main/source/lab3/dct.c:87->../xup_high_level_synthesis_design_flow-main/source/lab3/dct.c:111) with incoming values : ('add_ln87', ../xup_high_level_synthesis_design_flow-main/source/lab3/dct.c:87->../xup_high_level_synthesis_design_flow-main/source/lab3/dct.c:111) [29]  (0.000 ns)
	'getelementptr' operation ('input_r_addr', ../xup_high_level_synthesis_design_flow-main/source/lab3/dct.c:88->../xup_high_level_synthesis_design_flow-main/source/lab3/dct.c:111) [43]  (0.000 ns)
	'load' operation ('input_r_load', ../xup_high_level_synthesis_design_flow-main/source/lab3/dct.c:88->../xup_high_level_synthesis_design_flow-main/source/lab3/dct.c:111) on array 'input_r' [44]  (3.254 ns)
	blocking operation 0.069 ns on control path)

 <State 4>: 6.508ns
The critical path consists of the following:
	'load' operation ('input_r_load', ../xup_high_level_synthesis_design_flow-main/source/lab3/dct.c:88->../xup_high_level_synthesis_design_flow-main/source/lab3/dct.c:111) on array 'input_r' [44]  (3.254 ns)
	'store' operation ('store_ln88', ../xup_high_level_synthesis_design_flow-main/source/lab3/dct.c:88->../xup_high_level_synthesis_design_flow-main/source/lab3/dct.c:111) of variable 'input_r_load', ../xup_high_level_synthesis_design_flow-main/source/lab3/dct.c:88->../xup_high_level_synthesis_design_flow-main/source/lab3/dct.c:111 on array 'in_block', ../xup_high_level_synthesis_design_flow-main/source/lab3/dct.c:107 [45]  (3.254 ns)

 <State 5>: 3.323ns
The critical path consists of the following:
	'load' operation ('i', ../xup_high_level_synthesis_design_flow-main/source/lab3/dct.c:45->../xup_high_level_synthesis_design_flow-main/source/lab3/dct.c:59->../xup_high_level_synthesis_design_flow-main/source/lab3/dct.c:113) on local variable 'i' [55]  (0.000 ns)
	'icmp' operation ('icmp_ln58', ../xup_high_level_synthesis_design_flow-main/source/lab3/dct.c:58->../xup_high_level_synthesis_design_flow-main/source/lab3/dct.c:113) [58]  (1.735 ns)
	blocking operation 1.588 ns on control path)

 <State 6>: 3.323ns
The critical path consists of the following:
	'phi' operation ('k', ../xup_high_level_synthesis_design_flow-main/source/lab3/dct.c:39->../xup_high_level_synthesis_design_flow-main/source/lab3/dct.c:59->../xup_high_level_synthesis_design_flow-main/source/lab3/dct.c:113) with incoming values : ('add_ln39', ../xup_high_level_synthesis_design_flow-main/source/lab3/dct.c:39->../xup_high_level_synthesis_design_flow-main/source/lab3/dct.c:59->../xup_high_level_synthesis_design_flow-main/source/lab3/dct.c:113) [66]  (0.000 ns)
	'add' operation ('add_ln45_2', ../xup_high_level_synthesis_design_flow-main/source/lab3/dct.c:45->../xup_high_level_synthesis_design_flow-main/source/lab3/dct.c:59->../xup_high_level_synthesis_design_flow-main/source/lab3/dct.c:113) [70]  (1.825 ns)
	blocking operation 1.498 ns on control path)

 <State 7>: 5.717ns
The critical path consists of the following:
	'phi' operation ('tmp') with incoming values : ('tmp', ../xup_high_level_synthesis_design_flow-main/source/lab3/dct.c:43->../xup_high_level_synthesis_design_flow-main/source/lab3/dct.c:59->../xup_high_level_synthesis_design_flow-main/source/lab3/dct.c:113) [82]  (0.000 ns)
	'add' operation ('add_ln45', ../xup_high_level_synthesis_design_flow-main/source/lab3/dct.c:45->../xup_high_level_synthesis_design_flow-main/source/lab3/dct.c:59->../xup_high_level_synthesis_design_flow-main/source/lab3/dct.c:113) [106]  (2.463 ns)
	'store' operation ('store_ln45', ../xup_high_level_synthesis_design_flow-main/source/lab3/dct.c:45->../xup_high_level_synthesis_design_flow-main/source/lab3/dct.c:59->../xup_high_level_synthesis_design_flow-main/source/lab3/dct.c:113) of variable 'trunc_ln2', ../xup_high_level_synthesis_design_flow-main/source/lab3/dct.c:45->../xup_high_level_synthesis_design_flow-main/source/lab3/dct.c:59->../xup_high_level_synthesis_design_flow-main/source/lab3/dct.c:113 on array 'row_outbuf', ../xup_high_level_synthesis_design_flow-main/source/lab3/dct.c:52->../xup_high_level_synthesis_design_flow-main/source/lab3/dct.c:113 [108]  (3.254 ns)

 <State 8>: 4.304ns
The critical path consists of the following:
	'load' operation ('buf_2d_in_load', ../xup_high_level_synthesis_design_flow-main/source/lab3/dct.c:43->../xup_high_level_synthesis_design_flow-main/source/lab3/dct.c:59->../xup_high_level_synthesis_design_flow-main/source/lab3/dct.c:113) on array 'in_block', ../xup_high_level_synthesis_design_flow-main/source/lab3/dct.c:107 [98]  (3.254 ns)
	'mul' operation of DSP[102] ('mul_ln43', ../xup_high_level_synthesis_design_flow-main/source/lab3/dct.c:43->../xup_high_level_synthesis_design_flow-main/source/lab3/dct.c:59->../xup_high_level_synthesis_design_flow-main/source/lab3/dct.c:113) [100]  (1.050 ns)

 <State 9>: 1.050ns
The critical path consists of the following:
	'mul' operation of DSP[102] ('mul_ln43', ../xup_high_level_synthesis_design_flow-main/source/lab3/dct.c:43->../xup_high_level_synthesis_design_flow-main/source/lab3/dct.c:59->../xup_high_level_synthesis_design_flow-main/source/lab3/dct.c:113) [100]  (1.050 ns)

 <State 10>: 2.100ns
The critical path consists of the following:
	'mul' operation of DSP[102] ('mul_ln43', ../xup_high_level_synthesis_design_flow-main/source/lab3/dct.c:43->../xup_high_level_synthesis_design_flow-main/source/lab3/dct.c:59->../xup_high_level_synthesis_design_flow-main/source/lab3/dct.c:113) [100]  (0.000 ns)
	'add' operation of DSP[102] ('tmp', ../xup_high_level_synthesis_design_flow-main/source/lab3/dct.c:43->../xup_high_level_synthesis_design_flow-main/source/lab3/dct.c:59->../xup_high_level_synthesis_design_flow-main/source/lab3/dct.c:113) [102]  (2.100 ns)

 <State 11>: 2.100ns
The critical path consists of the following:
	'add' operation of DSP[102] ('tmp', ../xup_high_level_synthesis_design_flow-main/source/lab3/dct.c:43->../xup_high_level_synthesis_design_flow-main/source/lab3/dct.c:59->../xup_high_level_synthesis_design_flow-main/source/lab3/dct.c:113) [102]  (2.100 ns)

 <State 12>: 3.323ns
The critical path consists of the following:
	'load' operation ('j', ../xup_high_level_synthesis_design_flow-main/source/lab3/dct.c:63->../xup_high_level_synthesis_design_flow-main/source/lab3/dct.c:113) on local variable 'j' [118]  (0.000 ns)
	'icmp' operation ('icmp_ln63', ../xup_high_level_synthesis_design_flow-main/source/lab3/dct.c:63->../xup_high_level_synthesis_design_flow-main/source/lab3/dct.c:113) [122]  (1.735 ns)
	blocking operation 1.588 ns on control path)

 <State 13>: 5.079ns
The critical path consists of the following:
	'phi' operation ('i', ../xup_high_level_synthesis_design_flow-main/source/lab3/dct.c:65->../xup_high_level_synthesis_design_flow-main/source/lab3/dct.c:113) with incoming values : ('add_ln65', ../xup_high_level_synthesis_design_flow-main/source/lab3/dct.c:65->../xup_high_level_synthesis_design_flow-main/source/lab3/dct.c:113) [130]  (0.000 ns)
	'add' operation ('add_ln66', ../xup_high_level_synthesis_design_flow-main/source/lab3/dct.c:66->../xup_high_level_synthesis_design_flow-main/source/lab3/dct.c:113) [134]  (1.825 ns)
	'getelementptr' operation ('row_outbuf_addr', ../xup_high_level_synthesis_design_flow-main/source/lab3/dct.c:66->../xup_high_level_synthesis_design_flow-main/source/lab3/dct.c:113) [136]  (0.000 ns)
	'load' operation ('row_outbuf_load', ../xup_high_level_synthesis_design_flow-main/source/lab3/dct.c:66->../xup_high_level_synthesis_design_flow-main/source/lab3/dct.c:113) on array 'row_outbuf', ../xup_high_level_synthesis_design_flow-main/source/lab3/dct.c:52->../xup_high_level_synthesis_design_flow-main/source/lab3/dct.c:113 [146]  (3.254 ns)

 <State 14>: 6.508ns
The critical path consists of the following:
	'load' operation ('row_outbuf_load', ../xup_high_level_synthesis_design_flow-main/source/lab3/dct.c:66->../xup_high_level_synthesis_design_flow-main/source/lab3/dct.c:113) on array 'row_outbuf', ../xup_high_level_synthesis_design_flow-main/source/lab3/dct.c:52->../xup_high_level_synthesis_design_flow-main/source/lab3/dct.c:113 [146]  (3.254 ns)
	'store' operation ('store_ln66', ../xup_high_level_synthesis_design_flow-main/source/lab3/dct.c:66->../xup_high_level_synthesis_design_flow-main/source/lab3/dct.c:113) of variable 'row_outbuf_load', ../xup_high_level_synthesis_design_flow-main/source/lab3/dct.c:66->../xup_high_level_synthesis_design_flow-main/source/lab3/dct.c:113 on array 'col_inbuf', ../xup_high_level_synthesis_design_flow-main/source/lab3/dct.c:53->../xup_high_level_synthesis_design_flow-main/source/lab3/dct.c:113 [147]  (3.254 ns)

 <State 15>: 3.323ns
The critical path consists of the following:
	'load' operation ('i', ../xup_high_level_synthesis_design_flow-main/source/lab3/dct.c:45->../xup_high_level_synthesis_design_flow-main/source/lab3/dct.c:70->../xup_high_level_synthesis_design_flow-main/source/lab3/dct.c:113) on local variable 'i' [157]  (0.000 ns)
	'icmp' operation ('icmp_ln69', ../xup_high_level_synthesis_design_flow-main/source/lab3/dct.c:69->../xup_high_level_synthesis_design_flow-main/source/lab3/dct.c:113) [160]  (1.735 ns)
	blocking operation 1.588 ns on control path)

 <State 16>: 3.323ns
The critical path consists of the following:
	'phi' operation ('k', ../xup_high_level_synthesis_design_flow-main/source/lab3/dct.c:39->../xup_high_level_synthesis_design_flow-main/source/lab3/dct.c:70->../xup_high_level_synthesis_design_flow-main/source/lab3/dct.c:113) with incoming values : ('add_ln39_1', ../xup_high_level_synthesis_design_flow-main/source/lab3/dct.c:39->../xup_high_level_synthesis_design_flow-main/source/lab3/dct.c:70->../xup_high_level_synthesis_design_flow-main/source/lab3/dct.c:113) [168]  (0.000 ns)
	'add' operation ('add_ln45_3', ../xup_high_level_synthesis_design_flow-main/source/lab3/dct.c:45->../xup_high_level_synthesis_design_flow-main/source/lab3/dct.c:70->../xup_high_level_synthesis_design_flow-main/source/lab3/dct.c:113) [172]  (1.825 ns)
	blocking operation 1.498 ns on control path)

 <State 17>: 5.717ns
The critical path consists of the following:
	'phi' operation ('tmp') with incoming values : ('tmp', ../xup_high_level_synthesis_design_flow-main/source/lab3/dct.c:43->../xup_high_level_synthesis_design_flow-main/source/lab3/dct.c:70->../xup_high_level_synthesis_design_flow-main/source/lab3/dct.c:113) [184]  (0.000 ns)
	'add' operation ('add_ln45_1', ../xup_high_level_synthesis_design_flow-main/source/lab3/dct.c:45->../xup_high_level_synthesis_design_flow-main/source/lab3/dct.c:70->../xup_high_level_synthesis_design_flow-main/source/lab3/dct.c:113) [208]  (2.463 ns)
	'store' operation ('store_ln45', ../xup_high_level_synthesis_design_flow-main/source/lab3/dct.c:45->../xup_high_level_synthesis_design_flow-main/source/lab3/dct.c:70->../xup_high_level_synthesis_design_flow-main/source/lab3/dct.c:113) of variable 'trunc_ln45_1', ../xup_high_level_synthesis_design_flow-main/source/lab3/dct.c:45->../xup_high_level_synthesis_design_flow-main/source/lab3/dct.c:70->../xup_high_level_synthesis_design_flow-main/source/lab3/dct.c:113 on array 'col_outbuf', ../xup_high_level_synthesis_design_flow-main/source/lab3/dct.c:53->../xup_high_level_synthesis_design_flow-main/source/lab3/dct.c:113 [210]  (3.254 ns)

 <State 18>: 4.304ns
The critical path consists of the following:
	'load' operation ('col_inbuf_load', ../xup_high_level_synthesis_design_flow-main/source/lab3/dct.c:43->../xup_high_level_synthesis_design_flow-main/source/lab3/dct.c:70->../xup_high_level_synthesis_design_flow-main/source/lab3/dct.c:113) on array 'col_inbuf', ../xup_high_level_synthesis_design_flow-main/source/lab3/dct.c:53->../xup_high_level_synthesis_design_flow-main/source/lab3/dct.c:113 [200]  (3.254 ns)
	'mul' operation of DSP[204] ('mul_ln43_1', ../xup_high_level_synthesis_design_flow-main/source/lab3/dct.c:43->../xup_high_level_synthesis_design_flow-main/source/lab3/dct.c:70->../xup_high_level_synthesis_design_flow-main/source/lab3/dct.c:113) [202]  (1.050 ns)

 <State 19>: 1.050ns
The critical path consists of the following:
	'mul' operation of DSP[204] ('mul_ln43_1', ../xup_high_level_synthesis_design_flow-main/source/lab3/dct.c:43->../xup_high_level_synthesis_design_flow-main/source/lab3/dct.c:70->../xup_high_level_synthesis_design_flow-main/source/lab3/dct.c:113) [202]  (1.050 ns)

 <State 20>: 2.100ns
The critical path consists of the following:
	'mul' operation of DSP[204] ('mul_ln43_1', ../xup_high_level_synthesis_design_flow-main/source/lab3/dct.c:43->../xup_high_level_synthesis_design_flow-main/source/lab3/dct.c:70->../xup_high_level_synthesis_design_flow-main/source/lab3/dct.c:113) [202]  (0.000 ns)
	'add' operation of DSP[204] ('tmp', ../xup_high_level_synthesis_design_flow-main/source/lab3/dct.c:43->../xup_high_level_synthesis_design_flow-main/source/lab3/dct.c:70->../xup_high_level_synthesis_design_flow-main/source/lab3/dct.c:113) [204]  (2.100 ns)

 <State 21>: 2.100ns
The critical path consists of the following:
	'add' operation of DSP[204] ('tmp', ../xup_high_level_synthesis_design_flow-main/source/lab3/dct.c:43->../xup_high_level_synthesis_design_flow-main/source/lab3/dct.c:70->../xup_high_level_synthesis_design_flow-main/source/lab3/dct.c:113) [204]  (2.100 ns)

 <State 22>: 3.323ns
The critical path consists of the following:
	'load' operation ('j', ../xup_high_level_synthesis_design_flow-main/source/lab3/dct.c:74->../xup_high_level_synthesis_design_flow-main/source/lab3/dct.c:113) on local variable 'j' [220]  (0.000 ns)
	'icmp' operation ('icmp_ln74', ../xup_high_level_synthesis_design_flow-main/source/lab3/dct.c:74->../xup_high_level_synthesis_design_flow-main/source/lab3/dct.c:113) [224]  (1.735 ns)
	blocking operation 1.588 ns on control path)

 <State 23>: 5.079ns
The critical path consists of the following:
	'phi' operation ('i', ../xup_high_level_synthesis_design_flow-main/source/lab3/dct.c:76->../xup_high_level_synthesis_design_flow-main/source/lab3/dct.c:113) with incoming values : ('add_ln76', ../xup_high_level_synthesis_design_flow-main/source/lab3/dct.c:76->../xup_high_level_synthesis_design_flow-main/source/lab3/dct.c:113) [232]  (0.000 ns)
	'add' operation ('add_ln77', ../xup_high_level_synthesis_design_flow-main/source/lab3/dct.c:77->../xup_high_level_synthesis_design_flow-main/source/lab3/dct.c:113) [236]  (1.825 ns)
	'getelementptr' operation ('col_outbuf_addr', ../xup_high_level_synthesis_design_flow-main/source/lab3/dct.c:77->../xup_high_level_synthesis_design_flow-main/source/lab3/dct.c:113) [238]  (0.000 ns)
	'load' operation ('col_outbuf_load', ../xup_high_level_synthesis_design_flow-main/source/lab3/dct.c:77->../xup_high_level_synthesis_design_flow-main/source/lab3/dct.c:113) on array 'col_outbuf', ../xup_high_level_synthesis_design_flow-main/source/lab3/dct.c:53->../xup_high_level_synthesis_design_flow-main/source/lab3/dct.c:113 [248]  (3.254 ns)

 <State 24>: 6.508ns
The critical path consists of the following:
	'load' operation ('col_outbuf_load', ../xup_high_level_synthesis_design_flow-main/source/lab3/dct.c:77->../xup_high_level_synthesis_design_flow-main/source/lab3/dct.c:113) on array 'col_outbuf', ../xup_high_level_synthesis_design_flow-main/source/lab3/dct.c:53->../xup_high_level_synthesis_design_flow-main/source/lab3/dct.c:113 [248]  (3.254 ns)
	'store' operation ('store_ln77', ../xup_high_level_synthesis_design_flow-main/source/lab3/dct.c:77->../xup_high_level_synthesis_design_flow-main/source/lab3/dct.c:113) of variable 'col_outbuf_load', ../xup_high_level_synthesis_design_flow-main/source/lab3/dct.c:77->../xup_high_level_synthesis_design_flow-main/source/lab3/dct.c:113 on array 'buf', ../xup_high_level_synthesis_design_flow-main/source/lab3/dct.c:108 [249]  (3.254 ns)

 <State 25>: 1.735ns
The critical path consists of the following:
	'load' operation ('r', ../xup_high_level_synthesis_design_flow-main/source/lab3/dct.c:100->../xup_high_level_synthesis_design_flow-main/source/lab3/dct.c:116) on local variable 'r' [259]  (0.000 ns)
	'icmp' operation ('icmp_ln97', ../xup_high_level_synthesis_design_flow-main/source/lab3/dct.c:97->../xup_high_level_synthesis_design_flow-main/source/lab3/dct.c:116) [262]  (1.735 ns)

 <State 26>: 5.079ns
The critical path consists of the following:
	'phi' operation ('c', ../xup_high_level_synthesis_design_flow-main/source/lab3/dct.c:99->../xup_high_level_synthesis_design_flow-main/source/lab3/dct.c:116) with incoming values : ('add_ln99', ../xup_high_level_synthesis_design_flow-main/source/lab3/dct.c:99->../xup_high_level_synthesis_design_flow-main/source/lab3/dct.c:116) [270]  (0.000 ns)
	'add' operation ('add_ln100', ../xup_high_level_synthesis_design_flow-main/source/lab3/dct.c:100->../xup_high_level_synthesis_design_flow-main/source/lab3/dct.c:116) [272]  (1.825 ns)
	'getelementptr' operation ('buf_2d_out_addr_1', ../xup_high_level_synthesis_design_flow-main/source/lab3/dct.c:100->../xup_high_level_synthesis_design_flow-main/source/lab3/dct.c:116) [274]  (0.000 ns)
	'load' operation ('buf_2d_out_load', ../xup_high_level_synthesis_design_flow-main/source/lab3/dct.c:100->../xup_high_level_synthesis_design_flow-main/source/lab3/dct.c:116) on array 'buf', ../xup_high_level_synthesis_design_flow-main/source/lab3/dct.c:108 [281]  (3.254 ns)

 <State 27>: 6.508ns
The critical path consists of the following:
	'load' operation ('buf_2d_out_load', ../xup_high_level_synthesis_design_flow-main/source/lab3/dct.c:100->../xup_high_level_synthesis_design_flow-main/source/lab3/dct.c:116) on array 'buf', ../xup_high_level_synthesis_design_flow-main/source/lab3/dct.c:108 [281]  (3.254 ns)
	'store' operation ('store_ln100', ../xup_high_level_synthesis_design_flow-main/source/lab3/dct.c:100->../xup_high_level_synthesis_design_flow-main/source/lab3/dct.c:116) of variable 'buf_2d_out_load', ../xup_high_level_synthesis_design_flow-main/source/lab3/dct.c:100->../xup_high_level_synthesis_design_flow-main/source/lab3/dct.c:116 on array 'output_r' [286]  (3.254 ns)


============================================================
+ Verbose Summary: Binding
============================================================
N/A
* FSMD analyzer results:
  - Output states:
 - Input state : 
  - Chain level:
	State 1
	State 2
	State 3
	State 4
	State 5
	State 6
	State 7
	State 8
	State 9
	State 10
	State 11
	State 12
	State 13
	State 14
	State 15
	State 16
	State 17
	State 18
	State 19
	State 20
	State 21
	State 22
	State 23
	State 24
	State 25
	State 26
	State 27


============================================================
+ Verbose Summary: Datapath Resource usage 
============================================================
N/A
