==============================================================
Vitis HLS - High-Level Synthesis from C, C++ and OpenCL v2023.1 (64-bit)
Tool Version Limit: 2023.05
Copyright 1986-2022 Xilinx, Inc. All Rights Reserved.
Copyright 2022-2023 Advanced Micro Devices, Inc. All Rights Reserved.

==============================================================
==============================================================
Vitis HLS - High-Level Synthesis from C, C++ and OpenCL v2023.1 (64-bit)
Tool Version Limit: 2023.05
Copyright 1986-2022 Xilinx, Inc. All Rights Reserved.
Copyright 2022-2023 Advanced Micro Devices, Inc. All Rights Reserved.

==============================================================
INFO: [SYN 201-201] Setting up clock 'default' with a period of 10ns.
INFO: [HLS 200-1611] Setting target device to 'xc7z020-clg484-1'
INFO: [HLS 200-1505] Using flow_target 'vivado'
INFO: [HLS 200-1464] Running solution command: config_cosim -tool=xsim
INFO: [HLS 200-1510] Running: set_part xc7z020clg484-1 
INFO: [HLS 200-1510] Running: create_clock -period 10 -name default 
INFO: [HLS 200-1510] Running: config_cosim -tool xsim 
INFO: [HLS 200-1510] Running: source ./lab3/solution3/directives.tcl
INFO: [HLS 200-1510] Running: set_directive_top -name dct dct 
INFO: [HLS 200-1510] Running: set_directive_pipeline dct_1d/DCT_Inner_Loop 
INFO: [HLS 200-1510] Running: set_directive_pipeline dct_2d/Xpose_Row_Inner_Loop 
INFO: [HLS 200-1510] Running: set_directive_pipeline dct_2d/Xpose_Col_Inner_Loop 
INFO: [HLS 200-1510] Running: set_directive_pipeline read_data/RD_Loop_Col 
INFO: [HLS 200-1510] Running: set_directive_pipeline write_data/WR_Loop_Col 
INFO: [HLS 200-1510] Running: csynth_design 
INFO: [HLS 200-111] Finished File checks and directory preparation: CPU user time: 0 seconds. CPU system time: 0 seconds. Elapsed time: 0.098 seconds; current allocated memory: 533.770 MB.
INFO: [HLS 200-10] Analyzing design file '../xup_high_level_synthesis_design_flow-main/source/lab3/dct.c' ... 
INFO: [HLS 200-111] Finished Source Code Analysis and Preprocessing: CPU user time: 0 seconds. CPU system time: 0 seconds. Elapsed time: 0.555 seconds; current allocated memory: 534.910 MB.
INFO: [HLS 200-777] Using interface defaults for 'Vivado' flow target.
INFO: [HLS 214-178] Inlining function 'dct_1d' into 'dct_2d' (../xup_high_level_synthesis_design_flow-main/source/lab3/dct.c:51:0)
INFO: [HLS 214-178] Inlining function 'read_data' into 'dct' (../xup_high_level_synthesis_design_flow-main/source/lab3/dct.c:105:0)
INFO: [HLS 214-178] Inlining function 'dct_2d' into 'dct' (../xup_high_level_synthesis_design_flow-main/source/lab3/dct.c:105:0)
INFO: [HLS 214-178] Inlining function 'write_data' into 'dct' (../xup_high_level_synthesis_design_flow-main/source/lab3/dct.c:105:0)
INFO: [HLS 200-111] Finished Compiling Optimization and Transform: CPU user time: 0 seconds. CPU system time: 0 seconds. Elapsed time: 1.945 seconds; current allocated memory: 536.605 MB.
INFO: [HLS 200-111] Finished Checking Pragmas: CPU user time: 0 seconds. CPU system time: 0 seconds. Elapsed time: 0.002 seconds; current allocated memory: 536.605 MB.
INFO: [HLS 200-10] Starting code transformations ...
INFO: [HLS 200-111] Finished Standard Transforms: CPU user time: 1 seconds. CPU system time: 0 seconds. Elapsed time: 0.05 seconds; current allocated memory: 542.828 MB.
INFO: [HLS 200-10] Checking synthesizability ...
INFO: [HLS 200-111] Finished Checking Synthesizability: CPU user time: 0 seconds. CPU system time: 0 seconds. Elapsed time: 0.039 seconds; current allocated memory: 544.133 MB.
INFO: [HLS 200-111] Finished Loop, function and other optimizations: CPU user time: 0 seconds. CPU system time: 0 seconds. Elapsed time: 0.092 seconds; current allocated memory: 565.906 MB.
INFO: [XFORM 203-541] Flattening a loop nest 'RD_Loop_Row' (../xup_high_level_synthesis_design_flow-main/source/lab3/dct.c:85:4) in function 'dct'.
WARNING: [HLS 200-960] Cannot flatten loop 'DCT_Outer_Loop' (../xup_high_level_synthesis_design_flow-main/source/lab3/dct.c:39:4) in function 'dct' the outer loop is not a perfect loop because there is nontrivial logic in the loop latch.
INFO: [XFORM 203-541] Flattening a loop nest 'Row_DCT_Loop' (../xup_high_level_synthesis_design_flow-main/source/lab3/dct.c:58:4) in function 'dct'.
INFO: [XFORM 203-541] Flattening a loop nest 'Xpose_Row_Outer_Loop' (../xup_high_level_synthesis_design_flow-main/source/lab3/dct.c:63:4) in function 'dct'.
WARNING: [HLS 200-960] Cannot flatten loop 'DCT_Outer_Loop' (../xup_high_level_synthesis_design_flow-main/source/lab3/dct.c:39:4) in function 'dct' the outer loop is not a perfect loop because there is nontrivial logic in the loop latch.
INFO: [XFORM 203-541] Flattening a loop nest 'Col_DCT_Loop' (../xup_high_level_synthesis_design_flow-main/source/lab3/dct.c:69:4) in function 'dct'.
INFO: [XFORM 203-541] Flattening a loop nest 'Xpose_Col_Outer_Loop' (../xup_high_level_synthesis_design_flow-main/source/lab3/dct.c:74:4) in function 'dct'.
INFO: [XFORM 203-541] Flattening a loop nest 'WR_Loop_Row' (../xup_high_level_synthesis_design_flow-main/source/lab3/dct.c:97:4) in function 'dct'.
INFO: [HLS 200-111] Finished Architecture Synthesis: CPU user time: 0 seconds. CPU system time: 0 seconds. Elapsed time: 0.148 seconds; current allocated memory: 611.965 MB.
INFO: [HLS 200-10] Starting hardware synthesis ...
INFO: [HLS 200-10] Synthesizing 'dct' ...
INFO: [HLS 200-10] ----------------------------------------------------------------
INFO: [HLS 200-42] -- Implementing module 'dct_Pipeline_RD_Loop_Row_RD_Loop_Col' 
INFO: [HLS 200-10] ----------------------------------------------------------------
INFO: [SCHED 204-11] Starting scheduling ...
INFO: [SCHED 204-61] Pipelining loop 'RD_Loop_Row_RD_Loop_Col'.
INFO: [HLS 200-1470] Pipelining result : Target II = NA, Final II = 1, Depth = 2, loop 'RD_Loop_Row_RD_Loop_Col'
INFO: [SCHED 204-11] Finished scheduling.
INFO: [HLS 200-111] Finished Scheduling: CPU user time: 0 seconds. CPU system time: 0 seconds. Elapsed time: 0.169 seconds; current allocated memory: 616.449 MB.
INFO: [BIND 205-100] Starting micro-architecture generation ...
INFO: [BIND 205-101] Performing variable lifetime analysis.
INFO: [BIND 205-101] Exploring resource sharing.
INFO: [BIND 205-101] Binding ...
INFO: [BIND 205-100] Finished micro-architecture generation.
INFO: [HLS 200-111] Finished Binding: CPU user time: 0 seconds. CPU system time: 0 seconds. Elapsed time: 0.058 seconds; current allocated memory: 617.797 MB.
INFO: [HLS 200-10] ----------------------------------------------------------------
INFO: [HLS 200-42] -- Implementing module 'dct_Pipeline_DCT_Inner_Loop' 
INFO: [HLS 200-10] ----------------------------------------------------------------
INFO: [SCHED 204-11] Starting scheduling ...
INFO: [HLS 200-486] Changing DSP latency (root=mul_ln43) to 3 in order to utilize available DSP registers.
INFO: [SCHED 204-61] Pipelining loop 'DCT_Inner_Loop'.
INFO: [HLS 200-1470] Pipelining result : Target II = NA, Final II = 1, Depth = 5, loop 'DCT_Inner_Loop'
INFO: [SCHED 204-11] Finished scheduling.
INFO: [HLS 200-111] Finished Scheduling: CPU user time: 0 seconds. CPU system time: 0 seconds. Elapsed time: 0.093 seconds; current allocated memory: 618.539 MB.
INFO: [BIND 205-100] Starting micro-architecture generation ...
INFO: [BIND 205-101] Performing variable lifetime analysis.
INFO: [BIND 205-101] Exploring resource sharing.
INFO: [BIND 205-101] Binding ...
INFO: [BIND 205-100] Finished micro-architecture generation.
INFO: [HLS 200-111] Finished Binding: CPU user time: 0 seconds. CPU system time: 0 seconds. Elapsed time: 0.068 seconds; current allocated memory: 618.742 MB.
INFO: [HLS 200-10] ----------------------------------------------------------------
INFO: [HLS 200-42] -- Implementing module 'dct_Pipeline_Xpose_Row_Outer_Loop_Xpose_Row_Inner_Loop' 
INFO: [HLS 200-10] ----------------------------------------------------------------
INFO: [SCHED 204-11] Starting scheduling ...
INFO: [SCHED 204-61] Pipelining loop 'Xpose_Row_Outer_Loop_Xpose_Row_Inner_Loop'.
INFO: [HLS 200-1470] Pipelining result : Target II = NA, Final II = 1, Depth = 3, loop 'Xpose_Row_Outer_Loop_Xpose_Row_Inner_Loop'
INFO: [SCHED 204-11] Finished scheduling.
INFO: [HLS 200-111] Finished Scheduling: CPU user time: 0 seconds. CPU system time: 0 seconds. Elapsed time: 0.098 seconds; current allocated memory: 619.270 MB.
INFO: [BIND 205-100] Starting micro-architecture generation ...
INFO: [BIND 205-101] Performing variable lifetime analysis.
INFO: [BIND 205-101] Exploring resource sharing.
INFO: [BIND 205-101] Binding ...
INFO: [BIND 205-100] Finished micro-architecture generation.
INFO: [HLS 200-111] Finished Binding: CPU user time: 0 seconds. CPU system time: 0 seconds. Elapsed time: 0.058 seconds; current allocated memory: 619.293 MB.
INFO: [HLS 200-10] ----------------------------------------------------------------
INFO: [HLS 200-42] -- Implementing module 'dct_Pipeline_DCT_Inner_Loop1' 
INFO: [HLS 200-10] ----------------------------------------------------------------
INFO: [SCHED 204-11] Starting scheduling ...
INFO: [HLS 200-486] Changing DSP latency (root=mul_ln43) to 3 in order to utilize available DSP registers.
INFO: [SCHED 204-61] Pipelining loop 'DCT_Inner_Loop'.
INFO: [HLS 200-1470] Pipelining result : Target II = NA, Final II = 1, Depth = 5, loop 'DCT_Inner_Loop'
INFO: [SCHED 204-11] Finished scheduling.
INFO: [HLS 200-111] Finished Scheduling: CPU user time: 0 seconds. CPU system time: 0 seconds. Elapsed time: 0.096 seconds; current allocated memory: 619.738 MB.
INFO: [BIND 205-100] Starting micro-architecture generation ...
INFO: [BIND 205-101] Performing variable lifetime analysis.
INFO: [BIND 205-101] Exploring resource sharing.
INFO: [BIND 205-101] Binding ...
INFO: [BIND 205-100] Finished micro-architecture generation.
INFO: [HLS 200-111] Finished Binding: CPU user time: 0 seconds. CPU system time: 0 seconds. Elapsed time: 0.07 seconds; current allocated memory: 619.766 MB.
INFO: [HLS 200-10] ----------------------------------------------------------------
INFO: [HLS 200-42] -- Implementing module 'dct_Pipeline_Xpose_Col_Outer_Loop_Xpose_Col_Inner_Loop' 
INFO: [HLS 200-10] ----------------------------------------------------------------
INFO: [SCHED 204-11] Starting scheduling ...
INFO: [SCHED 204-61] Pipelining loop 'Xpose_Col_Outer_Loop_Xpose_Col_Inner_Loop'.
INFO: [HLS 200-1470] Pipelining result : Target II = NA, Final II = 1, Depth = 3, loop 'Xpose_Col_Outer_Loop_Xpose_Col_Inner_Loop'
INFO: [SCHED 204-11] Finished scheduling.
INFO: [HLS 200-111] Finished Scheduling: CPU user time: 0 seconds. CPU system time: 0 seconds. Elapsed time: 0.1 seconds; current allocated memory: 620.105 MB.
INFO: [BIND 205-100] Starting micro-architecture generation ...
INFO: [BIND 205-101] Performing variable lifetime analysis.
INFO: [BIND 205-101] Exploring resource sharing.
INFO: [BIND 205-101] Binding ...
INFO: [BIND 205-100] Finished micro-architecture generation.
INFO: [HLS 200-111] Finished Binding: CPU user time: 0 seconds. CPU system time: 0 seconds. Elapsed time: 0.06 seconds; current allocated memory: 620.141 MB.
INFO: [HLS 200-10] ----------------------------------------------------------------
INFO: [HLS 200-42] -- Implementing module 'dct_Pipeline_WR_Loop_Row_WR_Loop_Col' 
INFO: [HLS 200-10] ----------------------------------------------------------------
INFO: [SCHED 204-11] Starting scheduling ...
INFO: [SCHED 204-61] Pipelining loop 'WR_Loop_Row_WR_Loop_Col'.
INFO: [HLS 200-1470] Pipelining result : Target II = NA, Final II = 1, Depth = 3, loop 'WR_Loop_Row_WR_Loop_Col'
INFO: [SCHED 204-11] Finished scheduling.
INFO: [HLS 200-111] Finished Scheduling: CPU user time: 0 seconds. CPU system time: 0 seconds. Elapsed time: 0.094 seconds; current allocated memory: 620.492 MB.
INFO: [BIND 205-100] Starting micro-architecture generation ...
INFO: [BIND 205-101] Performing variable lifetime analysis.
INFO: [BIND 205-101] Exploring resource sharing.
INFO: [BIND 205-101] Binding ...
INFO: [BIND 205-100] Finished micro-architecture generation.
INFO: [HLS 200-111] Finished Binding: CPU user time: 0 seconds. CPU system time: 0 seconds. Elapsed time: 0.058 seconds; current allocated memory: 620.527 MB.
INFO: [HLS 200-10] ----------------------------------------------------------------
INFO: [HLS 200-42] -- Implementing module 'dct' 
INFO: [HLS 200-10] ----------------------------------------------------------------
INFO: [SCHED 204-11] Starting scheduling ...
INFO: [SCHED 204-11] Finished scheduling.
INFO: [HLS 200-111] Finished Scheduling: CPU user time: 0 seconds. CPU system time: 0 seconds. Elapsed time: 0.462 seconds; current allocated memory: 621.117 MB.
INFO: [BIND 205-100] Starting micro-architecture generation ...
INFO: [BIND 205-101] Performing variable lifetime analysis.
INFO: [BIND 205-101] Exploring resource sharing.
INFO: [BIND 205-101] Binding ...
INFO: [BIND 205-100] Finished micro-architecture generation.
INFO: [HLS 200-111] Finished Binding: CPU user time: 1 seconds. CPU system time: 0 seconds. Elapsed time: 0.135 seconds; current allocated memory: 621.242 MB.
INFO: [HLS 200-10] ----------------------------------------------------------------
INFO: [HLS 200-10] -- Generating RTL for module 'dct_Pipeline_RD_Loop_Row_RD_Loop_Col' 
INFO: [HLS 200-10] ----------------------------------------------------------------
INFO: [HLS 200-1030] Apply Unified Pipeline Control on module 'dct_Pipeline_RD_Loop_Row_RD_Loop_Col' pipeline 'RD_Loop_Row_RD_Loop_Col' pipeline type 'loop pipeline'
INFO: [RTGEN 206-100] Finished creating RTL model for 'dct_Pipeline_RD_Loop_Row_RD_Loop_Col'.
INFO: [HLS 200-111] Finished Creating RTL model: CPU user time: 0 seconds. CPU system time: 0 seconds. Elapsed time: 0.075 seconds; current allocated memory: 623.082 MB.
INFO: [HLS 200-10] ----------------------------------------------------------------
INFO: [HLS 200-10] -- Generating RTL for module 'dct_Pipeline_DCT_Inner_Loop' 
INFO: [HLS 200-10] ----------------------------------------------------------------
INFO: [HLS 200-1030] Apply Unified Pipeline Control on module 'dct_Pipeline_DCT_Inner_Loop' pipeline 'DCT_Inner_Loop' pipeline type 'loop pipeline'
INFO: [RTGEN 206-100] Generating core module 'mac_muladd_16s_15s_32s_32_4_1': 1 instance(s).
INFO: [RTGEN 206-100] Finished creating RTL model for 'dct_Pipeline_DCT_Inner_Loop'.
INFO: [HLS 200-111] Finished Creating RTL model: CPU user time: 0 seconds. CPU system time: 0 seconds. Elapsed time: 0.122 seconds; current allocated memory: 625.230 MB.
INFO: [HLS 200-10] ----------------------------------------------------------------
INFO: [HLS 200-10] -- Generating RTL for module 'dct_Pipeline_Xpose_Row_Outer_Loop_Xpose_Row_Inner_Loop' 
INFO: [HLS 200-10] ----------------------------------------------------------------
INFO: [HLS 200-1030] Apply Unified Pipeline Control on module 'dct_Pipeline_Xpose_Row_Outer_Loop_Xpose_Row_Inner_Loop' pipeline 'Xpose_Row_Outer_Loop_Xpose_Row_Inner_Loop' pipeline type 'loop pipeline'
INFO: [RTGEN 206-100] Finished creating RTL model for 'dct_Pipeline_Xpose_Row_Outer_Loop_Xpose_Row_Inner_Loop'.
INFO: [HLS 200-111] Finished Creating RTL model: CPU user time: 0 seconds. CPU system time: 0 seconds. Elapsed time: 0.127 seconds; current allocated memory: 626.551 MB.
INFO: [HLS 200-10] ----------------------------------------------------------------
INFO: [HLS 200-10] -- Generating RTL for module 'dct_Pipeline_DCT_Inner_Loop1' 
INFO: [HLS 200-10] ----------------------------------------------------------------
INFO: [HLS 200-1030] Apply Unified Pipeline Control on module 'dct_Pipeline_DCT_Inner_Loop1' pipeline 'DCT_Inner_Loop' pipeline type 'loop pipeline'
INFO: [RTGEN 206-100] Generating core module 'mac_muladd_16s_15s_32s_32_4_1': 1 instance(s).
INFO: [RTGEN 206-100] Finished creating RTL model for 'dct_Pipeline_DCT_Inner_Loop1'.
INFO: [HLS 200-111] Finished Creating RTL model: CPU user time: 0 seconds. CPU system time: 0 seconds. Elapsed time: 0.13 seconds; current allocated memory: 627.734 MB.
INFO: [HLS 200-10] ----------------------------------------------------------------
INFO: [HLS 200-10] -- Generating RTL for module 'dct_Pipeline_Xpose_Col_Outer_Loop_Xpose_Col_Inner_Loop' 
INFO: [HLS 200-10] ----------------------------------------------------------------
INFO: [HLS 200-1030] Apply Unified Pipeline Control on module 'dct_Pipeline_Xpose_Col_Outer_Loop_Xpose_Col_Inner_Loop' pipeline 'Xpose_Col_Outer_Loop_Xpose_Col_Inner_Loop' pipeline type 'loop pipeline'
INFO: [RTGEN 206-100] Finished creating RTL model for 'dct_Pipeline_Xpose_Col_Outer_Loop_Xpose_Col_Inner_Loop'.
INFO: [HLS 200-111] Finished Creating RTL model: CPU user time: 0 seconds. CPU system time: 0 seconds. Elapsed time: 0.124 seconds; current allocated memory: 628.523 MB.
INFO: [HLS 200-10] ----------------------------------------------------------------
INFO: [HLS 200-10] -- Generating RTL for module 'dct_Pipeline_WR_Loop_Row_WR_Loop_Col' 
INFO: [HLS 200-10] ----------------------------------------------------------------
INFO: [HLS 200-1030] Apply Unified Pipeline Control on module 'dct_Pipeline_WR_Loop_Row_WR_Loop_Col' pipeline 'WR_Loop_Row_WR_Loop_Col' pipeline type 'loop pipeline'
INFO: [RTGEN 206-100] Finished creating RTL model for 'dct_Pipeline_WR_Loop_Row_WR_Loop_Col'.
INFO: [HLS 200-111] Finished Creating RTL model: CPU user time: 0 seconds. CPU system time: 0 seconds. Elapsed time: 0.122 seconds; current allocated memory: 629.809 MB.
INFO: [HLS 200-10] ----------------------------------------------------------------
INFO: [HLS 200-10] -- Generating RTL for module 'dct' 
INFO: [HLS 200-10] ----------------------------------------------------------------
INFO: [RTGEN 206-500] Setting interface mode on port 'dct/input_r' to 'ap_memory'.
INFO: [RTGEN 206-500] Setting interface mode on port 'dct/output_r' to 'ap_memory'.
INFO: [RTGEN 206-500] Setting interface mode on function 'dct' to 'ap_ctrl_hs'.
INFO: [RTGEN 206-100] Finished creating RTL model for 'dct'.
INFO: [RTMG 210-279] Implementing memory 'dct_dct_coeff_table_ROM_AUTO_1R' using auto ROMs.
INFO: [RTMG 210-278] Implementing memory 'dct_row_outbuf_RAM_AUTO_1R1W' using auto RAMs.
INFO: [HLS 200-111] Finished Creating RTL model: CPU user time: 0 seconds. CPU system time: 0 seconds. Elapsed time: 0.153 seconds; current allocated memory: 631.875 MB.
INFO: [HLS 200-111] Finished Generating all RTL models: CPU user time: 0 seconds. CPU system time: 0 seconds. Elapsed time: 0.44 seconds; current allocated memory: 637.672 MB.
INFO: [HLS 200-111] Finished Updating report files: CPU user time: 1 seconds. CPU system time: 0 seconds. Elapsed time: 0.47 seconds; current allocated memory: 643.312 MB.
INFO: [VHDL 208-304] Generating VHDL RTL for dct.
INFO: [VLOG 209-307] Generating Verilog RTL for dct.
INFO: [HLS 200-790] **** Loop Constraint Status: All loop constraints were satisfied.
INFO: [HLS 200-789] **** Estimated Fmax: 153.66 MHz
INFO: [HLS 200-111] Finished Command csynth_design CPU user time: 3 seconds. CPU system time: 0 seconds. Elapsed time: 6.482 seconds; current allocated memory: 109.887 MB.
==============================================================
Vitis HLS - High-Level Synthesis from C, C++ and OpenCL v2023.1 (64-bit)
Tool Version Limit: 2023.05
Copyright 1986-2022 Xilinx, Inc. All Rights Reserved.
Copyright 2022-2023 Advanced Micro Devices, Inc. All Rights Reserved.

==============================================================
INFO: [SYN 201-201] Setting up clock 'default' with a period of 10ns.
INFO: [HLS 200-1611] Setting target device to 'xc7z020-clg484-1'
INFO: [HLS 200-1505] Using flow_target 'vivado'
INFO: [HLS 200-1464] Running solution command: config_cosim -tool=xsim
INFO: [HLS 200-1510] Running: set_part xc7z020clg484-1 
INFO: [HLS 200-1510] Running: create_clock -period 10 -name default 
INFO: [HLS 200-1510] Running: config_cosim -tool xsim 
INFO: [HLS 200-1510] Running: source ./lab3/solution3/directives.tcl
INFO: [HLS 200-1510] Running: set_directive_top -name dct dct 
INFO: [HLS 200-1510] Running: set_directive_pipeline dct_1d/DCT_Inner_Loop 
INFO: [HLS 200-1510] Running: set_directive_pipeline dct_2d/Xpose_Row_Inner_Loop 
INFO: [HLS 200-1510] Running: set_directive_pipeline dct_2d/Xpose_Col_Inner_Loop 
INFO: [HLS 200-1510] Running: set_directive_pipeline read_data/RD_Loop_Col 
INFO: [HLS 200-1510] Running: set_directive_pipeline write_data/WR_Loop_Col 
INFO: [HLS 200-1510] Running: csynth_design 
INFO: [HLS 200-111] Finished File checks and directory preparation: CPU user time: 0 seconds. CPU system time: 1 seconds. Elapsed time: 0.092 seconds; current allocated memory: 532.812 MB.
INFO: [HLS 200-10] Analyzing design file '../xup_high_level_synthesis_design_flow-main/source/lab3/dct.c' ... 
INFO: [HLS 200-111] Finished Source Code Analysis and Preprocessing: CPU user time: 1 seconds. CPU system time: 0 seconds. Elapsed time: 0.547 seconds; current allocated memory: 534.277 MB.
INFO: [HLS 200-777] Using interface defaults for 'Vivado' flow target.
INFO: [HLS 214-178] Inlining function 'dct_1d' into 'dct_2d' (../xup_high_level_synthesis_design_flow-main/source/lab3/dct.c:51:0)
INFO: [HLS 214-178] Inlining function 'read_data' into 'dct' (../xup_high_level_synthesis_design_flow-main/source/lab3/dct.c:105:0)
INFO: [HLS 214-178] Inlining function 'dct_2d' into 'dct' (../xup_high_level_synthesis_design_flow-main/source/lab3/dct.c:105:0)
INFO: [HLS 214-178] Inlining function 'write_data' into 'dct' (../xup_high_level_synthesis_design_flow-main/source/lab3/dct.c:105:0)
INFO: [HLS 200-111] Finished Compiling Optimization and Transform: CPU user time: 0 seconds. CPU system time: 0 seconds. Elapsed time: 1.953 seconds; current allocated memory: 536.000 MB.
INFO: [HLS 200-111] Finished Checking Pragmas: CPU user time: 0 seconds. CPU system time: 0 seconds. Elapsed time: 0.002 seconds; current allocated memory: 536.000 MB.
INFO: [HLS 200-10] Starting code transformations ...
INFO: [HLS 200-111] Finished Standard Transforms: CPU user time: 0 seconds. CPU system time: 0 seconds. Elapsed time: 0.053 seconds; current allocated memory: 542.254 MB.
INFO: [HLS 200-10] Checking synthesizability ...
INFO: [HLS 200-111] Finished Checking Synthesizability: CPU user time: 0 seconds. CPU system time: 0 seconds. Elapsed time: 0.04 seconds; current allocated memory: 543.738 MB.
INFO: [HLS 200-111] Finished Loop, function and other optimizations: CPU user time: 0 seconds. CPU system time: 0 seconds. Elapsed time: 0.086 seconds; current allocated memory: 565.699 MB.
INFO: [XFORM 203-541] Flattening a loop nest 'RD_Loop_Row' (../xup_high_level_synthesis_design_flow-main/source/lab3/dct.c:85:4) in function 'dct'.
WARNING: [HLS 200-960] Cannot flatten loop 'DCT_Outer_Loop' (../xup_high_level_synthesis_design_flow-main/source/lab3/dct.c:39:4) in function 'dct' the outer loop is not a perfect loop because there is nontrivial logic in the loop latch.
INFO: [XFORM 203-541] Flattening a loop nest 'Row_DCT_Loop' (../xup_high_level_synthesis_design_flow-main/source/lab3/dct.c:58:4) in function 'dct'.
INFO: [XFORM 203-541] Flattening a loop nest 'Xpose_Row_Outer_Loop' (../xup_high_level_synthesis_design_flow-main/source/lab3/dct.c:63:4) in function 'dct'.
WARNING: [HLS 200-960] Cannot flatten loop 'DCT_Outer_Loop' (../xup_high_level_synthesis_design_flow-main/source/lab3/dct.c:39:4) in function 'dct' the outer loop is not a perfect loop because there is nontrivial logic in the loop latch.
INFO: [XFORM 203-541] Flattening a loop nest 'Col_DCT_Loop' (../xup_high_level_synthesis_design_flow-main/source/lab3/dct.c:69:4) in function 'dct'.
INFO: [XFORM 203-541] Flattening a loop nest 'Xpose_Col_Outer_Loop' (../xup_high_level_synthesis_design_flow-main/source/lab3/dct.c:74:4) in function 'dct'.
INFO: [XFORM 203-541] Flattening a loop nest 'WR_Loop_Row' (../xup_high_level_synthesis_design_flow-main/source/lab3/dct.c:97:4) in function 'dct'.
INFO: [HLS 200-111] Finished Architecture Synthesis: CPU user time: 0 seconds. CPU system time: 0 seconds. Elapsed time: 0.143 seconds; current allocated memory: 611.746 MB.
INFO: [HLS 200-10] Starting hardware synthesis ...
INFO: [HLS 200-10] Synthesizing 'dct' ...
INFO: [HLS 200-10] ----------------------------------------------------------------
INFO: [HLS 200-42] -- Implementing module 'dct_Pipeline_RD_Loop_Row_RD_Loop_Col' 
INFO: [HLS 200-10] ----------------------------------------------------------------
INFO: [SCHED 204-11] Starting scheduling ...
INFO: [SCHED 204-61] Pipelining loop 'RD_Loop_Row_RD_Loop_Col'.
INFO: [HLS 200-1470] Pipelining result : Target II = NA, Final II = 1, Depth = 2, loop 'RD_Loop_Row_RD_Loop_Col'
INFO: [SCHED 204-11] Finished scheduling.
INFO: [HLS 200-111] Finished Scheduling: CPU user time: 0 seconds. CPU system time: 0 seconds. Elapsed time: 0.146 seconds; current allocated memory: 616.453 MB.
INFO: [BIND 205-100] Starting micro-architecture generation ...
INFO: [BIND 205-101] Performing variable lifetime analysis.
INFO: [BIND 205-101] Exploring resource sharing.
INFO: [BIND 205-101] Binding ...
INFO: [BIND 205-100] Finished micro-architecture generation.
INFO: [HLS 200-111] Finished Binding: CPU user time: 0 seconds. CPU system time: 0 seconds. Elapsed time: 0.055 seconds; current allocated memory: 617.738 MB.
INFO: [HLS 200-10] ----------------------------------------------------------------
INFO: [HLS 200-42] -- Implementing module 'dct_Pipeline_DCT_Inner_Loop' 
INFO: [HLS 200-10] ----------------------------------------------------------------
INFO: [SCHED 204-11] Starting scheduling ...
INFO: [HLS 200-486] Changing DSP latency (root=mul_ln43) to 3 in order to utilize available DSP registers.
INFO: [SCHED 204-61] Pipelining loop 'DCT_Inner_Loop'.
INFO: [HLS 200-1470] Pipelining result : Target II = NA, Final II = 1, Depth = 5, loop 'DCT_Inner_Loop'
INFO: [SCHED 204-11] Finished scheduling.
INFO: [HLS 200-111] Finished Scheduling: CPU user time: 0 seconds. CPU system time: 0 seconds. Elapsed time: 0.096 seconds; current allocated memory: 618.117 MB.
INFO: [BIND 205-100] Starting micro-architecture generation ...
INFO: [BIND 205-101] Performing variable lifetime analysis.
INFO: [BIND 205-101] Exploring resource sharing.
INFO: [BIND 205-101] Binding ...
INFO: [BIND 205-100] Finished micro-architecture generation.
INFO: [HLS 200-111] Finished Binding: CPU user time: 0 seconds. CPU system time: 0 seconds. Elapsed time: 0.069 seconds; current allocated memory: 618.430 MB.
INFO: [HLS 200-10] ----------------------------------------------------------------
INFO: [HLS 200-42] -- Implementing module 'dct_Pipeline_Xpose_Row_Outer_Loop_Xpose_Row_Inner_Loop' 
INFO: [HLS 200-10] ----------------------------------------------------------------
INFO: [SCHED 204-11] Starting scheduling ...
INFO: [SCHED 204-61] Pipelining loop 'Xpose_Row_Outer_Loop_Xpose_Row_Inner_Loop'.
INFO: [HLS 200-1470] Pipelining result : Target II = NA, Final II = 1, Depth = 3, loop 'Xpose_Row_Outer_Loop_Xpose_Row_Inner_Loop'
INFO: [SCHED 204-11] Finished scheduling.
INFO: [HLS 200-111] Finished Scheduling: CPU user time: 0 seconds. CPU system time: 0 seconds. Elapsed time: 0.096 seconds; current allocated memory: 618.898 MB.
INFO: [BIND 205-100] Starting micro-architecture generation ...
INFO: [BIND 205-101] Performing variable lifetime analysis.
INFO: [BIND 205-101] Exploring resource sharing.
INFO: [BIND 205-101] Binding ...
INFO: [BIND 205-100] Finished micro-architecture generation.
INFO: [HLS 200-111] Finished Binding: CPU user time: 0 seconds. CPU system time: 0 seconds. Elapsed time: 0.056 seconds; current allocated memory: 618.902 MB.
INFO: [HLS 200-10] ----------------------------------------------------------------
INFO: [HLS 200-42] -- Implementing module 'dct_Pipeline_DCT_Inner_Loop1' 
INFO: [HLS 200-10] ----------------------------------------------------------------
INFO: [SCHED 204-11] Starting scheduling ...
INFO: [HLS 200-486] Changing DSP latency (root=mul_ln43) to 3 in order to utilize available DSP registers.
INFO: [SCHED 204-61] Pipelining loop 'DCT_Inner_Loop'.
INFO: [HLS 200-1470] Pipelining result : Target II = NA, Final II = 1, Depth = 5, loop 'DCT_Inner_Loop'
INFO: [SCHED 204-11] Finished scheduling.
INFO: [HLS 200-111] Finished Scheduling: CPU user time: 0 seconds. CPU system time: 0 seconds. Elapsed time: 0.101 seconds; current allocated memory: 619.359 MB.
INFO: [BIND 205-100] Starting micro-architecture generation ...
INFO: [BIND 205-101] Performing variable lifetime analysis.
INFO: [BIND 205-101] Exploring resource sharing.
INFO: [BIND 205-101] Binding ...
INFO: [BIND 205-100] Finished micro-architecture generation.
INFO: [HLS 200-111] Finished Binding: CPU user time: 0 seconds. CPU system time: 0 seconds. Elapsed time: 0.073 seconds; current allocated memory: 619.363 MB.
INFO: [HLS 200-10] ----------------------------------------------------------------
INFO: [HLS 200-42] -- Implementing module 'dct_Pipeline_Xpose_Col_Outer_Loop_Xpose_Col_Inner_Loop' 
INFO: [HLS 200-10] ----------------------------------------------------------------
INFO: [SCHED 204-11] Starting scheduling ...
INFO: [SCHED 204-61] Pipelining loop 'Xpose_Col_Outer_Loop_Xpose_Col_Inner_Loop'.
INFO: [HLS 200-1470] Pipelining result : Target II = NA, Final II = 1, Depth = 3, loop 'Xpose_Col_Outer_Loop_Xpose_Col_Inner_Loop'
INFO: [SCHED 204-11] Finished scheduling.
INFO: [HLS 200-111] Finished Scheduling: CPU user time: 0 seconds. CPU system time: 0 seconds. Elapsed time: 0.1 seconds; current allocated memory: 619.613 MB.
INFO: [BIND 205-100] Starting micro-architecture generation ...
INFO: [BIND 205-101] Performing variable lifetime analysis.
INFO: [BIND 205-101] Exploring resource sharing.
INFO: [BIND 205-101] Binding ...
INFO: [BIND 205-100] Finished micro-architecture generation.
INFO: [HLS 200-111] Finished Binding: CPU user time: 0 seconds. CPU system time: 0 seconds. Elapsed time: 0.059 seconds; current allocated memory: 619.617 MB.
INFO: [HLS 200-10] ----------------------------------------------------------------
INFO: [HLS 200-42] -- Implementing module 'dct_Pipeline_WR_Loop_Row_WR_Loop_Col' 
INFO: [HLS 200-10] ----------------------------------------------------------------
INFO: [SCHED 204-11] Starting scheduling ...
INFO: [SCHED 204-61] Pipelining loop 'WR_Loop_Row_WR_Loop_Col'.
INFO: [HLS 200-1470] Pipelining result : Target II = NA, Final II = 1, Depth = 3, loop 'WR_Loop_Row_WR_Loop_Col'
INFO: [SCHED 204-11] Finished scheduling.
INFO: [HLS 200-111] Finished Scheduling: CPU user time: 0 seconds. CPU system time: 0 seconds. Elapsed time: 0.095 seconds; current allocated memory: 619.914 MB.
INFO: [BIND 205-100] Starting micro-architecture generation ...
INFO: [BIND 205-101] Performing variable lifetime analysis.
INFO: [BIND 205-101] Exploring resource sharing.
INFO: [BIND 205-101] Binding ...
INFO: [BIND 205-100] Finished micro-architecture generation.
INFO: [HLS 200-111] Finished Binding: CPU user time: 0 seconds. CPU system time: 0 seconds. Elapsed time: 0.182 seconds; current allocated memory: 620.145 MB.
INFO: [HLS 200-10] ----------------------------------------------------------------
INFO: [HLS 200-42] -- Implementing module 'dct' 
INFO: [HLS 200-10] ----------------------------------------------------------------
INFO: [SCHED 204-11] Starting scheduling ...
INFO: [SCHED 204-11] Finished scheduling.
INFO: [HLS 200-111] Finished Scheduling: CPU user time: 0 seconds. CPU system time: 0 seconds. Elapsed time: 0.147 seconds; current allocated memory: 621.055 MB.
INFO: [BIND 205-100] Starting micro-architecture generation ...
INFO: [BIND 205-101] Performing variable lifetime analysis.
INFO: [BIND 205-101] Exploring resource sharing.
INFO: [BIND 205-101] Binding ...
INFO: [BIND 205-100] Finished micro-architecture generation.
INFO: [HLS 200-111] Finished Binding: CPU user time: 1 seconds. CPU system time: 0 seconds. Elapsed time: 0.14 seconds; current allocated memory: 621.145 MB.
INFO: [HLS 200-10] ----------------------------------------------------------------
INFO: [HLS 200-10] -- Generating RTL for module 'dct_Pipeline_RD_Loop_Row_RD_Loop_Col' 
INFO: [HLS 200-10] ----------------------------------------------------------------
INFO: [HLS 200-1030] Apply Unified Pipeline Control on module 'dct_Pipeline_RD_Loop_Row_RD_Loop_Col' pipeline 'RD_Loop_Row_RD_Loop_Col' pipeline type 'loop pipeline'
INFO: [RTGEN 206-100] Finished creating RTL model for 'dct_Pipeline_RD_Loop_Row_RD_Loop_Col'.
INFO: [HLS 200-111] Finished Creating RTL model: CPU user time: 0 seconds. CPU system time: 0 seconds. Elapsed time: 0.077 seconds; current allocated memory: 623.004 MB.
INFO: [HLS 200-10] ----------------------------------------------------------------
INFO: [HLS 200-10] -- Generating RTL for module 'dct_Pipeline_DCT_Inner_Loop' 
INFO: [HLS 200-10] ----------------------------------------------------------------
INFO: [HLS 200-1030] Apply Unified Pipeline Control on module 'dct_Pipeline_DCT_Inner_Loop' pipeline 'DCT_Inner_Loop' pipeline type 'loop pipeline'
INFO: [RTGEN 206-100] Generating core module 'mac_muladd_16s_15s_32s_32_4_1': 1 instance(s).
INFO: [RTGEN 206-100] Finished creating RTL model for 'dct_Pipeline_DCT_Inner_Loop'.
INFO: [HLS 200-111] Finished Creating RTL model: CPU user time: 0 seconds. CPU system time: 0 seconds. Elapsed time: 0.122 seconds; current allocated memory: 625.070 MB.
INFO: [HLS 200-10] ----------------------------------------------------------------
INFO: [HLS 200-10] -- Generating RTL for module 'dct_Pipeline_Xpose_Row_Outer_Loop_Xpose_Row_Inner_Loop' 
INFO: [HLS 200-10] ----------------------------------------------------------------
INFO: [HLS 200-1030] Apply Unified Pipeline Control on module 'dct_Pipeline_Xpose_Row_Outer_Loop_Xpose_Row_Inner_Loop' pipeline 'Xpose_Row_Outer_Loop_Xpose_Row_Inner_Loop' pipeline type 'loop pipeline'
INFO: [RTGEN 206-100] Finished creating RTL model for 'dct_Pipeline_Xpose_Row_Outer_Loop_Xpose_Row_Inner_Loop'.
INFO: [HLS 200-111] Finished Creating RTL model: CPU user time: 0 seconds. CPU system time: 0 seconds. Elapsed time: 0.125 seconds; current allocated memory: 626.305 MB.
INFO: [HLS 200-10] ----------------------------------------------------------------
INFO: [HLS 200-10] -- Generating RTL for module 'dct_Pipeline_DCT_Inner_Loop1' 
INFO: [HLS 200-10] ----------------------------------------------------------------
INFO: [HLS 200-1030] Apply Unified Pipeline Control on module 'dct_Pipeline_DCT_Inner_Loop1' pipeline 'DCT_Inner_Loop' pipeline type 'loop pipeline'
INFO: [RTGEN 206-100] Generating core module 'mac_muladd_16s_15s_32s_32_4_1': 1 instance(s).
INFO: [RTGEN 206-100] Finished creating RTL model for 'dct_Pipeline_DCT_Inner_Loop1'.
INFO: [HLS 200-111] Finished Creating RTL model: CPU user time: 0 seconds. CPU system time: 0 seconds. Elapsed time: 0.129 seconds; current allocated memory: 627.297 MB.
INFO: [HLS 200-10] ----------------------------------------------------------------
INFO: [HLS 200-10] -- Generating RTL for module 'dct_Pipeline_Xpose_Col_Outer_Loop_Xpose_Col_Inner_Loop' 
INFO: [HLS 200-10] ----------------------------------------------------------------
INFO: [HLS 200-1030] Apply Unified Pipeline Control on module 'dct_Pipeline_Xpose_Col_Outer_Loop_Xpose_Col_Inner_Loop' pipeline 'Xpose_Col_Outer_Loop_Xpose_Col_Inner_Loop' pipeline type 'loop pipeline'
INFO: [RTGEN 206-100] Finished creating RTL model for 'dct_Pipeline_Xpose_Col_Outer_Loop_Xpose_Col_Inner_Loop'.
INFO: [HLS 200-111] Finished Creating RTL model: CPU user time: 0 seconds. CPU system time: 0 seconds. Elapsed time: 0.135 seconds; current allocated memory: 628.102 MB.
INFO: [HLS 200-10] ----------------------------------------------------------------
INFO: [HLS 200-10] -- Generating RTL for module 'dct_Pipeline_WR_Loop_Row_WR_Loop_Col' 
INFO: [HLS 200-10] ----------------------------------------------------------------
INFO: [HLS 200-1030] Apply Unified Pipeline Control on module 'dct_Pipeline_WR_Loop_Row_WR_Loop_Col' pipeline 'WR_Loop_Row_WR_Loop_Col' pipeline type 'loop pipeline'
INFO: [RTGEN 206-100] Finished creating RTL model for 'dct_Pipeline_WR_Loop_Row_WR_Loop_Col'.
INFO: [HLS 200-111] Finished Creating RTL model: CPU user time: 0 seconds. CPU system time: 0 seconds. Elapsed time: 0.128 seconds; current allocated memory: 629.348 MB.
INFO: [HLS 200-10] ----------------------------------------------------------------
INFO: [HLS 200-10] -- Generating RTL for module 'dct' 
INFO: [HLS 200-10] ----------------------------------------------------------------
INFO: [RTGEN 206-500] Setting interface mode on port 'dct/input_r' to 'ap_memory'.
INFO: [RTGEN 206-500] Setting interface mode on port 'dct/output_r' to 'ap_memory'.
INFO: [RTGEN 206-500] Setting interface mode on function 'dct' to 'ap_ctrl_hs'.
INFO: [RTGEN 206-100] Finished creating RTL model for 'dct'.
INFO: [RTMG 210-279] Implementing memory 'dct_dct_coeff_table_ROM_AUTO_1R' using auto ROMs.
INFO: [RTMG 210-278] Implementing memory 'dct_row_outbuf_RAM_AUTO_1R1W' using auto RAMs.
INFO: [HLS 200-111] Finished Creating RTL model: CPU user time: 0 seconds. CPU system time: 0 seconds. Elapsed time: 0.151 seconds; current allocated memory: 631.289 MB.
INFO: [HLS 200-111] Finished Generating all RTL models: CPU user time: 0 seconds. CPU system time: 0 seconds. Elapsed time: 0.445 seconds; current allocated memory: 636.805 MB.
INFO: [HLS 200-111] Finished Updating report files: CPU user time: 1 seconds. CPU system time: 0 seconds. Elapsed time: 0.473 seconds; current allocated memory: 642.703 MB.
INFO: [VHDL 208-304] Generating VHDL RTL for dct.
INFO: [VLOG 209-307] Generating Verilog RTL for dct.
INFO: [HLS 200-790] **** Loop Constraint Status: All loop constraints were satisfied.
INFO: [HLS 200-789] **** Estimated Fmax: 153.66 MHz
INFO: [HLS 200-111] Finished Command csynth_design CPU user time: 3 seconds. CPU system time: 1 seconds. Elapsed time: 6.285 seconds; current allocated memory: 110.340 MB.
==============================================================
Vitis HLS - High-Level Synthesis from C, C++ and OpenCL v2023.1 (64-bit)
Tool Version Limit: 2023.05
Copyright 1986-2022 Xilinx, Inc. All Rights Reserved.
Copyright 2022-2023 Advanced Micro Devices, Inc. All Rights Reserved.

==============================================================
INFO: [SYN 201-201] Setting up clock 'default' with a period of 10ns.
INFO: [HLS 200-1611] Setting target device to 'xc7z020-clg484-1'
INFO: [HLS 200-1505] Using flow_target 'vivado'
INFO: [HLS 200-1464] Running solution command: config_cosim -tool=xsim
INFO: [HLS 200-1510] Running: set_part xc7z020clg484-1 
INFO: [HLS 200-1510] Running: create_clock -period 10 -name default 
INFO: [HLS 200-1510] Running: config_cosim -tool xsim 
INFO: [HLS 200-1510] Running: source ./lab3/solution3/directives.tcl
INFO: [HLS 200-1510] Running: set_directive_top -name dct dct 
INFO: [HLS 200-1510] Running: set_directive_pipeline dct_1d/DCT_Inner_Loop 
INFO: [HLS 200-1510] Running: set_directive_pipeline dct_2d/Xpose_Row_Inner_Loop 
INFO: [HLS 200-1510] Running: set_directive_pipeline dct_2d/Xpose_Col_Inner_Loop 
INFO: [HLS 200-1510] Running: set_directive_pipeline read_data/RD_Loop_Col 
INFO: [HLS 200-1510] Running: set_directive_pipeline write_data/WR_Loop_Col 
INFO: [HLS 200-1510] Running: csynth_design 
INFO: [HLS 200-111] Finished File checks and directory preparation: CPU user time: 0 seconds. CPU system time: 1 seconds. Elapsed time: 0.091 seconds; current allocated memory: 533.215 MB.
INFO: [HLS 200-10] Analyzing design file '../xup_high_level_synthesis_design_flow-main/source/lab3/dct.c' ... 
INFO: [HLS 200-111] Finished Source Code Analysis and Preprocessing: CPU user time: 0 seconds. CPU system time: 0 seconds. Elapsed time: 0.547 seconds; current allocated memory: 534.379 MB.
INFO: [HLS 200-777] Using interface defaults for 'Vivado' flow target.
INFO: [HLS 214-178] Inlining function 'dct_1d' into 'dct_2d' (../xup_high_level_synthesis_design_flow-main/source/lab3/dct.c:51:0)
INFO: [HLS 214-178] Inlining function 'read_data' into 'dct' (../xup_high_level_synthesis_design_flow-main/source/lab3/dct.c:105:0)
INFO: [HLS 214-178] Inlining function 'dct_2d' into 'dct' (../xup_high_level_synthesis_design_flow-main/source/lab3/dct.c:105:0)
INFO: [HLS 214-178] Inlining function 'write_data' into 'dct' (../xup_high_level_synthesis_design_flow-main/source/lab3/dct.c:105:0)
INFO: [HLS 200-111] Finished Compiling Optimization and Transform: CPU user time: 1 seconds. CPU system time: 0 seconds. Elapsed time: 1.949 seconds; current allocated memory: 535.938 MB.
INFO: [HLS 200-111] Finished Checking Pragmas: CPU user time: 0 seconds. CPU system time: 0 seconds. Elapsed time: 0.002 seconds; current allocated memory: 535.938 MB.
INFO: [HLS 200-10] Starting code transformations ...
INFO: [HLS 200-111] Finished Standard Transforms: CPU user time: 0 seconds. CPU system time: 0 seconds. Elapsed time: 0.049 seconds; current allocated memory: 541.926 MB.
INFO: [HLS 200-10] Checking synthesizability ...
INFO: [HLS 200-111] Finished Checking Synthesizability: CPU user time: 0 seconds. CPU system time: 0 seconds. Elapsed time: 0.04 seconds; current allocated memory: 543.273 MB.
INFO: [HLS 200-111] Finished Loop, function and other optimizations: CPU user time: 0 seconds. CPU system time: 0 seconds. Elapsed time: 0.084 seconds; current allocated memory: 565.492 MB.
INFO: [XFORM 203-541] Flattening a loop nest 'RD_Loop_Row' (../xup_high_level_synthesis_design_flow-main/source/lab3/dct.c:85:4) in function 'dct'.
WARNING: [HLS 200-960] Cannot flatten loop 'DCT_Outer_Loop' (../xup_high_level_synthesis_design_flow-main/source/lab3/dct.c:39:4) in function 'dct' the outer loop is not a perfect loop because there is nontrivial logic in the loop latch.
INFO: [XFORM 203-541] Flattening a loop nest 'Row_DCT_Loop' (../xup_high_level_synthesis_design_flow-main/source/lab3/dct.c:58:4) in function 'dct'.
INFO: [XFORM 203-541] Flattening a loop nest 'Xpose_Row_Outer_Loop' (../xup_high_level_synthesis_design_flow-main/source/lab3/dct.c:63:4) in function 'dct'.
WARNING: [HLS 200-960] Cannot flatten loop 'DCT_Outer_Loop' (../xup_high_level_synthesis_design_flow-main/source/lab3/dct.c:39:4) in function 'dct' the outer loop is not a perfect loop because there is nontrivial logic in the loop latch.
INFO: [XFORM 203-541] Flattening a loop nest 'Col_DCT_Loop' (../xup_high_level_synthesis_design_flow-main/source/lab3/dct.c:69:4) in function 'dct'.
INFO: [XFORM 203-541] Flattening a loop nest 'Xpose_Col_Outer_Loop' (../xup_high_level_synthesis_design_flow-main/source/lab3/dct.c:74:4) in function 'dct'.
INFO: [XFORM 203-541] Flattening a loop nest 'WR_Loop_Row' (../xup_high_level_synthesis_design_flow-main/source/lab3/dct.c:97:4) in function 'dct'.
INFO: [HLS 200-111] Finished Architecture Synthesis: CPU user time: 0 seconds. CPU system time: 0 seconds. Elapsed time: 0.144 seconds; current allocated memory: 611.426 MB.
INFO: [HLS 200-10] Starting hardware synthesis ...
INFO: [HLS 200-10] Synthesizing 'dct' ...
INFO: [HLS 200-10] ----------------------------------------------------------------
INFO: [HLS 200-42] -- Implementing module 'dct_Pipeline_RD_Loop_Row_RD_Loop_Col' 
INFO: [HLS 200-10] ----------------------------------------------------------------
INFO: [SCHED 204-11] Starting scheduling ...
INFO: [SCHED 204-61] Pipelining loop 'RD_Loop_Row_RD_Loop_Col'.
INFO: [HLS 200-1470] Pipelining result : Target II = NA, Final II = 1, Depth = 2, loop 'RD_Loop_Row_RD_Loop_Col'
INFO: [SCHED 204-11] Finished scheduling.
INFO: [HLS 200-111] Finished Scheduling: CPU user time: 0 seconds. CPU system time: 0 seconds. Elapsed time: 0.151 seconds; current allocated memory: 616.031 MB.
INFO: [BIND 205-100] Starting micro-architecture generation ...
INFO: [BIND 205-101] Performing variable lifetime analysis.
INFO: [BIND 205-101] Exploring resource sharing.
INFO: [BIND 205-101] Binding ...
INFO: [BIND 205-100] Finished micro-architecture generation.
INFO: [HLS 200-111] Finished Binding: CPU user time: 0 seconds. CPU system time: 0 seconds. Elapsed time: 0.054 seconds; current allocated memory: 617.406 MB.
INFO: [HLS 200-10] ----------------------------------------------------------------
INFO: [HLS 200-42] -- Implementing module 'dct_Pipeline_DCT_Inner_Loop' 
INFO: [HLS 200-10] ----------------------------------------------------------------
INFO: [SCHED 204-11] Starting scheduling ...
INFO: [HLS 200-486] Changing DSP latency (root=mul_ln43) to 3 in order to utilize available DSP registers.
INFO: [SCHED 204-61] Pipelining loop 'DCT_Inner_Loop'.
INFO: [HLS 200-1470] Pipelining result : Target II = NA, Final II = 1, Depth = 5, loop 'DCT_Inner_Loop'
INFO: [SCHED 204-11] Finished scheduling.
INFO: [HLS 200-111] Finished Scheduling: CPU user time: 0 seconds. CPU system time: 0 seconds. Elapsed time: 0.093 seconds; current allocated memory: 617.984 MB.
INFO: [BIND 205-100] Starting micro-architecture generation ...
INFO: [BIND 205-101] Performing variable lifetime analysis.
INFO: [BIND 205-101] Exploring resource sharing.
INFO: [BIND 205-101] Binding ...
INFO: [BIND 205-100] Finished micro-architecture generation.
INFO: [HLS 200-111] Finished Binding: CPU user time: 0 seconds. CPU system time: 0 seconds. Elapsed time: 0.069 seconds; current allocated memory: 618.246 MB.
INFO: [HLS 200-10] ----------------------------------------------------------------
INFO: [HLS 200-42] -- Implementing module 'dct_Pipeline_Xpose_Row_Outer_Loop_Xpose_Row_Inner_Loop' 
INFO: [HLS 200-10] ----------------------------------------------------------------
INFO: [SCHED 204-11] Starting scheduling ...
INFO: [SCHED 204-61] Pipelining loop 'Xpose_Row_Outer_Loop_Xpose_Row_Inner_Loop'.
INFO: [HLS 200-1470] Pipelining result : Target II = NA, Final II = 1, Depth = 3, loop 'Xpose_Row_Outer_Loop_Xpose_Row_Inner_Loop'
INFO: [SCHED 204-11] Finished scheduling.
INFO: [HLS 200-111] Finished Scheduling: CPU user time: 0 seconds. CPU system time: 0 seconds. Elapsed time: 0.098 seconds; current allocated memory: 618.613 MB.
INFO: [BIND 205-100] Starting micro-architecture generation ...
INFO: [BIND 205-101] Performing variable lifetime analysis.
INFO: [BIND 205-101] Exploring resource sharing.
INFO: [BIND 205-101] Binding ...
INFO: [BIND 205-100] Finished micro-architecture generation.
INFO: [HLS 200-111] Finished Binding: CPU user time: 0 seconds. CPU system time: 0 seconds. Elapsed time: 0.058 seconds; current allocated memory: 618.691 MB.
INFO: [HLS 200-10] ----------------------------------------------------------------
INFO: [HLS 200-42] -- Implementing module 'dct_Pipeline_DCT_Inner_Loop1' 
INFO: [HLS 200-10] ----------------------------------------------------------------
INFO: [SCHED 204-11] Starting scheduling ...
INFO: [HLS 200-486] Changing DSP latency (root=mul_ln43) to 3 in order to utilize available DSP registers.
INFO: [SCHED 204-61] Pipelining loop 'DCT_Inner_Loop'.
INFO: [HLS 200-1470] Pipelining result : Target II = NA, Final II = 1, Depth = 5, loop 'DCT_Inner_Loop'
INFO: [SCHED 204-11] Finished scheduling.
INFO: [HLS 200-111] Finished Scheduling: CPU user time: 0 seconds. CPU system time: 0 seconds. Elapsed time: 0.095 seconds; current allocated memory: 619.031 MB.
INFO: [BIND 205-100] Starting micro-architecture generation ...
INFO: [BIND 205-101] Performing variable lifetime analysis.
INFO: [BIND 205-101] Exploring resource sharing.
INFO: [BIND 205-101] Binding ...
INFO: [BIND 205-100] Finished micro-architecture generation.
INFO: [HLS 200-111] Finished Binding: CPU user time: 0 seconds. CPU system time: 0 seconds. Elapsed time: 0.07 seconds; current allocated memory: 619.051 MB.
INFO: [HLS 200-10] ----------------------------------------------------------------
INFO: [HLS 200-42] -- Implementing module 'dct_Pipeline_Xpose_Col_Outer_Loop_Xpose_Col_Inner_Loop' 
INFO: [HLS 200-10] ----------------------------------------------------------------
INFO: [SCHED 204-11] Starting scheduling ...
INFO: [SCHED 204-61] Pipelining loop 'Xpose_Col_Outer_Loop_Xpose_Col_Inner_Loop'.
INFO: [HLS 200-1470] Pipelining result : Target II = NA, Final II = 1, Depth = 3, loop 'Xpose_Col_Outer_Loop_Xpose_Col_Inner_Loop'
INFO: [SCHED 204-11] Finished scheduling.
INFO: [HLS 200-111] Finished Scheduling: CPU user time: 0 seconds. CPU system time: 0 seconds. Elapsed time: 0.098 seconds; current allocated memory: 619.523 MB.
INFO: [BIND 205-100] Starting micro-architecture generation ...
INFO: [BIND 205-101] Performing variable lifetime analysis.
INFO: [BIND 205-101] Exploring resource sharing.
INFO: [BIND 205-101] Binding ...
INFO: [BIND 205-100] Finished micro-architecture generation.
INFO: [HLS 200-111] Finished Binding: CPU user time: 0 seconds. CPU system time: 0 seconds. Elapsed time: 0.059 seconds; current allocated memory: 619.543 MB.
INFO: [HLS 200-10] ----------------------------------------------------------------
INFO: [HLS 200-42] -- Implementing module 'dct_Pipeline_WR_Loop_Row_WR_Loop_Col' 
INFO: [HLS 200-10] ----------------------------------------------------------------
INFO: [SCHED 204-11] Starting scheduling ...
INFO: [SCHED 204-61] Pipelining loop 'WR_Loop_Row_WR_Loop_Col'.
INFO: [HLS 200-1470] Pipelining result : Target II = NA, Final II = 1, Depth = 3, loop 'WR_Loop_Row_WR_Loop_Col'
INFO: [SCHED 204-11] Finished scheduling.
INFO: [HLS 200-111] Finished Scheduling: CPU user time: 0 seconds. CPU system time: 0 seconds. Elapsed time: 0.092 seconds; current allocated memory: 619.766 MB.
INFO: [BIND 205-100] Starting micro-architecture generation ...
INFO: [BIND 205-101] Performing variable lifetime analysis.
INFO: [BIND 205-101] Exploring resource sharing.
INFO: [BIND 205-101] Binding ...
INFO: [BIND 205-100] Finished micro-architecture generation.
INFO: [HLS 200-111] Finished Binding: CPU user time: 0 seconds. CPU system time: 0 seconds. Elapsed time: 0.058 seconds; current allocated memory: 619.984 MB.
INFO: [HLS 200-10] ----------------------------------------------------------------
INFO: [HLS 200-42] -- Implementing module 'dct' 
INFO: [HLS 200-10] ----------------------------------------------------------------
INFO: [SCHED 204-11] Starting scheduling ...
INFO: [SCHED 204-11] Finished scheduling.
INFO: [HLS 200-111] Finished Scheduling: CPU user time: 0 seconds. CPU system time: 0 seconds. Elapsed time: 0.143 seconds; current allocated memory: 620.543 MB.
INFO: [BIND 205-100] Starting micro-architecture generation ...
INFO: [BIND 205-101] Performing variable lifetime analysis.
INFO: [BIND 205-101] Exploring resource sharing.
INFO: [BIND 205-101] Binding ...
INFO: [BIND 205-100] Finished micro-architecture generation.
INFO: [HLS 200-111] Finished Binding: CPU user time: 1 seconds. CPU system time: 0 seconds. Elapsed time: 0.133 seconds; current allocated memory: 620.594 MB.
INFO: [HLS 200-10] ----------------------------------------------------------------
INFO: [HLS 200-10] -- Generating RTL for module 'dct_Pipeline_RD_Loop_Row_RD_Loop_Col' 
INFO: [HLS 200-10] ----------------------------------------------------------------
INFO: [HLS 200-1030] Apply Unified Pipeline Control on module 'dct_Pipeline_RD_Loop_Row_RD_Loop_Col' pipeline 'RD_Loop_Row_RD_Loop_Col' pipeline type 'loop pipeline'
INFO: [RTGEN 206-100] Finished creating RTL model for 'dct_Pipeline_RD_Loop_Row_RD_Loop_Col'.
INFO: [HLS 200-111] Finished Creating RTL model: CPU user time: 0 seconds. CPU system time: 0 seconds. Elapsed time: 0.076 seconds; current allocated memory: 622.910 MB.
INFO: [HLS 200-10] ----------------------------------------------------------------
INFO: [HLS 200-10] -- Generating RTL for module 'dct_Pipeline_DCT_Inner_Loop' 
INFO: [HLS 200-10] ----------------------------------------------------------------
INFO: [HLS 200-1030] Apply Unified Pipeline Control on module 'dct_Pipeline_DCT_Inner_Loop' pipeline 'DCT_Inner_Loop' pipeline type 'loop pipeline'
INFO: [RTGEN 206-100] Generating core module 'mac_muladd_16s_15s_32s_32_4_1': 1 instance(s).
INFO: [RTGEN 206-100] Finished creating RTL model for 'dct_Pipeline_DCT_Inner_Loop'.
INFO: [HLS 200-111] Finished Creating RTL model: CPU user time: 0 seconds. CPU system time: 0 seconds. Elapsed time: 0.123 seconds; current allocated memory: 624.883 MB.
INFO: [HLS 200-10] ----------------------------------------------------------------
INFO: [HLS 200-10] -- Generating RTL for module 'dct_Pipeline_Xpose_Row_Outer_Loop_Xpose_Row_Inner_Loop' 
INFO: [HLS 200-10] ----------------------------------------------------------------
INFO: [HLS 200-1030] Apply Unified Pipeline Control on module 'dct_Pipeline_Xpose_Row_Outer_Loop_Xpose_Row_Inner_Loop' pipeline 'Xpose_Row_Outer_Loop_Xpose_Row_Inner_Loop' pipeline type 'loop pipeline'
INFO: [RTGEN 206-100] Finished creating RTL model for 'dct_Pipeline_Xpose_Row_Outer_Loop_Xpose_Row_Inner_Loop'.
INFO: [HLS 200-111] Finished Creating RTL model: CPU user time: 0 seconds. CPU system time: 0 seconds. Elapsed time: 0.12 seconds; current allocated memory: 626.113 MB.
INFO: [HLS 200-10] ----------------------------------------------------------------
INFO: [HLS 200-10] -- Generating RTL for module 'dct_Pipeline_DCT_Inner_Loop1' 
INFO: [HLS 200-10] ----------------------------------------------------------------
INFO: [HLS 200-1030] Apply Unified Pipeline Control on module 'dct_Pipeline_DCT_Inner_Loop1' pipeline 'DCT_Inner_Loop' pipeline type 'loop pipeline'
INFO: [RTGEN 206-100] Generating core module 'mac_muladd_16s_15s_32s_32_4_1': 1 instance(s).
INFO: [RTGEN 206-100] Finished creating RTL model for 'dct_Pipeline_DCT_Inner_Loop1'.
INFO: [HLS 200-111] Finished Creating RTL model: CPU user time: 0 seconds. CPU system time: 0 seconds. Elapsed time: 0.127 seconds; current allocated memory: 627.098 MB.
INFO: [HLS 200-10] ----------------------------------------------------------------
INFO: [HLS 200-10] -- Generating RTL for module 'dct_Pipeline_Xpose_Col_Outer_Loop_Xpose_Col_Inner_Loop' 
INFO: [HLS 200-10] ----------------------------------------------------------------
INFO: [HLS 200-1030] Apply Unified Pipeline Control on module 'dct_Pipeline_Xpose_Col_Outer_Loop_Xpose_Col_Inner_Loop' pipeline 'Xpose_Col_Outer_Loop_Xpose_Col_Inner_Loop' pipeline type 'loop pipeline'
INFO: [RTGEN 206-100] Finished creating RTL model for 'dct_Pipeline_Xpose_Col_Outer_Loop_Xpose_Col_Inner_Loop'.
INFO: [HLS 200-111] Finished Creating RTL model: CPU user time: 0 seconds. CPU system time: 0 seconds. Elapsed time: 0.125 seconds; current allocated memory: 628.102 MB.
INFO: [HLS 200-10] ----------------------------------------------------------------
INFO: [HLS 200-10] -- Generating RTL for module 'dct_Pipeline_WR_Loop_Row_WR_Loop_Col' 
INFO: [HLS 200-10] ----------------------------------------------------------------
INFO: [HLS 200-1030] Apply Unified Pipeline Control on module 'dct_Pipeline_WR_Loop_Row_WR_Loop_Col' pipeline 'WR_Loop_Row_WR_Loop_Col' pipeline type 'loop pipeline'
INFO: [RTGEN 206-100] Finished creating RTL model for 'dct_Pipeline_WR_Loop_Row_WR_Loop_Col'.
INFO: [HLS 200-111] Finished Creating RTL model: CPU user time: 0 seconds. CPU system time: 0 seconds. Elapsed time: 0.124 seconds; current allocated memory: 629.203 MB.
INFO: [HLS 200-10] ----------------------------------------------------------------
INFO: [HLS 200-10] -- Generating RTL for module 'dct' 
INFO: [HLS 200-10] ----------------------------------------------------------------
INFO: [RTGEN 206-500] Setting interface mode on port 'dct/input_r' to 'ap_memory'.
INFO: [RTGEN 206-500] Setting interface mode on port 'dct/output_r' to 'ap_memory'.
INFO: [RTGEN 206-500] Setting interface mode on function 'dct' to 'ap_ctrl_hs'.
INFO: [RTGEN 206-100] Finished creating RTL model for 'dct'.
INFO: [RTMG 210-279] Implementing memory 'dct_dct_coeff_table_ROM_AUTO_1R' using auto ROMs.
INFO: [RTMG 210-278] Implementing memory 'dct_row_outbuf_RAM_AUTO_1R1W' using auto RAMs.
INFO: [HLS 200-111] Finished Creating RTL model: CPU user time: 0 seconds. CPU system time: 0 seconds. Elapsed time: 0.152 seconds; current allocated memory: 631.121 MB.
INFO: [HLS 200-111] Finished Generating all RTL models: CPU user time: 0 seconds. CPU system time: 0 seconds. Elapsed time: 0.641 seconds; current allocated memory: 636.801 MB.
INFO: [HLS 200-111] Finished Updating report files: CPU user time: 1 seconds. CPU system time: 0 seconds. Elapsed time: 0.465 seconds; current allocated memory: 642.758 MB.
INFO: [VHDL 208-304] Generating VHDL RTL for dct.
INFO: [VLOG 209-307] Generating Verilog RTL for dct.
INFO: [HLS 200-790] **** Loop Constraint Status: All loop constraints were satisfied.
INFO: [HLS 200-789] **** Estimated Fmax: 153.66 MHz
INFO: [HLS 200-111] Finished Command csynth_design CPU user time: 3 seconds. CPU system time: 1 seconds. Elapsed time: 6.296 seconds; current allocated memory: 109.910 MB.
==============================================================
Vitis HLS - High-Level Synthesis from C, C++ and OpenCL v2023.1 (64-bit)
Tool Version Limit: 2023.05
Copyright 1986-2022 Xilinx, Inc. All Rights Reserved.
Copyright 2022-2023 Advanced Micro Devices, Inc. All Rights Reserved.

==============================================================
INFO: [SYN 201-201] Setting up clock 'default' with a period of 10ns.
INFO: [HLS 200-1611] Setting target device to 'xc7z020-clg484-1'
INFO: [HLS 200-1505] Using flow_target 'vivado'
INFO: [HLS 200-1464] Running solution command: config_cosim -tool=xsim
INFO: [HLS 200-1510] Running: set_part xc7z020clg484-1 
INFO: [HLS 200-1510] Running: create_clock -period 10 -name default 
INFO: [HLS 200-1510] Running: config_cosim -tool xsim 
INFO: [HLS 200-1510] Running: source ./lab3/solution3/directives.tcl
INFO: [HLS 200-1510] Running: set_directive_top -name dct dct 
INFO: [HLS 200-1510] Running: set_directive_pipeline dct_1d/DCT_Inner_Loop 
INFO: [HLS 200-1510] Running: set_directive_pipeline dct_2d/Xpose_Row_Inner_Loop 
INFO: [HLS 200-1510] Running: set_directive_pipeline dct_2d/Xpose_Col_Inner_Loop 
INFO: [HLS 200-1510] Running: set_directive_pipeline read_data/RD_Loop_Col 
INFO: [HLS 200-1510] Running: set_directive_pipeline write_data/WR_Loop_Col 
INFO: [HLS 200-1510] Running: csynth_design 
INFO: [HLS 200-111] Finished File checks and directory preparation: CPU user time: 0 seconds. CPU system time: 0 seconds. Elapsed time: 0.097 seconds; current allocated memory: 533.453 MB.
INFO: [HLS 200-10] Analyzing design file '../xup_high_level_synthesis_design_flow-main/source/lab3/dct.c' ... 
INFO: [HLS 200-111] Finished Source Code Analysis and Preprocessing: CPU user time: 1 seconds. CPU system time: 0 seconds. Elapsed time: 0.57 seconds; current allocated memory: 534.762 MB.
INFO: [HLS 200-777] Using interface defaults for 'Vivado' flow target.
INFO: [HLS 214-178] Inlining function 'dct_1d' into 'dct_2d' (../xup_high_level_synthesis_design_flow-main/source/lab3/dct.c:51:0)
INFO: [HLS 214-178] Inlining function 'read_data' into 'dct' (../xup_high_level_synthesis_design_flow-main/source/lab3/dct.c:105:0)
INFO: [HLS 214-178] Inlining function 'dct_2d' into 'dct' (../xup_high_level_synthesis_design_flow-main/source/lab3/dct.c:105:0)
INFO: [HLS 214-178] Inlining function 'write_data' into 'dct' (../xup_high_level_synthesis_design_flow-main/source/lab3/dct.c:105:0)
INFO: [HLS 200-111] Finished Compiling Optimization and Transform: CPU user time: 0 seconds. CPU system time: 0 seconds. Elapsed time: 2.078 seconds; current allocated memory: 536.207 MB.
INFO: [HLS 200-111] Finished Checking Pragmas: CPU user time: 0 seconds. CPU system time: 0 seconds. Elapsed time: 0.002 seconds; current allocated memory: 536.207 MB.
INFO: [HLS 200-10] Starting code transformations ...
INFO: [HLS 200-111] Finished Standard Transforms: CPU user time: 0 seconds. CPU system time: 0 seconds. Elapsed time: 0.052 seconds; current allocated memory: 542.211 MB.
INFO: [HLS 200-10] Checking synthesizability ...
INFO: [HLS 200-111] Finished Checking Synthesizability: CPU user time: 0 seconds. CPU system time: 0 seconds. Elapsed time: 0.04 seconds; current allocated memory: 543.555 MB.
INFO: [HLS 200-111] Finished Loop, function and other optimizations: CPU user time: 0 seconds. CPU system time: 0 seconds. Elapsed time: 0.087 seconds; current allocated memory: 565.660 MB.
INFO: [XFORM 203-541] Flattening a loop nest 'RD_Loop_Row' (../xup_high_level_synthesis_design_flow-main/source/lab3/dct.c:85:4) in function 'dct'.
WARNING: [HLS 200-960] Cannot flatten loop 'DCT_Outer_Loop' (../xup_high_level_synthesis_design_flow-main/source/lab3/dct.c:39:4) in function 'dct' the outer loop is not a perfect loop because there is nontrivial logic in the loop latch.
INFO: [XFORM 203-541] Flattening a loop nest 'Row_DCT_Loop' (../xup_high_level_synthesis_design_flow-main/source/lab3/dct.c:58:4) in function 'dct'.
INFO: [XFORM 203-541] Flattening a loop nest 'Xpose_Row_Outer_Loop' (../xup_high_level_synthesis_design_flow-main/source/lab3/dct.c:63:4) in function 'dct'.
WARNING: [HLS 200-960] Cannot flatten loop 'DCT_Outer_Loop' (../xup_high_level_synthesis_design_flow-main/source/lab3/dct.c:39:4) in function 'dct' the outer loop is not a perfect loop because there is nontrivial logic in the loop latch.
INFO: [XFORM 203-541] Flattening a loop nest 'Col_DCT_Loop' (../xup_high_level_synthesis_design_flow-main/source/lab3/dct.c:69:4) in function 'dct'.
INFO: [XFORM 203-541] Flattening a loop nest 'Xpose_Col_Outer_Loop' (../xup_high_level_synthesis_design_flow-main/source/lab3/dct.c:74:4) in function 'dct'.
INFO: [XFORM 203-541] Flattening a loop nest 'WR_Loop_Row' (../xup_high_level_synthesis_design_flow-main/source/lab3/dct.c:97:4) in function 'dct'.
INFO: [HLS 200-111] Finished Architecture Synthesis: CPU user time: 0 seconds. CPU system time: 0 seconds. Elapsed time: 0.149 seconds; current allocated memory: 611.598 MB.
INFO: [HLS 200-10] Starting hardware synthesis ...
INFO: [HLS 200-10] Synthesizing 'dct' ...
INFO: [HLS 200-10] ----------------------------------------------------------------
INFO: [HLS 200-42] -- Implementing module 'dct_Pipeline_RD_Loop_Row_RD_Loop_Col' 
INFO: [HLS 200-10] ----------------------------------------------------------------
INFO: [SCHED 204-11] Starting scheduling ...
INFO: [SCHED 204-61] Pipelining loop 'RD_Loop_Row_RD_Loop_Col'.
INFO: [HLS 200-1470] Pipelining result : Target II = NA, Final II = 1, Depth = 2, loop 'RD_Loop_Row_RD_Loop_Col'
INFO: [SCHED 204-11] Finished scheduling.
INFO: [HLS 200-111] Finished Scheduling: CPU user time: 0 seconds. CPU system time: 0 seconds. Elapsed time: 0.167 seconds; current allocated memory: 616.176 MB.
INFO: [BIND 205-100] Starting micro-architecture generation ...
INFO: [BIND 205-101] Performing variable lifetime analysis.
INFO: [BIND 205-101] Exploring resource sharing.
INFO: [BIND 205-101] Binding ...
INFO: [BIND 205-100] Finished micro-architecture generation.
INFO: [HLS 200-111] Finished Binding: CPU user time: 0 seconds. CPU system time: 0 seconds. Elapsed time: 0.056 seconds; current allocated memory: 617.477 MB.
INFO: [HLS 200-10] ----------------------------------------------------------------
INFO: [HLS 200-42] -- Implementing module 'dct_Pipeline_DCT_Inner_Loop' 
INFO: [HLS 200-10] ----------------------------------------------------------------
INFO: [SCHED 204-11] Starting scheduling ...
INFO: [HLS 200-486] Changing DSP latency (root=mul_ln43) to 3 in order to utilize available DSP registers.
INFO: [SCHED 204-61] Pipelining loop 'DCT_Inner_Loop'.
INFO: [HLS 200-1470] Pipelining result : Target II = NA, Final II = 1, Depth = 5, loop 'DCT_Inner_Loop'
INFO: [SCHED 204-11] Finished scheduling.
INFO: [HLS 200-111] Finished Scheduling: CPU user time: 0 seconds. CPU system time: 0 seconds. Elapsed time: 0.097 seconds; current allocated memory: 618.320 MB.
INFO: [BIND 205-100] Starting micro-architecture generation ...
INFO: [BIND 205-101] Performing variable lifetime analysis.
INFO: [BIND 205-101] Exploring resource sharing.
INFO: [BIND 205-101] Binding ...
INFO: [BIND 205-100] Finished micro-architecture generation.
INFO: [HLS 200-111] Finished Binding: CPU user time: 0 seconds. CPU system time: 0 seconds. Elapsed time: 0.072 seconds; current allocated memory: 618.355 MB.
INFO: [HLS 200-10] ----------------------------------------------------------------
INFO: [HLS 200-42] -- Implementing module 'dct_Pipeline_Xpose_Row_Outer_Loop_Xpose_Row_Inner_Loop' 
INFO: [HLS 200-10] ----------------------------------------------------------------
INFO: [SCHED 204-11] Starting scheduling ...
INFO: [SCHED 204-61] Pipelining loop 'Xpose_Row_Outer_Loop_Xpose_Row_Inner_Loop'.
INFO: [HLS 200-1470] Pipelining result : Target II = NA, Final II = 1, Depth = 3, loop 'Xpose_Row_Outer_Loop_Xpose_Row_Inner_Loop'
INFO: [SCHED 204-11] Finished scheduling.
INFO: [HLS 200-111] Finished Scheduling: CPU user time: 0 seconds. CPU system time: 0 seconds. Elapsed time: 0.1 seconds; current allocated memory: 618.762 MB.
INFO: [BIND 205-100] Starting micro-architecture generation ...
INFO: [BIND 205-101] Performing variable lifetime analysis.
INFO: [BIND 205-101] Exploring resource sharing.
INFO: [BIND 205-101] Binding ...
INFO: [BIND 205-100] Finished micro-architecture generation.
INFO: [HLS 200-111] Finished Binding: CPU user time: 0 seconds. CPU system time: 0 seconds. Elapsed time: 0.06 seconds; current allocated memory: 618.875 MB.
INFO: [HLS 200-10] ----------------------------------------------------------------
INFO: [HLS 200-42] -- Implementing module 'dct_Pipeline_DCT_Inner_Loop1' 
INFO: [HLS 200-10] ----------------------------------------------------------------
INFO: [SCHED 204-11] Starting scheduling ...
INFO: [HLS 200-486] Changing DSP latency (root=mul_ln43) to 3 in order to utilize available DSP registers.
INFO: [SCHED 204-61] Pipelining loop 'DCT_Inner_Loop'.
INFO: [HLS 200-1470] Pipelining result : Target II = NA, Final II = 1, Depth = 5, loop 'DCT_Inner_Loop'
INFO: [SCHED 204-11] Finished scheduling.
INFO: [HLS 200-111] Finished Scheduling: CPU user time: 0 seconds. CPU system time: 0 seconds. Elapsed time: 0.142 seconds; current allocated memory: 619.223 MB.
INFO: [BIND 205-100] Starting micro-architecture generation ...
INFO: [BIND 205-101] Performing variable lifetime analysis.
INFO: [BIND 205-101] Exploring resource sharing.
INFO: [BIND 205-101] Binding ...
INFO: [BIND 205-100] Finished micro-architecture generation.
INFO: [HLS 200-111] Finished Binding: CPU user time: 0 seconds. CPU system time: 0 seconds. Elapsed time: 0.281 seconds; current allocated memory: 619.250 MB.
INFO: [HLS 200-10] ----------------------------------------------------------------
INFO: [HLS 200-42] -- Implementing module 'dct_Pipeline_Xpose_Col_Outer_Loop_Xpose_Col_Inner_Loop' 
INFO: [HLS 200-10] ----------------------------------------------------------------
INFO: [SCHED 204-11] Starting scheduling ...
INFO: [SCHED 204-61] Pipelining loop 'Xpose_Col_Outer_Loop_Xpose_Col_Inner_Loop'.
INFO: [HLS 200-1470] Pipelining result : Target II = NA, Final II = 1, Depth = 3, loop 'Xpose_Col_Outer_Loop_Xpose_Col_Inner_Loop'
INFO: [SCHED 204-11] Finished scheduling.
INFO: [HLS 200-111] Finished Scheduling: CPU user time: 0 seconds. CPU system time: 0 seconds. Elapsed time: 0.103 seconds; current allocated memory: 619.625 MB.
INFO: [BIND 205-100] Starting micro-architecture generation ...
INFO: [BIND 205-101] Performing variable lifetime analysis.
INFO: [BIND 205-101] Exploring resource sharing.
INFO: [BIND 205-101] Binding ...
INFO: [BIND 205-100] Finished micro-architecture generation.
INFO: [HLS 200-111] Finished Binding: CPU user time: 0 seconds. CPU system time: 0 seconds. Elapsed time: 0.061 seconds; current allocated memory: 619.629 MB.
INFO: [HLS 200-10] ----------------------------------------------------------------
INFO: [HLS 200-42] -- Implementing module 'dct_Pipeline_WR_Loop_Row_WR_Loop_Col' 
INFO: [HLS 200-10] ----------------------------------------------------------------
INFO: [SCHED 204-11] Starting scheduling ...
INFO: [SCHED 204-61] Pipelining loop 'WR_Loop_Row_WR_Loop_Col'.
INFO: [HLS 200-1470] Pipelining result : Target II = NA, Final II = 1, Depth = 3, loop 'WR_Loop_Row_WR_Loop_Col'
INFO: [SCHED 204-11] Finished scheduling.
INFO: [HLS 200-111] Finished Scheduling: CPU user time: 0 seconds. CPU system time: 0 seconds. Elapsed time: 0.097 seconds; current allocated memory: 619.980 MB.
INFO: [BIND 205-100] Starting micro-architecture generation ...
INFO: [BIND 205-101] Performing variable lifetime analysis.
INFO: [BIND 205-101] Exploring resource sharing.
INFO: [BIND 205-101] Binding ...
INFO: [BIND 205-100] Finished micro-architecture generation.
INFO: [HLS 200-111] Finished Binding: CPU user time: 0 seconds. CPU system time: 0 seconds. Elapsed time: 0.06 seconds; current allocated memory: 620.012 MB.
INFO: [HLS 200-10] ----------------------------------------------------------------
INFO: [HLS 200-42] -- Implementing module 'dct' 
INFO: [HLS 200-10] ----------------------------------------------------------------
INFO: [SCHED 204-11] Starting scheduling ...
INFO: [SCHED 204-11] Finished scheduling.
INFO: [HLS 200-111] Finished Scheduling: CPU user time: 1 seconds. CPU system time: 0 seconds. Elapsed time: 0.151 seconds; current allocated memory: 620.863 MB.
INFO: [BIND 205-100] Starting micro-architecture generation ...
INFO: [BIND 205-101] Performing variable lifetime analysis.
INFO: [BIND 205-101] Exploring resource sharing.
INFO: [BIND 205-101] Binding ...
INFO: [BIND 205-100] Finished micro-architecture generation.
INFO: [HLS 200-111] Finished Binding: CPU user time: 0 seconds. CPU system time: 0 seconds. Elapsed time: 0.146 seconds; current allocated memory: 621.090 MB.
INFO: [HLS 200-10] ----------------------------------------------------------------
INFO: [HLS 200-10] -- Generating RTL for module 'dct_Pipeline_RD_Loop_Row_RD_Loop_Col' 
INFO: [HLS 200-10] ----------------------------------------------------------------
INFO: [HLS 200-1030] Apply Unified Pipeline Control on module 'dct_Pipeline_RD_Loop_Row_RD_Loop_Col' pipeline 'RD_Loop_Row_RD_Loop_Col' pipeline type 'loop pipeline'
INFO: [RTGEN 206-100] Finished creating RTL model for 'dct_Pipeline_RD_Loop_Row_RD_Loop_Col'.
INFO: [HLS 200-111] Finished Creating RTL model: CPU user time: 0 seconds. CPU system time: 0 seconds. Elapsed time: 0.077 seconds; current allocated memory: 623.020 MB.
INFO: [HLS 200-10] ----------------------------------------------------------------
INFO: [HLS 200-10] -- Generating RTL for module 'dct_Pipeline_DCT_Inner_Loop' 
INFO: [HLS 200-10] ----------------------------------------------------------------
INFO: [HLS 200-1030] Apply Unified Pipeline Control on module 'dct_Pipeline_DCT_Inner_Loop' pipeline 'DCT_Inner_Loop' pipeline type 'loop pipeline'
INFO: [RTGEN 206-100] Generating core module 'mac_muladd_16s_15s_32s_32_4_1': 1 instance(s).
INFO: [RTGEN 206-100] Finished creating RTL model for 'dct_Pipeline_DCT_Inner_Loop'.
INFO: [HLS 200-111] Finished Creating RTL model: CPU user time: 0 seconds. CPU system time: 0 seconds. Elapsed time: 0.125 seconds; current allocated memory: 625.113 MB.
INFO: [HLS 200-10] ----------------------------------------------------------------
INFO: [HLS 200-10] -- Generating RTL for module 'dct_Pipeline_Xpose_Row_Outer_Loop_Xpose_Row_Inner_Loop' 
INFO: [HLS 200-10] ----------------------------------------------------------------
INFO: [HLS 200-1030] Apply Unified Pipeline Control on module 'dct_Pipeline_Xpose_Row_Outer_Loop_Xpose_Row_Inner_Loop' pipeline 'Xpose_Row_Outer_Loop_Xpose_Row_Inner_Loop' pipeline type 'loop pipeline'
INFO: [RTGEN 206-100] Finished creating RTL model for 'dct_Pipeline_Xpose_Row_Outer_Loop_Xpose_Row_Inner_Loop'.
INFO: [HLS 200-111] Finished Creating RTL model: CPU user time: 0 seconds. CPU system time: 0 seconds. Elapsed time: 0.128 seconds; current allocated memory: 626.129 MB.
INFO: [HLS 200-10] ----------------------------------------------------------------
INFO: [HLS 200-10] -- Generating RTL for module 'dct_Pipeline_DCT_Inner_Loop1' 
INFO: [HLS 200-10] ----------------------------------------------------------------
INFO: [HLS 200-1030] Apply Unified Pipeline Control on module 'dct_Pipeline_DCT_Inner_Loop1' pipeline 'DCT_Inner_Loop' pipeline type 'loop pipeline'
INFO: [RTGEN 206-100] Generating core module 'mac_muladd_16s_15s_32s_32_4_1': 1 instance(s).
INFO: [RTGEN 206-100] Finished creating RTL model for 'dct_Pipeline_DCT_Inner_Loop1'.
INFO: [HLS 200-111] Finished Creating RTL model: CPU user time: 0 seconds. CPU system time: 0 seconds. Elapsed time: 0.131 seconds; current allocated memory: 627.234 MB.
INFO: [HLS 200-10] ----------------------------------------------------------------
INFO: [HLS 200-10] -- Generating RTL for module 'dct_Pipeline_Xpose_Col_Outer_Loop_Xpose_Col_Inner_Loop' 
INFO: [HLS 200-10] ----------------------------------------------------------------
INFO: [HLS 200-1030] Apply Unified Pipeline Control on module 'dct_Pipeline_Xpose_Col_Outer_Loop_Xpose_Col_Inner_Loop' pipeline 'Xpose_Col_Outer_Loop_Xpose_Col_Inner_Loop' pipeline type 'loop pipeline'
INFO: [RTGEN 206-100] Finished creating RTL model for 'dct_Pipeline_Xpose_Col_Outer_Loop_Xpose_Col_Inner_Loop'.
INFO: [HLS 200-111] Finished Creating RTL model: CPU user time: 0 seconds. CPU system time: 0 seconds. Elapsed time: 0.128 seconds; current allocated memory: 628.113 MB.
INFO: [HLS 200-10] ----------------------------------------------------------------
INFO: [HLS 200-10] -- Generating RTL for module 'dct_Pipeline_WR_Loop_Row_WR_Loop_Col' 
INFO: [HLS 200-10] ----------------------------------------------------------------
INFO: [HLS 200-1030] Apply Unified Pipeline Control on module 'dct_Pipeline_WR_Loop_Row_WR_Loop_Col' pipeline 'WR_Loop_Row_WR_Loop_Col' pipeline type 'loop pipeline'
INFO: [RTGEN 206-100] Finished creating RTL model for 'dct_Pipeline_WR_Loop_Row_WR_Loop_Col'.
INFO: [HLS 200-111] Finished Creating RTL model: CPU user time: 0 seconds. CPU system time: 0 seconds. Elapsed time: 0.126 seconds; current allocated memory: 629.410 MB.
INFO: [HLS 200-10] ----------------------------------------------------------------
INFO: [HLS 200-10] -- Generating RTL for module 'dct' 
INFO: [HLS 200-10] ----------------------------------------------------------------
INFO: [RTGEN 206-500] Setting interface mode on port 'dct/input_r' to 'ap_memory'.
INFO: [RTGEN 206-500] Setting interface mode on port 'dct/output_r' to 'ap_memory'.
INFO: [RTGEN 206-500] Setting interface mode on function 'dct' to 'ap_ctrl_hs'.
INFO: [RTGEN 206-100] Finished creating RTL model for 'dct'.
INFO: [RTMG 210-279] Implementing memory 'dct_dct_coeff_table_ROM_AUTO_1R' using auto ROMs.
INFO: [RTMG 210-278] Implementing memory 'dct_row_outbuf_RAM_AUTO_1R1W' using auto RAMs.
INFO: [HLS 200-111] Finished Creating RTL model: CPU user time: 0 seconds. CPU system time: 0 seconds. Elapsed time: 0.159 seconds; current allocated memory: 631.664 MB.
INFO: [HLS 200-111] Finished Generating all RTL models: CPU user time: 0 seconds. CPU system time: 0 seconds. Elapsed time: 0.453 seconds; current allocated memory: 637.430 MB.
INFO: [HLS 200-111] Finished Updating report files: CPU user time: 1 seconds. CPU system time: 0 seconds. Elapsed time: 0.492 seconds; current allocated memory: 643.152 MB.
INFO: [VHDL 208-304] Generating VHDL RTL for dct.
INFO: [VLOG 209-307] Generating Verilog RTL for dct.
INFO: [HLS 200-790] **** Loop Constraint Status: All loop constraints were satisfied.
INFO: [HLS 200-789] **** Estimated Fmax: 153.66 MHz
INFO: [HLS 200-111] Finished Command csynth_design CPU user time: 3 seconds. CPU system time: 0 seconds. Elapsed time: 6.67 seconds; current allocated memory: 110.199 MB.
==============================================================
Vitis HLS - High-Level Synthesis from C, C++ and OpenCL v2023.1 (64-bit)
Tool Version Limit: 2023.05
Copyright 1986-2022 Xilinx, Inc. All Rights Reserved.
Copyright 2022-2023 Advanced Micro Devices, Inc. All Rights Reserved.

==============================================================
INFO: [SYN 201-201] Setting up clock 'default' with a period of 10ns.
INFO: [HLS 200-1611] Setting target device to 'xc7z020-clg484-1'
INFO: [HLS 200-1505] Using flow_target 'vitis'
INFO: [HLS 200-435] Setting 'open_solution -flow_target vitis' configuration: config_interface -m_axi_latency=64
INFO: [HLS 200-435] Setting 'open_solution -flow_target vitis' configuration: config_interface -m_axi_alignment_byte_size=64
INFO: [HLS 200-435] Setting 'open_solution -flow_target vitis' configuration: config_interface -m_axi_max_widen_bitwidth=512
INFO: [HLS 200-435] Setting 'open_solution -flow_target vitis' configuration: config_rtl -register_reset_num=3
INFO: [HLS 200-1464] Running solution command: config_cosim -tool=xsim
INFO: [HLS 200-1510] Running: set_part xc7z020clg484-1 
INFO: [HLS 200-1510] Running: create_clock -period 10 -name default 
INFO: [HLS 200-1510] Running: config_cosim -tool xsim 
INFO: [HLS 200-1510] Running: source ./lab3/solution3/directives.tcl
INFO: [HLS 200-1510] Running: set_directive_top -name dct dct 
INFO: [HLS 200-1510] Running: set_directive_pipeline dct_1d/DCT_Inner_Loop 
INFO: [HLS 200-1510] Running: set_directive_pipeline dct_2d/Xpose_Row_Inner_Loop 
INFO: [HLS 200-1510] Running: set_directive_pipeline dct_2d/Xpose_Col_Inner_Loop 
INFO: [HLS 200-1510] Running: set_directive_pipeline read_data/RD_Loop_Col 
INFO: [HLS 200-1510] Running: set_directive_pipeline write_data/WR_Loop_Col 
INFO: [HLS 200-1510] Running: csynth_design 
INFO: [HLS 200-111] Finished File checks and directory preparation: CPU user time: 0 seconds. CPU system time: 0 seconds. Elapsed time: 0.095 seconds; current allocated memory: 533.773 MB.
INFO: [HLS 200-10] Analyzing design file '../xup_high_level_synthesis_design_flow-main/source/lab3/dct.c' ... 
INFO: [HLS 200-111] Finished Source Code Analysis and Preprocessing: CPU user time: 0 seconds. CPU system time: 0 seconds. Elapsed time: 0.55 seconds; current allocated memory: 534.801 MB.
INFO: [HLS 200-777] Using interface defaults for 'Vitis' flow target.
INFO: [HLS 214-178] Inlining function 'dct_1d' into 'dct_2d' (../xup_high_level_synthesis_design_flow-main/source/lab3/dct.c:51:0)
INFO: [HLS 214-178] Inlining function 'read_data' into 'dct' (../xup_high_level_synthesis_design_flow-main/source/lab3/dct.c:105:0)
INFO: [HLS 214-178] Inlining function 'dct_2d' into 'dct' (../xup_high_level_synthesis_design_flow-main/source/lab3/dct.c:105:0)
INFO: [HLS 214-178] Inlining function 'write_data' into 'dct' (../xup_high_level_synthesis_design_flow-main/source/lab3/dct.c:105:0)
WARNING: [HLS 214-414] Cannot apply interface mode 'ap_none' on function argument 'input' since this interface mode only supports scalar types (../xup_high_level_synthesis_design_flow-main/source/lab3/dct.c:105:0)
WARNING: [HLS 214-414] Cannot apply interface mode 'ap_none' on function argument 'output' since this interface mode only supports scalar types (../xup_high_level_synthesis_design_flow-main/source/lab3/dct.c:105:0)
INFO: [HLS 214-115] Multiple burst reads of length 2 and bit width 512 has been inferred on bundle 'gmem'. These burst requests might be further partitioned into multiple requests during RTL generation, based on max_read_burst_length or max_write_burst_length settings. (../xup_high_level_synthesis_design_flow-main/source/lab3/dct.c:85:4)
INFO: [HLS 214-115] Multiple burst writes of length 2 and bit width 512 has been inferred on bundle 'gmem'. These burst requests might be further partitioned into multiple requests during RTL generation, based on max_read_burst_length or max_write_burst_length settings. (../xup_high_level_synthesis_design_flow-main/source/lab3/dct.c:97:4)
INFO: [HLS 200-111] Finished Compiling Optimization and Transform: CPU user time: 1 seconds. CPU system time: 0 seconds. Elapsed time: 2.164 seconds; current allocated memory: 536.930 MB.
INFO: [HLS 200-111] Finished Checking Pragmas: CPU user time: 0 seconds. CPU system time: 0 seconds. Elapsed time: 0.002 seconds; current allocated memory: 536.930 MB.
INFO: [HLS 200-10] Starting code transformations ...
INFO: [HLS 200-111] Finished Standard Transforms: CPU user time: 0 seconds. CPU system time: 0 seconds. Elapsed time: 0.054 seconds; current allocated memory: 543.191 MB.
INFO: [HLS 200-10] Checking synthesizability ...
INFO: [HLS 200-111] Finished Checking Synthesizability: CPU user time: 0 seconds. CPU system time: 0 seconds. Elapsed time: 0.044 seconds; current allocated memory: 544.711 MB.
INFO: [HLS 200-111] Finished Loop, function and other optimizations: CPU user time: 0 seconds. CPU system time: 0 seconds. Elapsed time: 0.099 seconds; current allocated memory: 567.172 MB.
WARNING: [HLS 200-960] Cannot flatten loop 'RD_Loop_Row' (../xup_high_level_synthesis_design_flow-main/source/lab3/dct.c:85:4) in function 'dct' the outer loop is not a perfect loop because there is nontrivial logic before entering the inner loop.
WARNING: [HLS 200-960] Cannot flatten loop 'DCT_Outer_Loop' (../xup_high_level_synthesis_design_flow-main/source/lab3/dct.c:39:4) in function 'dct' the outer loop is not a perfect loop because there is nontrivial logic in the loop latch.
INFO: [XFORM 203-541] Flattening a loop nest 'Row_DCT_Loop' (../xup_high_level_synthesis_design_flow-main/source/lab3/dct.c:58:4) in function 'dct'.
INFO: [XFORM 203-541] Flattening a loop nest 'Xpose_Row_Outer_Loop' (../xup_high_level_synthesis_design_flow-main/source/lab3/dct.c:63:4) in function 'dct'.
WARNING: [HLS 200-960] Cannot flatten loop 'DCT_Outer_Loop' (../xup_high_level_synthesis_design_flow-main/source/lab3/dct.c:39:4) in function 'dct' the outer loop is not a perfect loop because there is nontrivial logic in the loop latch.
INFO: [XFORM 203-541] Flattening a loop nest 'Col_DCT_Loop' (../xup_high_level_synthesis_design_flow-main/source/lab3/dct.c:69:4) in function 'dct'.
INFO: [XFORM 203-541] Flattening a loop nest 'Xpose_Col_Outer_Loop' (../xup_high_level_synthesis_design_flow-main/source/lab3/dct.c:74:4) in function 'dct'.
WARNING: [HLS 200-960] Cannot flatten loop 'WR_Loop_Row' (../xup_high_level_synthesis_design_flow-main/source/lab3/dct.c:97:4) in function 'dct' the outer loop is not a perfect loop because there is nontrivial logic before entering the inner loop.
INFO: [HLS 200-111] Finished Architecture Synthesis: CPU user time: 0 seconds. CPU system time: 0 seconds. Elapsed time: 0.158 seconds; current allocated memory: 613.285 MB.
INFO: [HLS 200-10] Starting hardware synthesis ...
INFO: [HLS 200-10] Synthesizing 'dct' ...
INFO: [HLS 200-10] ----------------------------------------------------------------
INFO: [HLS 200-42] -- Implementing module 'dct_Pipeline_RD_Loop_Col' 
INFO: [HLS 200-10] ----------------------------------------------------------------
INFO: [SCHED 204-11] Starting scheduling ...
INFO: [SCHED 204-61] Pipelining loop 'RD_Loop_Col'.
INFO: [HLS 200-1470] Pipelining result : Target II = NA, Final II = 1, Depth = 2, loop 'RD_Loop_Col'
INFO: [SCHED 204-11] Finished scheduling.
INFO: [HLS 200-111] Finished Scheduling: CPU user time: 0 seconds. CPU system time: 0 seconds. Elapsed time: 0.15 seconds; current allocated memory: 617.691 MB.
INFO: [BIND 205-100] Starting micro-architecture generation ...
INFO: [BIND 205-101] Performing variable lifetime analysis.
INFO: [BIND 205-101] Exploring resource sharing.
INFO: [BIND 205-101] Binding ...
INFO: [BIND 205-100] Finished micro-architecture generation.
INFO: [HLS 200-111] Finished Binding: CPU user time: 0 seconds. CPU system time: 0 seconds. Elapsed time: 0.055 seconds; current allocated memory: 619.090 MB.
INFO: [HLS 200-10] ----------------------------------------------------------------
INFO: [HLS 200-42] -- Implementing module 'dct_Pipeline_DCT_Inner_Loop' 
INFO: [HLS 200-10] ----------------------------------------------------------------
INFO: [SCHED 204-11] Starting scheduling ...
INFO: [HLS 200-486] Changing DSP latency (root=mul_ln43) to 3 in order to utilize available DSP registers.
INFO: [SCHED 204-61] Pipelining loop 'DCT_Inner_Loop'.
INFO: [HLS 200-1470] Pipelining result : Target II = NA, Final II = 1, Depth = 5, loop 'DCT_Inner_Loop'
INFO: [SCHED 204-11] Finished scheduling.
INFO: [HLS 200-111] Finished Scheduling: CPU user time: 0 seconds. CPU system time: 0 seconds. Elapsed time: 0.095 seconds; current allocated memory: 619.734 MB.
INFO: [BIND 205-100] Starting micro-architecture generation ...
INFO: [BIND 205-101] Performing variable lifetime analysis.
INFO: [BIND 205-101] Exploring resource sharing.
INFO: [BIND 205-101] Binding ...
INFO: [BIND 205-100] Finished micro-architecture generation.
INFO: [HLS 200-111] Finished Binding: CPU user time: 0 seconds. CPU system time: 0 seconds. Elapsed time: 0.068 seconds; current allocated memory: 619.844 MB.
INFO: [HLS 200-10] ----------------------------------------------------------------
INFO: [HLS 200-42] -- Implementing module 'dct_Pipeline_Xpose_Row_Outer_Loop_Xpose_Row_Inner_Loop' 
INFO: [HLS 200-10] ----------------------------------------------------------------
INFO: [SCHED 204-11] Starting scheduling ...
INFO: [SCHED 204-61] Pipelining loop 'Xpose_Row_Outer_Loop_Xpose_Row_Inner_Loop'.
INFO: [HLS 200-1470] Pipelining result : Target II = NA, Final II = 1, Depth = 3, loop 'Xpose_Row_Outer_Loop_Xpose_Row_Inner_Loop'
INFO: [SCHED 204-11] Finished scheduling.
INFO: [HLS 200-111] Finished Scheduling: CPU user time: 0 seconds. CPU system time: 0 seconds. Elapsed time: 0.097 seconds; current allocated memory: 620.199 MB.
INFO: [BIND 205-100] Starting micro-architecture generation ...
INFO: [BIND 205-101] Performing variable lifetime analysis.
INFO: [BIND 205-101] Exploring resource sharing.
INFO: [BIND 205-101] Binding ...
INFO: [BIND 205-100] Finished micro-architecture generation.
INFO: [HLS 200-111] Finished Binding: CPU user time: 0 seconds. CPU system time: 0 seconds. Elapsed time: 0.056 seconds; current allocated memory: 620.238 MB.
INFO: [HLS 200-10] ----------------------------------------------------------------
INFO: [HLS 200-42] -- Implementing module 'dct_Pipeline_DCT_Inner_Loop1' 
INFO: [HLS 200-10] ----------------------------------------------------------------
INFO: [SCHED 204-11] Starting scheduling ...
INFO: [HLS 200-486] Changing DSP latency (root=mul_ln43) to 3 in order to utilize available DSP registers.
INFO: [SCHED 204-61] Pipelining loop 'DCT_Inner_Loop'.
INFO: [HLS 200-1470] Pipelining result : Target II = NA, Final II = 1, Depth = 5, loop 'DCT_Inner_Loop'
INFO: [SCHED 204-11] Finished scheduling.
INFO: [HLS 200-111] Finished Scheduling: CPU user time: 0 seconds. CPU system time: 0 seconds. Elapsed time: 0.096 seconds; current allocated memory: 620.539 MB.
INFO: [BIND 205-100] Starting micro-architecture generation ...
INFO: [BIND 205-101] Performing variable lifetime analysis.
INFO: [BIND 205-101] Exploring resource sharing.
INFO: [BIND 205-101] Binding ...
INFO: [BIND 205-100] Finished micro-architecture generation.
INFO: [HLS 200-111] Finished Binding: CPU user time: 0 seconds. CPU system time: 0 seconds. Elapsed time: 0.069 seconds; current allocated memory: 620.621 MB.
INFO: [HLS 200-10] ----------------------------------------------------------------
INFO: [HLS 200-42] -- Implementing module 'dct_Pipeline_Xpose_Col_Outer_Loop_Xpose_Col_Inner_Loop' 
INFO: [HLS 200-10] ----------------------------------------------------------------
INFO: [SCHED 204-11] Starting scheduling ...
INFO: [SCHED 204-61] Pipelining loop 'Xpose_Col_Outer_Loop_Xpose_Col_Inner_Loop'.
INFO: [HLS 200-1470] Pipelining result : Target II = NA, Final II = 1, Depth = 3, loop 'Xpose_Col_Outer_Loop_Xpose_Col_Inner_Loop'
INFO: [SCHED 204-11] Finished scheduling.
INFO: [HLS 200-111] Finished Scheduling: CPU user time: 0 seconds. CPU system time: 0 seconds. Elapsed time: 0.099 seconds; current allocated memory: 621.129 MB.
INFO: [BIND 205-100] Starting micro-architecture generation ...
INFO: [BIND 205-101] Performing variable lifetime analysis.
INFO: [BIND 205-101] Exploring resource sharing.
INFO: [BIND 205-101] Binding ...
INFO: [BIND 205-100] Finished micro-architecture generation.
INFO: [HLS 200-111] Finished Binding: CPU user time: 0 seconds. CPU system time: 0 seconds. Elapsed time: 0.058 seconds; current allocated memory: 621.129 MB.
INFO: [HLS 200-10] ----------------------------------------------------------------
INFO: [HLS 200-42] -- Implementing module 'dct_Pipeline_WR_Loop_Col' 
INFO: [HLS 200-10] ----------------------------------------------------------------
INFO: [SCHED 204-11] Starting scheduling ...
INFO: [SCHED 204-61] Pipelining loop 'WR_Loop_Col'.
INFO: [HLS 200-1470] Pipelining result : Target II = NA, Final II = 1, Depth = 2, loop 'WR_Loop_Col'
INFO: [SCHED 204-11] Finished scheduling.
INFO: [HLS 200-111] Finished Scheduling: CPU user time: 0 seconds. CPU system time: 0 seconds. Elapsed time: 0.077 seconds; current allocated memory: 621.352 MB.
INFO: [BIND 205-100] Starting micro-architecture generation ...
INFO: [BIND 205-101] Performing variable lifetime analysis.
INFO: [BIND 205-101] Exploring resource sharing.
INFO: [BIND 205-101] Binding ...
INFO: [BIND 205-100] Finished micro-architecture generation.
INFO: [HLS 200-111] Finished Binding: CPU user time: 0 seconds. CPU system time: 0 seconds. Elapsed time: 0.052 seconds; current allocated memory: 621.359 MB.
INFO: [HLS 200-10] ----------------------------------------------------------------
INFO: [HLS 200-42] -- Implementing module 'dct' 
INFO: [HLS 200-10] ----------------------------------------------------------------
INFO: [SCHED 204-11] Starting scheduling ...
INFO: [SCHED 204-11] Finished scheduling.
INFO: [HLS 200-111] Finished Scheduling: CPU user time: 1 seconds. CPU system time: 0 seconds. Elapsed time: 0.505 seconds; current allocated memory: 623.387 MB.
INFO: [BIND 205-100] Starting micro-architecture generation ...
INFO: [BIND 205-101] Performing variable lifetime analysis.
INFO: [BIND 205-101] Exploring resource sharing.
INFO: [BIND 205-101] Binding ...
INFO: [BIND 205-100] Finished micro-architecture generation.
INFO: [HLS 200-111] Finished Binding: CPU user time: 1 seconds. CPU system time: 0 seconds. Elapsed time: 1.008 seconds; current allocated memory: 623.738 MB.
INFO: [HLS 200-10] ----------------------------------------------------------------
INFO: [HLS 200-10] -- Generating RTL for module 'dct_Pipeline_RD_Loop_Col' 
INFO: [HLS 200-10] ----------------------------------------------------------------
INFO: [HLS 200-1030] Apply Unified Pipeline Control on module 'dct_Pipeline_RD_Loop_Col' pipeline 'RD_Loop_Col' pipeline type 'loop pipeline'
INFO: [RTGEN 206-100] Finished creating RTL model for 'dct_Pipeline_RD_Loop_Col'.
INFO: [HLS 200-111] Finished Creating RTL model: CPU user time: 0 seconds. CPU system time: 0 seconds. Elapsed time: 0.204 seconds; current allocated memory: 625.496 MB.
INFO: [HLS 200-10] ----------------------------------------------------------------
INFO: [HLS 200-10] -- Generating RTL for module 'dct_Pipeline_DCT_Inner_Loop' 
INFO: [HLS 200-10] ----------------------------------------------------------------
INFO: [HLS 200-1030] Apply Unified Pipeline Control on module 'dct_Pipeline_DCT_Inner_Loop' pipeline 'DCT_Inner_Loop' pipeline type 'loop pipeline'
INFO: [RTGEN 206-100] Generating core module 'mac_muladd_16s_15s_32s_32_4_1': 1 instance(s).
INFO: [RTGEN 206-100] Finished creating RTL model for 'dct_Pipeline_DCT_Inner_Loop'.
INFO: [HLS 200-111] Finished Creating RTL model: CPU user time: 0 seconds. CPU system time: 0 seconds. Elapsed time: 0.109 seconds; current allocated memory: 627.332 MB.
INFO: [HLS 200-10] ----------------------------------------------------------------
INFO: [HLS 200-10] -- Generating RTL for module 'dct_Pipeline_Xpose_Row_Outer_Loop_Xpose_Row_Inner_Loop' 
INFO: [HLS 200-10] ----------------------------------------------------------------
INFO: [HLS 200-1030] Apply Unified Pipeline Control on module 'dct_Pipeline_Xpose_Row_Outer_Loop_Xpose_Row_Inner_Loop' pipeline 'Xpose_Row_Outer_Loop_Xpose_Row_Inner_Loop' pipeline type 'loop pipeline'
INFO: [RTGEN 206-100] Finished creating RTL model for 'dct_Pipeline_Xpose_Row_Outer_Loop_Xpose_Row_Inner_Loop'.
INFO: [HLS 200-111] Finished Creating RTL model: CPU user time: 0 seconds. CPU system time: 0 seconds. Elapsed time: 0.341 seconds; current allocated memory: 628.574 MB.
INFO: [HLS 200-10] ----------------------------------------------------------------
INFO: [HLS 200-10] -- Generating RTL for module 'dct_Pipeline_DCT_Inner_Loop1' 
INFO: [HLS 200-10] ----------------------------------------------------------------
INFO: [HLS 200-1030] Apply Unified Pipeline Control on module 'dct_Pipeline_DCT_Inner_Loop1' pipeline 'DCT_Inner_Loop' pipeline type 'loop pipeline'
INFO: [RTGEN 206-100] Generating core module 'mac_muladd_16s_15s_32s_32_4_1': 1 instance(s).
INFO: [RTGEN 206-100] Finished creating RTL model for 'dct_Pipeline_DCT_Inner_Loop1'.
INFO: [HLS 200-111] Finished Creating RTL model: CPU user time: 0 seconds. CPU system time: 0 seconds. Elapsed time: 0.128 seconds; current allocated memory: 629.645 MB.
INFO: [HLS 200-10] ----------------------------------------------------------------
INFO: [HLS 200-10] -- Generating RTL for module 'dct_Pipeline_Xpose_Col_Outer_Loop_Xpose_Col_Inner_Loop' 
INFO: [HLS 200-10] ----------------------------------------------------------------
INFO: [HLS 200-1030] Apply Unified Pipeline Control on module 'dct_Pipeline_Xpose_Col_Outer_Loop_Xpose_Col_Inner_Loop' pipeline 'Xpose_Col_Outer_Loop_Xpose_Col_Inner_Loop' pipeline type 'loop pipeline'
INFO: [RTGEN 206-100] Finished creating RTL model for 'dct_Pipeline_Xpose_Col_Outer_Loop_Xpose_Col_Inner_Loop'.
INFO: [HLS 200-111] Finished Creating RTL model: CPU user time: 0 seconds. CPU system time: 0 seconds. Elapsed time: 0.122 seconds; current allocated memory: 630.566 MB.
INFO: [HLS 200-10] ----------------------------------------------------------------
INFO: [HLS 200-10] -- Generating RTL for module 'dct_Pipeline_WR_Loop_Col' 
INFO: [HLS 200-10] ----------------------------------------------------------------
INFO: [HLS 200-1030] Apply Unified Pipeline Control on module 'dct_Pipeline_WR_Loop_Col' pipeline 'WR_Loop_Col' pipeline type 'loop pipeline'
INFO: [RTGEN 206-100] Finished creating RTL model for 'dct_Pipeline_WR_Loop_Col'.
INFO: [HLS 200-111] Finished Creating RTL model: CPU user time: 0 seconds. CPU system time: 0 seconds. Elapsed time: 0.12 seconds; current allocated memory: 631.531 MB.
INFO: [HLS 200-10] ----------------------------------------------------------------
INFO: [HLS 200-10] -- Generating RTL for module 'dct' 
INFO: [HLS 200-10] ----------------------------------------------------------------
WARNING: [RTGEN 206-101] Design contains AXI ports. Reset is fixed to synchronous and active low.
INFO: [RTGEN 206-500] Setting interface mode on port 'dct/gmem' to 'm_axi'.
INFO: [RTGEN 206-500] Setting interface mode on port 'dct/input_r' to 's_axilite & ap_none'.
INFO: [RTGEN 206-500] Setting interface mode on port 'dct/output_r' to 's_axilite & ap_none'.
INFO: [RTGEN 206-500] Setting interface mode on function 'dct' to 's_axilite & ap_ctrl_chain'.
INFO: [RTGEN 206-100] Bundling port 'input_r', 'output_r' and 'return' to AXI-Lite port control.
INFO: [RTGEN 206-100] Finished creating RTL model for 'dct'.
INFO: [RTMG 210-279] Implementing memory 'dct_dct_coeff_table_ROM_AUTO_1R' using auto ROMs.
INFO: [RTMG 210-278] Implementing memory 'dct_row_outbuf_RAM_AUTO_1R1W' using auto RAMs.
INFO: [HLS 200-111] Finished Creating RTL model: CPU user time: 0 seconds. CPU system time: 0 seconds. Elapsed time: 0.273 seconds; current allocated memory: 637.203 MB.
INFO: [HLS 200-111] Finished Generating all RTL models: CPU user time: 1 seconds. CPU system time: 0 seconds. Elapsed time: 0.751 seconds; current allocated memory: 643.617 MB.
INFO: [HLS 200-1603] Design has inferred MAXI bursts, see Vitis HLS GUI synthesis summary report for detailed information.
INFO: [HLS 200-111] Finished Updating report files: CPU user time: 0 seconds. CPU system time: 0 seconds. Elapsed time: 0.738 seconds; current allocated memory: 652.703 MB.
INFO: [VHDL 208-304] Generating VHDL RTL for dct.
INFO: [VLOG 209-307] Generating Verilog RTL for dct.
INFO: [HLS 200-790] **** Loop Constraint Status: All loop constraints were satisfied.
INFO: [HLS 200-789] **** Estimated Fmax: 136.99 MHz
INFO: [HLS 200-111] Finished Command csynth_design CPU user time: 4 seconds. CPU system time: 0 seconds. Elapsed time: 8.599 seconds; current allocated memory: 119.035 MB.
==============================================================
Vitis HLS - High-Level Synthesis from C, C++ and OpenCL v2023.1 (64-bit)
Tool Version Limit: 2023.05
Copyright 1986-2022 Xilinx, Inc. All Rights Reserved.
Copyright 2022-2023 Advanced Micro Devices, Inc. All Rights Reserved.

==============================================================
INFO: [SYN 201-201] Setting up clock 'default' with a period of 10ns.
INFO: [HLS 200-1611] Setting target device to 'xc7z020-clg484-1'
INFO: [HLS 200-1505] Using flow_target 'vivado'
INFO: [HLS 200-1464] Running solution command: config_cosim -tool=xsim
INFO: [HLS 200-1510] Running: set_part xc7z020clg484-1 
INFO: [HLS 200-1510] Running: create_clock -period 10 -name default 
INFO: [HLS 200-1510] Running: config_cosim -tool xsim 
INFO: [HLS 200-1510] Running: source ./lab3/solution3/directives.tcl
INFO: [HLS 200-1510] Running: set_directive_top -name dct dct 
INFO: [HLS 200-1510] Running: set_directive_pipeline dct_1d/DCT_Inner_Loop 
INFO: [HLS 200-1510] Running: set_directive_pipeline dct_2d/Xpose_Row_Inner_Loop 
INFO: [HLS 200-1510] Running: set_directive_pipeline dct_2d/Xpose_Col_Inner_Loop 
INFO: [HLS 200-1510] Running: set_directive_pipeline read_data/RD_Loop_Col 
INFO: [HLS 200-1510] Running: set_directive_pipeline write_data/WR_Loop_Col 
INFO: [HLS 200-1510] Running: csynth_design 
INFO: [HLS 200-111] Finished File checks and directory preparation: CPU user time: 0 seconds. CPU system time: 0 seconds. Elapsed time: 0.097 seconds; current allocated memory: 533.426 MB.
INFO: [HLS 200-10] Analyzing design file '../xup_high_level_synthesis_design_flow-main/source/lab3/dct.c' ... 
INFO: [HLS 200-111] Finished Source Code Analysis and Preprocessing: CPU user time: 0 seconds. CPU system time: 0 seconds. Elapsed time: 0.573 seconds; current allocated memory: 534.406 MB.
INFO: [HLS 200-777] Using interface defaults for 'Vivado' flow target.
INFO: [HLS 214-178] Inlining function 'dct_1d' into 'dct_2d' (../xup_high_level_synthesis_design_flow-main/source/lab3/dct.c:51:0)
INFO: [HLS 214-178] Inlining function 'read_data' into 'dct' (../xup_high_level_synthesis_design_flow-main/source/lab3/dct.c:105:0)
INFO: [HLS 214-178] Inlining function 'dct_2d' into 'dct' (../xup_high_level_synthesis_design_flow-main/source/lab3/dct.c:105:0)
INFO: [HLS 214-178] Inlining function 'write_data' into 'dct' (../xup_high_level_synthesis_design_flow-main/source/lab3/dct.c:105:0)
INFO: [HLS 200-111] Finished Compiling Optimization and Transform: CPU user time: 0 seconds. CPU system time: 0 seconds. Elapsed time: 2.084 seconds; current allocated memory: 536.074 MB.
INFO: [HLS 200-111] Finished Checking Pragmas: CPU user time: 0 seconds. CPU system time: 0 seconds. Elapsed time: 0.003 seconds; current allocated memory: 536.074 MB.
INFO: [HLS 200-10] Starting code transformations ...
INFO: [HLS 200-111] Finished Standard Transforms: CPU user time: 0 seconds. CPU system time: 0 seconds. Elapsed time: 0.055 seconds; current allocated memory: 541.973 MB.
INFO: [HLS 200-10] Checking synthesizability ...
INFO: [HLS 200-111] Finished Checking Synthesizability: CPU user time: 0 seconds. CPU system time: 0 seconds. Elapsed time: 0.041 seconds; current allocated memory: 543.371 MB.
INFO: [HLS 200-111] Finished Loop, function and other optimizations: CPU user time: 1 seconds. CPU system time: 0 seconds. Elapsed time: 0.086 seconds; current allocated memory: 565.219 MB.
INFO: [XFORM 203-541] Flattening a loop nest 'RD_Loop_Row' (../xup_high_level_synthesis_design_flow-main/source/lab3/dct.c:85:4) in function 'dct'.
WARNING: [HLS 200-960] Cannot flatten loop 'DCT_Outer_Loop' (../xup_high_level_synthesis_design_flow-main/source/lab3/dct.c:39:4) in function 'dct' the outer loop is not a perfect loop because there is nontrivial logic in the loop latch.
INFO: [XFORM 203-541] Flattening a loop nest 'Row_DCT_Loop' (../xup_high_level_synthesis_design_flow-main/source/lab3/dct.c:58:4) in function 'dct'.
INFO: [XFORM 203-541] Flattening a loop nest 'Xpose_Row_Outer_Loop' (../xup_high_level_synthesis_design_flow-main/source/lab3/dct.c:63:4) in function 'dct'.
WARNING: [HLS 200-960] Cannot flatten loop 'DCT_Outer_Loop' (../xup_high_level_synthesis_design_flow-main/source/lab3/dct.c:39:4) in function 'dct' the outer loop is not a perfect loop because there is nontrivial logic in the loop latch.
INFO: [XFORM 203-541] Flattening a loop nest 'Col_DCT_Loop' (../xup_high_level_synthesis_design_flow-main/source/lab3/dct.c:69:4) in function 'dct'.
INFO: [XFORM 203-541] Flattening a loop nest 'Xpose_Col_Outer_Loop' (../xup_high_level_synthesis_design_flow-main/source/lab3/dct.c:74:4) in function 'dct'.
INFO: [XFORM 203-541] Flattening a loop nest 'WR_Loop_Row' (../xup_high_level_synthesis_design_flow-main/source/lab3/dct.c:97:4) in function 'dct'.
INFO: [HLS 200-111] Finished Architecture Synthesis: CPU user time: 0 seconds. CPU system time: 0 seconds. Elapsed time: 0.144 seconds; current allocated memory: 611.266 MB.
INFO: [HLS 200-10] Starting hardware synthesis ...
INFO: [HLS 200-10] Synthesizing 'dct' ...
INFO: [HLS 200-10] ----------------------------------------------------------------
INFO: [HLS 200-42] -- Implementing module 'dct_Pipeline_RD_Loop_Row_RD_Loop_Col' 
INFO: [HLS 200-10] ----------------------------------------------------------------
INFO: [SCHED 204-11] Starting scheduling ...
INFO: [SCHED 204-61] Pipelining loop 'RD_Loop_Row_RD_Loop_Col'.
INFO: [HLS 200-1470] Pipelining result : Target II = NA, Final II = 1, Depth = 2, loop 'RD_Loop_Row_RD_Loop_Col'
INFO: [SCHED 204-11] Finished scheduling.
INFO: [HLS 200-111] Finished Scheduling: CPU user time: 0 seconds. CPU system time: 0 seconds. Elapsed time: 0.163 seconds; current allocated memory: 615.945 MB.
INFO: [BIND 205-100] Starting micro-architecture generation ...
INFO: [BIND 205-101] Performing variable lifetime analysis.
INFO: [BIND 205-101] Exploring resource sharing.
INFO: [BIND 205-101] Binding ...
INFO: [BIND 205-100] Finished micro-architecture generation.
INFO: [HLS 200-111] Finished Binding: CPU user time: 0 seconds. CPU system time: 0 seconds. Elapsed time: 0.055 seconds; current allocated memory: 617.301 MB.
INFO: [HLS 200-10] ----------------------------------------------------------------
INFO: [HLS 200-42] -- Implementing module 'dct_Pipeline_DCT_Inner_Loop' 
INFO: [HLS 200-10] ----------------------------------------------------------------
INFO: [SCHED 204-11] Starting scheduling ...
INFO: [HLS 200-486] Changing DSP latency (root=mul_ln43) to 3 in order to utilize available DSP registers.
INFO: [SCHED 204-61] Pipelining loop 'DCT_Inner_Loop'.
INFO: [HLS 200-1470] Pipelining result : Target II = NA, Final II = 1, Depth = 5, loop 'DCT_Inner_Loop'
INFO: [SCHED 204-11] Finished scheduling.
INFO: [HLS 200-111] Finished Scheduling: CPU user time: 0 seconds. CPU system time: 0 seconds. Elapsed time: 0.094 seconds; current allocated memory: 617.773 MB.
INFO: [BIND 205-100] Starting micro-architecture generation ...
INFO: [BIND 205-101] Performing variable lifetime analysis.
INFO: [BIND 205-101] Exploring resource sharing.
INFO: [BIND 205-101] Binding ...
INFO: [BIND 205-100] Finished micro-architecture generation.
INFO: [HLS 200-111] Finished Binding: CPU user time: 0 seconds. CPU system time: 0 seconds. Elapsed time: 0.07 seconds; current allocated memory: 617.867 MB.
INFO: [HLS 200-10] ----------------------------------------------------------------
INFO: [HLS 200-42] -- Implementing module 'dct_Pipeline_Xpose_Row_Outer_Loop_Xpose_Row_Inner_Loop' 
INFO: [HLS 200-10] ----------------------------------------------------------------
INFO: [SCHED 204-11] Starting scheduling ...
INFO: [SCHED 204-61] Pipelining loop 'Xpose_Row_Outer_Loop_Xpose_Row_Inner_Loop'.
INFO: [HLS 200-1470] Pipelining result : Target II = NA, Final II = 1, Depth = 3, loop 'Xpose_Row_Outer_Loop_Xpose_Row_Inner_Loop'
INFO: [SCHED 204-11] Finished scheduling.
INFO: [HLS 200-111] Finished Scheduling: CPU user time: 0 seconds. CPU system time: 0 seconds. Elapsed time: 0.117 seconds; current allocated memory: 618.469 MB.
INFO: [BIND 205-100] Starting micro-architecture generation ...
INFO: [BIND 205-101] Performing variable lifetime analysis.
INFO: [BIND 205-101] Exploring resource sharing.
INFO: [BIND 205-101] Binding ...
INFO: [BIND 205-100] Finished micro-architecture generation.
INFO: [HLS 200-111] Finished Binding: CPU user time: 0 seconds. CPU system time: 0 seconds. Elapsed time: 0.064 seconds; current allocated memory: 618.473 MB.
INFO: [HLS 200-10] ----------------------------------------------------------------
INFO: [HLS 200-42] -- Implementing module 'dct_Pipeline_DCT_Inner_Loop1' 
INFO: [HLS 200-10] ----------------------------------------------------------------
INFO: [SCHED 204-11] Starting scheduling ...
INFO: [HLS 200-486] Changing DSP latency (root=mul_ln43) to 3 in order to utilize available DSP registers.
INFO: [SCHED 204-61] Pipelining loop 'DCT_Inner_Loop'.
INFO: [HLS 200-1470] Pipelining result : Target II = NA, Final II = 1, Depth = 5, loop 'DCT_Inner_Loop'
INFO: [SCHED 204-11] Finished scheduling.
INFO: [HLS 200-111] Finished Scheduling: CPU user time: 0 seconds. CPU system time: 0 seconds. Elapsed time: 0.099 seconds; current allocated memory: 618.848 MB.
INFO: [BIND 205-100] Starting micro-architecture generation ...
INFO: [BIND 205-101] Performing variable lifetime analysis.
INFO: [BIND 205-101] Exploring resource sharing.
INFO: [BIND 205-101] Binding ...
INFO: [BIND 205-100] Finished micro-architecture generation.
INFO: [HLS 200-111] Finished Binding: CPU user time: 0 seconds. CPU system time: 0 seconds. Elapsed time: 0.076 seconds; current allocated memory: 618.848 MB.
INFO: [HLS 200-10] ----------------------------------------------------------------
INFO: [HLS 200-42] -- Implementing module 'dct_Pipeline_Xpose_Col_Outer_Loop_Xpose_Col_Inner_Loop' 
INFO: [HLS 200-10] ----------------------------------------------------------------
INFO: [SCHED 204-11] Starting scheduling ...
INFO: [SCHED 204-61] Pipelining loop 'Xpose_Col_Outer_Loop_Xpose_Col_Inner_Loop'.
INFO: [HLS 200-1470] Pipelining result : Target II = NA, Final II = 1, Depth = 3, loop 'Xpose_Col_Outer_Loop_Xpose_Col_Inner_Loop'
INFO: [SCHED 204-11] Finished scheduling.
INFO: [HLS 200-111] Finished Scheduling: CPU user time: 0 seconds. CPU system time: 0 seconds. Elapsed time: 0.111 seconds; current allocated memory: 619.102 MB.
INFO: [BIND 205-100] Starting micro-architecture generation ...
INFO: [BIND 205-101] Performing variable lifetime analysis.
INFO: [BIND 205-101] Exploring resource sharing.
INFO: [BIND 205-101] Binding ...
INFO: [BIND 205-100] Finished micro-architecture generation.
INFO: [HLS 200-111] Finished Binding: CPU user time: 0 seconds. CPU system time: 0 seconds. Elapsed time: 0.062 seconds; current allocated memory: 619.137 MB.
INFO: [HLS 200-10] ----------------------------------------------------------------
INFO: [HLS 200-42] -- Implementing module 'dct_Pipeline_WR_Loop_Row_WR_Loop_Col' 
INFO: [HLS 200-10] ----------------------------------------------------------------
INFO: [SCHED 204-11] Starting scheduling ...
INFO: [SCHED 204-61] Pipelining loop 'WR_Loop_Row_WR_Loop_Col'.
INFO: [HLS 200-1470] Pipelining result : Target II = NA, Final II = 1, Depth = 3, loop 'WR_Loop_Row_WR_Loop_Col'
INFO: [SCHED 204-11] Finished scheduling.
INFO: [HLS 200-111] Finished Scheduling: CPU user time: 0 seconds. CPU system time: 0 seconds. Elapsed time: 0.109 seconds; current allocated memory: 619.531 MB.
INFO: [BIND 205-100] Starting micro-architecture generation ...
INFO: [BIND 205-101] Performing variable lifetime analysis.
INFO: [BIND 205-101] Exploring resource sharing.
INFO: [BIND 205-101] Binding ...
INFO: [BIND 205-100] Finished micro-architecture generation.
INFO: [HLS 200-111] Finished Binding: CPU user time: 0 seconds. CPU system time: 0 seconds. Elapsed time: 0.068 seconds; current allocated memory: 619.688 MB.
INFO: [HLS 200-10] ----------------------------------------------------------------
INFO: [HLS 200-42] -- Implementing module 'dct' 
INFO: [HLS 200-10] ----------------------------------------------------------------
INFO: [SCHED 204-11] Starting scheduling ...
INFO: [SCHED 204-11] Finished scheduling.
INFO: [HLS 200-111] Finished Scheduling: CPU user time: 0 seconds. CPU system time: 0 seconds. Elapsed time: 0.155 seconds; current allocated memory: 620.273 MB.
INFO: [BIND 205-100] Starting micro-architecture generation ...
INFO: [BIND 205-101] Performing variable lifetime analysis.
INFO: [BIND 205-101] Exploring resource sharing.
INFO: [BIND 205-101] Binding ...
INFO: [BIND 205-100] Finished micro-architecture generation.
INFO: [HLS 200-111] Finished Binding: CPU user time: 0 seconds. CPU system time: 0 seconds. Elapsed time: 0.142 seconds; current allocated memory: 620.352 MB.
INFO: [HLS 200-10] ----------------------------------------------------------------
INFO: [HLS 200-10] -- Generating RTL for module 'dct_Pipeline_RD_Loop_Row_RD_Loop_Col' 
INFO: [HLS 200-10] ----------------------------------------------------------------
INFO: [HLS 200-1030] Apply Unified Pipeline Control on module 'dct_Pipeline_RD_Loop_Row_RD_Loop_Col' pipeline 'RD_Loop_Row_RD_Loop_Col' pipeline type 'loop pipeline'
INFO: [RTGEN 206-100] Finished creating RTL model for 'dct_Pipeline_RD_Loop_Row_RD_Loop_Col'.
INFO: [HLS 200-111] Finished Creating RTL model: CPU user time: 1 seconds. CPU system time: 0 seconds. Elapsed time: 0.076 seconds; current allocated memory: 622.617 MB.
INFO: [HLS 200-10] ----------------------------------------------------------------
INFO: [HLS 200-10] -- Generating RTL for module 'dct_Pipeline_DCT_Inner_Loop' 
INFO: [HLS 200-10] ----------------------------------------------------------------
INFO: [HLS 200-1030] Apply Unified Pipeline Control on module 'dct_Pipeline_DCT_Inner_Loop' pipeline 'DCT_Inner_Loop' pipeline type 'loop pipeline'
INFO: [RTGEN 206-100] Generating core module 'mac_muladd_16s_15s_32s_32_4_1': 1 instance(s).
INFO: [RTGEN 206-100] Finished creating RTL model for 'dct_Pipeline_DCT_Inner_Loop'.
INFO: [HLS 200-111] Finished Creating RTL model: CPU user time: 0 seconds. CPU system time: 0 seconds. Elapsed time: 0.124 seconds; current allocated memory: 624.918 MB.
INFO: [HLS 200-10] ----------------------------------------------------------------
INFO: [HLS 200-10] -- Generating RTL for module 'dct_Pipeline_Xpose_Row_Outer_Loop_Xpose_Row_Inner_Loop' 
INFO: [HLS 200-10] ----------------------------------------------------------------
INFO: [HLS 200-1030] Apply Unified Pipeline Control on module 'dct_Pipeline_Xpose_Row_Outer_Loop_Xpose_Row_Inner_Loop' pipeline 'Xpose_Row_Outer_Loop_Xpose_Row_Inner_Loop' pipeline type 'loop pipeline'
INFO: [RTGEN 206-100] Finished creating RTL model for 'dct_Pipeline_Xpose_Row_Outer_Loop_Xpose_Row_Inner_Loop'.
INFO: [HLS 200-111] Finished Creating RTL model: CPU user time: 0 seconds. CPU system time: 0 seconds. Elapsed time: 0.122 seconds; current allocated memory: 625.828 MB.
INFO: [HLS 200-10] ----------------------------------------------------------------
INFO: [HLS 200-10] -- Generating RTL for module 'dct_Pipeline_DCT_Inner_Loop1' 
INFO: [HLS 200-10] ----------------------------------------------------------------
INFO: [HLS 200-1030] Apply Unified Pipeline Control on module 'dct_Pipeline_DCT_Inner_Loop1' pipeline 'DCT_Inner_Loop' pipeline type 'loop pipeline'
INFO: [RTGEN 206-100] Generating core module 'mac_muladd_16s_15s_32s_32_4_1': 1 instance(s).
INFO: [RTGEN 206-100] Finished creating RTL model for 'dct_Pipeline_DCT_Inner_Loop1'.
INFO: [HLS 200-111] Finished Creating RTL model: CPU user time: 0 seconds. CPU system time: 0 seconds. Elapsed time: 0.131 seconds; current allocated memory: 626.730 MB.
INFO: [HLS 200-10] ----------------------------------------------------------------
INFO: [HLS 200-10] -- Generating RTL for module 'dct_Pipeline_Xpose_Col_Outer_Loop_Xpose_Col_Inner_Loop' 
INFO: [HLS 200-10] ----------------------------------------------------------------
INFO: [HLS 200-1030] Apply Unified Pipeline Control on module 'dct_Pipeline_Xpose_Col_Outer_Loop_Xpose_Col_Inner_Loop' pipeline 'Xpose_Col_Outer_Loop_Xpose_Col_Inner_Loop' pipeline type 'loop pipeline'
INFO: [RTGEN 206-100] Finished creating RTL model for 'dct_Pipeline_Xpose_Col_Outer_Loop_Xpose_Col_Inner_Loop'.
INFO: [HLS 200-111] Finished Creating RTL model: CPU user time: 0 seconds. CPU system time: 0 seconds. Elapsed time: 0.122 seconds; current allocated memory: 627.855 MB.
INFO: [HLS 200-10] ----------------------------------------------------------------
INFO: [HLS 200-10] -- Generating RTL for module 'dct_Pipeline_WR_Loop_Row_WR_Loop_Col' 
INFO: [HLS 200-10] ----------------------------------------------------------------
INFO: [HLS 200-1030] Apply Unified Pipeline Control on module 'dct_Pipeline_WR_Loop_Row_WR_Loop_Col' pipeline 'WR_Loop_Row_WR_Loop_Col' pipeline type 'loop pipeline'
INFO: [RTGEN 206-100] Finished creating RTL model for 'dct_Pipeline_WR_Loop_Row_WR_Loop_Col'.
INFO: [HLS 200-111] Finished Creating RTL model: CPU user time: 0 seconds. CPU system time: 0 seconds. Elapsed time: 0.121 seconds; current allocated memory: 628.820 MB.
INFO: [HLS 200-10] ----------------------------------------------------------------
INFO: [HLS 200-10] -- Generating RTL for module 'dct' 
INFO: [HLS 200-10] ----------------------------------------------------------------
INFO: [RTGEN 206-500] Setting interface mode on port 'dct/input_r' to 'ap_memory'.
INFO: [RTGEN 206-500] Setting interface mode on port 'dct/output_r' to 'ap_memory'.
INFO: [RTGEN 206-500] Setting interface mode on function 'dct' to 'ap_ctrl_hs'.
INFO: [RTGEN 206-100] Finished creating RTL model for 'dct'.
INFO: [RTMG 210-279] Implementing memory 'dct_dct_coeff_table_ROM_AUTO_1R' using auto ROMs.
INFO: [RTMG 210-278] Implementing memory 'dct_row_outbuf_RAM_AUTO_1R1W' using auto RAMs.
INFO: [HLS 200-111] Finished Creating RTL model: CPU user time: 0 seconds. CPU system time: 0 seconds. Elapsed time: 0.152 seconds; current allocated memory: 630.879 MB.
INFO: [HLS 200-111] Finished Generating all RTL models: CPU user time: 0 seconds. CPU system time: 0 seconds. Elapsed time: 0.463 seconds; current allocated memory: 636.453 MB.
INFO: [HLS 200-111] Finished Updating report files: CPU user time: 1 seconds. CPU system time: 0 seconds. Elapsed time: 0.49 seconds; current allocated memory: 642.438 MB.
INFO: [VHDL 208-304] Generating VHDL RTL for dct.
INFO: [VLOG 209-307] Generating Verilog RTL for dct.
INFO: [HLS 200-790] **** Loop Constraint Status: All loop constraints were satisfied.
INFO: [HLS 200-789] **** Estimated Fmax: 153.66 MHz
INFO: [HLS 200-111] Finished Command csynth_design CPU user time: 3 seconds. CPU system time: 0 seconds. Elapsed time: 6.445 seconds; current allocated memory: 109.461 MB.
==============================================================
Vitis HLS - High-Level Synthesis from C, C++ and OpenCL v2023.1 (64-bit)
Tool Version Limit: 2023.05
Copyright 1986-2022 Xilinx, Inc. All Rights Reserved.
Copyright 2022-2023 Advanced Micro Devices, Inc. All Rights Reserved.

==============================================================
INFO: [SYN 201-201] Setting up clock 'default' with a period of 10ns.
INFO: [HLS 200-1611] Setting target device to 'xc7z020-clg484-1'
INFO: [HLS 200-1505] Using flow_target 'vivado'
INFO: [HLS 200-1464] Running solution command: config_cosim -tool=xsim
INFO: [HLS 200-1510] Running: set_part xc7z020clg484-1 
INFO: [HLS 200-1510] Running: create_clock -period 10 -name default 
INFO: [HLS 200-1510] Running: config_cosim -tool xsim 
INFO: [HLS 200-1510] Running: source ./lab3/solution3/directives.tcl
INFO: [HLS 200-1510] Running: set_directive_top -name dct dct 
INFO: [HLS 200-1510] Running: set_directive_pipeline dct_1d/DCT_Inner_Loop 
INFO: [HLS 200-1510] Running: set_directive_pipeline dct_2d/Xpose_Row_Inner_Loop 
INFO: [HLS 200-1510] Running: set_directive_pipeline dct_2d/Xpose_Col_Inner_Loop 
INFO: [HLS 200-1510] Running: set_directive_pipeline read_data/RD_Loop_Col 
INFO: [HLS 200-1510] Running: set_directive_pipeline write_data/WR_Loop_Col 
INFO: [HLS 200-1510] Running: cosim_design 
INFO: [COSIM 212-47] Using XSIM for RTL simulation.
INFO: [COSIM 212-14] Instrumenting C test bench ...
INFO: [COSIM 212-302] Starting C TB testing ... 
INFO: [COSIM 212-333] Generating C post check test bench ...
INFO: [COSIM 212-12] Generating RTL test bench ...
INFO: [COSIM 212-1] *** C/RTL co-simulation file generation completed. ***
INFO: [COSIM 212-323] Starting verilog simulation. 
INFO: [COSIM 212-15] Starting XSIM ...
INFO: [COSIM 212-316] Starting C post checking ...
INFO: [COSIM 212-1000] *** C/RTL co-simulation finished: PASS ***
INFO: [COSIM 212-211] II is measurable only when transaction number is greater than 1 in RTL simulation. Otherwise, they will be marked as all NA. If user wants to calculate them, please make sure there are at least 2 transactions in RTL simulation.
INFO: [HLS 200-111] Finished Command cosim_design CPU user time: 0 seconds. CPU system time: 1 seconds. Elapsed time: 16.764 seconds; current allocated memory: 6.344 MB.
==============================================================
Vitis HLS - High-Level Synthesis from C, C++ and OpenCL v2023.1 (64-bit)
Tool Version Limit: 2023.05
Copyright 1986-2022 Xilinx, Inc. All Rights Reserved.
Copyright 2022-2023 Advanced Micro Devices, Inc. All Rights Reserved.

==============================================================
INFO: [SYN 201-201] Setting up clock 'default' with a period of 10ns.
INFO: [HLS 200-1611] Setting target device to 'xc7z020-clg484-1'
INFO: [HLS 200-1505] Using flow_target 'vivado'
INFO: [HLS 200-1464] Running solution command: config_cosim -tool=xsim
INFO: [HLS 200-1510] Running: set_part xc7z020clg484-1 
INFO: [HLS 200-1510] Running: create_clock -period 10 -name default 
INFO: [HLS 200-1510] Running: config_cosim -tool xsim 
INFO: [HLS 200-1510] Running: source ./lab3/solution3/directives.tcl
INFO: [HLS 200-1510] Running: set_directive_top -name dct dct 
INFO: [HLS 200-1510] Running: set_directive_pipeline dct_1d/DCT_Inner_Loop 
INFO: [HLS 200-1510] Running: set_directive_pipeline dct_2d/Xpose_Row_Inner_Loop 
INFO: [HLS 200-1510] Running: set_directive_pipeline dct_2d/Xpose_Col_Inner_Loop 
INFO: [HLS 200-1510] Running: set_directive_pipeline read_data/RD_Loop_Col 
INFO: [HLS 200-1510] Running: set_directive_pipeline write_data/WR_Loop_Col 
INFO: [HLS 200-1510] Running: csim_design -quiet 
INFO: [SIM 211-2] *************** CSIM start ***************
INFO: [SIM 211-4] CSIM will launch GCC as the compiler.
INFO: [HLS 200-2036] Building debug C Simulation binaries
INFO: [SIM 211-1] CSim done with 0 errors.
INFO: [SIM 211-3] *************** CSIM finish ***************
INFO: [HLS 200-111] Finished Command csim_design CPU user time: 0 seconds. CPU system time: 0 seconds. Elapsed time: 4.966 seconds; current allocated memory: 0.422 MB.
==============================================================
Vitis HLS - High-Level Synthesis from C, C++ and OpenCL v2023.1 (64-bit)
Tool Version Limit: 2023.05
Copyright 1986-2022 Xilinx, Inc. All Rights Reserved.
Copyright 2022-2023 Advanced Micro Devices, Inc. All Rights Reserved.

==============================================================
INFO: [SYN 201-201] Setting up clock 'default' with a period of 10ns.
INFO: [HLS 200-1611] Setting target device to 'xc7z020-clg484-1'
INFO: [HLS 200-1505] Using flow_target 'vivado'
INFO: [HLS 200-1464] Running solution command: config_cosim -tool=xsim
INFO: [HLS 200-1510] Running: set_part xc7z020clg484-1 
INFO: [HLS 200-1510] Running: create_clock -period 10 -name default 
INFO: [HLS 200-1510] Running: config_cosim -tool xsim 
INFO: [HLS 200-1510] Running: source ./lab3/solution3/directives.tcl
INFO: [HLS 200-1510] Running: set_directive_top -name dct dct 
INFO: [HLS 200-1510] Running: set_directive_pipeline dct_1d/DCT_Inner_Loop 
INFO: [HLS 200-1510] Running: set_directive_pipeline dct_2d/Xpose_Row_Inner_Loop 
INFO: [HLS 200-1510] Running: set_directive_pipeline dct_2d/Xpose_Col_Inner_Loop 
INFO: [HLS 200-1510] Running: set_directive_pipeline read_data/RD_Loop_Col 
INFO: [HLS 200-1510] Running: set_directive_pipeline write_data/WR_Loop_Col 
INFO: [HLS 200-1510] Running: csynth_design 
INFO: [HLS 200-111] Finished File checks and directory preparation: CPU user time: 0 seconds. CPU system time: 1 seconds. Elapsed time: 0.096 seconds; current allocated memory: 533.902 MB.
INFO: [HLS 200-10] Analyzing design file '../xup_high_level_synthesis_design_flow-main/source/lab3/dct.c' ... 
INFO: [HLS 200-111] Finished Source Code Analysis and Preprocessing: CPU user time: 0 seconds. CPU system time: 0 seconds. Elapsed time: 0.573 seconds; current allocated memory: 535.230 MB.
INFO: [HLS 200-777] Using interface defaults for 'Vivado' flow target.
INFO: [HLS 214-178] Inlining function 'dct_1d' into 'dct_2d' (../xup_high_level_synthesis_design_flow-main/source/lab3/dct.c:51:0)
INFO: [HLS 214-178] Inlining function 'read_data' into 'dct' (../xup_high_level_synthesis_design_flow-main/source/lab3/dct.c:105:0)
INFO: [HLS 214-178] Inlining function 'dct_2d' into 'dct' (../xup_high_level_synthesis_design_flow-main/source/lab3/dct.c:105:0)
INFO: [HLS 214-178] Inlining function 'write_data' into 'dct' (../xup_high_level_synthesis_design_flow-main/source/lab3/dct.c:105:0)
INFO: [HLS 200-111] Finished Compiling Optimization and Transform: CPU user time: 0 seconds. CPU system time: 0 seconds. Elapsed time: 1.981 seconds; current allocated memory: 536.566 MB.
INFO: [HLS 200-111] Finished Checking Pragmas: CPU user time: 0 seconds. CPU system time: 0 seconds. Elapsed time: 0.002 seconds; current allocated memory: 536.566 MB.
INFO: [HLS 200-10] Starting code transformations ...
INFO: [HLS 200-111] Finished Standard Transforms: CPU user time: 0 seconds. CPU system time: 0 seconds. Elapsed time: 0.05 seconds; current allocated memory: 542.301 MB.
INFO: [HLS 200-10] Checking synthesizability ...
INFO: [HLS 200-111] Finished Checking Synthesizability: CPU user time: 0 seconds. CPU system time: 0 seconds. Elapsed time: 0.039 seconds; current allocated memory: 543.781 MB.
INFO: [HLS 200-111] Finished Loop, function and other optimizations: CPU user time: 0 seconds. CPU system time: 0 seconds. Elapsed time: 0.085 seconds; current allocated memory: 565.664 MB.
INFO: [XFORM 203-541] Flattening a loop nest 'RD_Loop_Row' (../xup_high_level_synthesis_design_flow-main/source/lab3/dct.c:85:4) in function 'dct'.
WARNING: [HLS 200-960] Cannot flatten loop 'DCT_Outer_Loop' (../xup_high_level_synthesis_design_flow-main/source/lab3/dct.c:39:4) in function 'dct' the outer loop is not a perfect loop because there is nontrivial logic in the loop latch.
INFO: [XFORM 203-541] Flattening a loop nest 'Row_DCT_Loop' (../xup_high_level_synthesis_design_flow-main/source/lab3/dct.c:58:4) in function 'dct'.
INFO: [XFORM 203-541] Flattening a loop nest 'Xpose_Row_Outer_Loop' (../xup_high_level_synthesis_design_flow-main/source/lab3/dct.c:63:4) in function 'dct'.
WARNING: [HLS 200-960] Cannot flatten loop 'DCT_Outer_Loop' (../xup_high_level_synthesis_design_flow-main/source/lab3/dct.c:39:4) in function 'dct' the outer loop is not a perfect loop because there is nontrivial logic in the loop latch.
INFO: [XFORM 203-541] Flattening a loop nest 'Col_DCT_Loop' (../xup_high_level_synthesis_design_flow-main/source/lab3/dct.c:69:4) in function 'dct'.
INFO: [XFORM 203-541] Flattening a loop nest 'Xpose_Col_Outer_Loop' (../xup_high_level_synthesis_design_flow-main/source/lab3/dct.c:74:4) in function 'dct'.
INFO: [XFORM 203-541] Flattening a loop nest 'WR_Loop_Row' (../xup_high_level_synthesis_design_flow-main/source/lab3/dct.c:97:4) in function 'dct'.
INFO: [HLS 200-111] Finished Architecture Synthesis: CPU user time: 0 seconds. CPU system time: 0 seconds. Elapsed time: 0.154 seconds; current allocated memory: 611.887 MB.
INFO: [HLS 200-10] Starting hardware synthesis ...
INFO: [HLS 200-10] Synthesizing 'dct' ...
INFO: [HLS 200-10] ----------------------------------------------------------------
INFO: [HLS 200-42] -- Implementing module 'dct_Pipeline_RD_Loop_Row_RD_Loop_Col' 
INFO: [HLS 200-10] ----------------------------------------------------------------
INFO: [SCHED 204-11] Starting scheduling ...
INFO: [SCHED 204-61] Pipelining loop 'RD_Loop_Row_RD_Loop_Col'.
INFO: [HLS 200-1470] Pipelining result : Target II = NA, Final II = 1, Depth = 2, loop 'RD_Loop_Row_RD_Loop_Col'
INFO: [SCHED 204-11] Finished scheduling.
INFO: [HLS 200-111] Finished Scheduling: CPU user time: 0 seconds. CPU system time: 0 seconds. Elapsed time: 0.174 seconds; current allocated memory: 616.773 MB.
INFO: [BIND 205-100] Starting micro-architecture generation ...
INFO: [BIND 205-101] Performing variable lifetime analysis.
INFO: [BIND 205-101] Exploring resource sharing.
INFO: [BIND 205-101] Binding ...
INFO: [BIND 205-100] Finished micro-architecture generation.
INFO: [HLS 200-111] Finished Binding: CPU user time: 0 seconds. CPU system time: 0 seconds. Elapsed time: 0.056 seconds; current allocated memory: 618.023 MB.
INFO: [HLS 200-10] ----------------------------------------------------------------
INFO: [HLS 200-42] -- Implementing module 'dct_Pipeline_DCT_Inner_Loop' 
INFO: [HLS 200-10] ----------------------------------------------------------------
INFO: [SCHED 204-11] Starting scheduling ...
INFO: [HLS 200-486] Changing DSP latency (root=mul_ln43) to 3 in order to utilize available DSP registers.
INFO: [SCHED 204-61] Pipelining loop 'DCT_Inner_Loop'.
INFO: [HLS 200-1470] Pipelining result : Target II = NA, Final II = 1, Depth = 5, loop 'DCT_Inner_Loop'
INFO: [SCHED 204-11] Finished scheduling.
INFO: [HLS 200-111] Finished Scheduling: CPU user time: 0 seconds. CPU system time: 0 seconds. Elapsed time: 0.095 seconds; current allocated memory: 618.449 MB.
INFO: [BIND 205-100] Starting micro-architecture generation ...
INFO: [BIND 205-101] Performing variable lifetime analysis.
INFO: [BIND 205-101] Exploring resource sharing.
INFO: [BIND 205-101] Binding ...
INFO: [BIND 205-100] Finished micro-architecture generation.
INFO: [HLS 200-111] Finished Binding: CPU user time: 0 seconds. CPU system time: 0 seconds. Elapsed time: 0.074 seconds; current allocated memory: 618.605 MB.
INFO: [HLS 200-10] ----------------------------------------------------------------
INFO: [HLS 200-42] -- Implementing module 'dct_Pipeline_Xpose_Row_Outer_Loop_Xpose_Row_Inner_Loop' 
INFO: [HLS 200-10] ----------------------------------------------------------------
INFO: [SCHED 204-11] Starting scheduling ...
INFO: [SCHED 204-61] Pipelining loop 'Xpose_Row_Outer_Loop_Xpose_Row_Inner_Loop'.
INFO: [HLS 200-1470] Pipelining result : Target II = NA, Final II = 1, Depth = 3, loop 'Xpose_Row_Outer_Loop_Xpose_Row_Inner_Loop'
INFO: [SCHED 204-11] Finished scheduling.
INFO: [HLS 200-111] Finished Scheduling: CPU user time: 0 seconds. CPU system time: 0 seconds. Elapsed time: 0.1 seconds; current allocated memory: 618.863 MB.
INFO: [BIND 205-100] Starting micro-architecture generation ...
INFO: [BIND 205-101] Performing variable lifetime analysis.
INFO: [BIND 205-101] Exploring resource sharing.
INFO: [BIND 205-101] Binding ...
INFO: [BIND 205-100] Finished micro-architecture generation.
INFO: [HLS 200-111] Finished Binding: CPU user time: 0 seconds. CPU system time: 0 seconds. Elapsed time: 0.059 seconds; current allocated memory: 618.895 MB.
INFO: [HLS 200-10] ----------------------------------------------------------------
INFO: [HLS 200-42] -- Implementing module 'dct_Pipeline_DCT_Inner_Loop1' 
INFO: [HLS 200-10] ----------------------------------------------------------------
INFO: [SCHED 204-11] Starting scheduling ...
INFO: [HLS 200-486] Changing DSP latency (root=mul_ln43) to 3 in order to utilize available DSP registers.
INFO: [SCHED 204-61] Pipelining loop 'DCT_Inner_Loop'.
INFO: [HLS 200-1470] Pipelining result : Target II = NA, Final II = 1, Depth = 5, loop 'DCT_Inner_Loop'
INFO: [SCHED 204-11] Finished scheduling.
INFO: [HLS 200-111] Finished Scheduling: CPU user time: 0 seconds. CPU system time: 0 seconds. Elapsed time: 0.094 seconds; current allocated memory: 619.605 MB.
INFO: [BIND 205-100] Starting micro-architecture generation ...
INFO: [BIND 205-101] Performing variable lifetime analysis.
INFO: [BIND 205-101] Exploring resource sharing.
INFO: [BIND 205-101] Binding ...
INFO: [BIND 205-100] Finished micro-architecture generation.
INFO: [HLS 200-111] Finished Binding: CPU user time: 0 seconds. CPU system time: 0 seconds. Elapsed time: 0.071 seconds; current allocated memory: 619.605 MB.
INFO: [HLS 200-10] ----------------------------------------------------------------
INFO: [HLS 200-42] -- Implementing module 'dct_Pipeline_Xpose_Col_Outer_Loop_Xpose_Col_Inner_Loop' 
INFO: [HLS 200-10] ----------------------------------------------------------------
INFO: [SCHED 204-11] Starting scheduling ...
INFO: [SCHED 204-61] Pipelining loop 'Xpose_Col_Outer_Loop_Xpose_Col_Inner_Loop'.
INFO: [HLS 200-1470] Pipelining result : Target II = NA, Final II = 1, Depth = 3, loop 'Xpose_Col_Outer_Loop_Xpose_Col_Inner_Loop'
INFO: [SCHED 204-11] Finished scheduling.
INFO: [HLS 200-111] Finished Scheduling: CPU user time: 0 seconds. CPU system time: 0 seconds. Elapsed time: 0.098 seconds; current allocated memory: 619.961 MB.
INFO: [BIND 205-100] Starting micro-architecture generation ...
INFO: [BIND 205-101] Performing variable lifetime analysis.
INFO: [BIND 205-101] Exploring resource sharing.
INFO: [BIND 205-101] Binding ...
INFO: [BIND 205-100] Finished micro-architecture generation.
INFO: [HLS 200-111] Finished Binding: CPU user time: 0 seconds. CPU system time: 0 seconds. Elapsed time: 0.06 seconds; current allocated memory: 620.020 MB.
INFO: [HLS 200-10] ----------------------------------------------------------------
INFO: [HLS 200-42] -- Implementing module 'dct_Pipeline_WR_Loop_Row_WR_Loop_Col' 
INFO: [HLS 200-10] ----------------------------------------------------------------
INFO: [SCHED 204-11] Starting scheduling ...
INFO: [SCHED 204-61] Pipelining loop 'WR_Loop_Row_WR_Loop_Col'.
INFO: [HLS 200-1470] Pipelining result : Target II = NA, Final II = 1, Depth = 3, loop 'WR_Loop_Row_WR_Loop_Col'
INFO: [SCHED 204-11] Finished scheduling.
INFO: [HLS 200-111] Finished Scheduling: CPU user time: 0 seconds. CPU system time: 0 seconds. Elapsed time: 0.094 seconds; current allocated memory: 620.281 MB.
INFO: [BIND 205-100] Starting micro-architecture generation ...
INFO: [BIND 205-101] Performing variable lifetime analysis.
INFO: [BIND 205-101] Exploring resource sharing.
INFO: [BIND 205-101] Binding ...
INFO: [BIND 205-100] Finished micro-architecture generation.
INFO: [HLS 200-111] Finished Binding: CPU user time: 0 seconds. CPU system time: 0 seconds. Elapsed time: 0.059 seconds; current allocated memory: 620.375 MB.
INFO: [HLS 200-10] ----------------------------------------------------------------
INFO: [HLS 200-42] -- Implementing module 'dct' 
INFO: [HLS 200-10] ----------------------------------------------------------------
INFO: [SCHED 204-11] Starting scheduling ...
INFO: [SCHED 204-11] Finished scheduling.
INFO: [HLS 200-111] Finished Scheduling: CPU user time: 1 seconds. CPU system time: 0 seconds. Elapsed time: 0.145 seconds; current allocated memory: 621.180 MB.
INFO: [BIND 205-100] Starting micro-architecture generation ...
INFO: [BIND 205-101] Performing variable lifetime analysis.
INFO: [BIND 205-101] Exploring resource sharing.
INFO: [BIND 205-101] Binding ...
INFO: [BIND 205-100] Finished micro-architecture generation.
INFO: [HLS 200-111] Finished Binding: CPU user time: 0 seconds. CPU system time: 0 seconds. Elapsed time: 0.139 seconds; current allocated memory: 621.438 MB.
INFO: [HLS 200-10] ----------------------------------------------------------------
INFO: [HLS 200-10] -- Generating RTL for module 'dct_Pipeline_RD_Loop_Row_RD_Loop_Col' 
INFO: [HLS 200-10] ----------------------------------------------------------------
INFO: [HLS 200-1030] Apply Unified Pipeline Control on module 'dct_Pipeline_RD_Loop_Row_RD_Loop_Col' pipeline 'RD_Loop_Row_RD_Loop_Col' pipeline type 'loop pipeline'
INFO: [RTGEN 206-100] Finished creating RTL model for 'dct_Pipeline_RD_Loop_Row_RD_Loop_Col'.
INFO: [HLS 200-111] Finished Creating RTL model: CPU user time: 0 seconds. CPU system time: 0 seconds. Elapsed time: 0.075 seconds; current allocated memory: 623.203 MB.
INFO: [HLS 200-10] ----------------------------------------------------------------
INFO: [HLS 200-10] -- Generating RTL for module 'dct_Pipeline_DCT_Inner_Loop' 
INFO: [HLS 200-10] ----------------------------------------------------------------
INFO: [HLS 200-1030] Apply Unified Pipeline Control on module 'dct_Pipeline_DCT_Inner_Loop' pipeline 'DCT_Inner_Loop' pipeline type 'loop pipeline'
INFO: [RTGEN 206-100] Generating core module 'mac_muladd_16s_15s_32s_32_4_1': 1 instance(s).
INFO: [RTGEN 206-100] Finished creating RTL model for 'dct_Pipeline_DCT_Inner_Loop'.
INFO: [HLS 200-111] Finished Creating RTL model: CPU user time: 0 seconds. CPU system time: 0 seconds. Elapsed time: 0.126 seconds; current allocated memory: 625.301 MB.
INFO: [HLS 200-10] ----------------------------------------------------------------
INFO: [HLS 200-10] -- Generating RTL for module 'dct_Pipeline_Xpose_Row_Outer_Loop_Xpose_Row_Inner_Loop' 
INFO: [HLS 200-10] ----------------------------------------------------------------
INFO: [HLS 200-1030] Apply Unified Pipeline Control on module 'dct_Pipeline_Xpose_Row_Outer_Loop_Xpose_Row_Inner_Loop' pipeline 'Xpose_Row_Outer_Loop_Xpose_Row_Inner_Loop' pipeline type 'loop pipeline'
INFO: [RTGEN 206-100] Finished creating RTL model for 'dct_Pipeline_Xpose_Row_Outer_Loop_Xpose_Row_Inner_Loop'.
INFO: [HLS 200-111] Finished Creating RTL model: CPU user time: 0 seconds. CPU system time: 0 seconds. Elapsed time: 0.121 seconds; current allocated memory: 626.219 MB.
INFO: [HLS 200-10] ----------------------------------------------------------------
INFO: [HLS 200-10] -- Generating RTL for module 'dct_Pipeline_DCT_Inner_Loop1' 
INFO: [HLS 200-10] ----------------------------------------------------------------
INFO: [HLS 200-1030] Apply Unified Pipeline Control on module 'dct_Pipeline_DCT_Inner_Loop1' pipeline 'DCT_Inner_Loop' pipeline type 'loop pipeline'
INFO: [RTGEN 206-100] Generating core module 'mac_muladd_16s_15s_32s_32_4_1': 1 instance(s).
INFO: [RTGEN 206-100] Finished creating RTL model for 'dct_Pipeline_DCT_Inner_Loop1'.
INFO: [HLS 200-111] Finished Creating RTL model: CPU user time: 0 seconds. CPU system time: 0 seconds. Elapsed time: 0.131 seconds; current allocated memory: 627.750 MB.
INFO: [HLS 200-10] ----------------------------------------------------------------
INFO: [HLS 200-10] -- Generating RTL for module 'dct_Pipeline_Xpose_Col_Outer_Loop_Xpose_Col_Inner_Loop' 
INFO: [HLS 200-10] ----------------------------------------------------------------
INFO: [HLS 200-1030] Apply Unified Pipeline Control on module 'dct_Pipeline_Xpose_Col_Outer_Loop_Xpose_Col_Inner_Loop' pipeline 'Xpose_Col_Outer_Loop_Xpose_Col_Inner_Loop' pipeline type 'loop pipeline'
INFO: [RTGEN 206-100] Finished creating RTL model for 'dct_Pipeline_Xpose_Col_Outer_Loop_Xpose_Col_Inner_Loop'.
INFO: [HLS 200-111] Finished Creating RTL model: CPU user time: 0 seconds. CPU system time: 0 seconds. Elapsed time: 0.127 seconds; current allocated memory: 628.586 MB.
INFO: [HLS 200-10] ----------------------------------------------------------------
INFO: [HLS 200-10] -- Generating RTL for module 'dct_Pipeline_WR_Loop_Row_WR_Loop_Col' 
INFO: [HLS 200-10] ----------------------------------------------------------------
INFO: [HLS 200-1030] Apply Unified Pipeline Control on module 'dct_Pipeline_WR_Loop_Row_WR_Loop_Col' pipeline 'WR_Loop_Row_WR_Loop_Col' pipeline type 'loop pipeline'
INFO: [RTGEN 206-100] Finished creating RTL model for 'dct_Pipeline_WR_Loop_Row_WR_Loop_Col'.
INFO: [HLS 200-111] Finished Creating RTL model: CPU user time: 0 seconds. CPU system time: 0 seconds. Elapsed time: 0.119 seconds; current allocated memory: 629.816 MB.
INFO: [HLS 200-10] ----------------------------------------------------------------
INFO: [HLS 200-10] -- Generating RTL for module 'dct' 
INFO: [HLS 200-10] ----------------------------------------------------------------
INFO: [RTGEN 206-500] Setting interface mode on port 'dct/input_r' to 'ap_memory'.
INFO: [RTGEN 206-500] Setting interface mode on port 'dct/output_r' to 'ap_memory'.
INFO: [RTGEN 206-500] Setting interface mode on function 'dct' to 'ap_ctrl_hs'.
INFO: [RTGEN 206-100] Finished creating RTL model for 'dct'.
INFO: [RTMG 210-279] Implementing memory 'dct_dct_coeff_table_ROM_AUTO_1R' using auto ROMs.
INFO: [RTMG 210-278] Implementing memory 'dct_row_outbuf_RAM_AUTO_1R1W' using auto RAMs.
INFO: [HLS 200-111] Finished Creating RTL model: CPU user time: 0 seconds. CPU system time: 0 seconds. Elapsed time: 0.155 seconds; current allocated memory: 631.793 MB.
INFO: [HLS 200-111] Finished Generating all RTL models: CPU user time: 0 seconds. CPU system time: 0 seconds. Elapsed time: 0.458 seconds; current allocated memory: 637.156 MB.
INFO: [HLS 200-111] Finished Updating report files: CPU user time: 1 seconds. CPU system time: 0 seconds. Elapsed time: 0.488 seconds; current allocated memory: 643.523 MB.
INFO: [VHDL 208-304] Generating VHDL RTL for dct.
INFO: [VLOG 209-307] Generating Verilog RTL for dct.
INFO: [HLS 200-790] **** Loop Constraint Status: All loop constraints were satisfied.
INFO: [HLS 200-789] **** Estimated Fmax: 153.66 MHz
INFO: [HLS 200-111] Finished Command csynth_design CPU user time: 3 seconds. CPU system time: 1 seconds. Elapsed time: 6.275 seconds; current allocated memory: 110.031 MB.
