TRACE::2024-12-08.18:22:12::SCWPlatform::Trying to open the hw design at F:/Education/FPGA_Labs/Labs_2/lab4/audio_new/design_1_wrapper_iz3/hw/design_1_wrapper_iz3.xsa
TRACE::2024-12-08.18:22:12::SCWPlatform::DSA given F:/Education/FPGA_Labs/Labs_2/lab4/audio_new/design_1_wrapper_iz3/hw/design_1_wrapper_iz3.xsa
TRACE::2024-12-08.18:22:12::SCWPlatform::DSA absoulate path F:/Education/FPGA_Labs/Labs_2/lab4/audio_new/design_1_wrapper_iz3/hw/design_1_wrapper_iz3.xsa
TRACE::2024-12-08.18:22:12::SCWPlatform::DSA directory F:/Education/FPGA_Labs/Labs_2/lab4/audio_new/design_1_wrapper_iz3/hw
TRACE::2024-12-08.18:22:12::SCWPlatform:: Platform Path F:/Education/FPGA_Labs/Labs_2/lab4/audio_new/design_1_wrapper_iz3/hw/design_1_wrapper_iz3.xsa
TRACE::2024-12-08.18:22:12::SCWPlatform:: Unique name xilinx:zedboard::0.0
TRACE::2024-12-08.18:22:12::SCWPlatform::Do not have an existing db opened. 
TRACE::2024-12-08.18:22:13::SCWPlatform::Opened new HwDB with name design_1_wrapper_14
TRACE::2024-12-08.18:22:13::SCWWriter::formatted JSON is {
	"platformName":	"design_1_wrapper_iz3",
	"sprVersion":	"2.0",
	"mode":	"gui",
	"dsaType":	"Fixed",
	"platformDesc":	"design_1_wrapper_iz3",
	"platHandOff":	"<platformDir>.xsa",
	"platIntHandOff":	"<platformDir>/hw/design_1_wrapper_iz3.xsa",
	"deviceType":	"zynq",
	"platIsPrebuiltAutogen":	"false",
	"platIsNoBootBsp":	"false",
	"hasFsblMakeHasChanges":	"false",
	"hasPmufwMakeHasChanges":	"false",
	"platPreBuiltFlag":	false,
	"platformSamplesDir":	""
}
TRACE::2024-12-08.18:22:13::SCWWriter::formatted JSON is {
	"platformName":	"design_1_wrapper_iz3",
	"sprVersion":	"2.0",
	"mode":	"gui",
	"dsaType":	"Fixed",
	"platformDesc":	"design_1_wrapper_iz3",
	"platHandOff":	"<platformDir>.xsa",
	"platIntHandOff":	"<platformDir>/hw/design_1_wrapper_iz3.xsa",
	"deviceType":	"zynq",
	"platIsPrebuiltAutogen":	"false",
	"platIsNoBootBsp":	"false",
	"hasFsblMakeHasChanges":	"false",
	"hasPmufwMakeHasChanges":	"false",
	"platPreBuiltFlag":	false,
	"platformSamplesDir":	"",
	"platActiveSys":	"design_1_wrapper_iz3",
	"systems":	[{
			"systemName":	"design_1_wrapper_iz3",
			"systemDesc":	"design_1_wrapper_iz3",
			"sysIsBootAutoGen":	"true",
			"systemDispName":	"design_1_wrapper_iz3"
		}]
}
TRACE::2024-12-08.18:22:13::SCWPlatform::Boot application domains not present, creating them
TRACE::2024-12-08.18:22:13::SCWDomain::checking for install qemu data   : 
TRACE::2024-12-08.18:22:13::SCWDomain:: Using the QEMU Data from install at  : F:/Xilinx/Vitis/Vitis/2023.1/data/emulation/platforms/zynq/sw/a9_standalone/qemu/
TRACE::2024-12-08.18:22:13::SCWDomain:: Using the QEMU args  from install at  : F:/Xilinx/Vitis/Vitis/2023.1/data/emulation/platforms/zynq/sw/a9_standalone/qemu/qemu_args.txt
TRACE::2024-12-08.18:22:13::SCWPlatform::Trying to open the hw design at F:/Education/FPGA_Labs/Labs_2/lab4/audio_new/design_1_wrapper_iz3/hw/design_1_wrapper_iz3.xsa
TRACE::2024-12-08.18:22:13::SCWPlatform::DSA given F:/Education/FPGA_Labs/Labs_2/lab4/audio_new/design_1_wrapper_iz3/hw/design_1_wrapper_iz3.xsa
TRACE::2024-12-08.18:22:13::SCWPlatform::DSA absoulate path F:/Education/FPGA_Labs/Labs_2/lab4/audio_new/design_1_wrapper_iz3/hw/design_1_wrapper_iz3.xsa
TRACE::2024-12-08.18:22:13::SCWPlatform::DSA directory F:/Education/FPGA_Labs/Labs_2/lab4/audio_new/design_1_wrapper_iz3/hw
TRACE::2024-12-08.18:22:13::SCWPlatform:: Platform Path F:/Education/FPGA_Labs/Labs_2/lab4/audio_new/design_1_wrapper_iz3/hw/design_1_wrapper_iz3.xsa
TRACE::2024-12-08.18:22:13::SCWPlatform:: Unique name xilinx:zedboard::0.0
TRACE::2024-12-08.18:22:13::SCWPlatform::Trying to set the existing hwdb with name design_1_wrapper_14
TRACE::2024-12-08.18:22:13::SCWPlatform::Opened existing hwdb design_1_wrapper_14
TRACE::2024-12-08.18:22:13::SCWPlatform::Found the Hw Db part of the input DSA
TRACE::2024-12-08.18:22:13::SCWPlatform::Trying to open the hw design at F:/Education/FPGA_Labs/Labs_2/lab4/audio_new/design_1_wrapper_iz3/hw/design_1_wrapper_iz3.xsa
TRACE::2024-12-08.18:22:13::SCWPlatform::DSA given F:/Education/FPGA_Labs/Labs_2/lab4/audio_new/design_1_wrapper_iz3/hw/design_1_wrapper_iz3.xsa
TRACE::2024-12-08.18:22:13::SCWPlatform::DSA absoulate path F:/Education/FPGA_Labs/Labs_2/lab4/audio_new/design_1_wrapper_iz3/hw/design_1_wrapper_iz3.xsa
TRACE::2024-12-08.18:22:13::SCWPlatform::DSA directory F:/Education/FPGA_Labs/Labs_2/lab4/audio_new/design_1_wrapper_iz3/hw
TRACE::2024-12-08.18:22:13::SCWPlatform:: Platform Path F:/Education/FPGA_Labs/Labs_2/lab4/audio_new/design_1_wrapper_iz3/hw/design_1_wrapper_iz3.xsa
TRACE::2024-12-08.18:22:13::SCWPlatform:: Unique name xilinx:zedboard::0.0
TRACE::2024-12-08.18:22:13::SCWPlatform::Trying to set the existing hwdb with name design_1_wrapper_14
TRACE::2024-12-08.18:22:13::SCWPlatform::Opened existing hwdb design_1_wrapper_14
TRACE::2024-12-08.18:22:13::SCWPlatform::Found the Hw Db part of the input DSA
TRACE::2024-12-08.18:22:13::SCWPlatform::Trying to open the hw design at F:/Education/FPGA_Labs/Labs_2/lab4/audio_new/design_1_wrapper_iz3/hw/design_1_wrapper_iz3.xsa
TRACE::2024-12-08.18:22:13::SCWPlatform::DSA given F:/Education/FPGA_Labs/Labs_2/lab4/audio_new/design_1_wrapper_iz3/hw/design_1_wrapper_iz3.xsa
TRACE::2024-12-08.18:22:13::SCWPlatform::DSA absoulate path F:/Education/FPGA_Labs/Labs_2/lab4/audio_new/design_1_wrapper_iz3/hw/design_1_wrapper_iz3.xsa
TRACE::2024-12-08.18:22:13::SCWPlatform::DSA directory F:/Education/FPGA_Labs/Labs_2/lab4/audio_new/design_1_wrapper_iz3/hw
TRACE::2024-12-08.18:22:13::SCWPlatform:: Platform Path F:/Education/FPGA_Labs/Labs_2/lab4/audio_new/design_1_wrapper_iz3/hw/design_1_wrapper_iz3.xsa
TRACE::2024-12-08.18:22:13::SCWPlatform:: Unique name xilinx:zedboard::0.0
TRACE::2024-12-08.18:22:13::SCWPlatform::Trying to set the existing hwdb with name design_1_wrapper_14
TRACE::2024-12-08.18:22:13::SCWPlatform::Opened existing hwdb design_1_wrapper_14
TRACE::2024-12-08.18:22:13::SCWPlatform::Found the Hw Db part of the input DSA
TRACE::2024-12-08.18:22:13::SCWPlatform::Boot application domain added for zynq_fsbl
TRACE::2024-12-08.18:22:13::SCWPlatform::Generating the sources  .
TRACE::2024-12-08.18:22:13::SCWBDomain::Generating boot domain sources.
TRACE::2024-12-08.18:22:13::SCWBDomain:: Generating the zynq_fsbl Application.
TRACE::2024-12-08.18:22:13::SCWPlatform::Trying to open the hw design at F:/Education/FPGA_Labs/Labs_2/lab4/audio_new/design_1_wrapper_iz3/hw/design_1_wrapper_iz3.xsa
TRACE::2024-12-08.18:22:13::SCWPlatform::DSA given F:/Education/FPGA_Labs/Labs_2/lab4/audio_new/design_1_wrapper_iz3/hw/design_1_wrapper_iz3.xsa
TRACE::2024-12-08.18:22:13::SCWPlatform::DSA absoulate path F:/Education/FPGA_Labs/Labs_2/lab4/audio_new/design_1_wrapper_iz3/hw/design_1_wrapper_iz3.xsa
TRACE::2024-12-08.18:22:13::SCWPlatform::DSA directory F:/Education/FPGA_Labs/Labs_2/lab4/audio_new/design_1_wrapper_iz3/hw
TRACE::2024-12-08.18:22:13::SCWPlatform:: Platform Path F:/Education/FPGA_Labs/Labs_2/lab4/audio_new/design_1_wrapper_iz3/hw/design_1_wrapper_iz3.xsa
TRACE::2024-12-08.18:22:13::SCWPlatform:: Unique name xilinx:zedboard::0.0
TRACE::2024-12-08.18:22:13::SCWPlatform::Trying to set the existing hwdb with name design_1_wrapper_14
TRACE::2024-12-08.18:22:13::SCWPlatform::Opened existing hwdb design_1_wrapper_14
TRACE::2024-12-08.18:22:13::SCWPlatform::Found the Hw Db part of the input DSA
TRACE::2024-12-08.18:22:13::SCWMssOS::Checking the sw design at  F:/Education/FPGA_Labs/Labs_2/lab4/audio_new/design_1_wrapper_iz3/zynq_fsbl/zynq_fsbl_bsp/system.mss
TRACE::2024-12-08.18:22:13::SCWMssOS::DEBUG:  swdes dump  F:/Education/FPGA_Labs/Labs_2/lab4/audio_new/audio/ps7_cortexa9_0/standalone_domain/bsp/system.mss|system_0||
F:/Education/FPGA_Labs/Labs_2/lab4/audio_new/audio/zynq_fsbl/zynq_fsbl_bsp/system.mss|system||
F:/Education/FPGA_Labs/Labs_2/lab4/audio_new/design_1_wrapper_iz/ps7_cortexa9_0/standalone_ps7_cortexa9_0/bsp/system.mss|system_2||
F:/Education/FPGA_Labs/Labs_2/lab4/audio_new/design_1_wrapper_iz/zynq_fsbl/zynq_fsbl_bsp/system.mss|system_1||

TRACE::2024-12-08.18:22:13::SCWMssOS::No sw design opened at  F:/Education/FPGA_Labs/Labs_2/lab4/audio_new/design_1_wrapper_iz3/zynq_fsbl/zynq_fsbl_bsp/system.mss
TRACE::2024-12-08.18:22:13::SCWMssOS::mss does not exists at F:/Education/FPGA_Labs/Labs_2/lab4/audio_new/design_1_wrapper_iz3/zynq_fsbl/zynq_fsbl_bsp/system.mss
TRACE::2024-12-08.18:22:13::SCWMssOS::Creating sw design at  F:/Education/FPGA_Labs/Labs_2/lab4/audio_new/design_1_wrapper_iz3/zynq_fsbl/zynq_fsbl_bsp/system.mss
TRACE::2024-12-08.18:22:13::SCWMssOS::Adding the swdes entry, created swdb F:/Education/FPGA_Labs/Labs_2/lab4/audio_new/design_1_wrapper_iz3/zynq_fsbl/zynq_fsbl_bsp/system.mss with des name F:/Education/FPGA_Labs/Labs_2/lab4/audio_new/design_1_wrapper_iz3/zynq_fsbl/zynq_fsbl_bsp/system.mss
TRACE::2024-12-08.18:22:13::SCWMssOS::updating the scw layer changes to swdes at   F:/Education/FPGA_Labs/Labs_2/lab4/audio_new/design_1_wrapper_iz3/zynq_fsbl/zynq_fsbl_bsp/system.mss
TRACE::2024-12-08.18:22:13::SCWMssOS::Writing mss at F:/Education/FPGA_Labs/Labs_2/lab4/audio_new/design_1_wrapper_iz3/zynq_fsbl/zynq_fsbl_bsp/system.mss
TRACE::2024-12-08.18:22:13::SCWMssOS::Completed writing the mss file at F:/Education/FPGA_Labs/Labs_2/lab4/audio_new/design_1_wrapper_iz3/zynq_fsbl/zynq_fsbl_bsp
TRACE::2024-12-08.18:22:13::SCWMssOS::Picking up changes from newly written mss file into SCW Layer. 
TRACE::2024-12-08.18:22:13::SCWMssOS::Updated the changes from newly written mss file into SCW Layer. 
TRACE::2024-12-08.18:22:13::SCWBDomain::Completed writing the mss file at F:/Education/FPGA_Labs/Labs_2/lab4/audio_new/design_1_wrapper_iz3/zynq_fsbl/zynq_fsbl_bsp
TRACE::2024-12-08.18:22:19::SCWPlatform::Generating sources Done.
TRACE::2024-12-08.18:22:19::SCWPlatform::Trying to open the hw design at F:/Education/FPGA_Labs/Labs_2/lab4/audio_new/design_1_wrapper_iz3/hw/design_1_wrapper_iz3.xsa
TRACE::2024-12-08.18:22:19::SCWPlatform::DSA given F:/Education/FPGA_Labs/Labs_2/lab4/audio_new/design_1_wrapper_iz3/hw/design_1_wrapper_iz3.xsa
TRACE::2024-12-08.18:22:19::SCWPlatform::DSA absoulate path F:/Education/FPGA_Labs/Labs_2/lab4/audio_new/design_1_wrapper_iz3/hw/design_1_wrapper_iz3.xsa
TRACE::2024-12-08.18:22:19::SCWPlatform::DSA directory F:/Education/FPGA_Labs/Labs_2/lab4/audio_new/design_1_wrapper_iz3/hw
TRACE::2024-12-08.18:22:19::SCWPlatform:: Platform Path F:/Education/FPGA_Labs/Labs_2/lab4/audio_new/design_1_wrapper_iz3/hw/design_1_wrapper_iz3.xsa
TRACE::2024-12-08.18:22:19::SCWPlatform:: Unique name xilinx:zedboard::0.0
TRACE::2024-12-08.18:22:19::SCWPlatform::Trying to set the existing hwdb with name design_1_wrapper_14
TRACE::2024-12-08.18:22:19::SCWPlatform::Opened existing hwdb design_1_wrapper_14
TRACE::2024-12-08.18:22:19::SCWPlatform::Found the Hw Db part of the input DSA
TRACE::2024-12-08.18:22:19::SCWMssOS::Checking the sw design at  F:/Education/FPGA_Labs/Labs_2/lab4/audio_new/design_1_wrapper_iz3/zynq_fsbl/zynq_fsbl_bsp/system.mss
TRACE::2024-12-08.18:22:19::SCWMssOS::DEBUG:  swdes dump  F:/Education/FPGA_Labs/Labs_2/lab4/audio_new/audio/ps7_cortexa9_0/standalone_domain/bsp/system.mss|system_0||
F:/Education/FPGA_Labs/Labs_2/lab4/audio_new/audio/zynq_fsbl/zynq_fsbl_bsp/system.mss|system||
F:/Education/FPGA_Labs/Labs_2/lab4/audio_new/design_1_wrapper_iz/ps7_cortexa9_0/standalone_ps7_cortexa9_0/bsp/system.mss|system_2||
F:/Education/FPGA_Labs/Labs_2/lab4/audio_new/design_1_wrapper_iz/zynq_fsbl/zynq_fsbl_bsp/system.mss|system_1||

TRACE::2024-12-08.18:22:19::SCWMssOS::No sw design opened at  F:/Education/FPGA_Labs/Labs_2/lab4/audio_new/design_1_wrapper_iz3/zynq_fsbl/zynq_fsbl_bsp/system.mss
TRACE::2024-12-08.18:22:19::SCWMssOS::mss exists loading the mss file  F:/Education/FPGA_Labs/Labs_2/lab4/audio_new/design_1_wrapper_iz3/zynq_fsbl/zynq_fsbl_bsp/system.mss
TRACE::2024-12-08.18:22:19::SCWMssOS::Opened the sw design from mss  F:/Education/FPGA_Labs/Labs_2/lab4/audio_new/design_1_wrapper_iz3/zynq_fsbl/zynq_fsbl_bsp/system.mss
TRACE::2024-12-08.18:22:19::SCWMssOS::Adding the swdes entry F:/Education/FPGA_Labs/Labs_2/lab4/audio_new/design_1_wrapper_iz3/zynq_fsbl/zynq_fsbl_bsp/system.mss with des name system_3
TRACE::2024-12-08.18:22:19::SCWMssOS::updating the scw layer about changes
TRACE::2024-12-08.18:22:19::SCWMssOS::Opened the sw design.  F:/Education/FPGA_Labs/Labs_2/lab4/audio_new/design_1_wrapper_iz3/zynq_fsbl/zynq_fsbl_bsp/system.mss
TRACE::2024-12-08.18:22:19::SCWMssOS::Saving the mss changes F:/Education/FPGA_Labs/Labs_2/lab4/audio_new/design_1_wrapper_iz3/zynq_fsbl/zynq_fsbl_bsp/system.mss
TRACE::2024-12-08.18:22:19::SCWMssOS::Found a swdesign opened with the mssfile.
TRACE::2024-12-08.18:22:19::SCWMssOS::Completed writemss as part of save.
TRACE::2024-12-08.18:22:19::SCWMssOS::Commit changes completed.
TRACE::2024-12-08.18:22:19::SCWPlatform::Trying to open the hw design at F:/Education/FPGA_Labs/Labs_2/lab4/audio_new/design_1_wrapper_iz3/hw/design_1_wrapper_iz3.xsa
TRACE::2024-12-08.18:22:19::SCWPlatform::DSA given F:/Education/FPGA_Labs/Labs_2/lab4/audio_new/design_1_wrapper_iz3/hw/design_1_wrapper_iz3.xsa
TRACE::2024-12-08.18:22:19::SCWPlatform::DSA absoulate path F:/Education/FPGA_Labs/Labs_2/lab4/audio_new/design_1_wrapper_iz3/hw/design_1_wrapper_iz3.xsa
TRACE::2024-12-08.18:22:19::SCWPlatform::DSA directory F:/Education/FPGA_Labs/Labs_2/lab4/audio_new/design_1_wrapper_iz3/hw
TRACE::2024-12-08.18:22:19::SCWPlatform:: Platform Path F:/Education/FPGA_Labs/Labs_2/lab4/audio_new/design_1_wrapper_iz3/hw/design_1_wrapper_iz3.xsa
TRACE::2024-12-08.18:22:19::SCWPlatform:: Unique name xilinx:zedboard::0.0
TRACE::2024-12-08.18:22:19::SCWPlatform::Trying to set the existing hwdb with name design_1_wrapper_14
TRACE::2024-12-08.18:22:19::SCWPlatform::Opened existing hwdb design_1_wrapper_14
TRACE::2024-12-08.18:22:19::SCWPlatform::Found the Hw Db part of the input DSA
TRACE::2024-12-08.18:22:19::SCWMssOS::Checking the sw design at  F:/Education/FPGA_Labs/Labs_2/lab4/audio_new/design_1_wrapper_iz3/zynq_fsbl/zynq_fsbl_bsp/system.mss
TRACE::2024-12-08.18:22:19::SCWMssOS::DEBUG:  swdes dump  F:/Education/FPGA_Labs/Labs_2/lab4/audio_new/audio/ps7_cortexa9_0/standalone_domain/bsp/system.mss|system_0||
F:/Education/FPGA_Labs/Labs_2/lab4/audio_new/audio/zynq_fsbl/zynq_fsbl_bsp/system.mss|system||
F:/Education/FPGA_Labs/Labs_2/lab4/audio_new/design_1_wrapper_iz/ps7_cortexa9_0/standalone_ps7_cortexa9_0/bsp/system.mss|system_2||
F:/Education/FPGA_Labs/Labs_2/lab4/audio_new/design_1_wrapper_iz/zynq_fsbl/zynq_fsbl_bsp/system.mss|system_1||
F:/Education/FPGA_Labs/Labs_2/lab4/audio_new/design_1_wrapper_iz3/zynq_fsbl/zynq_fsbl_bsp/system.mss|system_3||

TRACE::2024-12-08.18:22:19::SCWMssOS::Sw design exists and opened at  F:/Education/FPGA_Labs/Labs_2/lab4/audio_new/design_1_wrapper_iz3/zynq_fsbl/zynq_fsbl_bsp/system.mss
TRACE::2024-12-08.18:22:19::SCWPlatform::Trying to open the hw design at F:/Education/FPGA_Labs/Labs_2/lab4/audio_new/design_1_wrapper_iz3/hw/design_1_wrapper_iz3.xsa
TRACE::2024-12-08.18:22:19::SCWPlatform::DSA given F:/Education/FPGA_Labs/Labs_2/lab4/audio_new/design_1_wrapper_iz3/hw/design_1_wrapper_iz3.xsa
TRACE::2024-12-08.18:22:19::SCWPlatform::DSA absoulate path F:/Education/FPGA_Labs/Labs_2/lab4/audio_new/design_1_wrapper_iz3/hw/design_1_wrapper_iz3.xsa
TRACE::2024-12-08.18:22:19::SCWPlatform::DSA directory F:/Education/FPGA_Labs/Labs_2/lab4/audio_new/design_1_wrapper_iz3/hw
TRACE::2024-12-08.18:22:19::SCWPlatform:: Platform Path F:/Education/FPGA_Labs/Labs_2/lab4/audio_new/design_1_wrapper_iz3/hw/design_1_wrapper_iz3.xsa
TRACE::2024-12-08.18:22:19::SCWPlatform:: Unique name xilinx:zedboard::0.0
TRACE::2024-12-08.18:22:19::SCWPlatform::Trying to set the existing hwdb with name design_1_wrapper_14
TRACE::2024-12-08.18:22:19::SCWPlatform::Opened existing hwdb design_1_wrapper_14
TRACE::2024-12-08.18:22:19::SCWPlatform::Found the Hw Db part of the input DSA
TRACE::2024-12-08.18:22:19::SCWMssOS::Checking the sw design at  F:/Education/FPGA_Labs/Labs_2/lab4/audio_new/design_1_wrapper_iz3/zynq_fsbl/zynq_fsbl_bsp/system.mss
TRACE::2024-12-08.18:22:19::SCWMssOS::DEBUG:  swdes dump  F:/Education/FPGA_Labs/Labs_2/lab4/audio_new/audio/ps7_cortexa9_0/standalone_domain/bsp/system.mss|system_0||
F:/Education/FPGA_Labs/Labs_2/lab4/audio_new/audio/zynq_fsbl/zynq_fsbl_bsp/system.mss|system||
F:/Education/FPGA_Labs/Labs_2/lab4/audio_new/design_1_wrapper_iz/ps7_cortexa9_0/standalone_ps7_cortexa9_0/bsp/system.mss|system_2||
F:/Education/FPGA_Labs/Labs_2/lab4/audio_new/design_1_wrapper_iz/zynq_fsbl/zynq_fsbl_bsp/system.mss|system_1||
F:/Education/FPGA_Labs/Labs_2/lab4/audio_new/design_1_wrapper_iz3/zynq_fsbl/zynq_fsbl_bsp/system.mss|system_3||

TRACE::2024-12-08.18:22:19::SCWMssOS::Sw design exists and opened at  F:/Education/FPGA_Labs/Labs_2/lab4/audio_new/design_1_wrapper_iz3/zynq_fsbl/zynq_fsbl_bsp/system.mss
TRACE::2024-12-08.18:22:19::SCWPlatform::Trying to open the hw design at F:/Education/FPGA_Labs/Labs_2/lab4/audio_new/design_1_wrapper_iz3/hw/design_1_wrapper_iz3.xsa
TRACE::2024-12-08.18:22:19::SCWPlatform::DSA given F:/Education/FPGA_Labs/Labs_2/lab4/audio_new/design_1_wrapper_iz3/hw/design_1_wrapper_iz3.xsa
TRACE::2024-12-08.18:22:19::SCWPlatform::DSA absoulate path F:/Education/FPGA_Labs/Labs_2/lab4/audio_new/design_1_wrapper_iz3/hw/design_1_wrapper_iz3.xsa
TRACE::2024-12-08.18:22:19::SCWPlatform::DSA directory F:/Education/FPGA_Labs/Labs_2/lab4/audio_new/design_1_wrapper_iz3/hw
TRACE::2024-12-08.18:22:19::SCWPlatform:: Platform Path F:/Education/FPGA_Labs/Labs_2/lab4/audio_new/design_1_wrapper_iz3/hw/design_1_wrapper_iz3.xsa
TRACE::2024-12-08.18:22:19::SCWPlatform:: Unique name xilinx:zedboard::0.0
TRACE::2024-12-08.18:22:19::SCWPlatform::Trying to set the existing hwdb with name design_1_wrapper_14
TRACE::2024-12-08.18:22:19::SCWPlatform::Opened existing hwdb design_1_wrapper_14
TRACE::2024-12-08.18:22:19::SCWPlatform::Found the Hw Db part of the input DSA
TRACE::2024-12-08.18:22:19::SCWMssOS::Checking the sw design at  F:/Education/FPGA_Labs/Labs_2/lab4/audio_new/design_1_wrapper_iz3/zynq_fsbl/zynq_fsbl_bsp/system.mss
TRACE::2024-12-08.18:22:19::SCWMssOS::DEBUG:  swdes dump  F:/Education/FPGA_Labs/Labs_2/lab4/audio_new/audio/ps7_cortexa9_0/standalone_domain/bsp/system.mss|system_0||
F:/Education/FPGA_Labs/Labs_2/lab4/audio_new/audio/zynq_fsbl/zynq_fsbl_bsp/system.mss|system||
F:/Education/FPGA_Labs/Labs_2/lab4/audio_new/design_1_wrapper_iz/ps7_cortexa9_0/standalone_ps7_cortexa9_0/bsp/system.mss|system_2||
F:/Education/FPGA_Labs/Labs_2/lab4/audio_new/design_1_wrapper_iz/zynq_fsbl/zynq_fsbl_bsp/system.mss|system_1||
F:/Education/FPGA_Labs/Labs_2/lab4/audio_new/design_1_wrapper_iz3/zynq_fsbl/zynq_fsbl_bsp/system.mss|system_3||

TRACE::2024-12-08.18:22:19::SCWMssOS::Sw design exists and opened at  F:/Education/FPGA_Labs/Labs_2/lab4/audio_new/design_1_wrapper_iz3/zynq_fsbl/zynq_fsbl_bsp/system.mss
TRACE::2024-12-08.18:22:19::SCWWriter::formatted JSON is {
	"platformName":	"design_1_wrapper_iz3",
	"sprVersion":	"2.0",
	"mode":	"gui",
	"dsaType":	"Fixed",
	"platformDesc":	"design_1_wrapper_iz3",
	"platHandOff":	"<platformDir>.xsa",
	"platIntHandOff":	"<platformDir>/hw/design_1_wrapper_iz3.xsa",
	"deviceType":	"zynq",
	"platIsPrebuiltAutogen":	"false",
	"platIsNoBootBsp":	"false",
	"platFsblTarget":	"ps7_cortexa9_0",
	"hasFsblMakeHasChanges":	"false",
	"hasPmufwMakeHasChanges":	"false",
	"fsblExtraCompilerFlags":	"-MMD -MP       -mcpu=cortex-a9 -mfpu=vfpv3 -mfloat-abi=hard ",
	"platPreBuiltFlag":	false,
	"platformSamplesDir":	"",
	"platActiveSys":	"design_1_wrapper_iz3",
	"systems":	[{
			"systemName":	"design_1_wrapper_iz3",
			"systemDesc":	"design_1_wrapper_iz3",
			"sysIsBootAutoGen":	"true",
			"systemDispName":	"design_1_wrapper_iz3",
			"sysActiveDom":	"zynq_fsbl",
			"sysDefaultDom":	"",
			"domains":	[{
					"domainName":	"zynq_fsbl",
					"domainDispName":	"zynq_fsbl",
					"domainDesc":	"FSBL Application BSP - Auto Generated.",
					"processors":	"ps7_cortexa9_0",
					"os":	"standalone",
					"sdxOs":	"standalone",
					"debugEnable":	"",
					"domRuntimes":	["cpp"],
					"swRepo":	"",
					"mssOsVer":	"8.1",
					"mssFile":	"",
					"md5Digest":	"d9a34af2dee52f902a49b7b36c0ab938",
					"compatibleApp":	"zynq_fsbl",
					"domType":	"bootDomain",
					"arch":	"32-bit",
					"appSettings":	{
						"appCompilerFlags":	"",
						"appLinkerFlags":	""
					},
					"addedLibs":	["xilffs:5.0", "xilrsa:1.6"],
					"libOptions":	{
						"libsContainingOptions":	[]
					},
					"prebuiltLibs":	{
						"prebuiltIncPath":	[],
						"prebuiltLibPath":	[]
					},
					"isolation":	{
					}
				}]
		}]
}
TRACE::2024-12-08.18:22:19::SCWMssOS::Saving the mss changes F:/Education/FPGA_Labs/Labs_2/lab4/audio_new/design_1_wrapper_iz3/zynq_fsbl/zynq_fsbl_bsp/system.mss
TRACE::2024-12-08.18:22:19::SCWMssOS::Found a swdesign opened with the mssfile.
TRACE::2024-12-08.18:22:19::SCWMssOS::Completed writemss as part of save.
TRACE::2024-12-08.18:22:19::SCWMssOS::Commit changes completed.
TRACE::2024-12-08.18:22:19::SCWPlatform::Trying to open the hw design at F:/Education/FPGA_Labs/Labs_2/lab4/audio_new/design_1_wrapper_iz3/hw/design_1_wrapper_iz3.xsa
TRACE::2024-12-08.18:22:19::SCWPlatform::DSA given F:/Education/FPGA_Labs/Labs_2/lab4/audio_new/design_1_wrapper_iz3/hw/design_1_wrapper_iz3.xsa
TRACE::2024-12-08.18:22:19::SCWPlatform::DSA absoulate path F:/Education/FPGA_Labs/Labs_2/lab4/audio_new/design_1_wrapper_iz3/hw/design_1_wrapper_iz3.xsa
TRACE::2024-12-08.18:22:19::SCWPlatform::DSA directory F:/Education/FPGA_Labs/Labs_2/lab4/audio_new/design_1_wrapper_iz3/hw
TRACE::2024-12-08.18:22:19::SCWPlatform:: Platform Path F:/Education/FPGA_Labs/Labs_2/lab4/audio_new/design_1_wrapper_iz3/hw/design_1_wrapper_iz3.xsa
TRACE::2024-12-08.18:22:19::SCWPlatform:: Unique name xilinx:zedboard::0.0
TRACE::2024-12-08.18:22:19::SCWPlatform::Trying to set the existing hwdb with name design_1_wrapper_14
TRACE::2024-12-08.18:22:19::SCWPlatform::Opened existing hwdb design_1_wrapper_14
TRACE::2024-12-08.18:22:19::SCWPlatform::Found the Hw Db part of the input DSA
TRACE::2024-12-08.18:22:19::SCWMssOS::Checking the sw design at  F:/Education/FPGA_Labs/Labs_2/lab4/audio_new/design_1_wrapper_iz3/zynq_fsbl/zynq_fsbl_bsp/system.mss
TRACE::2024-12-08.18:22:19::SCWMssOS::DEBUG:  swdes dump  F:/Education/FPGA_Labs/Labs_2/lab4/audio_new/audio/ps7_cortexa9_0/standalone_domain/bsp/system.mss|system_0||
F:/Education/FPGA_Labs/Labs_2/lab4/audio_new/audio/zynq_fsbl/zynq_fsbl_bsp/system.mss|system||
F:/Education/FPGA_Labs/Labs_2/lab4/audio_new/design_1_wrapper_iz/ps7_cortexa9_0/standalone_ps7_cortexa9_0/bsp/system.mss|system_2||
F:/Education/FPGA_Labs/Labs_2/lab4/audio_new/design_1_wrapper_iz/zynq_fsbl/zynq_fsbl_bsp/system.mss|system_1||
F:/Education/FPGA_Labs/Labs_2/lab4/audio_new/design_1_wrapper_iz3/zynq_fsbl/zynq_fsbl_bsp/system.mss|system_3||

TRACE::2024-12-08.18:22:19::SCWMssOS::Sw design exists and opened at  F:/Education/FPGA_Labs/Labs_2/lab4/audio_new/design_1_wrapper_iz3/zynq_fsbl/zynq_fsbl_bsp/system.mss
TRACE::2024-12-08.18:22:19::SCWPlatform::Trying to open the hw design at F:/Education/FPGA_Labs/Labs_2/lab4/audio_new/design_1_wrapper_iz3/hw/design_1_wrapper_iz3.xsa
TRACE::2024-12-08.18:22:19::SCWPlatform::DSA given F:/Education/FPGA_Labs/Labs_2/lab4/audio_new/design_1_wrapper_iz3/hw/design_1_wrapper_iz3.xsa
TRACE::2024-12-08.18:22:19::SCWPlatform::DSA absoulate path F:/Education/FPGA_Labs/Labs_2/lab4/audio_new/design_1_wrapper_iz3/hw/design_1_wrapper_iz3.xsa
TRACE::2024-12-08.18:22:19::SCWPlatform::DSA directory F:/Education/FPGA_Labs/Labs_2/lab4/audio_new/design_1_wrapper_iz3/hw
TRACE::2024-12-08.18:22:19::SCWPlatform:: Platform Path F:/Education/FPGA_Labs/Labs_2/lab4/audio_new/design_1_wrapper_iz3/hw/design_1_wrapper_iz3.xsa
TRACE::2024-12-08.18:22:19::SCWPlatform:: Unique name xilinx:zedboard::0.0
TRACE::2024-12-08.18:22:19::SCWPlatform::Trying to set the existing hwdb with name design_1_wrapper_14
TRACE::2024-12-08.18:22:19::SCWPlatform::Opened existing hwdb design_1_wrapper_14
TRACE::2024-12-08.18:22:19::SCWPlatform::Found the Hw Db part of the input DSA
TRACE::2024-12-08.18:22:19::SCWMssOS::Checking the sw design at  F:/Education/FPGA_Labs/Labs_2/lab4/audio_new/design_1_wrapper_iz3/zynq_fsbl/zynq_fsbl_bsp/system.mss
TRACE::2024-12-08.18:22:19::SCWMssOS::DEBUG:  swdes dump  F:/Education/FPGA_Labs/Labs_2/lab4/audio_new/audio/ps7_cortexa9_0/standalone_domain/bsp/system.mss|system_0||
F:/Education/FPGA_Labs/Labs_2/lab4/audio_new/audio/zynq_fsbl/zynq_fsbl_bsp/system.mss|system||
F:/Education/FPGA_Labs/Labs_2/lab4/audio_new/design_1_wrapper_iz/ps7_cortexa9_0/standalone_ps7_cortexa9_0/bsp/system.mss|system_2||
F:/Education/FPGA_Labs/Labs_2/lab4/audio_new/design_1_wrapper_iz/zynq_fsbl/zynq_fsbl_bsp/system.mss|system_1||
F:/Education/FPGA_Labs/Labs_2/lab4/audio_new/design_1_wrapper_iz3/zynq_fsbl/zynq_fsbl_bsp/system.mss|system_3||

TRACE::2024-12-08.18:22:19::SCWMssOS::Sw design exists and opened at  F:/Education/FPGA_Labs/Labs_2/lab4/audio_new/design_1_wrapper_iz3/zynq_fsbl/zynq_fsbl_bsp/system.mss
TRACE::2024-12-08.18:22:19::SCWPlatform::Trying to open the hw design at F:/Education/FPGA_Labs/Labs_2/lab4/audio_new/design_1_wrapper_iz3/hw/design_1_wrapper_iz3.xsa
TRACE::2024-12-08.18:22:19::SCWPlatform::DSA given F:/Education/FPGA_Labs/Labs_2/lab4/audio_new/design_1_wrapper_iz3/hw/design_1_wrapper_iz3.xsa
TRACE::2024-12-08.18:22:19::SCWPlatform::DSA absoulate path F:/Education/FPGA_Labs/Labs_2/lab4/audio_new/design_1_wrapper_iz3/hw/design_1_wrapper_iz3.xsa
TRACE::2024-12-08.18:22:19::SCWPlatform::DSA directory F:/Education/FPGA_Labs/Labs_2/lab4/audio_new/design_1_wrapper_iz3/hw
TRACE::2024-12-08.18:22:19::SCWPlatform:: Platform Path F:/Education/FPGA_Labs/Labs_2/lab4/audio_new/design_1_wrapper_iz3/hw/design_1_wrapper_iz3.xsa
TRACE::2024-12-08.18:22:19::SCWPlatform:: Unique name xilinx:zedboard::0.0
TRACE::2024-12-08.18:22:19::SCWPlatform::Trying to set the existing hwdb with name design_1_wrapper_14
TRACE::2024-12-08.18:22:19::SCWPlatform::Opened existing hwdb design_1_wrapper_14
TRACE::2024-12-08.18:22:19::SCWPlatform::Found the Hw Db part of the input DSA
TRACE::2024-12-08.18:22:19::SCWMssOS::Checking the sw design at  F:/Education/FPGA_Labs/Labs_2/lab4/audio_new/design_1_wrapper_iz3/zynq_fsbl/zynq_fsbl_bsp/system.mss
TRACE::2024-12-08.18:22:19::SCWMssOS::DEBUG:  swdes dump  F:/Education/FPGA_Labs/Labs_2/lab4/audio_new/audio/ps7_cortexa9_0/standalone_domain/bsp/system.mss|system_0||
F:/Education/FPGA_Labs/Labs_2/lab4/audio_new/audio/zynq_fsbl/zynq_fsbl_bsp/system.mss|system||
F:/Education/FPGA_Labs/Labs_2/lab4/audio_new/design_1_wrapper_iz/ps7_cortexa9_0/standalone_ps7_cortexa9_0/bsp/system.mss|system_2||
F:/Education/FPGA_Labs/Labs_2/lab4/audio_new/design_1_wrapper_iz/zynq_fsbl/zynq_fsbl_bsp/system.mss|system_1||
F:/Education/FPGA_Labs/Labs_2/lab4/audio_new/design_1_wrapper_iz3/zynq_fsbl/zynq_fsbl_bsp/system.mss|system_3||

TRACE::2024-12-08.18:22:19::SCWMssOS::Sw design exists and opened at  F:/Education/FPGA_Labs/Labs_2/lab4/audio_new/design_1_wrapper_iz3/zynq_fsbl/zynq_fsbl_bsp/system.mss
TRACE::2024-12-08.18:22:19::SCWWriter::formatted JSON is {
	"platformName":	"design_1_wrapper_iz3",
	"sprVersion":	"2.0",
	"mode":	"gui",
	"dsaType":	"Fixed",
	"platformDesc":	"design_1_wrapper_iz3",
	"platHandOff":	"<platformDir>.xsa",
	"platIntHandOff":	"<platformDir>/hw/design_1_wrapper_iz3.xsa",
	"deviceType":	"zynq",
	"platIsPrebuiltAutogen":	"false",
	"platIsNoBootBsp":	"false",
	"platFsblTarget":	"ps7_cortexa9_0",
	"hasFsblMakeHasChanges":	"false",
	"hasPmufwMakeHasChanges":	"false",
	"fsblExtraCompilerFlags":	"-MMD -MP       -mcpu=cortex-a9 -mfpu=vfpv3 -mfloat-abi=hard ",
	"platPreBuiltFlag":	false,
	"platformSamplesDir":	"",
	"platActiveSys":	"design_1_wrapper_iz3",
	"systems":	[{
			"systemName":	"design_1_wrapper_iz3",
			"systemDesc":	"design_1_wrapper_iz3",
			"sysIsBootAutoGen":	"true",
			"systemDispName":	"design_1_wrapper_iz3",
			"sysActiveDom":	"zynq_fsbl",
			"sysDefaultDom":	"",
			"domains":	[{
					"domainName":	"zynq_fsbl",
					"domainDispName":	"zynq_fsbl",
					"domainDesc":	"FSBL Application BSP - Auto Generated.",
					"processors":	"ps7_cortexa9_0",
					"os":	"standalone",
					"sdxOs":	"standalone",
					"debugEnable":	"",
					"domRuntimes":	["cpp"],
					"swRepo":	"",
					"mssOsVer":	"8.1",
					"mssFile":	"",
					"md5Digest":	"d9a34af2dee52f902a49b7b36c0ab938",
					"compatibleApp":	"zynq_fsbl",
					"domType":	"bootDomain",
					"arch":	"32-bit",
					"appSettings":	{
						"appCompilerFlags":	"",
						"appLinkerFlags":	""
					},
					"addedLibs":	["xilffs:5.0", "xilrsa:1.6"],
					"libOptions":	{
						"libsContainingOptions":	[]
					},
					"prebuiltLibs":	{
						"prebuiltIncPath":	[],
						"prebuiltLibPath":	[]
					},
					"isolation":	{
					}
				}]
		}]
}
TRACE::2024-12-08.18:22:19::SCWPlatform::Trying to open the hw design at F:/Education/FPGA_Labs/Labs_2/lab4/audio_new/design_1_wrapper_iz3/hw/design_1_wrapper_iz3.xsa
TRACE::2024-12-08.18:22:19::SCWPlatform::DSA given F:/Education/FPGA_Labs/Labs_2/lab4/audio_new/design_1_wrapper_iz3/hw/design_1_wrapper_iz3.xsa
TRACE::2024-12-08.18:22:19::SCWPlatform::DSA absoulate path F:/Education/FPGA_Labs/Labs_2/lab4/audio_new/design_1_wrapper_iz3/hw/design_1_wrapper_iz3.xsa
TRACE::2024-12-08.18:22:19::SCWPlatform::DSA directory F:/Education/FPGA_Labs/Labs_2/lab4/audio_new/design_1_wrapper_iz3/hw
TRACE::2024-12-08.18:22:19::SCWPlatform:: Platform Path F:/Education/FPGA_Labs/Labs_2/lab4/audio_new/design_1_wrapper_iz3/hw/design_1_wrapper_iz3.xsa
TRACE::2024-12-08.18:22:19::SCWPlatform:: Unique name xilinx:zedboard::0.0
TRACE::2024-12-08.18:22:19::SCWPlatform::Trying to set the existing hwdb with name design_1_wrapper_14
TRACE::2024-12-08.18:22:19::SCWPlatform::Opened existing hwdb design_1_wrapper_14
TRACE::2024-12-08.18:22:19::SCWPlatform::Found the Hw Db part of the input DSA
TRACE::2024-12-08.18:22:19::SCWDomain::checking for install qemu data   : 
TRACE::2024-12-08.18:22:19::SCWDomain:: Using the QEMU Data from install at  : F:/Xilinx/Vitis/Vitis/2023.1/data/emulation/platforms/zynq/sw/a9_standalone/qemu/
TRACE::2024-12-08.18:22:19::SCWDomain:: Using the QEMU args  from install at  : F:/Xilinx/Vitis/Vitis/2023.1/data/emulation/platforms/zynq/sw/a9_standalone/qemu/qemu_args.txt
TRACE::2024-12-08.18:22:19::SCWPlatform::Trying to open the hw design at F:/Education/FPGA_Labs/Labs_2/lab4/audio_new/design_1_wrapper_iz3/hw/design_1_wrapper_iz3.xsa
TRACE::2024-12-08.18:22:19::SCWPlatform::DSA given F:/Education/FPGA_Labs/Labs_2/lab4/audio_new/design_1_wrapper_iz3/hw/design_1_wrapper_iz3.xsa
TRACE::2024-12-08.18:22:19::SCWPlatform::DSA absoulate path F:/Education/FPGA_Labs/Labs_2/lab4/audio_new/design_1_wrapper_iz3/hw/design_1_wrapper_iz3.xsa
TRACE::2024-12-08.18:22:19::SCWPlatform::DSA directory F:/Education/FPGA_Labs/Labs_2/lab4/audio_new/design_1_wrapper_iz3/hw
TRACE::2024-12-08.18:22:19::SCWPlatform:: Platform Path F:/Education/FPGA_Labs/Labs_2/lab4/audio_new/design_1_wrapper_iz3/hw/design_1_wrapper_iz3.xsa
TRACE::2024-12-08.18:22:19::SCWPlatform:: Unique name xilinx:zedboard::0.0
TRACE::2024-12-08.18:22:19::SCWPlatform::Trying to set the existing hwdb with name design_1_wrapper_14
TRACE::2024-12-08.18:22:19::SCWPlatform::Opened existing hwdb design_1_wrapper_14
TRACE::2024-12-08.18:22:19::SCWPlatform::Found the Hw Db part of the input DSA
TRACE::2024-12-08.18:22:19::SCWPlatform::Trying to open the hw design at F:/Education/FPGA_Labs/Labs_2/lab4/audio_new/design_1_wrapper_iz3/hw/design_1_wrapper_iz3.xsa
TRACE::2024-12-08.18:22:19::SCWPlatform::DSA given F:/Education/FPGA_Labs/Labs_2/lab4/audio_new/design_1_wrapper_iz3/hw/design_1_wrapper_iz3.xsa
TRACE::2024-12-08.18:22:19::SCWPlatform::DSA absoulate path F:/Education/FPGA_Labs/Labs_2/lab4/audio_new/design_1_wrapper_iz3/hw/design_1_wrapper_iz3.xsa
TRACE::2024-12-08.18:22:19::SCWPlatform::DSA directory F:/Education/FPGA_Labs/Labs_2/lab4/audio_new/design_1_wrapper_iz3/hw
TRACE::2024-12-08.18:22:19::SCWPlatform:: Platform Path F:/Education/FPGA_Labs/Labs_2/lab4/audio_new/design_1_wrapper_iz3/hw/design_1_wrapper_iz3.xsa
TRACE::2024-12-08.18:22:19::SCWPlatform:: Unique name xilinx:zedboard::0.0
TRACE::2024-12-08.18:22:19::SCWPlatform::Trying to set the existing hwdb with name design_1_wrapper_14
TRACE::2024-12-08.18:22:19::SCWPlatform::Opened existing hwdb design_1_wrapper_14
TRACE::2024-12-08.18:22:19::SCWPlatform::Found the Hw Db part of the input DSA
TRACE::2024-12-08.18:22:19::SCWDomain::Qemu Directory name is changed from "" to "qemu"
TRACE::2024-12-08.18:22:19::SCWPlatform::Trying to open the hw design at F:/Education/FPGA_Labs/Labs_2/lab4/audio_new/design_1_wrapper_iz3/hw/design_1_wrapper_iz3.xsa
TRACE::2024-12-08.18:22:19::SCWPlatform::DSA given F:/Education/FPGA_Labs/Labs_2/lab4/audio_new/design_1_wrapper_iz3/hw/design_1_wrapper_iz3.xsa
TRACE::2024-12-08.18:22:19::SCWPlatform::DSA absoulate path F:/Education/FPGA_Labs/Labs_2/lab4/audio_new/design_1_wrapper_iz3/hw/design_1_wrapper_iz3.xsa
TRACE::2024-12-08.18:22:19::SCWPlatform::DSA directory F:/Education/FPGA_Labs/Labs_2/lab4/audio_new/design_1_wrapper_iz3/hw
TRACE::2024-12-08.18:22:19::SCWPlatform:: Platform Path F:/Education/FPGA_Labs/Labs_2/lab4/audio_new/design_1_wrapper_iz3/hw/design_1_wrapper_iz3.xsa
TRACE::2024-12-08.18:22:19::SCWPlatform:: Unique name xilinx:zedboard::0.0
TRACE::2024-12-08.18:22:19::SCWPlatform::Trying to set the existing hwdb with name design_1_wrapper_14
TRACE::2024-12-08.18:22:19::SCWPlatform::Opened existing hwdb design_1_wrapper_14
TRACE::2024-12-08.18:22:19::SCWPlatform::Found the Hw Db part of the input DSA
TRACE::2024-12-08.18:22:19::SCWMssOS::Checking the sw design at  F:/Education/FPGA_Labs/Labs_2/lab4/audio_new/design_1_wrapper_iz3/ps7_cortexa9_0/standalone_ps7_cortexa9_0/bsp/system.mss
TRACE::2024-12-08.18:22:19::SCWMssOS::DEBUG:  swdes dump  F:/Education/FPGA_Labs/Labs_2/lab4/audio_new/audio/ps7_cortexa9_0/standalone_domain/bsp/system.mss|system_0||
F:/Education/FPGA_Labs/Labs_2/lab4/audio_new/audio/zynq_fsbl/zynq_fsbl_bsp/system.mss|system||
F:/Education/FPGA_Labs/Labs_2/lab4/audio_new/design_1_wrapper_iz/ps7_cortexa9_0/standalone_ps7_cortexa9_0/bsp/system.mss|system_2||
F:/Education/FPGA_Labs/Labs_2/lab4/audio_new/design_1_wrapper_iz/zynq_fsbl/zynq_fsbl_bsp/system.mss|system_1||
F:/Education/FPGA_Labs/Labs_2/lab4/audio_new/design_1_wrapper_iz3/zynq_fsbl/zynq_fsbl_bsp/system.mss|system_3||

TRACE::2024-12-08.18:22:19::SCWMssOS::No sw design opened at  F:/Education/FPGA_Labs/Labs_2/lab4/audio_new/design_1_wrapper_iz3/ps7_cortexa9_0/standalone_ps7_cortexa9_0/bsp/system.mss
TRACE::2024-12-08.18:22:19::SCWMssOS::mss does not exists at F:/Education/FPGA_Labs/Labs_2/lab4/audio_new/design_1_wrapper_iz3/ps7_cortexa9_0/standalone_ps7_cortexa9_0/bsp/system.mss
TRACE::2024-12-08.18:22:19::SCWMssOS::Creating sw design at  F:/Education/FPGA_Labs/Labs_2/lab4/audio_new/design_1_wrapper_iz3/ps7_cortexa9_0/standalone_ps7_cortexa9_0/bsp/system.mss
TRACE::2024-12-08.18:22:19::SCWMssOS::Adding the swdes entry, created swdb F:/Education/FPGA_Labs/Labs_2/lab4/audio_new/design_1_wrapper_iz3/ps7_cortexa9_0/standalone_ps7_cortexa9_0/bsp/system.mss with des name F:/Education/FPGA_Labs/Labs_2/lab4/audio_new/design_1_wrapper_iz3/ps7_cortexa9_0/standalone_ps7_cortexa9_0/bsp/system.mss
TRACE::2024-12-08.18:22:19::SCWMssOS::updating the scw layer changes to swdes at   F:/Education/FPGA_Labs/Labs_2/lab4/audio_new/design_1_wrapper_iz3/ps7_cortexa9_0/standalone_ps7_cortexa9_0/bsp/system.mss
TRACE::2024-12-08.18:22:19::SCWMssOS::Writing mss at F:/Education/FPGA_Labs/Labs_2/lab4/audio_new/design_1_wrapper_iz3/ps7_cortexa9_0/standalone_ps7_cortexa9_0/bsp/system.mss
TRACE::2024-12-08.18:22:19::SCWMssOS::Completed writing the mss file at F:/Education/FPGA_Labs/Labs_2/lab4/audio_new/design_1_wrapper_iz3/ps7_cortexa9_0/standalone_ps7_cortexa9_0/bsp
TRACE::2024-12-08.18:22:19::SCWMssOS::Picking up changes from newly written mss file into SCW Layer. 
TRACE::2024-12-08.18:22:19::SCWMssOS::Updated the changes from newly written mss file into SCW Layer. 
TRACE::2024-12-08.18:22:19::SCWMssOS::Completed writing the mss file at F:/Education/FPGA_Labs/Labs_2/lab4/audio_new/design_1_wrapper_iz3/ps7_cortexa9_0/standalone_ps7_cortexa9_0/bsp
TRACE::2024-12-08.18:22:19::SCWMssOS::Forcing BSP Sources regeneration.
TRACE::2024-12-08.18:22:20::SCWMssOS::Saving the mss changes F:/Education/FPGA_Labs/Labs_2/lab4/audio_new/design_1_wrapper_iz3/zynq_fsbl/zynq_fsbl_bsp/system.mss
TRACE::2024-12-08.18:22:20::SCWMssOS::Found a swdesign opened with the mssfile.
TRACE::2024-12-08.18:22:20::SCWMssOS::Completed writemss as part of save.
TRACE::2024-12-08.18:22:20::SCWMssOS::Commit changes completed.
TRACE::2024-12-08.18:22:20::SCWMssOS::Saving the mss changes F:/Education/FPGA_Labs/Labs_2/lab4/audio_new/design_1_wrapper_iz3/ps7_cortexa9_0/standalone_ps7_cortexa9_0/bsp/system.mss
TRACE::2024-12-08.18:22:20::SCWMssOS::Adding the swdes entry, mss present, able to open swdb F:/Education/FPGA_Labs/Labs_2/lab4/audio_new/design_1_wrapper_iz3/ps7_cortexa9_0/standalone_ps7_cortexa9_0/bsp/system.mss with des name system_4
TRACE::2024-12-08.18:22:20::SCWMssOS::Writing the mss file completed F:/Education/FPGA_Labs/Labs_2/lab4/audio_new/design_1_wrapper_iz3/ps7_cortexa9_0/standalone_ps7_cortexa9_0/bsp/system.mss
TRACE::2024-12-08.18:22:20::SCWMssOS::Commit changes completed.
TRACE::2024-12-08.18:22:20::SCWPlatform::Trying to open the hw design at F:/Education/FPGA_Labs/Labs_2/lab4/audio_new/design_1_wrapper_iz3/hw/design_1_wrapper_iz3.xsa
TRACE::2024-12-08.18:22:20::SCWPlatform::DSA given F:/Education/FPGA_Labs/Labs_2/lab4/audio_new/design_1_wrapper_iz3/hw/design_1_wrapper_iz3.xsa
TRACE::2024-12-08.18:22:20::SCWPlatform::DSA absoulate path F:/Education/FPGA_Labs/Labs_2/lab4/audio_new/design_1_wrapper_iz3/hw/design_1_wrapper_iz3.xsa
TRACE::2024-12-08.18:22:20::SCWPlatform::DSA directory F:/Education/FPGA_Labs/Labs_2/lab4/audio_new/design_1_wrapper_iz3/hw
TRACE::2024-12-08.18:22:20::SCWPlatform:: Platform Path F:/Education/FPGA_Labs/Labs_2/lab4/audio_new/design_1_wrapper_iz3/hw/design_1_wrapper_iz3.xsa
TRACE::2024-12-08.18:22:20::SCWPlatform:: Unique name xilinx:zedboard::0.0
TRACE::2024-12-08.18:22:20::SCWPlatform::Trying to set the existing hwdb with name design_1_wrapper_14
TRACE::2024-12-08.18:22:20::SCWPlatform::Opened existing hwdb design_1_wrapper_14
TRACE::2024-12-08.18:22:20::SCWPlatform::Found the Hw Db part of the input DSA
TRACE::2024-12-08.18:22:20::SCWMssOS::Checking the sw design at  F:/Education/FPGA_Labs/Labs_2/lab4/audio_new/design_1_wrapper_iz3/zynq_fsbl/zynq_fsbl_bsp/system.mss
TRACE::2024-12-08.18:22:20::SCWMssOS::DEBUG:  swdes dump  F:/Education/FPGA_Labs/Labs_2/lab4/audio_new/audio/ps7_cortexa9_0/standalone_domain/bsp/system.mss|system_0||
F:/Education/FPGA_Labs/Labs_2/lab4/audio_new/audio/zynq_fsbl/zynq_fsbl_bsp/system.mss|system||
F:/Education/FPGA_Labs/Labs_2/lab4/audio_new/design_1_wrapper_iz/ps7_cortexa9_0/standalone_ps7_cortexa9_0/bsp/system.mss|system_2||
F:/Education/FPGA_Labs/Labs_2/lab4/audio_new/design_1_wrapper_iz/zynq_fsbl/zynq_fsbl_bsp/system.mss|system_1||
F:/Education/FPGA_Labs/Labs_2/lab4/audio_new/design_1_wrapper_iz3/ps7_cortexa9_0/standalone_ps7_cortexa9_0/bsp/system.mss|system_4||
F:/Education/FPGA_Labs/Labs_2/lab4/audio_new/design_1_wrapper_iz3/zynq_fsbl/zynq_fsbl_bsp/system.mss|system_3||

TRACE::2024-12-08.18:22:20::SCWMssOS::Sw design exists and opened at  F:/Education/FPGA_Labs/Labs_2/lab4/audio_new/design_1_wrapper_iz3/zynq_fsbl/zynq_fsbl_bsp/system.mss
TRACE::2024-12-08.18:22:20::SCWPlatform::Trying to open the hw design at F:/Education/FPGA_Labs/Labs_2/lab4/audio_new/design_1_wrapper_iz3/hw/design_1_wrapper_iz3.xsa
TRACE::2024-12-08.18:22:20::SCWPlatform::DSA given F:/Education/FPGA_Labs/Labs_2/lab4/audio_new/design_1_wrapper_iz3/hw/design_1_wrapper_iz3.xsa
TRACE::2024-12-08.18:22:20::SCWPlatform::DSA absoulate path F:/Education/FPGA_Labs/Labs_2/lab4/audio_new/design_1_wrapper_iz3/hw/design_1_wrapper_iz3.xsa
TRACE::2024-12-08.18:22:20::SCWPlatform::DSA directory F:/Education/FPGA_Labs/Labs_2/lab4/audio_new/design_1_wrapper_iz3/hw
TRACE::2024-12-08.18:22:20::SCWPlatform:: Platform Path F:/Education/FPGA_Labs/Labs_2/lab4/audio_new/design_1_wrapper_iz3/hw/design_1_wrapper_iz3.xsa
TRACE::2024-12-08.18:22:20::SCWPlatform:: Unique name xilinx:zedboard::0.0
TRACE::2024-12-08.18:22:20::SCWPlatform::Trying to set the existing hwdb with name design_1_wrapper_14
TRACE::2024-12-08.18:22:20::SCWPlatform::Opened existing hwdb design_1_wrapper_14
TRACE::2024-12-08.18:22:20::SCWPlatform::Found the Hw Db part of the input DSA
TRACE::2024-12-08.18:22:20::SCWMssOS::Checking the sw design at  F:/Education/FPGA_Labs/Labs_2/lab4/audio_new/design_1_wrapper_iz3/zynq_fsbl/zynq_fsbl_bsp/system.mss
TRACE::2024-12-08.18:22:20::SCWMssOS::DEBUG:  swdes dump  F:/Education/FPGA_Labs/Labs_2/lab4/audio_new/audio/ps7_cortexa9_0/standalone_domain/bsp/system.mss|system_0||
F:/Education/FPGA_Labs/Labs_2/lab4/audio_new/audio/zynq_fsbl/zynq_fsbl_bsp/system.mss|system||
F:/Education/FPGA_Labs/Labs_2/lab4/audio_new/design_1_wrapper_iz/ps7_cortexa9_0/standalone_ps7_cortexa9_0/bsp/system.mss|system_2||
F:/Education/FPGA_Labs/Labs_2/lab4/audio_new/design_1_wrapper_iz/zynq_fsbl/zynq_fsbl_bsp/system.mss|system_1||
F:/Education/FPGA_Labs/Labs_2/lab4/audio_new/design_1_wrapper_iz3/ps7_cortexa9_0/standalone_ps7_cortexa9_0/bsp/system.mss|system_4||
F:/Education/FPGA_Labs/Labs_2/lab4/audio_new/design_1_wrapper_iz3/zynq_fsbl/zynq_fsbl_bsp/system.mss|system_3||

TRACE::2024-12-08.18:22:20::SCWMssOS::Sw design exists and opened at  F:/Education/FPGA_Labs/Labs_2/lab4/audio_new/design_1_wrapper_iz3/zynq_fsbl/zynq_fsbl_bsp/system.mss
TRACE::2024-12-08.18:22:20::SCWPlatform::Trying to open the hw design at F:/Education/FPGA_Labs/Labs_2/lab4/audio_new/design_1_wrapper_iz3/hw/design_1_wrapper_iz3.xsa
TRACE::2024-12-08.18:22:20::SCWPlatform::DSA given F:/Education/FPGA_Labs/Labs_2/lab4/audio_new/design_1_wrapper_iz3/hw/design_1_wrapper_iz3.xsa
TRACE::2024-12-08.18:22:20::SCWPlatform::DSA absoulate path F:/Education/FPGA_Labs/Labs_2/lab4/audio_new/design_1_wrapper_iz3/hw/design_1_wrapper_iz3.xsa
TRACE::2024-12-08.18:22:20::SCWPlatform::DSA directory F:/Education/FPGA_Labs/Labs_2/lab4/audio_new/design_1_wrapper_iz3/hw
TRACE::2024-12-08.18:22:20::SCWPlatform:: Platform Path F:/Education/FPGA_Labs/Labs_2/lab4/audio_new/design_1_wrapper_iz3/hw/design_1_wrapper_iz3.xsa
TRACE::2024-12-08.18:22:20::SCWPlatform:: Unique name xilinx:zedboard::0.0
TRACE::2024-12-08.18:22:20::SCWPlatform::Trying to set the existing hwdb with name design_1_wrapper_14
TRACE::2024-12-08.18:22:20::SCWPlatform::Opened existing hwdb design_1_wrapper_14
TRACE::2024-12-08.18:22:20::SCWPlatform::Found the Hw Db part of the input DSA
TRACE::2024-12-08.18:22:20::SCWMssOS::Checking the sw design at  F:/Education/FPGA_Labs/Labs_2/lab4/audio_new/design_1_wrapper_iz3/zynq_fsbl/zynq_fsbl_bsp/system.mss
TRACE::2024-12-08.18:22:20::SCWMssOS::DEBUG:  swdes dump  F:/Education/FPGA_Labs/Labs_2/lab4/audio_new/audio/ps7_cortexa9_0/standalone_domain/bsp/system.mss|system_0||
F:/Education/FPGA_Labs/Labs_2/lab4/audio_new/audio/zynq_fsbl/zynq_fsbl_bsp/system.mss|system||
F:/Education/FPGA_Labs/Labs_2/lab4/audio_new/design_1_wrapper_iz/ps7_cortexa9_0/standalone_ps7_cortexa9_0/bsp/system.mss|system_2||
F:/Education/FPGA_Labs/Labs_2/lab4/audio_new/design_1_wrapper_iz/zynq_fsbl/zynq_fsbl_bsp/system.mss|system_1||
F:/Education/FPGA_Labs/Labs_2/lab4/audio_new/design_1_wrapper_iz3/ps7_cortexa9_0/standalone_ps7_cortexa9_0/bsp/system.mss|system_4||
F:/Education/FPGA_Labs/Labs_2/lab4/audio_new/design_1_wrapper_iz3/zynq_fsbl/zynq_fsbl_bsp/system.mss|system_3||

TRACE::2024-12-08.18:22:20::SCWMssOS::Sw design exists and opened at  F:/Education/FPGA_Labs/Labs_2/lab4/audio_new/design_1_wrapper_iz3/zynq_fsbl/zynq_fsbl_bsp/system.mss
TRACE::2024-12-08.18:22:20::SCWPlatform::Trying to open the hw design at F:/Education/FPGA_Labs/Labs_2/lab4/audio_new/design_1_wrapper_iz3/hw/design_1_wrapper_iz3.xsa
TRACE::2024-12-08.18:22:20::SCWPlatform::DSA given F:/Education/FPGA_Labs/Labs_2/lab4/audio_new/design_1_wrapper_iz3/hw/design_1_wrapper_iz3.xsa
TRACE::2024-12-08.18:22:20::SCWPlatform::DSA absoulate path F:/Education/FPGA_Labs/Labs_2/lab4/audio_new/design_1_wrapper_iz3/hw/design_1_wrapper_iz3.xsa
TRACE::2024-12-08.18:22:20::SCWPlatform::DSA directory F:/Education/FPGA_Labs/Labs_2/lab4/audio_new/design_1_wrapper_iz3/hw
TRACE::2024-12-08.18:22:20::SCWPlatform:: Platform Path F:/Education/FPGA_Labs/Labs_2/lab4/audio_new/design_1_wrapper_iz3/hw/design_1_wrapper_iz3.xsa
TRACE::2024-12-08.18:22:20::SCWPlatform:: Unique name xilinx:zedboard::0.0
TRACE::2024-12-08.18:22:20::SCWPlatform::Trying to set the existing hwdb with name design_1_wrapper_14
TRACE::2024-12-08.18:22:20::SCWPlatform::Opened existing hwdb design_1_wrapper_14
TRACE::2024-12-08.18:22:20::SCWPlatform::Found the Hw Db part of the input DSA
TRACE::2024-12-08.18:22:20::SCWMssOS::Checking the sw design at  F:/Education/FPGA_Labs/Labs_2/lab4/audio_new/design_1_wrapper_iz3/ps7_cortexa9_0/standalone_ps7_cortexa9_0/bsp/system.mss
TRACE::2024-12-08.18:22:20::SCWMssOS::DEBUG:  swdes dump  F:/Education/FPGA_Labs/Labs_2/lab4/audio_new/audio/ps7_cortexa9_0/standalone_domain/bsp/system.mss|system_0||
F:/Education/FPGA_Labs/Labs_2/lab4/audio_new/audio/zynq_fsbl/zynq_fsbl_bsp/system.mss|system||
F:/Education/FPGA_Labs/Labs_2/lab4/audio_new/design_1_wrapper_iz/ps7_cortexa9_0/standalone_ps7_cortexa9_0/bsp/system.mss|system_2||
F:/Education/FPGA_Labs/Labs_2/lab4/audio_new/design_1_wrapper_iz/zynq_fsbl/zynq_fsbl_bsp/system.mss|system_1||
F:/Education/FPGA_Labs/Labs_2/lab4/audio_new/design_1_wrapper_iz3/ps7_cortexa9_0/standalone_ps7_cortexa9_0/bsp/system.mss|system_4||
F:/Education/FPGA_Labs/Labs_2/lab4/audio_new/design_1_wrapper_iz3/zynq_fsbl/zynq_fsbl_bsp/system.mss|system_3||

TRACE::2024-12-08.18:22:20::SCWMssOS::Sw design exists and opened at  F:/Education/FPGA_Labs/Labs_2/lab4/audio_new/design_1_wrapper_iz3/ps7_cortexa9_0/standalone_ps7_cortexa9_0/bsp/system.mss
TRACE::2024-12-08.18:22:20::SCWPlatform::Trying to open the hw design at F:/Education/FPGA_Labs/Labs_2/lab4/audio_new/design_1_wrapper_iz3/hw/design_1_wrapper_iz3.xsa
TRACE::2024-12-08.18:22:20::SCWPlatform::DSA given F:/Education/FPGA_Labs/Labs_2/lab4/audio_new/design_1_wrapper_iz3/hw/design_1_wrapper_iz3.xsa
TRACE::2024-12-08.18:22:20::SCWPlatform::DSA absoulate path F:/Education/FPGA_Labs/Labs_2/lab4/audio_new/design_1_wrapper_iz3/hw/design_1_wrapper_iz3.xsa
TRACE::2024-12-08.18:22:20::SCWPlatform::DSA directory F:/Education/FPGA_Labs/Labs_2/lab4/audio_new/design_1_wrapper_iz3/hw
TRACE::2024-12-08.18:22:20::SCWPlatform:: Platform Path F:/Education/FPGA_Labs/Labs_2/lab4/audio_new/design_1_wrapper_iz3/hw/design_1_wrapper_iz3.xsa
TRACE::2024-12-08.18:22:20::SCWPlatform:: Unique name xilinx:zedboard::0.0
TRACE::2024-12-08.18:22:20::SCWPlatform::Trying to set the existing hwdb with name design_1_wrapper_14
TRACE::2024-12-08.18:22:20::SCWPlatform::Opened existing hwdb design_1_wrapper_14
TRACE::2024-12-08.18:22:20::SCWPlatform::Found the Hw Db part of the input DSA
TRACE::2024-12-08.18:22:20::SCWMssOS::Checking the sw design at  F:/Education/FPGA_Labs/Labs_2/lab4/audio_new/design_1_wrapper_iz3/ps7_cortexa9_0/standalone_ps7_cortexa9_0/bsp/system.mss
TRACE::2024-12-08.18:22:20::SCWMssOS::DEBUG:  swdes dump  F:/Education/FPGA_Labs/Labs_2/lab4/audio_new/audio/ps7_cortexa9_0/standalone_domain/bsp/system.mss|system_0||
F:/Education/FPGA_Labs/Labs_2/lab4/audio_new/audio/zynq_fsbl/zynq_fsbl_bsp/system.mss|system||
F:/Education/FPGA_Labs/Labs_2/lab4/audio_new/design_1_wrapper_iz/ps7_cortexa9_0/standalone_ps7_cortexa9_0/bsp/system.mss|system_2||
F:/Education/FPGA_Labs/Labs_2/lab4/audio_new/design_1_wrapper_iz/zynq_fsbl/zynq_fsbl_bsp/system.mss|system_1||
F:/Education/FPGA_Labs/Labs_2/lab4/audio_new/design_1_wrapper_iz3/ps7_cortexa9_0/standalone_ps7_cortexa9_0/bsp/system.mss|system_4||
F:/Education/FPGA_Labs/Labs_2/lab4/audio_new/design_1_wrapper_iz3/zynq_fsbl/zynq_fsbl_bsp/system.mss|system_3||

TRACE::2024-12-08.18:22:20::SCWMssOS::Sw design exists and opened at  F:/Education/FPGA_Labs/Labs_2/lab4/audio_new/design_1_wrapper_iz3/ps7_cortexa9_0/standalone_ps7_cortexa9_0/bsp/system.mss
TRACE::2024-12-08.18:22:20::SCWPlatform::Trying to open the hw design at F:/Education/FPGA_Labs/Labs_2/lab4/audio_new/design_1_wrapper_iz3/hw/design_1_wrapper_iz3.xsa
TRACE::2024-12-08.18:22:20::SCWPlatform::DSA given F:/Education/FPGA_Labs/Labs_2/lab4/audio_new/design_1_wrapper_iz3/hw/design_1_wrapper_iz3.xsa
TRACE::2024-12-08.18:22:20::SCWPlatform::DSA absoulate path F:/Education/FPGA_Labs/Labs_2/lab4/audio_new/design_1_wrapper_iz3/hw/design_1_wrapper_iz3.xsa
TRACE::2024-12-08.18:22:20::SCWPlatform::DSA directory F:/Education/FPGA_Labs/Labs_2/lab4/audio_new/design_1_wrapper_iz3/hw
TRACE::2024-12-08.18:22:20::SCWPlatform:: Platform Path F:/Education/FPGA_Labs/Labs_2/lab4/audio_new/design_1_wrapper_iz3/hw/design_1_wrapper_iz3.xsa
TRACE::2024-12-08.18:22:20::SCWPlatform:: Unique name xilinx:zedboard::0.0
TRACE::2024-12-08.18:22:20::SCWPlatform::Trying to set the existing hwdb with name design_1_wrapper_14
TRACE::2024-12-08.18:22:20::SCWPlatform::Opened existing hwdb design_1_wrapper_14
TRACE::2024-12-08.18:22:20::SCWPlatform::Found the Hw Db part of the input DSA
TRACE::2024-12-08.18:22:20::SCWMssOS::Checking the sw design at  F:/Education/FPGA_Labs/Labs_2/lab4/audio_new/design_1_wrapper_iz3/ps7_cortexa9_0/standalone_ps7_cortexa9_0/bsp/system.mss
TRACE::2024-12-08.18:22:20::SCWMssOS::DEBUG:  swdes dump  F:/Education/FPGA_Labs/Labs_2/lab4/audio_new/audio/ps7_cortexa9_0/standalone_domain/bsp/system.mss|system_0||
F:/Education/FPGA_Labs/Labs_2/lab4/audio_new/audio/zynq_fsbl/zynq_fsbl_bsp/system.mss|system||
F:/Education/FPGA_Labs/Labs_2/lab4/audio_new/design_1_wrapper_iz/ps7_cortexa9_0/standalone_ps7_cortexa9_0/bsp/system.mss|system_2||
F:/Education/FPGA_Labs/Labs_2/lab4/audio_new/design_1_wrapper_iz/zynq_fsbl/zynq_fsbl_bsp/system.mss|system_1||
F:/Education/FPGA_Labs/Labs_2/lab4/audio_new/design_1_wrapper_iz3/ps7_cortexa9_0/standalone_ps7_cortexa9_0/bsp/system.mss|system_4||
F:/Education/FPGA_Labs/Labs_2/lab4/audio_new/design_1_wrapper_iz3/zynq_fsbl/zynq_fsbl_bsp/system.mss|system_3||

TRACE::2024-12-08.18:22:20::SCWMssOS::Sw design exists and opened at  F:/Education/FPGA_Labs/Labs_2/lab4/audio_new/design_1_wrapper_iz3/ps7_cortexa9_0/standalone_ps7_cortexa9_0/bsp/system.mss
TRACE::2024-12-08.18:22:20::SCWWriter::formatted JSON is {
	"platformName":	"design_1_wrapper_iz3",
	"sprVersion":	"2.0",
	"mode":	"gui",
	"dsaType":	"Fixed",
	"platformDesc":	"design_1_wrapper_iz3",
	"platHandOff":	"<platformDir>.xsa",
	"platIntHandOff":	"<platformDir>/hw/design_1_wrapper_iz3.xsa",
	"deviceType":	"zynq",
	"platIsPrebuiltAutogen":	"false",
	"platIsNoBootBsp":	"false",
	"platFsblTarget":	"ps7_cortexa9_0",
	"hasFsblMakeHasChanges":	"false",
	"hasPmufwMakeHasChanges":	"false",
	"fsblExtraCompilerFlags":	"-MMD -MP       -mcpu=cortex-a9 -mfpu=vfpv3 -mfloat-abi=hard ",
	"platPreBuiltFlag":	false,
	"platformSamplesDir":	"",
	"platActiveSys":	"design_1_wrapper_iz3",
	"systems":	[{
			"systemName":	"design_1_wrapper_iz3",
			"systemDesc":	"design_1_wrapper_iz3",
			"sysIsBootAutoGen":	"true",
			"systemDispName":	"design_1_wrapper_iz3",
			"sysActiveDom":	"standalone_ps7_cortexa9_0",
			"sysDefaultDom":	"standalone_ps7_cortexa9_0",
			"domains":	[{
					"domainName":	"zynq_fsbl",
					"domainDispName":	"zynq_fsbl",
					"domainDesc":	"FSBL Application BSP - Auto Generated.",
					"processors":	"ps7_cortexa9_0",
					"os":	"standalone",
					"sdxOs":	"standalone",
					"debugEnable":	"",
					"domRuntimes":	["cpp"],
					"swRepo":	"",
					"mssOsVer":	"8.1",
					"mssFile":	"",
					"md5Digest":	"d9a34af2dee52f902a49b7b36c0ab938",
					"compatibleApp":	"zynq_fsbl",
					"domType":	"bootDomain",
					"arch":	"32-bit",
					"appSettings":	{
						"appCompilerFlags":	"",
						"appLinkerFlags":	""
					},
					"addedLibs":	["xilffs:5.0", "xilrsa:1.6"],
					"libOptions":	{
						"libsContainingOptions":	[]
					},
					"prebuiltLibs":	{
						"prebuiltIncPath":	[],
						"prebuiltLibPath":	[]
					},
					"isolation":	{
					}
				}, {
					"domainName":	"standalone_ps7_cortexa9_0",
					"domainDispName":	"standalone_ps7_cortexa9_0",
					"domainDesc":	"standalone_ps7_cortexa9_0",
					"processors":	"ps7_cortexa9_0",
					"os":	"standalone",
					"sdxOs":	"standalone",
					"qemuArgs":	"<platformDir>/resources/design_1_wrapper_iz3/standalone_ps7_cortexa9_0/qemu_args.txt",
					"qemuData":	"<platformDir>/resources/design_1_wrapper_iz3/standalone_ps7_cortexa9_0/qemu",
					"debugEnable":	"False",
					"domRuntimes":	["cpp"],
					"swRepo":	"",
					"mssOsVer":	"8.1",
					"mssFile":	"",
					"md5Digest":	"9a5c07eb3fcbf029dead828c18c1b9c0",
					"compatibleApp":	"empty_application",
					"domType":	"mssDomain",
					"arch":	"32-bit",
					"appSettings":	{
						"appCompilerFlags":	"",
						"appLinkerFlags":	""
					},
					"addedLibs":	[],
					"libOptions":	{
						"libsContainingOptions":	[]
					},
					"prebuiltLibs":	{
						"prebuiltIncPath":	[],
						"prebuiltLibPath":	[]
					},
					"isolation":	{
					}
				}]
		}]
}
LOG::2024-12-08.18:22:20::SCWPlatform::Started generating the artifacts platform design_1_wrapper_iz3
TRACE::2024-12-08.18:22:20::SCWPlatform::Sanity checking of platform is completed
LOG::2024-12-08.18:22:20::SCWPlatform::Started generating the artifacts for system configuration design_1_wrapper_iz3
LOG::2024-12-08.18:22:20::SCWSystem::Checking the domain zynq_fsbl
LOG::2024-12-08.18:22:20::SCWSystem::Doing application build for :  zynq_fsbl
TRACE::2024-12-08.18:22:20::SCWBDomain::Not a forced makefile updation, No changes are present. 
TRACE::2024-12-08.18:22:20::SCWDomain::Skipping the build for domain :  zynq_fsbl
LOG::2024-12-08.18:22:20::SCWSystem::Checking the domain standalone_ps7_cortexa9_0
LOG::2024-12-08.18:22:20::SCWSystem::Not a boot domain 
LOG::2024-12-08.18:22:20::SCWSystem::Started Processing the domain standalone_ps7_cortexa9_0
TRACE::2024-12-08.18:22:20::SCWDomain::Generating domain artifcats
TRACE::2024-12-08.18:22:20::SCWMssOS::Generating standalone artifcats
TRACE::2024-12-08.18:22:20::SCWMssOS::Copying the qemu file from  F:/Education/FPGA_Labs/Labs_2/lab4/audio_new/design_1_wrapper_iz3/resources/design_1_wrapper_iz3/standalone_ps7_cortexa9_0/qemu_args.txt To F:/Education/FPGA_Labs/Labs_2/lab4/audio_new/design_1_wrapper_iz3/export/design_1_wrapper_iz3/sw/design_1_wrapper_iz3/qemu/
TRACE::2024-12-08.18:22:20::SCWMssOS::Copying the qemu file from  F:/Education/FPGA_Labs/Labs_2/lab4/audio_new/design_1_wrapper_iz3/resources/design_1_wrapper_iz3/standalone_ps7_cortexa9_0/qemu_args.txt To F:/Education/FPGA_Labs/Labs_2/lab4/audio_new/design_1_wrapper_iz3/export/design_1_wrapper_iz3/sw/design_1_wrapper_iz3/standalone_ps7_cortexa9_0/qemu/
TRACE::2024-12-08.18:22:20::SCWMssOS:: Copying the user libraries. 
TRACE::2024-12-08.18:22:20::SCWPlatform::Trying to open the hw design at F:/Education/FPGA_Labs/Labs_2/lab4/audio_new/design_1_wrapper_iz3/hw/design_1_wrapper_iz3.xsa
TRACE::2024-12-08.18:22:20::SCWPlatform::DSA given F:/Education/FPGA_Labs/Labs_2/lab4/audio_new/design_1_wrapper_iz3/hw/design_1_wrapper_iz3.xsa
TRACE::2024-12-08.18:22:20::SCWPlatform::DSA absoulate path F:/Education/FPGA_Labs/Labs_2/lab4/audio_new/design_1_wrapper_iz3/hw/design_1_wrapper_iz3.xsa
TRACE::2024-12-08.18:22:20::SCWPlatform::DSA directory F:/Education/FPGA_Labs/Labs_2/lab4/audio_new/design_1_wrapper_iz3/hw
TRACE::2024-12-08.18:22:20::SCWPlatform:: Platform Path F:/Education/FPGA_Labs/Labs_2/lab4/audio_new/design_1_wrapper_iz3/hw/design_1_wrapper_iz3.xsa
TRACE::2024-12-08.18:22:20::SCWPlatform:: Unique name xilinx:zedboard::0.0
TRACE::2024-12-08.18:22:20::SCWPlatform::Trying to set the existing hwdb with name design_1_wrapper_14
TRACE::2024-12-08.18:22:20::SCWPlatform::Opened existing hwdb design_1_wrapper_14
TRACE::2024-12-08.18:22:20::SCWPlatform::Found the Hw Db part of the input DSA
TRACE::2024-12-08.18:22:20::SCWMssOS::Checking the sw design at  F:/Education/FPGA_Labs/Labs_2/lab4/audio_new/design_1_wrapper_iz3/ps7_cortexa9_0/standalone_ps7_cortexa9_0/bsp/system.mss
TRACE::2024-12-08.18:22:20::SCWMssOS::DEBUG:  swdes dump  F:/Education/FPGA_Labs/Labs_2/lab4/audio_new/audio/ps7_cortexa9_0/standalone_domain/bsp/system.mss|system_0||
F:/Education/FPGA_Labs/Labs_2/lab4/audio_new/audio/zynq_fsbl/zynq_fsbl_bsp/system.mss|system||
F:/Education/FPGA_Labs/Labs_2/lab4/audio_new/design_1_wrapper_iz/ps7_cortexa9_0/standalone_ps7_cortexa9_0/bsp/system.mss|system_2||
F:/Education/FPGA_Labs/Labs_2/lab4/audio_new/design_1_wrapper_iz/zynq_fsbl/zynq_fsbl_bsp/system.mss|system_1||
F:/Education/FPGA_Labs/Labs_2/lab4/audio_new/design_1_wrapper_iz3/ps7_cortexa9_0/standalone_ps7_cortexa9_0/bsp/system.mss|system_4||
F:/Education/FPGA_Labs/Labs_2/lab4/audio_new/design_1_wrapper_iz3/zynq_fsbl/zynq_fsbl_bsp/system.mss|system_3||

TRACE::2024-12-08.18:22:20::SCWMssOS::Sw design exists and opened at  F:/Education/FPGA_Labs/Labs_2/lab4/audio_new/design_1_wrapper_iz3/ps7_cortexa9_0/standalone_ps7_cortexa9_0/bsp/system.mss
TRACE::2024-12-08.18:22:20::SCWMssOS::Completed writing the mss file at F:/Education/FPGA_Labs/Labs_2/lab4/audio_new/design_1_wrapper_iz3/ps7_cortexa9_0/standalone_ps7_cortexa9_0/bsp
TRACE::2024-12-08.18:22:20::SCWMssOS::Mss edits present, copying mssfile into export location F:/Education/FPGA_Labs/Labs_2/lab4/audio_new/design_1_wrapper_iz3/ps7_cortexa9_0/standalone_ps7_cortexa9_0/bsp/system.mss
TRACE::2024-12-08.18:22:20::SCWMssOS::bsp generated is upto date with the mss file. Skipping bsp generation.
TRACE::2024-12-08.18:22:20::SCWMssOS::BSP is already built. skipping the bsp build ... 
TRACE::2024-12-08.18:22:20::SCWDomain::Skipping the build for domain :  standalone_ps7_cortexa9_0
TRACE::2024-12-08.18:22:20::SCWMssOS::skipping the bsp build ... 
TRACE::2024-12-08.18:22:20::SCWMssOS::Copying to export directory.
TRACE::2024-12-08.18:22:20::SCWMssOS:: Checking if to create the Supporting Applications
TRACE::2024-12-08.18:22:20::SCWMssOS:: No Linux domain exists, trying to generate FSBL 
TRACE::2024-12-08.18:22:20::SCWMssOS:: Completed Standalone Artifacts creation 
LOG::2024-12-08.18:22:20::SCWSystem::Completed Processing the domain standalone_ps7_cortexa9_0
LOG::2024-12-08.18:22:20::SCWSystem::Completed Processing the sysconfig design_1_wrapper_iz3
LOG::2024-12-08.18:22:20::SCWPlatform::Completed generating the artifacts for system configuration design_1_wrapper_iz3
TRACE::2024-12-08.18:22:20::SCWPlatform::Started preparing the platform 
TRACE::2024-12-08.18:22:20::SCWSystem::Writing the bif file for system config design_1_wrapper_iz3
TRACE::2024-12-08.18:22:20::SCWSystem::dir created 
TRACE::2024-12-08.18:22:20::SCWSystem::Writing the bif 
TRACE::2024-12-08.18:22:20::SCWPlatform::Started writing the spfm file 
TRACE::2024-12-08.18:22:20::SCWPlatform::Started writing the xpfm file 
TRACE::2024-12-08.18:22:20::SCWPlatform::Completed generating the platform
TRACE::2024-12-08.18:22:20::SCWMssOS::Saving the mss changes F:/Education/FPGA_Labs/Labs_2/lab4/audio_new/design_1_wrapper_iz3/zynq_fsbl/zynq_fsbl_bsp/system.mss
TRACE::2024-12-08.18:22:20::SCWMssOS::Found a swdesign opened with the mssfile.
TRACE::2024-12-08.18:22:20::SCWMssOS::Completed writemss as part of save.
TRACE::2024-12-08.18:22:20::SCWMssOS::Commit changes completed.
TRACE::2024-12-08.18:22:20::SCWMssOS::Saving the mss changes F:/Education/FPGA_Labs/Labs_2/lab4/audio_new/design_1_wrapper_iz3/ps7_cortexa9_0/standalone_ps7_cortexa9_0/bsp/system.mss
TRACE::2024-12-08.18:22:20::SCWMssOS::Found a swdesign opened with the mssfile.
TRACE::2024-12-08.18:22:20::SCWMssOS::Completed writemss as part of save.
TRACE::2024-12-08.18:22:20::SCWMssOS::Commit changes completed.
TRACE::2024-12-08.18:22:20::SCWPlatform::Trying to open the hw design at F:/Education/FPGA_Labs/Labs_2/lab4/audio_new/design_1_wrapper_iz3/hw/design_1_wrapper_iz3.xsa
TRACE::2024-12-08.18:22:20::SCWPlatform::DSA given F:/Education/FPGA_Labs/Labs_2/lab4/audio_new/design_1_wrapper_iz3/hw/design_1_wrapper_iz3.xsa
TRACE::2024-12-08.18:22:20::SCWPlatform::DSA absoulate path F:/Education/FPGA_Labs/Labs_2/lab4/audio_new/design_1_wrapper_iz3/hw/design_1_wrapper_iz3.xsa
TRACE::2024-12-08.18:22:20::SCWPlatform::DSA directory F:/Education/FPGA_Labs/Labs_2/lab4/audio_new/design_1_wrapper_iz3/hw
TRACE::2024-12-08.18:22:20::SCWPlatform:: Platform Path F:/Education/FPGA_Labs/Labs_2/lab4/audio_new/design_1_wrapper_iz3/hw/design_1_wrapper_iz3.xsa
TRACE::2024-12-08.18:22:20::SCWPlatform:: Unique name xilinx:zedboard::0.0
TRACE::2024-12-08.18:22:20::SCWPlatform::Trying to set the existing hwdb with name design_1_wrapper_14
TRACE::2024-12-08.18:22:20::SCWPlatform::Opened existing hwdb design_1_wrapper_14
TRACE::2024-12-08.18:22:20::SCWPlatform::Found the Hw Db part of the input DSA
TRACE::2024-12-08.18:22:20::SCWMssOS::Checking the sw design at  F:/Education/FPGA_Labs/Labs_2/lab4/audio_new/design_1_wrapper_iz3/zynq_fsbl/zynq_fsbl_bsp/system.mss
TRACE::2024-12-08.18:22:20::SCWMssOS::DEBUG:  swdes dump  F:/Education/FPGA_Labs/Labs_2/lab4/audio_new/audio/ps7_cortexa9_0/standalone_domain/bsp/system.mss|system_0||
F:/Education/FPGA_Labs/Labs_2/lab4/audio_new/audio/zynq_fsbl/zynq_fsbl_bsp/system.mss|system||
F:/Education/FPGA_Labs/Labs_2/lab4/audio_new/design_1_wrapper_iz/ps7_cortexa9_0/standalone_ps7_cortexa9_0/bsp/system.mss|system_2||
F:/Education/FPGA_Labs/Labs_2/lab4/audio_new/design_1_wrapper_iz/zynq_fsbl/zynq_fsbl_bsp/system.mss|system_1||
F:/Education/FPGA_Labs/Labs_2/lab4/audio_new/design_1_wrapper_iz3/ps7_cortexa9_0/standalone_ps7_cortexa9_0/bsp/system.mss|system_4||
F:/Education/FPGA_Labs/Labs_2/lab4/audio_new/design_1_wrapper_iz3/zynq_fsbl/zynq_fsbl_bsp/system.mss|system_3||

TRACE::2024-12-08.18:22:20::SCWMssOS::Sw design exists and opened at  F:/Education/FPGA_Labs/Labs_2/lab4/audio_new/design_1_wrapper_iz3/zynq_fsbl/zynq_fsbl_bsp/system.mss
TRACE::2024-12-08.18:22:20::SCWPlatform::Trying to open the hw design at F:/Education/FPGA_Labs/Labs_2/lab4/audio_new/design_1_wrapper_iz3/hw/design_1_wrapper_iz3.xsa
TRACE::2024-12-08.18:22:20::SCWPlatform::DSA given F:/Education/FPGA_Labs/Labs_2/lab4/audio_new/design_1_wrapper_iz3/hw/design_1_wrapper_iz3.xsa
TRACE::2024-12-08.18:22:20::SCWPlatform::DSA absoulate path F:/Education/FPGA_Labs/Labs_2/lab4/audio_new/design_1_wrapper_iz3/hw/design_1_wrapper_iz3.xsa
TRACE::2024-12-08.18:22:20::SCWPlatform::DSA directory F:/Education/FPGA_Labs/Labs_2/lab4/audio_new/design_1_wrapper_iz3/hw
TRACE::2024-12-08.18:22:20::SCWPlatform:: Platform Path F:/Education/FPGA_Labs/Labs_2/lab4/audio_new/design_1_wrapper_iz3/hw/design_1_wrapper_iz3.xsa
TRACE::2024-12-08.18:22:20::SCWPlatform:: Unique name xilinx:zedboard::0.0
TRACE::2024-12-08.18:22:20::SCWPlatform::Trying to set the existing hwdb with name design_1_wrapper_14
TRACE::2024-12-08.18:22:20::SCWPlatform::Opened existing hwdb design_1_wrapper_14
TRACE::2024-12-08.18:22:20::SCWPlatform::Found the Hw Db part of the input DSA
TRACE::2024-12-08.18:22:20::SCWMssOS::Checking the sw design at  F:/Education/FPGA_Labs/Labs_2/lab4/audio_new/design_1_wrapper_iz3/zynq_fsbl/zynq_fsbl_bsp/system.mss
TRACE::2024-12-08.18:22:20::SCWMssOS::DEBUG:  swdes dump  F:/Education/FPGA_Labs/Labs_2/lab4/audio_new/audio/ps7_cortexa9_0/standalone_domain/bsp/system.mss|system_0||
F:/Education/FPGA_Labs/Labs_2/lab4/audio_new/audio/zynq_fsbl/zynq_fsbl_bsp/system.mss|system||
F:/Education/FPGA_Labs/Labs_2/lab4/audio_new/design_1_wrapper_iz/ps7_cortexa9_0/standalone_ps7_cortexa9_0/bsp/system.mss|system_2||
F:/Education/FPGA_Labs/Labs_2/lab4/audio_new/design_1_wrapper_iz/zynq_fsbl/zynq_fsbl_bsp/system.mss|system_1||
F:/Education/FPGA_Labs/Labs_2/lab4/audio_new/design_1_wrapper_iz3/ps7_cortexa9_0/standalone_ps7_cortexa9_0/bsp/system.mss|system_4||
F:/Education/FPGA_Labs/Labs_2/lab4/audio_new/design_1_wrapper_iz3/zynq_fsbl/zynq_fsbl_bsp/system.mss|system_3||

TRACE::2024-12-08.18:22:20::SCWMssOS::Sw design exists and opened at  F:/Education/FPGA_Labs/Labs_2/lab4/audio_new/design_1_wrapper_iz3/zynq_fsbl/zynq_fsbl_bsp/system.mss
TRACE::2024-12-08.18:22:20::SCWPlatform::Trying to open the hw design at F:/Education/FPGA_Labs/Labs_2/lab4/audio_new/design_1_wrapper_iz3/hw/design_1_wrapper_iz3.xsa
TRACE::2024-12-08.18:22:20::SCWPlatform::DSA given F:/Education/FPGA_Labs/Labs_2/lab4/audio_new/design_1_wrapper_iz3/hw/design_1_wrapper_iz3.xsa
TRACE::2024-12-08.18:22:20::SCWPlatform::DSA absoulate path F:/Education/FPGA_Labs/Labs_2/lab4/audio_new/design_1_wrapper_iz3/hw/design_1_wrapper_iz3.xsa
TRACE::2024-12-08.18:22:20::SCWPlatform::DSA directory F:/Education/FPGA_Labs/Labs_2/lab4/audio_new/design_1_wrapper_iz3/hw
TRACE::2024-12-08.18:22:20::SCWPlatform:: Platform Path F:/Education/FPGA_Labs/Labs_2/lab4/audio_new/design_1_wrapper_iz3/hw/design_1_wrapper_iz3.xsa
TRACE::2024-12-08.18:22:20::SCWPlatform:: Unique name xilinx:zedboard::0.0
TRACE::2024-12-08.18:22:20::SCWPlatform::Trying to set the existing hwdb with name design_1_wrapper_14
TRACE::2024-12-08.18:22:20::SCWPlatform::Opened existing hwdb design_1_wrapper_14
TRACE::2024-12-08.18:22:20::SCWPlatform::Found the Hw Db part of the input DSA
TRACE::2024-12-08.18:22:20::SCWMssOS::Checking the sw design at  F:/Education/FPGA_Labs/Labs_2/lab4/audio_new/design_1_wrapper_iz3/zynq_fsbl/zynq_fsbl_bsp/system.mss
TRACE::2024-12-08.18:22:20::SCWMssOS::DEBUG:  swdes dump  F:/Education/FPGA_Labs/Labs_2/lab4/audio_new/audio/ps7_cortexa9_0/standalone_domain/bsp/system.mss|system_0||
F:/Education/FPGA_Labs/Labs_2/lab4/audio_new/audio/zynq_fsbl/zynq_fsbl_bsp/system.mss|system||
F:/Education/FPGA_Labs/Labs_2/lab4/audio_new/design_1_wrapper_iz/ps7_cortexa9_0/standalone_ps7_cortexa9_0/bsp/system.mss|system_2||
F:/Education/FPGA_Labs/Labs_2/lab4/audio_new/design_1_wrapper_iz/zynq_fsbl/zynq_fsbl_bsp/system.mss|system_1||
F:/Education/FPGA_Labs/Labs_2/lab4/audio_new/design_1_wrapper_iz3/ps7_cortexa9_0/standalone_ps7_cortexa9_0/bsp/system.mss|system_4||
F:/Education/FPGA_Labs/Labs_2/lab4/audio_new/design_1_wrapper_iz3/zynq_fsbl/zynq_fsbl_bsp/system.mss|system_3||

TRACE::2024-12-08.18:22:20::SCWMssOS::Sw design exists and opened at  F:/Education/FPGA_Labs/Labs_2/lab4/audio_new/design_1_wrapper_iz3/zynq_fsbl/zynq_fsbl_bsp/system.mss
TRACE::2024-12-08.18:22:20::SCWPlatform::Trying to open the hw design at F:/Education/FPGA_Labs/Labs_2/lab4/audio_new/design_1_wrapper_iz3/hw/design_1_wrapper_iz3.xsa
TRACE::2024-12-08.18:22:20::SCWPlatform::DSA given F:/Education/FPGA_Labs/Labs_2/lab4/audio_new/design_1_wrapper_iz3/hw/design_1_wrapper_iz3.xsa
TRACE::2024-12-08.18:22:20::SCWPlatform::DSA absoulate path F:/Education/FPGA_Labs/Labs_2/lab4/audio_new/design_1_wrapper_iz3/hw/design_1_wrapper_iz3.xsa
TRACE::2024-12-08.18:22:20::SCWPlatform::DSA directory F:/Education/FPGA_Labs/Labs_2/lab4/audio_new/design_1_wrapper_iz3/hw
TRACE::2024-12-08.18:22:20::SCWPlatform:: Platform Path F:/Education/FPGA_Labs/Labs_2/lab4/audio_new/design_1_wrapper_iz3/hw/design_1_wrapper_iz3.xsa
TRACE::2024-12-08.18:22:20::SCWPlatform:: Unique name xilinx:zedboard::0.0
TRACE::2024-12-08.18:22:20::SCWPlatform::Trying to set the existing hwdb with name design_1_wrapper_14
TRACE::2024-12-08.18:22:20::SCWPlatform::Opened existing hwdb design_1_wrapper_14
TRACE::2024-12-08.18:22:20::SCWPlatform::Found the Hw Db part of the input DSA
TRACE::2024-12-08.18:22:20::SCWMssOS::Checking the sw design at  F:/Education/FPGA_Labs/Labs_2/lab4/audio_new/design_1_wrapper_iz3/ps7_cortexa9_0/standalone_ps7_cortexa9_0/bsp/system.mss
TRACE::2024-12-08.18:22:20::SCWMssOS::DEBUG:  swdes dump  F:/Education/FPGA_Labs/Labs_2/lab4/audio_new/audio/ps7_cortexa9_0/standalone_domain/bsp/system.mss|system_0||
F:/Education/FPGA_Labs/Labs_2/lab4/audio_new/audio/zynq_fsbl/zynq_fsbl_bsp/system.mss|system||
F:/Education/FPGA_Labs/Labs_2/lab4/audio_new/design_1_wrapper_iz/ps7_cortexa9_0/standalone_ps7_cortexa9_0/bsp/system.mss|system_2||
F:/Education/FPGA_Labs/Labs_2/lab4/audio_new/design_1_wrapper_iz/zynq_fsbl/zynq_fsbl_bsp/system.mss|system_1||
F:/Education/FPGA_Labs/Labs_2/lab4/audio_new/design_1_wrapper_iz3/ps7_cortexa9_0/standalone_ps7_cortexa9_0/bsp/system.mss|system_4||
F:/Education/FPGA_Labs/Labs_2/lab4/audio_new/design_1_wrapper_iz3/zynq_fsbl/zynq_fsbl_bsp/system.mss|system_3||

TRACE::2024-12-08.18:22:20::SCWMssOS::Sw design exists and opened at  F:/Education/FPGA_Labs/Labs_2/lab4/audio_new/design_1_wrapper_iz3/ps7_cortexa9_0/standalone_ps7_cortexa9_0/bsp/system.mss
TRACE::2024-12-08.18:22:20::SCWPlatform::Trying to open the hw design at F:/Education/FPGA_Labs/Labs_2/lab4/audio_new/design_1_wrapper_iz3/hw/design_1_wrapper_iz3.xsa
TRACE::2024-12-08.18:22:20::SCWPlatform::DSA given F:/Education/FPGA_Labs/Labs_2/lab4/audio_new/design_1_wrapper_iz3/hw/design_1_wrapper_iz3.xsa
TRACE::2024-12-08.18:22:20::SCWPlatform::DSA absoulate path F:/Education/FPGA_Labs/Labs_2/lab4/audio_new/design_1_wrapper_iz3/hw/design_1_wrapper_iz3.xsa
TRACE::2024-12-08.18:22:20::SCWPlatform::DSA directory F:/Education/FPGA_Labs/Labs_2/lab4/audio_new/design_1_wrapper_iz3/hw
TRACE::2024-12-08.18:22:20::SCWPlatform:: Platform Path F:/Education/FPGA_Labs/Labs_2/lab4/audio_new/design_1_wrapper_iz3/hw/design_1_wrapper_iz3.xsa
TRACE::2024-12-08.18:22:20::SCWPlatform:: Unique name xilinx:zedboard::0.0
TRACE::2024-12-08.18:22:20::SCWPlatform::Trying to set the existing hwdb with name design_1_wrapper_14
TRACE::2024-12-08.18:22:20::SCWPlatform::Opened existing hwdb design_1_wrapper_14
TRACE::2024-12-08.18:22:20::SCWPlatform::Found the Hw Db part of the input DSA
TRACE::2024-12-08.18:22:20::SCWMssOS::Checking the sw design at  F:/Education/FPGA_Labs/Labs_2/lab4/audio_new/design_1_wrapper_iz3/ps7_cortexa9_0/standalone_ps7_cortexa9_0/bsp/system.mss
TRACE::2024-12-08.18:22:20::SCWMssOS::DEBUG:  swdes dump  F:/Education/FPGA_Labs/Labs_2/lab4/audio_new/audio/ps7_cortexa9_0/standalone_domain/bsp/system.mss|system_0||
F:/Education/FPGA_Labs/Labs_2/lab4/audio_new/audio/zynq_fsbl/zynq_fsbl_bsp/system.mss|system||
F:/Education/FPGA_Labs/Labs_2/lab4/audio_new/design_1_wrapper_iz/ps7_cortexa9_0/standalone_ps7_cortexa9_0/bsp/system.mss|system_2||
F:/Education/FPGA_Labs/Labs_2/lab4/audio_new/design_1_wrapper_iz/zynq_fsbl/zynq_fsbl_bsp/system.mss|system_1||
F:/Education/FPGA_Labs/Labs_2/lab4/audio_new/design_1_wrapper_iz3/ps7_cortexa9_0/standalone_ps7_cortexa9_0/bsp/system.mss|system_4||
F:/Education/FPGA_Labs/Labs_2/lab4/audio_new/design_1_wrapper_iz3/zynq_fsbl/zynq_fsbl_bsp/system.mss|system_3||

TRACE::2024-12-08.18:22:20::SCWMssOS::Sw design exists and opened at  F:/Education/FPGA_Labs/Labs_2/lab4/audio_new/design_1_wrapper_iz3/ps7_cortexa9_0/standalone_ps7_cortexa9_0/bsp/system.mss
TRACE::2024-12-08.18:22:20::SCWPlatform::Trying to open the hw design at F:/Education/FPGA_Labs/Labs_2/lab4/audio_new/design_1_wrapper_iz3/hw/design_1_wrapper_iz3.xsa
TRACE::2024-12-08.18:22:20::SCWPlatform::DSA given F:/Education/FPGA_Labs/Labs_2/lab4/audio_new/design_1_wrapper_iz3/hw/design_1_wrapper_iz3.xsa
TRACE::2024-12-08.18:22:20::SCWPlatform::DSA absoulate path F:/Education/FPGA_Labs/Labs_2/lab4/audio_new/design_1_wrapper_iz3/hw/design_1_wrapper_iz3.xsa
TRACE::2024-12-08.18:22:20::SCWPlatform::DSA directory F:/Education/FPGA_Labs/Labs_2/lab4/audio_new/design_1_wrapper_iz3/hw
TRACE::2024-12-08.18:22:20::SCWPlatform:: Platform Path F:/Education/FPGA_Labs/Labs_2/lab4/audio_new/design_1_wrapper_iz3/hw/design_1_wrapper_iz3.xsa
TRACE::2024-12-08.18:22:20::SCWPlatform:: Unique name xilinx:zedboard::0.0
TRACE::2024-12-08.18:22:20::SCWPlatform::Trying to set the existing hwdb with name design_1_wrapper_14
TRACE::2024-12-08.18:22:20::SCWPlatform::Opened existing hwdb design_1_wrapper_14
TRACE::2024-12-08.18:22:20::SCWPlatform::Found the Hw Db part of the input DSA
TRACE::2024-12-08.18:22:20::SCWMssOS::Checking the sw design at  F:/Education/FPGA_Labs/Labs_2/lab4/audio_new/design_1_wrapper_iz3/ps7_cortexa9_0/standalone_ps7_cortexa9_0/bsp/system.mss
TRACE::2024-12-08.18:22:20::SCWMssOS::DEBUG:  swdes dump  F:/Education/FPGA_Labs/Labs_2/lab4/audio_new/audio/ps7_cortexa9_0/standalone_domain/bsp/system.mss|system_0||
F:/Education/FPGA_Labs/Labs_2/lab4/audio_new/audio/zynq_fsbl/zynq_fsbl_bsp/system.mss|system||
F:/Education/FPGA_Labs/Labs_2/lab4/audio_new/design_1_wrapper_iz/ps7_cortexa9_0/standalone_ps7_cortexa9_0/bsp/system.mss|system_2||
F:/Education/FPGA_Labs/Labs_2/lab4/audio_new/design_1_wrapper_iz/zynq_fsbl/zynq_fsbl_bsp/system.mss|system_1||
F:/Education/FPGA_Labs/Labs_2/lab4/audio_new/design_1_wrapper_iz3/ps7_cortexa9_0/standalone_ps7_cortexa9_0/bsp/system.mss|system_4||
F:/Education/FPGA_Labs/Labs_2/lab4/audio_new/design_1_wrapper_iz3/zynq_fsbl/zynq_fsbl_bsp/system.mss|system_3||

TRACE::2024-12-08.18:22:20::SCWMssOS::Sw design exists and opened at  F:/Education/FPGA_Labs/Labs_2/lab4/audio_new/design_1_wrapper_iz3/ps7_cortexa9_0/standalone_ps7_cortexa9_0/bsp/system.mss
TRACE::2024-12-08.18:22:20::SCWWriter::formatted JSON is {
	"platformName":	"design_1_wrapper_iz3",
	"sprVersion":	"2.0",
	"mode":	"gui",
	"dsaType":	"Fixed",
	"platformDesc":	"design_1_wrapper_iz3",
	"platHandOff":	"<platformDir>.xsa",
	"platIntHandOff":	"<platformDir>/hw/design_1_wrapper_iz3.xsa",
	"deviceType":	"zynq",
	"platIsPrebuiltAutogen":	"false",
	"platIsNoBootBsp":	"false",
	"platFsblTarget":	"ps7_cortexa9_0",
	"hasFsblMakeHasChanges":	"false",
	"hasPmufwMakeHasChanges":	"false",
	"fsblExtraCompilerFlags":	"-MMD -MP       -mcpu=cortex-a9 -mfpu=vfpv3 -mfloat-abi=hard ",
	"platPreBuiltFlag":	false,
	"platformSamplesDir":	"",
	"platActiveSys":	"design_1_wrapper_iz3",
	"systems":	[{
			"systemName":	"design_1_wrapper_iz3",
			"systemDesc":	"design_1_wrapper_iz3",
			"sysIsBootAutoGen":	"true",
			"systemDispName":	"design_1_wrapper_iz3",
			"sysActiveDom":	"standalone_ps7_cortexa9_0",
			"sysDefaultDom":	"standalone_ps7_cortexa9_0",
			"domains":	[{
					"domainName":	"zynq_fsbl",
					"domainDispName":	"zynq_fsbl",
					"domainDesc":	"FSBL Application BSP - Auto Generated.",
					"processors":	"ps7_cortexa9_0",
					"os":	"standalone",
					"sdxOs":	"standalone",
					"debugEnable":	"",
					"domRuntimes":	["cpp"],
					"swRepo":	"",
					"mssOsVer":	"8.1",
					"mssFile":	"",
					"md5Digest":	"d9a34af2dee52f902a49b7b36c0ab938",
					"compatibleApp":	"zynq_fsbl",
					"domType":	"bootDomain",
					"arch":	"32-bit",
					"appSettings":	{
						"appCompilerFlags":	"",
						"appLinkerFlags":	""
					},
					"addedLibs":	["xilffs:5.0", "xilrsa:1.6"],
					"libOptions":	{
						"libsContainingOptions":	[]
					},
					"prebuiltLibs":	{
						"prebuiltIncPath":	[],
						"prebuiltLibPath":	[]
					},
					"isolation":	{
					}
				}, {
					"domainName":	"standalone_ps7_cortexa9_0",
					"domainDispName":	"standalone_ps7_cortexa9_0",
					"domainDesc":	"standalone_ps7_cortexa9_0",
					"processors":	"ps7_cortexa9_0",
					"os":	"standalone",
					"sdxOs":	"standalone",
					"qemuArgs":	"<platformDir>/resources/design_1_wrapper_iz3/standalone_ps7_cortexa9_0/qemu_args.txt",
					"qemuData":	"<platformDir>/resources/design_1_wrapper_iz3/standalone_ps7_cortexa9_0/qemu",
					"debugEnable":	"False",
					"domRuntimes":	["cpp"],
					"swRepo":	"",
					"mssOsVer":	"8.1",
					"mssFile":	"",
					"md5Digest":	"9a5c07eb3fcbf029dead828c18c1b9c0",
					"compatibleApp":	"empty_application",
					"domType":	"mssDomain",
					"arch":	"32-bit",
					"appSettings":	{
						"appCompilerFlags":	"",
						"appLinkerFlags":	""
					},
					"addedLibs":	[],
					"libOptions":	{
						"libsContainingOptions":	[]
					},
					"prebuiltLibs":	{
						"prebuiltIncPath":	[],
						"prebuiltLibPath":	[]
					},
					"isolation":	{
					}
				}]
		}]
}
KEYINFO::2024-12-08.18:22:20::SCWPlatform::updated the xpfm file.
TRACE::2024-12-08.18:22:20::SCWPlatform::Trying to open the hw design at F:/Education/FPGA_Labs/Labs_2/lab4/audio_new/design_1_wrapper_iz3/hw/design_1_wrapper_iz3.xsa
TRACE::2024-12-08.18:22:20::SCWPlatform::DSA given F:/Education/FPGA_Labs/Labs_2/lab4/audio_new/design_1_wrapper_iz3/hw/design_1_wrapper_iz3.xsa
TRACE::2024-12-08.18:22:20::SCWPlatform::DSA absoulate path F:/Education/FPGA_Labs/Labs_2/lab4/audio_new/design_1_wrapper_iz3/hw/design_1_wrapper_iz3.xsa
TRACE::2024-12-08.18:22:20::SCWPlatform::DSA directory F:/Education/FPGA_Labs/Labs_2/lab4/audio_new/design_1_wrapper_iz3/hw
TRACE::2024-12-08.18:22:20::SCWPlatform:: Platform Path F:/Education/FPGA_Labs/Labs_2/lab4/audio_new/design_1_wrapper_iz3/hw/design_1_wrapper_iz3.xsa
TRACE::2024-12-08.18:22:20::SCWPlatform:: Unique name xilinx:zedboard::0.0
TRACE::2024-12-08.18:22:20::SCWPlatform::Trying to set the existing hwdb with name design_1_wrapper_14
TRACE::2024-12-08.18:22:20::SCWPlatform::Opened existing hwdb design_1_wrapper_14
TRACE::2024-12-08.18:22:20::SCWPlatform::Found the Hw Db part of the input DSA
TRACE::2024-12-08.18:22:20::SCWMssOS::Checking the sw design at  F:/Education/FPGA_Labs/Labs_2/lab4/audio_new/design_1_wrapper_iz3/ps7_cortexa9_0/standalone_ps7_cortexa9_0/bsp/system.mss
TRACE::2024-12-08.18:22:20::SCWMssOS::DEBUG:  swdes dump  F:/Education/FPGA_Labs/Labs_2/lab4/audio_new/audio/ps7_cortexa9_0/standalone_domain/bsp/system.mss|system_0||
F:/Education/FPGA_Labs/Labs_2/lab4/audio_new/audio/zynq_fsbl/zynq_fsbl_bsp/system.mss|system||
F:/Education/FPGA_Labs/Labs_2/lab4/audio_new/design_1_wrapper_iz/ps7_cortexa9_0/standalone_ps7_cortexa9_0/bsp/system.mss|system_2||
F:/Education/FPGA_Labs/Labs_2/lab4/audio_new/design_1_wrapper_iz/zynq_fsbl/zynq_fsbl_bsp/system.mss|system_1||
F:/Education/FPGA_Labs/Labs_2/lab4/audio_new/design_1_wrapper_iz3/ps7_cortexa9_0/standalone_ps7_cortexa9_0/bsp/system.mss|system_4||
F:/Education/FPGA_Labs/Labs_2/lab4/audio_new/design_1_wrapper_iz3/zynq_fsbl/zynq_fsbl_bsp/system.mss|system_3||

TRACE::2024-12-08.18:22:20::SCWMssOS::Sw design exists and opened at  F:/Education/FPGA_Labs/Labs_2/lab4/audio_new/design_1_wrapper_iz3/ps7_cortexa9_0/standalone_ps7_cortexa9_0/bsp/system.mss
TRACE::2024-12-08.18:22:20::SCWMssOS::Saving the mss changes F:/Education/FPGA_Labs/Labs_2/lab4/audio_new/design_1_wrapper_iz3/zynq_fsbl/zynq_fsbl_bsp/system.mss
TRACE::2024-12-08.18:22:20::SCWMssOS::Found a swdesign opened with the mssfile.
TRACE::2024-12-08.18:22:20::SCWMssOS::Completed writemss as part of save.
TRACE::2024-12-08.18:22:20::SCWMssOS::Commit changes completed.
TRACE::2024-12-08.18:22:20::SCWMssOS::Saving the mss changes F:/Education/FPGA_Labs/Labs_2/lab4/audio_new/design_1_wrapper_iz3/ps7_cortexa9_0/standalone_ps7_cortexa9_0/bsp/system.mss
TRACE::2024-12-08.18:22:20::SCWMssOS::Found a swdesign opened with the mssfile.
TRACE::2024-12-08.18:22:20::SCWMssOS::Completed writemss as part of save.
TRACE::2024-12-08.18:22:20::SCWMssOS::Commit changes completed.
TRACE::2024-12-08.18:22:20::SCWPlatform::Trying to open the hw design at F:/Education/FPGA_Labs/Labs_2/lab4/audio_new/design_1_wrapper_iz3/hw/design_1_wrapper_iz3.xsa
TRACE::2024-12-08.18:22:20::SCWPlatform::DSA given F:/Education/FPGA_Labs/Labs_2/lab4/audio_new/design_1_wrapper_iz3/hw/design_1_wrapper_iz3.xsa
TRACE::2024-12-08.18:22:20::SCWPlatform::DSA absoulate path F:/Education/FPGA_Labs/Labs_2/lab4/audio_new/design_1_wrapper_iz3/hw/design_1_wrapper_iz3.xsa
TRACE::2024-12-08.18:22:20::SCWPlatform::DSA directory F:/Education/FPGA_Labs/Labs_2/lab4/audio_new/design_1_wrapper_iz3/hw
TRACE::2024-12-08.18:22:20::SCWPlatform:: Platform Path F:/Education/FPGA_Labs/Labs_2/lab4/audio_new/design_1_wrapper_iz3/hw/design_1_wrapper_iz3.xsa
TRACE::2024-12-08.18:22:20::SCWPlatform:: Unique name xilinx:zedboard::0.0
TRACE::2024-12-08.18:22:20::SCWPlatform::Trying to set the existing hwdb with name design_1_wrapper_14
TRACE::2024-12-08.18:22:20::SCWPlatform::Opened existing hwdb design_1_wrapper_14
TRACE::2024-12-08.18:22:20::SCWPlatform::Found the Hw Db part of the input DSA
TRACE::2024-12-08.18:22:20::SCWMssOS::Checking the sw design at  F:/Education/FPGA_Labs/Labs_2/lab4/audio_new/design_1_wrapper_iz3/zynq_fsbl/zynq_fsbl_bsp/system.mss
TRACE::2024-12-08.18:22:20::SCWMssOS::DEBUG:  swdes dump  F:/Education/FPGA_Labs/Labs_2/lab4/audio_new/audio/ps7_cortexa9_0/standalone_domain/bsp/system.mss|system_0||
F:/Education/FPGA_Labs/Labs_2/lab4/audio_new/audio/zynq_fsbl/zynq_fsbl_bsp/system.mss|system||
F:/Education/FPGA_Labs/Labs_2/lab4/audio_new/design_1_wrapper_iz/ps7_cortexa9_0/standalone_ps7_cortexa9_0/bsp/system.mss|system_2||
F:/Education/FPGA_Labs/Labs_2/lab4/audio_new/design_1_wrapper_iz/zynq_fsbl/zynq_fsbl_bsp/system.mss|system_1||
F:/Education/FPGA_Labs/Labs_2/lab4/audio_new/design_1_wrapper_iz3/ps7_cortexa9_0/standalone_ps7_cortexa9_0/bsp/system.mss|system_4||
F:/Education/FPGA_Labs/Labs_2/lab4/audio_new/design_1_wrapper_iz3/zynq_fsbl/zynq_fsbl_bsp/system.mss|system_3||

TRACE::2024-12-08.18:22:20::SCWMssOS::Sw design exists and opened at  F:/Education/FPGA_Labs/Labs_2/lab4/audio_new/design_1_wrapper_iz3/zynq_fsbl/zynq_fsbl_bsp/system.mss
TRACE::2024-12-08.18:22:20::SCWPlatform::Trying to open the hw design at F:/Education/FPGA_Labs/Labs_2/lab4/audio_new/design_1_wrapper_iz3/hw/design_1_wrapper_iz3.xsa
TRACE::2024-12-08.18:22:20::SCWPlatform::DSA given F:/Education/FPGA_Labs/Labs_2/lab4/audio_new/design_1_wrapper_iz3/hw/design_1_wrapper_iz3.xsa
TRACE::2024-12-08.18:22:20::SCWPlatform::DSA absoulate path F:/Education/FPGA_Labs/Labs_2/lab4/audio_new/design_1_wrapper_iz3/hw/design_1_wrapper_iz3.xsa
TRACE::2024-12-08.18:22:20::SCWPlatform::DSA directory F:/Education/FPGA_Labs/Labs_2/lab4/audio_new/design_1_wrapper_iz3/hw
TRACE::2024-12-08.18:22:20::SCWPlatform:: Platform Path F:/Education/FPGA_Labs/Labs_2/lab4/audio_new/design_1_wrapper_iz3/hw/design_1_wrapper_iz3.xsa
TRACE::2024-12-08.18:22:20::SCWPlatform:: Unique name xilinx:zedboard::0.0
TRACE::2024-12-08.18:22:20::SCWPlatform::Trying to set the existing hwdb with name design_1_wrapper_14
TRACE::2024-12-08.18:22:20::SCWPlatform::Opened existing hwdb design_1_wrapper_14
TRACE::2024-12-08.18:22:20::SCWPlatform::Found the Hw Db part of the input DSA
TRACE::2024-12-08.18:22:20::SCWMssOS::Checking the sw design at  F:/Education/FPGA_Labs/Labs_2/lab4/audio_new/design_1_wrapper_iz3/zynq_fsbl/zynq_fsbl_bsp/system.mss
TRACE::2024-12-08.18:22:20::SCWMssOS::DEBUG:  swdes dump  F:/Education/FPGA_Labs/Labs_2/lab4/audio_new/audio/ps7_cortexa9_0/standalone_domain/bsp/system.mss|system_0||
F:/Education/FPGA_Labs/Labs_2/lab4/audio_new/audio/zynq_fsbl/zynq_fsbl_bsp/system.mss|system||
F:/Education/FPGA_Labs/Labs_2/lab4/audio_new/design_1_wrapper_iz/ps7_cortexa9_0/standalone_ps7_cortexa9_0/bsp/system.mss|system_2||
F:/Education/FPGA_Labs/Labs_2/lab4/audio_new/design_1_wrapper_iz/zynq_fsbl/zynq_fsbl_bsp/system.mss|system_1||
F:/Education/FPGA_Labs/Labs_2/lab4/audio_new/design_1_wrapper_iz3/ps7_cortexa9_0/standalone_ps7_cortexa9_0/bsp/system.mss|system_4||
F:/Education/FPGA_Labs/Labs_2/lab4/audio_new/design_1_wrapper_iz3/zynq_fsbl/zynq_fsbl_bsp/system.mss|system_3||

TRACE::2024-12-08.18:22:20::SCWMssOS::Sw design exists and opened at  F:/Education/FPGA_Labs/Labs_2/lab4/audio_new/design_1_wrapper_iz3/zynq_fsbl/zynq_fsbl_bsp/system.mss
TRACE::2024-12-08.18:22:20::SCWPlatform::Trying to open the hw design at F:/Education/FPGA_Labs/Labs_2/lab4/audio_new/design_1_wrapper_iz3/hw/design_1_wrapper_iz3.xsa
TRACE::2024-12-08.18:22:20::SCWPlatform::DSA given F:/Education/FPGA_Labs/Labs_2/lab4/audio_new/design_1_wrapper_iz3/hw/design_1_wrapper_iz3.xsa
TRACE::2024-12-08.18:22:20::SCWPlatform::DSA absoulate path F:/Education/FPGA_Labs/Labs_2/lab4/audio_new/design_1_wrapper_iz3/hw/design_1_wrapper_iz3.xsa
TRACE::2024-12-08.18:22:20::SCWPlatform::DSA directory F:/Education/FPGA_Labs/Labs_2/lab4/audio_new/design_1_wrapper_iz3/hw
TRACE::2024-12-08.18:22:20::SCWPlatform:: Platform Path F:/Education/FPGA_Labs/Labs_2/lab4/audio_new/design_1_wrapper_iz3/hw/design_1_wrapper_iz3.xsa
TRACE::2024-12-08.18:22:20::SCWPlatform:: Unique name xilinx:zedboard::0.0
TRACE::2024-12-08.18:22:20::SCWPlatform::Trying to set the existing hwdb with name design_1_wrapper_14
TRACE::2024-12-08.18:22:20::SCWPlatform::Opened existing hwdb design_1_wrapper_14
TRACE::2024-12-08.18:22:20::SCWPlatform::Found the Hw Db part of the input DSA
TRACE::2024-12-08.18:22:20::SCWMssOS::Checking the sw design at  F:/Education/FPGA_Labs/Labs_2/lab4/audio_new/design_1_wrapper_iz3/zynq_fsbl/zynq_fsbl_bsp/system.mss
TRACE::2024-12-08.18:22:20::SCWMssOS::DEBUG:  swdes dump  F:/Education/FPGA_Labs/Labs_2/lab4/audio_new/audio/ps7_cortexa9_0/standalone_domain/bsp/system.mss|system_0||
F:/Education/FPGA_Labs/Labs_2/lab4/audio_new/audio/zynq_fsbl/zynq_fsbl_bsp/system.mss|system||
F:/Education/FPGA_Labs/Labs_2/lab4/audio_new/design_1_wrapper_iz/ps7_cortexa9_0/standalone_ps7_cortexa9_0/bsp/system.mss|system_2||
F:/Education/FPGA_Labs/Labs_2/lab4/audio_new/design_1_wrapper_iz/zynq_fsbl/zynq_fsbl_bsp/system.mss|system_1||
F:/Education/FPGA_Labs/Labs_2/lab4/audio_new/design_1_wrapper_iz3/ps7_cortexa9_0/standalone_ps7_cortexa9_0/bsp/system.mss|system_4||
F:/Education/FPGA_Labs/Labs_2/lab4/audio_new/design_1_wrapper_iz3/zynq_fsbl/zynq_fsbl_bsp/system.mss|system_3||

TRACE::2024-12-08.18:22:20::SCWMssOS::Sw design exists and opened at  F:/Education/FPGA_Labs/Labs_2/lab4/audio_new/design_1_wrapper_iz3/zynq_fsbl/zynq_fsbl_bsp/system.mss
TRACE::2024-12-08.18:22:20::SCWPlatform::Trying to open the hw design at F:/Education/FPGA_Labs/Labs_2/lab4/audio_new/design_1_wrapper_iz3/hw/design_1_wrapper_iz3.xsa
TRACE::2024-12-08.18:22:20::SCWPlatform::DSA given F:/Education/FPGA_Labs/Labs_2/lab4/audio_new/design_1_wrapper_iz3/hw/design_1_wrapper_iz3.xsa
TRACE::2024-12-08.18:22:20::SCWPlatform::DSA absoulate path F:/Education/FPGA_Labs/Labs_2/lab4/audio_new/design_1_wrapper_iz3/hw/design_1_wrapper_iz3.xsa
TRACE::2024-12-08.18:22:20::SCWPlatform::DSA directory F:/Education/FPGA_Labs/Labs_2/lab4/audio_new/design_1_wrapper_iz3/hw
TRACE::2024-12-08.18:22:20::SCWPlatform:: Platform Path F:/Education/FPGA_Labs/Labs_2/lab4/audio_new/design_1_wrapper_iz3/hw/design_1_wrapper_iz3.xsa
TRACE::2024-12-08.18:22:20::SCWPlatform:: Unique name xilinx:zedboard::0.0
TRACE::2024-12-08.18:22:20::SCWPlatform::Trying to set the existing hwdb with name design_1_wrapper_14
TRACE::2024-12-08.18:22:20::SCWPlatform::Opened existing hwdb design_1_wrapper_14
TRACE::2024-12-08.18:22:20::SCWPlatform::Found the Hw Db part of the input DSA
TRACE::2024-12-08.18:22:20::SCWMssOS::Checking the sw design at  F:/Education/FPGA_Labs/Labs_2/lab4/audio_new/design_1_wrapper_iz3/ps7_cortexa9_0/standalone_ps7_cortexa9_0/bsp/system.mss
TRACE::2024-12-08.18:22:20::SCWMssOS::DEBUG:  swdes dump  F:/Education/FPGA_Labs/Labs_2/lab4/audio_new/audio/ps7_cortexa9_0/standalone_domain/bsp/system.mss|system_0||
F:/Education/FPGA_Labs/Labs_2/lab4/audio_new/audio/zynq_fsbl/zynq_fsbl_bsp/system.mss|system||
F:/Education/FPGA_Labs/Labs_2/lab4/audio_new/design_1_wrapper_iz/ps7_cortexa9_0/standalone_ps7_cortexa9_0/bsp/system.mss|system_2||
F:/Education/FPGA_Labs/Labs_2/lab4/audio_new/design_1_wrapper_iz/zynq_fsbl/zynq_fsbl_bsp/system.mss|system_1||
F:/Education/FPGA_Labs/Labs_2/lab4/audio_new/design_1_wrapper_iz3/ps7_cortexa9_0/standalone_ps7_cortexa9_0/bsp/system.mss|system_4||
F:/Education/FPGA_Labs/Labs_2/lab4/audio_new/design_1_wrapper_iz3/zynq_fsbl/zynq_fsbl_bsp/system.mss|system_3||

TRACE::2024-12-08.18:22:20::SCWMssOS::Sw design exists and opened at  F:/Education/FPGA_Labs/Labs_2/lab4/audio_new/design_1_wrapper_iz3/ps7_cortexa9_0/standalone_ps7_cortexa9_0/bsp/system.mss
TRACE::2024-12-08.18:22:20::SCWPlatform::Trying to open the hw design at F:/Education/FPGA_Labs/Labs_2/lab4/audio_new/design_1_wrapper_iz3/hw/design_1_wrapper_iz3.xsa
TRACE::2024-12-08.18:22:20::SCWPlatform::DSA given F:/Education/FPGA_Labs/Labs_2/lab4/audio_new/design_1_wrapper_iz3/hw/design_1_wrapper_iz3.xsa
TRACE::2024-12-08.18:22:20::SCWPlatform::DSA absoulate path F:/Education/FPGA_Labs/Labs_2/lab4/audio_new/design_1_wrapper_iz3/hw/design_1_wrapper_iz3.xsa
TRACE::2024-12-08.18:22:20::SCWPlatform::DSA directory F:/Education/FPGA_Labs/Labs_2/lab4/audio_new/design_1_wrapper_iz3/hw
TRACE::2024-12-08.18:22:20::SCWPlatform:: Platform Path F:/Education/FPGA_Labs/Labs_2/lab4/audio_new/design_1_wrapper_iz3/hw/design_1_wrapper_iz3.xsa
TRACE::2024-12-08.18:22:20::SCWPlatform:: Unique name xilinx:zedboard::0.0
TRACE::2024-12-08.18:22:20::SCWPlatform::Trying to set the existing hwdb with name design_1_wrapper_14
TRACE::2024-12-08.18:22:20::SCWPlatform::Opened existing hwdb design_1_wrapper_14
TRACE::2024-12-08.18:22:20::SCWPlatform::Found the Hw Db part of the input DSA
TRACE::2024-12-08.18:22:20::SCWMssOS::Checking the sw design at  F:/Education/FPGA_Labs/Labs_2/lab4/audio_new/design_1_wrapper_iz3/ps7_cortexa9_0/standalone_ps7_cortexa9_0/bsp/system.mss
TRACE::2024-12-08.18:22:20::SCWMssOS::DEBUG:  swdes dump  F:/Education/FPGA_Labs/Labs_2/lab4/audio_new/audio/ps7_cortexa9_0/standalone_domain/bsp/system.mss|system_0||
F:/Education/FPGA_Labs/Labs_2/lab4/audio_new/audio/zynq_fsbl/zynq_fsbl_bsp/system.mss|system||
F:/Education/FPGA_Labs/Labs_2/lab4/audio_new/design_1_wrapper_iz/ps7_cortexa9_0/standalone_ps7_cortexa9_0/bsp/system.mss|system_2||
F:/Education/FPGA_Labs/Labs_2/lab4/audio_new/design_1_wrapper_iz/zynq_fsbl/zynq_fsbl_bsp/system.mss|system_1||
F:/Education/FPGA_Labs/Labs_2/lab4/audio_new/design_1_wrapper_iz3/ps7_cortexa9_0/standalone_ps7_cortexa9_0/bsp/system.mss|system_4||
F:/Education/FPGA_Labs/Labs_2/lab4/audio_new/design_1_wrapper_iz3/zynq_fsbl/zynq_fsbl_bsp/system.mss|system_3||

TRACE::2024-12-08.18:22:20::SCWMssOS::Sw design exists and opened at  F:/Education/FPGA_Labs/Labs_2/lab4/audio_new/design_1_wrapper_iz3/ps7_cortexa9_0/standalone_ps7_cortexa9_0/bsp/system.mss
TRACE::2024-12-08.18:22:20::SCWPlatform::Trying to open the hw design at F:/Education/FPGA_Labs/Labs_2/lab4/audio_new/design_1_wrapper_iz3/hw/design_1_wrapper_iz3.xsa
TRACE::2024-12-08.18:22:20::SCWPlatform::DSA given F:/Education/FPGA_Labs/Labs_2/lab4/audio_new/design_1_wrapper_iz3/hw/design_1_wrapper_iz3.xsa
TRACE::2024-12-08.18:22:20::SCWPlatform::DSA absoulate path F:/Education/FPGA_Labs/Labs_2/lab4/audio_new/design_1_wrapper_iz3/hw/design_1_wrapper_iz3.xsa
TRACE::2024-12-08.18:22:20::SCWPlatform::DSA directory F:/Education/FPGA_Labs/Labs_2/lab4/audio_new/design_1_wrapper_iz3/hw
TRACE::2024-12-08.18:22:20::SCWPlatform:: Platform Path F:/Education/FPGA_Labs/Labs_2/lab4/audio_new/design_1_wrapper_iz3/hw/design_1_wrapper_iz3.xsa
TRACE::2024-12-08.18:22:20::SCWPlatform:: Unique name xilinx:zedboard::0.0
TRACE::2024-12-08.18:22:20::SCWPlatform::Trying to set the existing hwdb with name design_1_wrapper_14
TRACE::2024-12-08.18:22:20::SCWPlatform::Opened existing hwdb design_1_wrapper_14
TRACE::2024-12-08.18:22:20::SCWPlatform::Found the Hw Db part of the input DSA
TRACE::2024-12-08.18:22:20::SCWMssOS::Checking the sw design at  F:/Education/FPGA_Labs/Labs_2/lab4/audio_new/design_1_wrapper_iz3/ps7_cortexa9_0/standalone_ps7_cortexa9_0/bsp/system.mss
TRACE::2024-12-08.18:22:20::SCWMssOS::DEBUG:  swdes dump  F:/Education/FPGA_Labs/Labs_2/lab4/audio_new/audio/ps7_cortexa9_0/standalone_domain/bsp/system.mss|system_0||
F:/Education/FPGA_Labs/Labs_2/lab4/audio_new/audio/zynq_fsbl/zynq_fsbl_bsp/system.mss|system||
F:/Education/FPGA_Labs/Labs_2/lab4/audio_new/design_1_wrapper_iz/ps7_cortexa9_0/standalone_ps7_cortexa9_0/bsp/system.mss|system_2||
F:/Education/FPGA_Labs/Labs_2/lab4/audio_new/design_1_wrapper_iz/zynq_fsbl/zynq_fsbl_bsp/system.mss|system_1||
F:/Education/FPGA_Labs/Labs_2/lab4/audio_new/design_1_wrapper_iz3/ps7_cortexa9_0/standalone_ps7_cortexa9_0/bsp/system.mss|system_4||
F:/Education/FPGA_Labs/Labs_2/lab4/audio_new/design_1_wrapper_iz3/zynq_fsbl/zynq_fsbl_bsp/system.mss|system_3||

TRACE::2024-12-08.18:22:20::SCWMssOS::Sw design exists and opened at  F:/Education/FPGA_Labs/Labs_2/lab4/audio_new/design_1_wrapper_iz3/ps7_cortexa9_0/standalone_ps7_cortexa9_0/bsp/system.mss
TRACE::2024-12-08.18:22:20::SCWWriter::formatted JSON is {
	"platformName":	"design_1_wrapper_iz3",
	"sprVersion":	"2.0",
	"mode":	"gui",
	"dsaType":	"Fixed",
	"platformDesc":	"design_1_wrapper_iz3",
	"platHandOff":	"<platformDir>.xsa",
	"platIntHandOff":	"<platformDir>/hw/design_1_wrapper_iz3.xsa",
	"deviceType":	"zynq",
	"platIsPrebuiltAutogen":	"false",
	"platIsNoBootBsp":	"false",
	"platFsblTarget":	"ps7_cortexa9_0",
	"hasFsblMakeHasChanges":	"false",
	"hasPmufwMakeHasChanges":	"false",
	"fsblExtraCompilerFlags":	"-MMD -MP       -mcpu=cortex-a9 -mfpu=vfpv3 -mfloat-abi=hard ",
	"platPreBuiltFlag":	false,
	"platformSamplesDir":	"",
	"platActiveSys":	"design_1_wrapper_iz3",
	"systems":	[{
			"systemName":	"design_1_wrapper_iz3",
			"systemDesc":	"design_1_wrapper_iz3",
			"sysIsBootAutoGen":	"true",
			"systemDispName":	"design_1_wrapper_iz3",
			"sysActiveDom":	"standalone_ps7_cortexa9_0",
			"sysDefaultDom":	"standalone_ps7_cortexa9_0",
			"domains":	[{
					"domainName":	"zynq_fsbl",
					"domainDispName":	"zynq_fsbl",
					"domainDesc":	"FSBL Application BSP - Auto Generated.",
					"processors":	"ps7_cortexa9_0",
					"os":	"standalone",
					"sdxOs":	"standalone",
					"debugEnable":	"",
					"domRuntimes":	["cpp"],
					"swRepo":	"",
					"mssOsVer":	"8.1",
					"mssFile":	"",
					"md5Digest":	"d9a34af2dee52f902a49b7b36c0ab938",
					"compatibleApp":	"zynq_fsbl",
					"domType":	"bootDomain",
					"arch":	"32-bit",
					"appSettings":	{
						"appCompilerFlags":	"",
						"appLinkerFlags":	""
					},
					"addedLibs":	["xilffs:5.0", "xilrsa:1.6"],
					"libOptions":	{
						"libsContainingOptions":	[]
					},
					"prebuiltLibs":	{
						"prebuiltIncPath":	[],
						"prebuiltLibPath":	[]
					},
					"isolation":	{
					}
				}, {
					"domainName":	"standalone_ps7_cortexa9_0",
					"domainDispName":	"standalone_ps7_cortexa9_0",
					"domainDesc":	"standalone_ps7_cortexa9_0",
					"processors":	"ps7_cortexa9_0",
					"os":	"standalone",
					"sdxOs":	"standalone",
					"qemuArgs":	"<platformDir>/resources/design_1_wrapper_iz3/standalone_ps7_cortexa9_0/qemu_args.txt",
					"qemuData":	"<platformDir>/resources/design_1_wrapper_iz3/standalone_ps7_cortexa9_0/qemu",
					"debugEnable":	"False",
					"domRuntimes":	["cpp"],
					"swRepo":	"",
					"mssOsVer":	"8.1",
					"mssFile":	"",
					"md5Digest":	"9a5c07eb3fcbf029dead828c18c1b9c0",
					"compatibleApp":	"empty_application",
					"domType":	"mssDomain",
					"arch":	"32-bit",
					"appSettings":	{
						"appCompilerFlags":	"",
						"appLinkerFlags":	""
					},
					"addedLibs":	[],
					"libOptions":	{
						"libsContainingOptions":	[]
					},
					"prebuiltLibs":	{
						"prebuiltIncPath":	[],
						"prebuiltLibPath":	[]
					},
					"isolation":	{
					}
				}]
		}]
}
TRACE::2024-12-08.18:22:20::SCWPlatform::Trying to open the hw design at F:/Education/FPGA_Labs/Labs_2/lab4/audio_new/design_1_wrapper_iz3/hw/design_1_wrapper_iz3.xsa
TRACE::2024-12-08.18:22:20::SCWPlatform::DSA given F:/Education/FPGA_Labs/Labs_2/lab4/audio_new/design_1_wrapper_iz3/hw/design_1_wrapper_iz3.xsa
TRACE::2024-12-08.18:22:20::SCWPlatform::DSA absoulate path F:/Education/FPGA_Labs/Labs_2/lab4/audio_new/design_1_wrapper_iz3/hw/design_1_wrapper_iz3.xsa
TRACE::2024-12-08.18:22:20::SCWPlatform::DSA directory F:/Education/FPGA_Labs/Labs_2/lab4/audio_new/design_1_wrapper_iz3/hw
TRACE::2024-12-08.18:22:20::SCWPlatform:: Platform Path F:/Education/FPGA_Labs/Labs_2/lab4/audio_new/design_1_wrapper_iz3/hw/design_1_wrapper_iz3.xsa
TRACE::2024-12-08.18:22:20::SCWPlatform:: Unique name xilinx:zedboard::0.0
TRACE::2024-12-08.18:22:20::SCWPlatform::Trying to set the existing hwdb with name design_1_wrapper_14
TRACE::2024-12-08.18:22:20::SCWPlatform::Opened existing hwdb design_1_wrapper_14
TRACE::2024-12-08.18:22:20::SCWPlatform::Found the Hw Db part of the input DSA
TRACE::2024-12-08.18:22:20::SCWMssOS::Checking the sw design at  F:/Education/FPGA_Labs/Labs_2/lab4/audio_new/design_1_wrapper_iz3/ps7_cortexa9_0/standalone_ps7_cortexa9_0/bsp/system.mss
TRACE::2024-12-08.18:22:20::SCWMssOS::DEBUG:  swdes dump  F:/Education/FPGA_Labs/Labs_2/lab4/audio_new/audio/ps7_cortexa9_0/standalone_domain/bsp/system.mss|system_0||
F:/Education/FPGA_Labs/Labs_2/lab4/audio_new/audio/zynq_fsbl/zynq_fsbl_bsp/system.mss|system||
F:/Education/FPGA_Labs/Labs_2/lab4/audio_new/design_1_wrapper_iz/ps7_cortexa9_0/standalone_ps7_cortexa9_0/bsp/system.mss|system_2||
F:/Education/FPGA_Labs/Labs_2/lab4/audio_new/design_1_wrapper_iz/zynq_fsbl/zynq_fsbl_bsp/system.mss|system_1||
F:/Education/FPGA_Labs/Labs_2/lab4/audio_new/design_1_wrapper_iz3/ps7_cortexa9_0/standalone_ps7_cortexa9_0/bsp/system.mss|system_4||
F:/Education/FPGA_Labs/Labs_2/lab4/audio_new/design_1_wrapper_iz3/zynq_fsbl/zynq_fsbl_bsp/system.mss|system_3||

TRACE::2024-12-08.18:22:20::SCWMssOS::Sw design exists and opened at  F:/Education/FPGA_Labs/Labs_2/lab4/audio_new/design_1_wrapper_iz3/ps7_cortexa9_0/standalone_ps7_cortexa9_0/bsp/system.mss
TRACE::2024-12-08.18:22:20::SCWPlatform::Trying to open the hw design at F:/Education/FPGA_Labs/Labs_2/lab4/audio_new/design_1_wrapper_iz3/hw/design_1_wrapper_iz3.xsa
TRACE::2024-12-08.18:22:20::SCWPlatform::DSA given F:/Education/FPGA_Labs/Labs_2/lab4/audio_new/design_1_wrapper_iz3/hw/design_1_wrapper_iz3.xsa
TRACE::2024-12-08.18:22:20::SCWPlatform::DSA absoulate path F:/Education/FPGA_Labs/Labs_2/lab4/audio_new/design_1_wrapper_iz3/hw/design_1_wrapper_iz3.xsa
TRACE::2024-12-08.18:22:20::SCWPlatform::DSA directory F:/Education/FPGA_Labs/Labs_2/lab4/audio_new/design_1_wrapper_iz3/hw
TRACE::2024-12-08.18:22:20::SCWPlatform:: Platform Path F:/Education/FPGA_Labs/Labs_2/lab4/audio_new/design_1_wrapper_iz3/hw/design_1_wrapper_iz3.xsa
TRACE::2024-12-08.18:22:20::SCWPlatform:: Unique name xilinx:zedboard::0.0
TRACE::2024-12-08.18:22:20::SCWPlatform::Trying to set the existing hwdb with name design_1_wrapper_14
TRACE::2024-12-08.18:22:20::SCWPlatform::Opened existing hwdb design_1_wrapper_14
TRACE::2024-12-08.18:22:20::SCWPlatform::Found the Hw Db part of the input DSA
TRACE::2024-12-08.18:22:20::SCWMssOS::Checking the sw design at  F:/Education/FPGA_Labs/Labs_2/lab4/audio_new/design_1_wrapper_iz3/ps7_cortexa9_0/standalone_ps7_cortexa9_0/bsp/system.mss
TRACE::2024-12-08.18:22:20::SCWMssOS::DEBUG:  swdes dump  F:/Education/FPGA_Labs/Labs_2/lab4/audio_new/audio/ps7_cortexa9_0/standalone_domain/bsp/system.mss|system_0||
F:/Education/FPGA_Labs/Labs_2/lab4/audio_new/audio/zynq_fsbl/zynq_fsbl_bsp/system.mss|system||
F:/Education/FPGA_Labs/Labs_2/lab4/audio_new/design_1_wrapper_iz/ps7_cortexa9_0/standalone_ps7_cortexa9_0/bsp/system.mss|system_2||
F:/Education/FPGA_Labs/Labs_2/lab4/audio_new/design_1_wrapper_iz/zynq_fsbl/zynq_fsbl_bsp/system.mss|system_1||
F:/Education/FPGA_Labs/Labs_2/lab4/audio_new/design_1_wrapper_iz3/ps7_cortexa9_0/standalone_ps7_cortexa9_0/bsp/system.mss|system_4||
F:/Education/FPGA_Labs/Labs_2/lab4/audio_new/design_1_wrapper_iz3/zynq_fsbl/zynq_fsbl_bsp/system.mss|system_3||

TRACE::2024-12-08.18:22:20::SCWMssOS::Sw design exists and opened at  F:/Education/FPGA_Labs/Labs_2/lab4/audio_new/design_1_wrapper_iz3/ps7_cortexa9_0/standalone_ps7_cortexa9_0/bsp/system.mss
TRACE::2024-12-08.18:22:20::SCWMssOS::Saving the mss changes F:/Education/FPGA_Labs/Labs_2/lab4/audio_new/design_1_wrapper_iz3/zynq_fsbl/zynq_fsbl_bsp/system.mss
TRACE::2024-12-08.18:22:20::SCWMssOS::Found a swdesign opened with the mssfile.
TRACE::2024-12-08.18:22:20::SCWMssOS::Completed writemss as part of save.
TRACE::2024-12-08.18:22:20::SCWMssOS::Commit changes completed.
TRACE::2024-12-08.18:22:20::SCWMssOS::Saving the mss changes F:/Education/FPGA_Labs/Labs_2/lab4/audio_new/design_1_wrapper_iz3/ps7_cortexa9_0/standalone_ps7_cortexa9_0/bsp/system.mss
TRACE::2024-12-08.18:22:20::SCWMssOS::Found a swdesign opened with the mssfile.
TRACE::2024-12-08.18:22:20::SCWMssOS::Completed writemss as part of save.
TRACE::2024-12-08.18:22:20::SCWMssOS::Commit changes completed.
TRACE::2024-12-08.18:22:20::SCWPlatform::Trying to open the hw design at F:/Education/FPGA_Labs/Labs_2/lab4/audio_new/design_1_wrapper_iz3/hw/design_1_wrapper_iz3.xsa
TRACE::2024-12-08.18:22:20::SCWPlatform::DSA given F:/Education/FPGA_Labs/Labs_2/lab4/audio_new/design_1_wrapper_iz3/hw/design_1_wrapper_iz3.xsa
TRACE::2024-12-08.18:22:20::SCWPlatform::DSA absoulate path F:/Education/FPGA_Labs/Labs_2/lab4/audio_new/design_1_wrapper_iz3/hw/design_1_wrapper_iz3.xsa
TRACE::2024-12-08.18:22:20::SCWPlatform::DSA directory F:/Education/FPGA_Labs/Labs_2/lab4/audio_new/design_1_wrapper_iz3/hw
TRACE::2024-12-08.18:22:20::SCWPlatform:: Platform Path F:/Education/FPGA_Labs/Labs_2/lab4/audio_new/design_1_wrapper_iz3/hw/design_1_wrapper_iz3.xsa
TRACE::2024-12-08.18:22:20::SCWPlatform:: Unique name xilinx:zedboard::0.0
TRACE::2024-12-08.18:22:20::SCWPlatform::Trying to set the existing hwdb with name design_1_wrapper_14
TRACE::2024-12-08.18:22:20::SCWPlatform::Opened existing hwdb design_1_wrapper_14
TRACE::2024-12-08.18:22:20::SCWPlatform::Found the Hw Db part of the input DSA
TRACE::2024-12-08.18:22:20::SCWMssOS::Checking the sw design at  F:/Education/FPGA_Labs/Labs_2/lab4/audio_new/design_1_wrapper_iz3/zynq_fsbl/zynq_fsbl_bsp/system.mss
TRACE::2024-12-08.18:22:20::SCWMssOS::DEBUG:  swdes dump  F:/Education/FPGA_Labs/Labs_2/lab4/audio_new/audio/ps7_cortexa9_0/standalone_domain/bsp/system.mss|system_0||
F:/Education/FPGA_Labs/Labs_2/lab4/audio_new/audio/zynq_fsbl/zynq_fsbl_bsp/system.mss|system||
F:/Education/FPGA_Labs/Labs_2/lab4/audio_new/design_1_wrapper_iz/ps7_cortexa9_0/standalone_ps7_cortexa9_0/bsp/system.mss|system_2||
F:/Education/FPGA_Labs/Labs_2/lab4/audio_new/design_1_wrapper_iz/zynq_fsbl/zynq_fsbl_bsp/system.mss|system_1||
F:/Education/FPGA_Labs/Labs_2/lab4/audio_new/design_1_wrapper_iz3/ps7_cortexa9_0/standalone_ps7_cortexa9_0/bsp/system.mss|system_4||
F:/Education/FPGA_Labs/Labs_2/lab4/audio_new/design_1_wrapper_iz3/zynq_fsbl/zynq_fsbl_bsp/system.mss|system_3||

TRACE::2024-12-08.18:22:20::SCWMssOS::Sw design exists and opened at  F:/Education/FPGA_Labs/Labs_2/lab4/audio_new/design_1_wrapper_iz3/zynq_fsbl/zynq_fsbl_bsp/system.mss
TRACE::2024-12-08.18:22:20::SCWPlatform::Trying to open the hw design at F:/Education/FPGA_Labs/Labs_2/lab4/audio_new/design_1_wrapper_iz3/hw/design_1_wrapper_iz3.xsa
TRACE::2024-12-08.18:22:20::SCWPlatform::DSA given F:/Education/FPGA_Labs/Labs_2/lab4/audio_new/design_1_wrapper_iz3/hw/design_1_wrapper_iz3.xsa
TRACE::2024-12-08.18:22:20::SCWPlatform::DSA absoulate path F:/Education/FPGA_Labs/Labs_2/lab4/audio_new/design_1_wrapper_iz3/hw/design_1_wrapper_iz3.xsa
TRACE::2024-12-08.18:22:20::SCWPlatform::DSA directory F:/Education/FPGA_Labs/Labs_2/lab4/audio_new/design_1_wrapper_iz3/hw
TRACE::2024-12-08.18:22:20::SCWPlatform:: Platform Path F:/Education/FPGA_Labs/Labs_2/lab4/audio_new/design_1_wrapper_iz3/hw/design_1_wrapper_iz3.xsa
TRACE::2024-12-08.18:22:20::SCWPlatform:: Unique name xilinx:zedboard::0.0
TRACE::2024-12-08.18:22:20::SCWPlatform::Trying to set the existing hwdb with name design_1_wrapper_14
TRACE::2024-12-08.18:22:20::SCWPlatform::Opened existing hwdb design_1_wrapper_14
TRACE::2024-12-08.18:22:20::SCWPlatform::Found the Hw Db part of the input DSA
TRACE::2024-12-08.18:22:20::SCWMssOS::Checking the sw design at  F:/Education/FPGA_Labs/Labs_2/lab4/audio_new/design_1_wrapper_iz3/zynq_fsbl/zynq_fsbl_bsp/system.mss
TRACE::2024-12-08.18:22:20::SCWMssOS::DEBUG:  swdes dump  F:/Education/FPGA_Labs/Labs_2/lab4/audio_new/audio/ps7_cortexa9_0/standalone_domain/bsp/system.mss|system_0||
F:/Education/FPGA_Labs/Labs_2/lab4/audio_new/audio/zynq_fsbl/zynq_fsbl_bsp/system.mss|system||
F:/Education/FPGA_Labs/Labs_2/lab4/audio_new/design_1_wrapper_iz/ps7_cortexa9_0/standalone_ps7_cortexa9_0/bsp/system.mss|system_2||
F:/Education/FPGA_Labs/Labs_2/lab4/audio_new/design_1_wrapper_iz/zynq_fsbl/zynq_fsbl_bsp/system.mss|system_1||
F:/Education/FPGA_Labs/Labs_2/lab4/audio_new/design_1_wrapper_iz3/ps7_cortexa9_0/standalone_ps7_cortexa9_0/bsp/system.mss|system_4||
F:/Education/FPGA_Labs/Labs_2/lab4/audio_new/design_1_wrapper_iz3/zynq_fsbl/zynq_fsbl_bsp/system.mss|system_3||

TRACE::2024-12-08.18:22:20::SCWMssOS::Sw design exists and opened at  F:/Education/FPGA_Labs/Labs_2/lab4/audio_new/design_1_wrapper_iz3/zynq_fsbl/zynq_fsbl_bsp/system.mss
TRACE::2024-12-08.18:22:20::SCWPlatform::Trying to open the hw design at F:/Education/FPGA_Labs/Labs_2/lab4/audio_new/design_1_wrapper_iz3/hw/design_1_wrapper_iz3.xsa
TRACE::2024-12-08.18:22:20::SCWPlatform::DSA given F:/Education/FPGA_Labs/Labs_2/lab4/audio_new/design_1_wrapper_iz3/hw/design_1_wrapper_iz3.xsa
TRACE::2024-12-08.18:22:20::SCWPlatform::DSA absoulate path F:/Education/FPGA_Labs/Labs_2/lab4/audio_new/design_1_wrapper_iz3/hw/design_1_wrapper_iz3.xsa
TRACE::2024-12-08.18:22:20::SCWPlatform::DSA directory F:/Education/FPGA_Labs/Labs_2/lab4/audio_new/design_1_wrapper_iz3/hw
TRACE::2024-12-08.18:22:20::SCWPlatform:: Platform Path F:/Education/FPGA_Labs/Labs_2/lab4/audio_new/design_1_wrapper_iz3/hw/design_1_wrapper_iz3.xsa
TRACE::2024-12-08.18:22:20::SCWPlatform:: Unique name xilinx:zedboard::0.0
TRACE::2024-12-08.18:22:20::SCWPlatform::Trying to set the existing hwdb with name design_1_wrapper_14
TRACE::2024-12-08.18:22:20::SCWPlatform::Opened existing hwdb design_1_wrapper_14
TRACE::2024-12-08.18:22:20::SCWPlatform::Found the Hw Db part of the input DSA
TRACE::2024-12-08.18:22:20::SCWMssOS::Checking the sw design at  F:/Education/FPGA_Labs/Labs_2/lab4/audio_new/design_1_wrapper_iz3/zynq_fsbl/zynq_fsbl_bsp/system.mss
TRACE::2024-12-08.18:22:20::SCWMssOS::DEBUG:  swdes dump  F:/Education/FPGA_Labs/Labs_2/lab4/audio_new/audio/ps7_cortexa9_0/standalone_domain/bsp/system.mss|system_0||
F:/Education/FPGA_Labs/Labs_2/lab4/audio_new/audio/zynq_fsbl/zynq_fsbl_bsp/system.mss|system||
F:/Education/FPGA_Labs/Labs_2/lab4/audio_new/design_1_wrapper_iz/ps7_cortexa9_0/standalone_ps7_cortexa9_0/bsp/system.mss|system_2||
F:/Education/FPGA_Labs/Labs_2/lab4/audio_new/design_1_wrapper_iz/zynq_fsbl/zynq_fsbl_bsp/system.mss|system_1||
F:/Education/FPGA_Labs/Labs_2/lab4/audio_new/design_1_wrapper_iz3/ps7_cortexa9_0/standalone_ps7_cortexa9_0/bsp/system.mss|system_4||
F:/Education/FPGA_Labs/Labs_2/lab4/audio_new/design_1_wrapper_iz3/zynq_fsbl/zynq_fsbl_bsp/system.mss|system_3||

TRACE::2024-12-08.18:22:20::SCWMssOS::Sw design exists and opened at  F:/Education/FPGA_Labs/Labs_2/lab4/audio_new/design_1_wrapper_iz3/zynq_fsbl/zynq_fsbl_bsp/system.mss
TRACE::2024-12-08.18:22:20::SCWPlatform::Trying to open the hw design at F:/Education/FPGA_Labs/Labs_2/lab4/audio_new/design_1_wrapper_iz3/hw/design_1_wrapper_iz3.xsa
TRACE::2024-12-08.18:22:20::SCWPlatform::DSA given F:/Education/FPGA_Labs/Labs_2/lab4/audio_new/design_1_wrapper_iz3/hw/design_1_wrapper_iz3.xsa
TRACE::2024-12-08.18:22:20::SCWPlatform::DSA absoulate path F:/Education/FPGA_Labs/Labs_2/lab4/audio_new/design_1_wrapper_iz3/hw/design_1_wrapper_iz3.xsa
TRACE::2024-12-08.18:22:20::SCWPlatform::DSA directory F:/Education/FPGA_Labs/Labs_2/lab4/audio_new/design_1_wrapper_iz3/hw
TRACE::2024-12-08.18:22:20::SCWPlatform:: Platform Path F:/Education/FPGA_Labs/Labs_2/lab4/audio_new/design_1_wrapper_iz3/hw/design_1_wrapper_iz3.xsa
TRACE::2024-12-08.18:22:20::SCWPlatform:: Unique name xilinx:zedboard::0.0
TRACE::2024-12-08.18:22:20::SCWPlatform::Trying to set the existing hwdb with name design_1_wrapper_14
TRACE::2024-12-08.18:22:20::SCWPlatform::Opened existing hwdb design_1_wrapper_14
TRACE::2024-12-08.18:22:20::SCWPlatform::Found the Hw Db part of the input DSA
TRACE::2024-12-08.18:22:20::SCWMssOS::Checking the sw design at  F:/Education/FPGA_Labs/Labs_2/lab4/audio_new/design_1_wrapper_iz3/ps7_cortexa9_0/standalone_ps7_cortexa9_0/bsp/system.mss
TRACE::2024-12-08.18:22:20::SCWMssOS::DEBUG:  swdes dump  F:/Education/FPGA_Labs/Labs_2/lab4/audio_new/audio/ps7_cortexa9_0/standalone_domain/bsp/system.mss|system_0||
F:/Education/FPGA_Labs/Labs_2/lab4/audio_new/audio/zynq_fsbl/zynq_fsbl_bsp/system.mss|system||
F:/Education/FPGA_Labs/Labs_2/lab4/audio_new/design_1_wrapper_iz/ps7_cortexa9_0/standalone_ps7_cortexa9_0/bsp/system.mss|system_2||
F:/Education/FPGA_Labs/Labs_2/lab4/audio_new/design_1_wrapper_iz/zynq_fsbl/zynq_fsbl_bsp/system.mss|system_1||
F:/Education/FPGA_Labs/Labs_2/lab4/audio_new/design_1_wrapper_iz3/ps7_cortexa9_0/standalone_ps7_cortexa9_0/bsp/system.mss|system_4||
F:/Education/FPGA_Labs/Labs_2/lab4/audio_new/design_1_wrapper_iz3/zynq_fsbl/zynq_fsbl_bsp/system.mss|system_3||

TRACE::2024-12-08.18:22:20::SCWMssOS::Sw design exists and opened at  F:/Education/FPGA_Labs/Labs_2/lab4/audio_new/design_1_wrapper_iz3/ps7_cortexa9_0/standalone_ps7_cortexa9_0/bsp/system.mss
TRACE::2024-12-08.18:22:20::SCWPlatform::Trying to open the hw design at F:/Education/FPGA_Labs/Labs_2/lab4/audio_new/design_1_wrapper_iz3/hw/design_1_wrapper_iz3.xsa
TRACE::2024-12-08.18:22:20::SCWPlatform::DSA given F:/Education/FPGA_Labs/Labs_2/lab4/audio_new/design_1_wrapper_iz3/hw/design_1_wrapper_iz3.xsa
TRACE::2024-12-08.18:22:20::SCWPlatform::DSA absoulate path F:/Education/FPGA_Labs/Labs_2/lab4/audio_new/design_1_wrapper_iz3/hw/design_1_wrapper_iz3.xsa
TRACE::2024-12-08.18:22:20::SCWPlatform::DSA directory F:/Education/FPGA_Labs/Labs_2/lab4/audio_new/design_1_wrapper_iz3/hw
TRACE::2024-12-08.18:22:20::SCWPlatform:: Platform Path F:/Education/FPGA_Labs/Labs_2/lab4/audio_new/design_1_wrapper_iz3/hw/design_1_wrapper_iz3.xsa
TRACE::2024-12-08.18:22:20::SCWPlatform:: Unique name xilinx:zedboard::0.0
TRACE::2024-12-08.18:22:20::SCWPlatform::Trying to set the existing hwdb with name design_1_wrapper_14
TRACE::2024-12-08.18:22:20::SCWPlatform::Opened existing hwdb design_1_wrapper_14
TRACE::2024-12-08.18:22:20::SCWPlatform::Found the Hw Db part of the input DSA
TRACE::2024-12-08.18:22:20::SCWMssOS::Checking the sw design at  F:/Education/FPGA_Labs/Labs_2/lab4/audio_new/design_1_wrapper_iz3/ps7_cortexa9_0/standalone_ps7_cortexa9_0/bsp/system.mss
TRACE::2024-12-08.18:22:20::SCWMssOS::DEBUG:  swdes dump  F:/Education/FPGA_Labs/Labs_2/lab4/audio_new/audio/ps7_cortexa9_0/standalone_domain/bsp/system.mss|system_0||
F:/Education/FPGA_Labs/Labs_2/lab4/audio_new/audio/zynq_fsbl/zynq_fsbl_bsp/system.mss|system||
F:/Education/FPGA_Labs/Labs_2/lab4/audio_new/design_1_wrapper_iz/ps7_cortexa9_0/standalone_ps7_cortexa9_0/bsp/system.mss|system_2||
F:/Education/FPGA_Labs/Labs_2/lab4/audio_new/design_1_wrapper_iz/zynq_fsbl/zynq_fsbl_bsp/system.mss|system_1||
F:/Education/FPGA_Labs/Labs_2/lab4/audio_new/design_1_wrapper_iz3/ps7_cortexa9_0/standalone_ps7_cortexa9_0/bsp/system.mss|system_4||
F:/Education/FPGA_Labs/Labs_2/lab4/audio_new/design_1_wrapper_iz3/zynq_fsbl/zynq_fsbl_bsp/system.mss|system_3||

TRACE::2024-12-08.18:22:20::SCWMssOS::Sw design exists and opened at  F:/Education/FPGA_Labs/Labs_2/lab4/audio_new/design_1_wrapper_iz3/ps7_cortexa9_0/standalone_ps7_cortexa9_0/bsp/system.mss
TRACE::2024-12-08.18:22:20::SCWPlatform::Trying to open the hw design at F:/Education/FPGA_Labs/Labs_2/lab4/audio_new/design_1_wrapper_iz3/hw/design_1_wrapper_iz3.xsa
TRACE::2024-12-08.18:22:20::SCWPlatform::DSA given F:/Education/FPGA_Labs/Labs_2/lab4/audio_new/design_1_wrapper_iz3/hw/design_1_wrapper_iz3.xsa
TRACE::2024-12-08.18:22:20::SCWPlatform::DSA absoulate path F:/Education/FPGA_Labs/Labs_2/lab4/audio_new/design_1_wrapper_iz3/hw/design_1_wrapper_iz3.xsa
TRACE::2024-12-08.18:22:20::SCWPlatform::DSA directory F:/Education/FPGA_Labs/Labs_2/lab4/audio_new/design_1_wrapper_iz3/hw
TRACE::2024-12-08.18:22:20::SCWPlatform:: Platform Path F:/Education/FPGA_Labs/Labs_2/lab4/audio_new/design_1_wrapper_iz3/hw/design_1_wrapper_iz3.xsa
TRACE::2024-12-08.18:22:20::SCWPlatform:: Unique name xilinx:zedboard::0.0
TRACE::2024-12-08.18:22:20::SCWPlatform::Trying to set the existing hwdb with name design_1_wrapper_14
TRACE::2024-12-08.18:22:20::SCWPlatform::Opened existing hwdb design_1_wrapper_14
TRACE::2024-12-08.18:22:20::SCWPlatform::Found the Hw Db part of the input DSA
TRACE::2024-12-08.18:22:20::SCWMssOS::Checking the sw design at  F:/Education/FPGA_Labs/Labs_2/lab4/audio_new/design_1_wrapper_iz3/ps7_cortexa9_0/standalone_ps7_cortexa9_0/bsp/system.mss
TRACE::2024-12-08.18:22:20::SCWMssOS::DEBUG:  swdes dump  F:/Education/FPGA_Labs/Labs_2/lab4/audio_new/audio/ps7_cortexa9_0/standalone_domain/bsp/system.mss|system_0||
F:/Education/FPGA_Labs/Labs_2/lab4/audio_new/audio/zynq_fsbl/zynq_fsbl_bsp/system.mss|system||
F:/Education/FPGA_Labs/Labs_2/lab4/audio_new/design_1_wrapper_iz/ps7_cortexa9_0/standalone_ps7_cortexa9_0/bsp/system.mss|system_2||
F:/Education/FPGA_Labs/Labs_2/lab4/audio_new/design_1_wrapper_iz/zynq_fsbl/zynq_fsbl_bsp/system.mss|system_1||
F:/Education/FPGA_Labs/Labs_2/lab4/audio_new/design_1_wrapper_iz3/ps7_cortexa9_0/standalone_ps7_cortexa9_0/bsp/system.mss|system_4||
F:/Education/FPGA_Labs/Labs_2/lab4/audio_new/design_1_wrapper_iz3/zynq_fsbl/zynq_fsbl_bsp/system.mss|system_3||

TRACE::2024-12-08.18:22:20::SCWMssOS::Sw design exists and opened at  F:/Education/FPGA_Labs/Labs_2/lab4/audio_new/design_1_wrapper_iz3/ps7_cortexa9_0/standalone_ps7_cortexa9_0/bsp/system.mss
TRACE::2024-12-08.18:22:20::SCWWriter::formatted JSON is {
	"platformName":	"design_1_wrapper_iz3",
	"sprVersion":	"2.0",
	"mode":	"gui",
	"dsaType":	"Fixed",
	"platformDesc":	"design_1_wrapper_iz3",
	"platHandOff":	"<platformDir>.xsa",
	"platIntHandOff":	"<platformDir>/hw/design_1_wrapper_iz3.xsa",
	"deviceType":	"zynq",
	"platIsPrebuiltAutogen":	"false",
	"platIsNoBootBsp":	"false",
	"platFsblTarget":	"ps7_cortexa9_0",
	"hasFsblMakeHasChanges":	"false",
	"hasPmufwMakeHasChanges":	"false",
	"fsblExtraCompilerFlags":	"-MMD -MP       -mcpu=cortex-a9 -mfpu=vfpv3 -mfloat-abi=hard ",
	"platPreBuiltFlag":	false,
	"platformSamplesDir":	"",
	"platActiveSys":	"design_1_wrapper_iz3",
	"systems":	[{
			"systemName":	"design_1_wrapper_iz3",
			"systemDesc":	"design_1_wrapper_iz3",
			"sysIsBootAutoGen":	"true",
			"systemDispName":	"design_1_wrapper_iz3",
			"sysActiveDom":	"standalone_ps7_cortexa9_0",
			"sysDefaultDom":	"standalone_ps7_cortexa9_0",
			"domains":	[{
					"domainName":	"zynq_fsbl",
					"domainDispName":	"zynq_fsbl",
					"domainDesc":	"FSBL Application BSP - Auto Generated.",
					"processors":	"ps7_cortexa9_0",
					"os":	"standalone",
					"sdxOs":	"standalone",
					"debugEnable":	"",
					"domRuntimes":	["cpp"],
					"swRepo":	"",
					"mssOsVer":	"8.1",
					"mssFile":	"",
					"md5Digest":	"d9a34af2dee52f902a49b7b36c0ab938",
					"compatibleApp":	"zynq_fsbl",
					"domType":	"bootDomain",
					"arch":	"32-bit",
					"appSettings":	{
						"appCompilerFlags":	"",
						"appLinkerFlags":	""
					},
					"addedLibs":	["xilffs:5.0", "xilrsa:1.6"],
					"libOptions":	{
						"libsContainingOptions":	[]
					},
					"prebuiltLibs":	{
						"prebuiltIncPath":	[],
						"prebuiltLibPath":	[]
					},
					"isolation":	{
					}
				}, {
					"domainName":	"standalone_ps7_cortexa9_0",
					"domainDispName":	"standalone_ps7_cortexa9_0",
					"domainDesc":	"standalone_ps7_cortexa9_0",
					"processors":	"ps7_cortexa9_0",
					"os":	"standalone",
					"sdxOs":	"standalone",
					"qemuArgs":	"<platformDir>/resources/design_1_wrapper_iz3/standalone_ps7_cortexa9_0/qemu_args.txt",
					"qemuData":	"<platformDir>/resources/design_1_wrapper_iz3/standalone_ps7_cortexa9_0/qemu",
					"debugEnable":	"False",
					"domRuntimes":	["cpp"],
					"swRepo":	"",
					"mssOsVer":	"8.1",
					"mssFile":	"",
					"md5Digest":	"9a5c07eb3fcbf029dead828c18c1b9c0",
					"compatibleApp":	"empty_application",
					"domType":	"mssDomain",
					"arch":	"32-bit",
					"appSettings":	{
						"appCompilerFlags":	"",
						"appLinkerFlags":	""
					},
					"addedLibs":	[],
					"libOptions":	{
						"libsContainingOptions":	[]
					},
					"prebuiltLibs":	{
						"prebuiltIncPath":	[],
						"prebuiltLibPath":	[]
					},
					"isolation":	{
					}
				}]
		}]
}
LOG::2024-12-08.18:22:20::SCWPlatform::Started generating the artifacts platform design_1_wrapper_iz3
TRACE::2024-12-08.18:22:20::SCWPlatform::Sanity checking of platform is completed
LOG::2024-12-08.18:22:20::SCWPlatform::Started generating the artifacts for system configuration design_1_wrapper_iz3
LOG::2024-12-08.18:22:20::SCWSystem::Started Processing the domain standalone_ps7_cortexa9_0
TRACE::2024-12-08.18:22:20::SCWDomain::Generating domain artifcats
TRACE::2024-12-08.18:22:20::SCWMssOS::Generating standalone artifcats
TRACE::2024-12-08.18:22:20::SCWMssOS::Copying the qemu file from  F:/Education/FPGA_Labs/Labs_2/lab4/audio_new/design_1_wrapper_iz3/resources/design_1_wrapper_iz3/standalone_ps7_cortexa9_0/qemu_args.txt To F:/Education/FPGA_Labs/Labs_2/lab4/audio_new/design_1_wrapper_iz3/export/design_1_wrapper_iz3/sw/design_1_wrapper_iz3/qemu/
TRACE::2024-12-08.18:22:20::SCWMssOS::Copying the qemu file from  F:/Education/FPGA_Labs/Labs_2/lab4/audio_new/design_1_wrapper_iz3/resources/design_1_wrapper_iz3/standalone_ps7_cortexa9_0/qemu_args.txt To F:/Education/FPGA_Labs/Labs_2/lab4/audio_new/design_1_wrapper_iz3/export/design_1_wrapper_iz3/sw/design_1_wrapper_iz3/standalone_ps7_cortexa9_0/qemu/
TRACE::2024-12-08.18:22:20::SCWMssOS:: Copying the user libraries. 
TRACE::2024-12-08.18:22:20::SCWPlatform::Trying to open the hw design at F:/Education/FPGA_Labs/Labs_2/lab4/audio_new/design_1_wrapper_iz3/hw/design_1_wrapper_iz3.xsa
TRACE::2024-12-08.18:22:20::SCWPlatform::DSA given F:/Education/FPGA_Labs/Labs_2/lab4/audio_new/design_1_wrapper_iz3/hw/design_1_wrapper_iz3.xsa
TRACE::2024-12-08.18:22:20::SCWPlatform::DSA absoulate path F:/Education/FPGA_Labs/Labs_2/lab4/audio_new/design_1_wrapper_iz3/hw/design_1_wrapper_iz3.xsa
TRACE::2024-12-08.18:22:20::SCWPlatform::DSA directory F:/Education/FPGA_Labs/Labs_2/lab4/audio_new/design_1_wrapper_iz3/hw
TRACE::2024-12-08.18:22:20::SCWPlatform:: Platform Path F:/Education/FPGA_Labs/Labs_2/lab4/audio_new/design_1_wrapper_iz3/hw/design_1_wrapper_iz3.xsa
TRACE::2024-12-08.18:22:20::SCWPlatform:: Unique name xilinx:zedboard::0.0
TRACE::2024-12-08.18:22:20::SCWPlatform::Trying to set the existing hwdb with name design_1_wrapper_14
TRACE::2024-12-08.18:22:20::SCWPlatform::Opened existing hwdb design_1_wrapper_14
TRACE::2024-12-08.18:22:20::SCWPlatform::Found the Hw Db part of the input DSA
TRACE::2024-12-08.18:22:20::SCWMssOS::Checking the sw design at  F:/Education/FPGA_Labs/Labs_2/lab4/audio_new/design_1_wrapper_iz3/ps7_cortexa9_0/standalone_ps7_cortexa9_0/bsp/system.mss
TRACE::2024-12-08.18:22:20::SCWMssOS::DEBUG:  swdes dump  F:/Education/FPGA_Labs/Labs_2/lab4/audio_new/audio/ps7_cortexa9_0/standalone_domain/bsp/system.mss|system_0||
F:/Education/FPGA_Labs/Labs_2/lab4/audio_new/audio/zynq_fsbl/zynq_fsbl_bsp/system.mss|system||
F:/Education/FPGA_Labs/Labs_2/lab4/audio_new/design_1_wrapper_iz/ps7_cortexa9_0/standalone_ps7_cortexa9_0/bsp/system.mss|system_2||
F:/Education/FPGA_Labs/Labs_2/lab4/audio_new/design_1_wrapper_iz/zynq_fsbl/zynq_fsbl_bsp/system.mss|system_1||
F:/Education/FPGA_Labs/Labs_2/lab4/audio_new/design_1_wrapper_iz3/ps7_cortexa9_0/standalone_ps7_cortexa9_0/bsp/system.mss|system_4||
F:/Education/FPGA_Labs/Labs_2/lab4/audio_new/design_1_wrapper_iz3/zynq_fsbl/zynq_fsbl_bsp/system.mss|system_3||

TRACE::2024-12-08.18:22:20::SCWMssOS::Sw design exists and opened at  F:/Education/FPGA_Labs/Labs_2/lab4/audio_new/design_1_wrapper_iz3/ps7_cortexa9_0/standalone_ps7_cortexa9_0/bsp/system.mss
TRACE::2024-12-08.18:22:20::SCWMssOS::Completed writing the mss file at F:/Education/FPGA_Labs/Labs_2/lab4/audio_new/design_1_wrapper_iz3/ps7_cortexa9_0/standalone_ps7_cortexa9_0/bsp
TRACE::2024-12-08.18:22:20::SCWMssOS::Mss edits present, copying mssfile into export location F:/Education/FPGA_Labs/Labs_2/lab4/audio_new/design_1_wrapper_iz3/ps7_cortexa9_0/standalone_ps7_cortexa9_0/bsp/system.mss
TRACE::2024-12-08.18:22:20::SCWMssOS::bsp generated is upto date with the mss file. Skipping bsp generation.
TRACE::2024-12-08.18:22:20::SCWMssOS::BSP is already built. skipping the bsp build ... 
TRACE::2024-12-08.18:22:20::SCWDomain::Building the domain as part of full build :  standalone_ps7_cortexa9_0
TRACE::2024-12-08.18:22:20::SCWMssOS::skipping the bsp build ... 
TRACE::2024-12-08.18:22:20::SCWMssOS::Copying to export directory.
TRACE::2024-12-08.18:22:20::SCWMssOS:: Checking if to create the Supporting Applications
TRACE::2024-12-08.18:22:20::SCWMssOS:: No Linux domain exists, trying to generate FSBL 
TRACE::2024-12-08.18:22:20::SCWMssOS:: Completed Standalone Artifacts creation 
LOG::2024-12-08.18:22:20::SCWSystem::Completed Processing the domain standalone_ps7_cortexa9_0
LOG::2024-12-08.18:22:20::SCWSystem::Completed Processing the sysconfig design_1_wrapper_iz3
LOG::2024-12-08.18:22:20::SCWPlatform::Completed generating the artifacts for system configuration design_1_wrapper_iz3
TRACE::2024-12-08.18:22:20::SCWPlatform::Started preparing the platform 
TRACE::2024-12-08.18:22:20::SCWSystem::Writing the bif file for system config design_1_wrapper_iz3
TRACE::2024-12-08.18:22:20::SCWSystem::dir created 
TRACE::2024-12-08.18:22:20::SCWSystem::Writing the bif 
TRACE::2024-12-08.18:22:20::SCWPlatform::Started writing the spfm file 
TRACE::2024-12-08.18:22:20::SCWPlatform::Started writing the xpfm file 
TRACE::2024-12-08.18:22:20::SCWPlatform::Completed generating the platform
TRACE::2024-12-08.18:22:20::SCWMssOS::Saving the mss changes F:/Education/FPGA_Labs/Labs_2/lab4/audio_new/design_1_wrapper_iz3/zynq_fsbl/zynq_fsbl_bsp/system.mss
TRACE::2024-12-08.18:22:20::SCWMssOS::Found a swdesign opened with the mssfile.
TRACE::2024-12-08.18:22:20::SCWMssOS::Completed writemss as part of save.
TRACE::2024-12-08.18:22:20::SCWMssOS::Commit changes completed.
TRACE::2024-12-08.18:22:20::SCWMssOS::Saving the mss changes F:/Education/FPGA_Labs/Labs_2/lab4/audio_new/design_1_wrapper_iz3/ps7_cortexa9_0/standalone_ps7_cortexa9_0/bsp/system.mss
TRACE::2024-12-08.18:22:20::SCWMssOS::Found a swdesign opened with the mssfile.
TRACE::2024-12-08.18:22:20::SCWMssOS::Completed writemss as part of save.
TRACE::2024-12-08.18:22:20::SCWMssOS::Commit changes completed.
TRACE::2024-12-08.18:22:20::SCWPlatform::Trying to open the hw design at F:/Education/FPGA_Labs/Labs_2/lab4/audio_new/design_1_wrapper_iz3/hw/design_1_wrapper_iz3.xsa
TRACE::2024-12-08.18:22:20::SCWPlatform::DSA given F:/Education/FPGA_Labs/Labs_2/lab4/audio_new/design_1_wrapper_iz3/hw/design_1_wrapper_iz3.xsa
TRACE::2024-12-08.18:22:20::SCWPlatform::DSA absoulate path F:/Education/FPGA_Labs/Labs_2/lab4/audio_new/design_1_wrapper_iz3/hw/design_1_wrapper_iz3.xsa
TRACE::2024-12-08.18:22:20::SCWPlatform::DSA directory F:/Education/FPGA_Labs/Labs_2/lab4/audio_new/design_1_wrapper_iz3/hw
TRACE::2024-12-08.18:22:20::SCWPlatform:: Platform Path F:/Education/FPGA_Labs/Labs_2/lab4/audio_new/design_1_wrapper_iz3/hw/design_1_wrapper_iz3.xsa
TRACE::2024-12-08.18:22:20::SCWPlatform:: Unique name xilinx:zedboard::0.0
TRACE::2024-12-08.18:22:20::SCWPlatform::Trying to set the existing hwdb with name design_1_wrapper_14
TRACE::2024-12-08.18:22:20::SCWPlatform::Opened existing hwdb design_1_wrapper_14
TRACE::2024-12-08.18:22:20::SCWPlatform::Found the Hw Db part of the input DSA
TRACE::2024-12-08.18:22:20::SCWMssOS::Checking the sw design at  F:/Education/FPGA_Labs/Labs_2/lab4/audio_new/design_1_wrapper_iz3/zynq_fsbl/zynq_fsbl_bsp/system.mss
TRACE::2024-12-08.18:22:20::SCWMssOS::DEBUG:  swdes dump  F:/Education/FPGA_Labs/Labs_2/lab4/audio_new/audio/ps7_cortexa9_0/standalone_domain/bsp/system.mss|system_0||
F:/Education/FPGA_Labs/Labs_2/lab4/audio_new/audio/zynq_fsbl/zynq_fsbl_bsp/system.mss|system||
F:/Education/FPGA_Labs/Labs_2/lab4/audio_new/design_1_wrapper_iz/ps7_cortexa9_0/standalone_ps7_cortexa9_0/bsp/system.mss|system_2||
F:/Education/FPGA_Labs/Labs_2/lab4/audio_new/design_1_wrapper_iz/zynq_fsbl/zynq_fsbl_bsp/system.mss|system_1||
F:/Education/FPGA_Labs/Labs_2/lab4/audio_new/design_1_wrapper_iz3/ps7_cortexa9_0/standalone_ps7_cortexa9_0/bsp/system.mss|system_4||
F:/Education/FPGA_Labs/Labs_2/lab4/audio_new/design_1_wrapper_iz3/zynq_fsbl/zynq_fsbl_bsp/system.mss|system_3||

TRACE::2024-12-08.18:22:20::SCWMssOS::Sw design exists and opened at  F:/Education/FPGA_Labs/Labs_2/lab4/audio_new/design_1_wrapper_iz3/zynq_fsbl/zynq_fsbl_bsp/system.mss
TRACE::2024-12-08.18:22:20::SCWPlatform::Trying to open the hw design at F:/Education/FPGA_Labs/Labs_2/lab4/audio_new/design_1_wrapper_iz3/hw/design_1_wrapper_iz3.xsa
TRACE::2024-12-08.18:22:20::SCWPlatform::DSA given F:/Education/FPGA_Labs/Labs_2/lab4/audio_new/design_1_wrapper_iz3/hw/design_1_wrapper_iz3.xsa
TRACE::2024-12-08.18:22:20::SCWPlatform::DSA absoulate path F:/Education/FPGA_Labs/Labs_2/lab4/audio_new/design_1_wrapper_iz3/hw/design_1_wrapper_iz3.xsa
TRACE::2024-12-08.18:22:20::SCWPlatform::DSA directory F:/Education/FPGA_Labs/Labs_2/lab4/audio_new/design_1_wrapper_iz3/hw
TRACE::2024-12-08.18:22:20::SCWPlatform:: Platform Path F:/Education/FPGA_Labs/Labs_2/lab4/audio_new/design_1_wrapper_iz3/hw/design_1_wrapper_iz3.xsa
TRACE::2024-12-08.18:22:20::SCWPlatform:: Unique name xilinx:zedboard::0.0
TRACE::2024-12-08.18:22:20::SCWPlatform::Trying to set the existing hwdb with name design_1_wrapper_14
TRACE::2024-12-08.18:22:20::SCWPlatform::Opened existing hwdb design_1_wrapper_14
TRACE::2024-12-08.18:22:20::SCWPlatform::Found the Hw Db part of the input DSA
TRACE::2024-12-08.18:22:20::SCWMssOS::Checking the sw design at  F:/Education/FPGA_Labs/Labs_2/lab4/audio_new/design_1_wrapper_iz3/zynq_fsbl/zynq_fsbl_bsp/system.mss
TRACE::2024-12-08.18:22:20::SCWMssOS::DEBUG:  swdes dump  F:/Education/FPGA_Labs/Labs_2/lab4/audio_new/audio/ps7_cortexa9_0/standalone_domain/bsp/system.mss|system_0||
F:/Education/FPGA_Labs/Labs_2/lab4/audio_new/audio/zynq_fsbl/zynq_fsbl_bsp/system.mss|system||
F:/Education/FPGA_Labs/Labs_2/lab4/audio_new/design_1_wrapper_iz/ps7_cortexa9_0/standalone_ps7_cortexa9_0/bsp/system.mss|system_2||
F:/Education/FPGA_Labs/Labs_2/lab4/audio_new/design_1_wrapper_iz/zynq_fsbl/zynq_fsbl_bsp/system.mss|system_1||
F:/Education/FPGA_Labs/Labs_2/lab4/audio_new/design_1_wrapper_iz3/ps7_cortexa9_0/standalone_ps7_cortexa9_0/bsp/system.mss|system_4||
F:/Education/FPGA_Labs/Labs_2/lab4/audio_new/design_1_wrapper_iz3/zynq_fsbl/zynq_fsbl_bsp/system.mss|system_3||

TRACE::2024-12-08.18:22:20::SCWMssOS::Sw design exists and opened at  F:/Education/FPGA_Labs/Labs_2/lab4/audio_new/design_1_wrapper_iz3/zynq_fsbl/zynq_fsbl_bsp/system.mss
TRACE::2024-12-08.18:22:20::SCWPlatform::Trying to open the hw design at F:/Education/FPGA_Labs/Labs_2/lab4/audio_new/design_1_wrapper_iz3/hw/design_1_wrapper_iz3.xsa
TRACE::2024-12-08.18:22:20::SCWPlatform::DSA given F:/Education/FPGA_Labs/Labs_2/lab4/audio_new/design_1_wrapper_iz3/hw/design_1_wrapper_iz3.xsa
TRACE::2024-12-08.18:22:20::SCWPlatform::DSA absoulate path F:/Education/FPGA_Labs/Labs_2/lab4/audio_new/design_1_wrapper_iz3/hw/design_1_wrapper_iz3.xsa
TRACE::2024-12-08.18:22:20::SCWPlatform::DSA directory F:/Education/FPGA_Labs/Labs_2/lab4/audio_new/design_1_wrapper_iz3/hw
TRACE::2024-12-08.18:22:20::SCWPlatform:: Platform Path F:/Education/FPGA_Labs/Labs_2/lab4/audio_new/design_1_wrapper_iz3/hw/design_1_wrapper_iz3.xsa
TRACE::2024-12-08.18:22:20::SCWPlatform:: Unique name xilinx:zedboard::0.0
TRACE::2024-12-08.18:22:20::SCWPlatform::Trying to set the existing hwdb with name design_1_wrapper_14
TRACE::2024-12-08.18:22:20::SCWPlatform::Opened existing hwdb design_1_wrapper_14
TRACE::2024-12-08.18:22:20::SCWPlatform::Found the Hw Db part of the input DSA
TRACE::2024-12-08.18:22:20::SCWMssOS::Checking the sw design at  F:/Education/FPGA_Labs/Labs_2/lab4/audio_new/design_1_wrapper_iz3/zynq_fsbl/zynq_fsbl_bsp/system.mss
TRACE::2024-12-08.18:22:20::SCWMssOS::DEBUG:  swdes dump  F:/Education/FPGA_Labs/Labs_2/lab4/audio_new/audio/ps7_cortexa9_0/standalone_domain/bsp/system.mss|system_0||
F:/Education/FPGA_Labs/Labs_2/lab4/audio_new/audio/zynq_fsbl/zynq_fsbl_bsp/system.mss|system||
F:/Education/FPGA_Labs/Labs_2/lab4/audio_new/design_1_wrapper_iz/ps7_cortexa9_0/standalone_ps7_cortexa9_0/bsp/system.mss|system_2||
F:/Education/FPGA_Labs/Labs_2/lab4/audio_new/design_1_wrapper_iz/zynq_fsbl/zynq_fsbl_bsp/system.mss|system_1||
F:/Education/FPGA_Labs/Labs_2/lab4/audio_new/design_1_wrapper_iz3/ps7_cortexa9_0/standalone_ps7_cortexa9_0/bsp/system.mss|system_4||
F:/Education/FPGA_Labs/Labs_2/lab4/audio_new/design_1_wrapper_iz3/zynq_fsbl/zynq_fsbl_bsp/system.mss|system_3||

TRACE::2024-12-08.18:22:20::SCWMssOS::Sw design exists and opened at  F:/Education/FPGA_Labs/Labs_2/lab4/audio_new/design_1_wrapper_iz3/zynq_fsbl/zynq_fsbl_bsp/system.mss
TRACE::2024-12-08.18:22:20::SCWPlatform::Trying to open the hw design at F:/Education/FPGA_Labs/Labs_2/lab4/audio_new/design_1_wrapper_iz3/hw/design_1_wrapper_iz3.xsa
TRACE::2024-12-08.18:22:20::SCWPlatform::DSA given F:/Education/FPGA_Labs/Labs_2/lab4/audio_new/design_1_wrapper_iz3/hw/design_1_wrapper_iz3.xsa
TRACE::2024-12-08.18:22:20::SCWPlatform::DSA absoulate path F:/Education/FPGA_Labs/Labs_2/lab4/audio_new/design_1_wrapper_iz3/hw/design_1_wrapper_iz3.xsa
TRACE::2024-12-08.18:22:20::SCWPlatform::DSA directory F:/Education/FPGA_Labs/Labs_2/lab4/audio_new/design_1_wrapper_iz3/hw
TRACE::2024-12-08.18:22:20::SCWPlatform:: Platform Path F:/Education/FPGA_Labs/Labs_2/lab4/audio_new/design_1_wrapper_iz3/hw/design_1_wrapper_iz3.xsa
TRACE::2024-12-08.18:22:20::SCWPlatform:: Unique name xilinx:zedboard::0.0
TRACE::2024-12-08.18:22:20::SCWPlatform::Trying to set the existing hwdb with name design_1_wrapper_14
TRACE::2024-12-08.18:22:20::SCWPlatform::Opened existing hwdb design_1_wrapper_14
TRACE::2024-12-08.18:22:20::SCWPlatform::Found the Hw Db part of the input DSA
TRACE::2024-12-08.18:22:20::SCWMssOS::Checking the sw design at  F:/Education/FPGA_Labs/Labs_2/lab4/audio_new/design_1_wrapper_iz3/ps7_cortexa9_0/standalone_ps7_cortexa9_0/bsp/system.mss
TRACE::2024-12-08.18:22:20::SCWMssOS::DEBUG:  swdes dump  F:/Education/FPGA_Labs/Labs_2/lab4/audio_new/audio/ps7_cortexa9_0/standalone_domain/bsp/system.mss|system_0||
F:/Education/FPGA_Labs/Labs_2/lab4/audio_new/audio/zynq_fsbl/zynq_fsbl_bsp/system.mss|system||
F:/Education/FPGA_Labs/Labs_2/lab4/audio_new/design_1_wrapper_iz/ps7_cortexa9_0/standalone_ps7_cortexa9_0/bsp/system.mss|system_2||
F:/Education/FPGA_Labs/Labs_2/lab4/audio_new/design_1_wrapper_iz/zynq_fsbl/zynq_fsbl_bsp/system.mss|system_1||
F:/Education/FPGA_Labs/Labs_2/lab4/audio_new/design_1_wrapper_iz3/ps7_cortexa9_0/standalone_ps7_cortexa9_0/bsp/system.mss|system_4||
F:/Education/FPGA_Labs/Labs_2/lab4/audio_new/design_1_wrapper_iz3/zynq_fsbl/zynq_fsbl_bsp/system.mss|system_3||

TRACE::2024-12-08.18:22:20::SCWMssOS::Sw design exists and opened at  F:/Education/FPGA_Labs/Labs_2/lab4/audio_new/design_1_wrapper_iz3/ps7_cortexa9_0/standalone_ps7_cortexa9_0/bsp/system.mss
TRACE::2024-12-08.18:22:20::SCWPlatform::Trying to open the hw design at F:/Education/FPGA_Labs/Labs_2/lab4/audio_new/design_1_wrapper_iz3/hw/design_1_wrapper_iz3.xsa
TRACE::2024-12-08.18:22:20::SCWPlatform::DSA given F:/Education/FPGA_Labs/Labs_2/lab4/audio_new/design_1_wrapper_iz3/hw/design_1_wrapper_iz3.xsa
TRACE::2024-12-08.18:22:20::SCWPlatform::DSA absoulate path F:/Education/FPGA_Labs/Labs_2/lab4/audio_new/design_1_wrapper_iz3/hw/design_1_wrapper_iz3.xsa
TRACE::2024-12-08.18:22:20::SCWPlatform::DSA directory F:/Education/FPGA_Labs/Labs_2/lab4/audio_new/design_1_wrapper_iz3/hw
TRACE::2024-12-08.18:22:20::SCWPlatform:: Platform Path F:/Education/FPGA_Labs/Labs_2/lab4/audio_new/design_1_wrapper_iz3/hw/design_1_wrapper_iz3.xsa
TRACE::2024-12-08.18:22:20::SCWPlatform:: Unique name xilinx:zedboard::0.0
TRACE::2024-12-08.18:22:20::SCWPlatform::Trying to set the existing hwdb with name design_1_wrapper_14
TRACE::2024-12-08.18:22:20::SCWPlatform::Opened existing hwdb design_1_wrapper_14
TRACE::2024-12-08.18:22:20::SCWPlatform::Found the Hw Db part of the input DSA
TRACE::2024-12-08.18:22:20::SCWMssOS::Checking the sw design at  F:/Education/FPGA_Labs/Labs_2/lab4/audio_new/design_1_wrapper_iz3/ps7_cortexa9_0/standalone_ps7_cortexa9_0/bsp/system.mss
TRACE::2024-12-08.18:22:20::SCWMssOS::DEBUG:  swdes dump  F:/Education/FPGA_Labs/Labs_2/lab4/audio_new/audio/ps7_cortexa9_0/standalone_domain/bsp/system.mss|system_0||
F:/Education/FPGA_Labs/Labs_2/lab4/audio_new/audio/zynq_fsbl/zynq_fsbl_bsp/system.mss|system||
F:/Education/FPGA_Labs/Labs_2/lab4/audio_new/design_1_wrapper_iz/ps7_cortexa9_0/standalone_ps7_cortexa9_0/bsp/system.mss|system_2||
F:/Education/FPGA_Labs/Labs_2/lab4/audio_new/design_1_wrapper_iz/zynq_fsbl/zynq_fsbl_bsp/system.mss|system_1||
F:/Education/FPGA_Labs/Labs_2/lab4/audio_new/design_1_wrapper_iz3/ps7_cortexa9_0/standalone_ps7_cortexa9_0/bsp/system.mss|system_4||
F:/Education/FPGA_Labs/Labs_2/lab4/audio_new/design_1_wrapper_iz3/zynq_fsbl/zynq_fsbl_bsp/system.mss|system_3||

TRACE::2024-12-08.18:22:20::SCWMssOS::Sw design exists and opened at  F:/Education/FPGA_Labs/Labs_2/lab4/audio_new/design_1_wrapper_iz3/ps7_cortexa9_0/standalone_ps7_cortexa9_0/bsp/system.mss
TRACE::2024-12-08.18:22:20::SCWPlatform::Trying to open the hw design at F:/Education/FPGA_Labs/Labs_2/lab4/audio_new/design_1_wrapper_iz3/hw/design_1_wrapper_iz3.xsa
TRACE::2024-12-08.18:22:20::SCWPlatform::DSA given F:/Education/FPGA_Labs/Labs_2/lab4/audio_new/design_1_wrapper_iz3/hw/design_1_wrapper_iz3.xsa
TRACE::2024-12-08.18:22:20::SCWPlatform::DSA absoulate path F:/Education/FPGA_Labs/Labs_2/lab4/audio_new/design_1_wrapper_iz3/hw/design_1_wrapper_iz3.xsa
TRACE::2024-12-08.18:22:20::SCWPlatform::DSA directory F:/Education/FPGA_Labs/Labs_2/lab4/audio_new/design_1_wrapper_iz3/hw
TRACE::2024-12-08.18:22:20::SCWPlatform:: Platform Path F:/Education/FPGA_Labs/Labs_2/lab4/audio_new/design_1_wrapper_iz3/hw/design_1_wrapper_iz3.xsa
TRACE::2024-12-08.18:22:20::SCWPlatform:: Unique name xilinx:zedboard::0.0
TRACE::2024-12-08.18:22:20::SCWPlatform::Trying to set the existing hwdb with name design_1_wrapper_14
TRACE::2024-12-08.18:22:20::SCWPlatform::Opened existing hwdb design_1_wrapper_14
TRACE::2024-12-08.18:22:20::SCWPlatform::Found the Hw Db part of the input DSA
TRACE::2024-12-08.18:22:20::SCWMssOS::Checking the sw design at  F:/Education/FPGA_Labs/Labs_2/lab4/audio_new/design_1_wrapper_iz3/ps7_cortexa9_0/standalone_ps7_cortexa9_0/bsp/system.mss
TRACE::2024-12-08.18:22:20::SCWMssOS::DEBUG:  swdes dump  F:/Education/FPGA_Labs/Labs_2/lab4/audio_new/audio/ps7_cortexa9_0/standalone_domain/bsp/system.mss|system_0||
F:/Education/FPGA_Labs/Labs_2/lab4/audio_new/audio/zynq_fsbl/zynq_fsbl_bsp/system.mss|system||
F:/Education/FPGA_Labs/Labs_2/lab4/audio_new/design_1_wrapper_iz/ps7_cortexa9_0/standalone_ps7_cortexa9_0/bsp/system.mss|system_2||
F:/Education/FPGA_Labs/Labs_2/lab4/audio_new/design_1_wrapper_iz/zynq_fsbl/zynq_fsbl_bsp/system.mss|system_1||
F:/Education/FPGA_Labs/Labs_2/lab4/audio_new/design_1_wrapper_iz3/ps7_cortexa9_0/standalone_ps7_cortexa9_0/bsp/system.mss|system_4||
F:/Education/FPGA_Labs/Labs_2/lab4/audio_new/design_1_wrapper_iz3/zynq_fsbl/zynq_fsbl_bsp/system.mss|system_3||

TRACE::2024-12-08.18:22:20::SCWMssOS::Sw design exists and opened at  F:/Education/FPGA_Labs/Labs_2/lab4/audio_new/design_1_wrapper_iz3/ps7_cortexa9_0/standalone_ps7_cortexa9_0/bsp/system.mss
TRACE::2024-12-08.18:22:20::SCWWriter::formatted JSON is {
	"platformName":	"design_1_wrapper_iz3",
	"sprVersion":	"2.0",
	"mode":	"gui",
	"dsaType":	"Fixed",
	"platformDesc":	"design_1_wrapper_iz3",
	"platHandOff":	"<platformDir>.xsa",
	"platIntHandOff":	"<platformDir>/hw/design_1_wrapper_iz3.xsa",
	"deviceType":	"zynq",
	"platIsPrebuiltAutogen":	"false",
	"platIsNoBootBsp":	"false",
	"platFsblTarget":	"ps7_cortexa9_0",
	"hasFsblMakeHasChanges":	"false",
	"hasPmufwMakeHasChanges":	"false",
	"fsblExtraCompilerFlags":	"-MMD -MP       -mcpu=cortex-a9 -mfpu=vfpv3 -mfloat-abi=hard ",
	"platPreBuiltFlag":	false,
	"platformSamplesDir":	"",
	"platActiveSys":	"design_1_wrapper_iz3",
	"systems":	[{
			"systemName":	"design_1_wrapper_iz3",
			"systemDesc":	"design_1_wrapper_iz3",
			"sysIsBootAutoGen":	"true",
			"systemDispName":	"design_1_wrapper_iz3",
			"sysActiveDom":	"standalone_ps7_cortexa9_0",
			"sysDefaultDom":	"standalone_ps7_cortexa9_0",
			"domains":	[{
					"domainName":	"zynq_fsbl",
					"domainDispName":	"zynq_fsbl",
					"domainDesc":	"FSBL Application BSP - Auto Generated.",
					"processors":	"ps7_cortexa9_0",
					"os":	"standalone",
					"sdxOs":	"standalone",
					"debugEnable":	"",
					"domRuntimes":	["cpp"],
					"swRepo":	"",
					"mssOsVer":	"8.1",
					"mssFile":	"",
					"md5Digest":	"d9a34af2dee52f902a49b7b36c0ab938",
					"compatibleApp":	"zynq_fsbl",
					"domType":	"bootDomain",
					"arch":	"32-bit",
					"appSettings":	{
						"appCompilerFlags":	"",
						"appLinkerFlags":	""
					},
					"addedLibs":	["xilffs:5.0", "xilrsa:1.6"],
					"libOptions":	{
						"libsContainingOptions":	[]
					},
					"prebuiltLibs":	{
						"prebuiltIncPath":	[],
						"prebuiltLibPath":	[]
					},
					"isolation":	{
					}
				}, {
					"domainName":	"standalone_ps7_cortexa9_0",
					"domainDispName":	"standalone_ps7_cortexa9_0",
					"domainDesc":	"standalone_ps7_cortexa9_0",
					"processors":	"ps7_cortexa9_0",
					"os":	"standalone",
					"sdxOs":	"standalone",
					"qemuArgs":	"<platformDir>/resources/design_1_wrapper_iz3/standalone_ps7_cortexa9_0/qemu_args.txt",
					"qemuData":	"<platformDir>/resources/design_1_wrapper_iz3/standalone_ps7_cortexa9_0/qemu",
					"debugEnable":	"False",
					"domRuntimes":	["cpp"],
					"swRepo":	"",
					"mssOsVer":	"8.1",
					"mssFile":	"",
					"md5Digest":	"9a5c07eb3fcbf029dead828c18c1b9c0",
					"compatibleApp":	"empty_application",
					"domType":	"mssDomain",
					"arch":	"32-bit",
					"appSettings":	{
						"appCompilerFlags":	"",
						"appLinkerFlags":	""
					},
					"addedLibs":	[],
					"libOptions":	{
						"libsContainingOptions":	[]
					},
					"prebuiltLibs":	{
						"prebuiltIncPath":	[],
						"prebuiltLibPath":	[]
					},
					"isolation":	{
					}
				}]
		}]
}
KEYINFO::2024-12-08.18:22:20::SCWPlatform::updated the xpfm file.
LOG::2024-12-08.18:23:45::SCWPlatform::Started generating the artifacts platform design_1_wrapper_iz3
TRACE::2024-12-08.18:23:45::SCWPlatform::Sanity checking of platform is completed
LOG::2024-12-08.18:23:45::SCWPlatform::Started generating the artifacts for system configuration design_1_wrapper_iz3
LOG::2024-12-08.18:23:45::SCWSystem::Checking the domain zynq_fsbl
LOG::2024-12-08.18:23:45::SCWSystem::Doing application build for :  zynq_fsbl
TRACE::2024-12-08.18:23:45::SCWBDomain::Not a forced makefile updation, No changes are present. 
TRACE::2024-12-08.18:23:45::SCWDomain::Building the domain as part of full build :  zynq_fsbl
TRACE::2024-12-08.18:23:45::SCWPlatform::Trying to open the hw design at F:/Education/FPGA_Labs/Labs_2/lab4/audio_new/design_1_wrapper_iz3/hw/design_1_wrapper_iz3.xsa
TRACE::2024-12-08.18:23:45::SCWPlatform::DSA given F:/Education/FPGA_Labs/Labs_2/lab4/audio_new/design_1_wrapper_iz3/hw/design_1_wrapper_iz3.xsa
TRACE::2024-12-08.18:23:45::SCWPlatform::DSA absoulate path F:/Education/FPGA_Labs/Labs_2/lab4/audio_new/design_1_wrapper_iz3/hw/design_1_wrapper_iz3.xsa
TRACE::2024-12-08.18:23:45::SCWPlatform::DSA directory F:/Education/FPGA_Labs/Labs_2/lab4/audio_new/design_1_wrapper_iz3/hw
TRACE::2024-12-08.18:23:45::SCWPlatform:: Platform Path F:/Education/FPGA_Labs/Labs_2/lab4/audio_new/design_1_wrapper_iz3/hw/design_1_wrapper_iz3.xsa
TRACE::2024-12-08.18:23:45::SCWPlatform:: Unique name xilinx:zedboard::0.0
TRACE::2024-12-08.18:23:45::SCWPlatform::Trying to set the existing hwdb with name design_1_wrapper_14
TRACE::2024-12-08.18:23:45::SCWPlatform::Opened existing hwdb design_1_wrapper_14
TRACE::2024-12-08.18:23:45::SCWPlatform::Found the Hw Db part of the input DSA
TRACE::2024-12-08.18:23:45::SCWMssOS::Checking the sw design at  F:/Education/FPGA_Labs/Labs_2/lab4/audio_new/design_1_wrapper_iz3/zynq_fsbl/zynq_fsbl_bsp/system.mss
TRACE::2024-12-08.18:23:45::SCWMssOS::DEBUG:  swdes dump  F:/Education/FPGA_Labs/Labs_2/lab4/audio_new/audio/ps7_cortexa9_0/standalone_domain/bsp/system.mss|system_0||
F:/Education/FPGA_Labs/Labs_2/lab4/audio_new/audio/zynq_fsbl/zynq_fsbl_bsp/system.mss|system||
F:/Education/FPGA_Labs/Labs_2/lab4/audio_new/design_1_wrapper_iz/ps7_cortexa9_0/standalone_ps7_cortexa9_0/bsp/system.mss|system_2||
F:/Education/FPGA_Labs/Labs_2/lab4/audio_new/design_1_wrapper_iz/zynq_fsbl/zynq_fsbl_bsp/system.mss|system_1||
F:/Education/FPGA_Labs/Labs_2/lab4/audio_new/design_1_wrapper_iz3/ps7_cortexa9_0/standalone_ps7_cortexa9_0/bsp/system.mss|system_4||
F:/Education/FPGA_Labs/Labs_2/lab4/audio_new/design_1_wrapper_iz3/zynq_fsbl/zynq_fsbl_bsp/system.mss|system_3||

TRACE::2024-12-08.18:23:45::SCWMssOS::Sw design exists and opened at  F:/Education/FPGA_Labs/Labs_2/lab4/audio_new/design_1_wrapper_iz3/zynq_fsbl/zynq_fsbl_bsp/system.mss
TRACE::2024-12-08.18:23:45::SCWBDomain::Completed writing the mss file at F:/Education/FPGA_Labs/Labs_2/lab4/audio_new/design_1_wrapper_iz3/zynq_fsbl/zynq_fsbl_bsp
TRACE::2024-12-08.18:23:45::SCWBDomain::bsp generated is upto date with the mss file. Skipping bsp generation.
TRACE::2024-12-08.18:23:45::SCWBDomain::Not a forced makefile updation, No changes are present. 
TRACE::2024-12-08.18:23:45::SCWBDomain::System Command Ran  F:&  cd  F:/Education/FPGA_Labs/Labs_2/lab4/audio_new/design_1_wrapper_iz3/zynq_fsbl& make -C  zynq_fsbl_bsp & make 
TRACE::2024-12-08.18:23:45::SCWBDomain::make: Entering directory 'F:/Education/FPGA_Labs/Labs_2/lab4/audio_new/design_1_wrapper_iz3/zynq_fsbl/zynq_fsbl_bsp'

TRACE::2024-12-08.18:23:45::SCWBDomain::make --no-print-directory seq_libs

TRACE::2024-12-08.18:23:45::SCWBDomain::"Running Make include in ps7_cortexa9_0/libsrc/coresightps_dcc_v1_8/src"

TRACE::2024-12-08.18:23:45::SCWBDomain::make -C ps7_cortexa9_0/libsrc/coresightps_dcc_v1_8/src -s include  "SHELL=CMD" "COMPILER=arm-none-eabi-gcc" "ASSEMBLER=arm-none
TRACE::2024-12-08.18:23:45::SCWBDomain::-eabi-as" "ARCHIVER=arm-none-eabi-ar" "COMPILER_FLAGS=  -O2 -c" "EXTRA_COMPILER_FLAGS=-mcpu=cortex-a9 -mfpu=vfpv3 -mfloat-abi=h
TRACE::2024-12-08.18:23:45::SCWBDomain::ard -nostartfiles -g -Wall -Wextra -fno-tree-loop-distribute-patterns"

TRACE::2024-12-08.18:23:45::SCWBDomain::"Running Make include in ps7_cortexa9_0/libsrc/cpu_cortexa9_v2_11/src"

TRACE::2024-12-08.18:23:45::SCWBDomain::make -C ps7_cortexa9_0/libsrc/cpu_cortexa9_v2_11/src -s include  "SHELL=CMD" "COMPILER=arm-none-eabi-gcc" "ASSEMBLER=arm-none-e
TRACE::2024-12-08.18:23:45::SCWBDomain::abi-as" "ARCHIVER=arm-none-eabi-ar" "COMPILER_FLAGS=  -O2 -c" "EXTRA_COMPILER_FLAGS=-mcpu=cortex-a9 -mfpu=vfpv3 -mfloat-abi=har
TRACE::2024-12-08.18:23:45::SCWBDomain::d -nostartfiles -g -Wall -Wextra -fno-tree-loop-distribute-patterns"

TRACE::2024-12-08.18:23:46::SCWBDomain::"Running Make include in ps7_cortexa9_0/libsrc/ddrps_v1_2/src"

TRACE::2024-12-08.18:23:46::SCWBDomain::make -C ps7_cortexa9_0/libsrc/ddrps_v1_2/src -s include  "SHELL=CMD" "COMPILER=arm-none-eabi-gcc" "ASSEMBLER=arm-none-eabi-as" 
TRACE::2024-12-08.18:23:46::SCWBDomain::"ARCHIVER=arm-none-eabi-ar" "COMPILER_FLAGS=  -O2 -c" "EXTRA_COMPILER_FLAGS=-mcpu=cortex-a9 -mfpu=vfpv3 -mfloat-abi=hard -nosta
TRACE::2024-12-08.18:23:46::SCWBDomain::rtfiles -g -Wall -Wextra -fno-tree-loop-distribute-patterns"

TRACE::2024-12-08.18:23:46::SCWBDomain::"Running Make include in ps7_cortexa9_0/libsrc/devcfg_v3_7/src"

TRACE::2024-12-08.18:23:46::SCWBDomain::make -C ps7_cortexa9_0/libsrc/devcfg_v3_7/src -s include  "SHELL=CMD" "COMPILER=arm-none-eabi-gcc" "ASSEMBLER=arm-none-eabi-as"
TRACE::2024-12-08.18:23:46::SCWBDomain:: "ARCHIVER=arm-none-eabi-ar" "COMPILER_FLAGS=  -O2 -c" "EXTRA_COMPILER_FLAGS=-mcpu=cortex-a9 -mfpu=vfpv3 -mfloat-abi=hard -nost
TRACE::2024-12-08.18:23:46::SCWBDomain::artfiles -g -Wall -Wextra -fno-tree-loop-distribute-patterns"

TRACE::2024-12-08.18:23:46::SCWBDomain::"Running Make include in ps7_cortexa9_0/libsrc/dmaps_v2_8/src"

TRACE::2024-12-08.18:23:46::SCWBDomain::make -C ps7_cortexa9_0/libsrc/dmaps_v2_8/src -s include  "SHELL=CMD" "COMPILER=arm-none-eabi-gcc" "ASSEMBLER=arm-none-eabi-as" 
TRACE::2024-12-08.18:23:46::SCWBDomain::"ARCHIVER=arm-none-eabi-ar" "COMPILER_FLAGS=  -O2 -c" "EXTRA_COMPILER_FLAGS=-mcpu=cortex-a9 -mfpu=vfpv3 -mfloat-abi=hard -nosta
TRACE::2024-12-08.18:23:46::SCWBDomain::rtfiles -g -Wall -Wextra -fno-tree-loop-distribute-patterns"

TRACE::2024-12-08.18:23:46::SCWBDomain::"Running Make include in ps7_cortexa9_0/libsrc/fir_v1_0/src"

TRACE::2024-12-08.18:23:46::SCWBDomain::make -C ps7_cortexa9_0/libsrc/fir_v1_0/src -s include  "SHELL=CMD" "COMPILER=arm-none-eabi-gcc" "ASSEMBLER=arm-none-eabi-as" "A
TRACE::2024-12-08.18:23:46::SCWBDomain::RCHIVER=arm-none-eabi-ar" "COMPILER_FLAGS=  -O2 -c" "EXTRA_COMPILER_FLAGS=-mcpu=cortex-a9 -mfpu=vfpv3 -mfloat-abi=hard -nostart
TRACE::2024-12-08.18:23:46::SCWBDomain::files -g -Wall -Wextra -fno-tree-loop-distribute-patterns"

TRACE::2024-12-08.18:23:47::SCWBDomain::"Running Make include in ps7_cortexa9_0/libsrc/gpio_v4_9/src"

TRACE::2024-12-08.18:23:47::SCWBDomain::make -C ps7_cortexa9_0/libsrc/gpio_v4_9/src -s include  "SHELL=CMD" "COMPILER=arm-none-eabi-gcc" "ASSEMBLER=arm-none-eabi-as" "
TRACE::2024-12-08.18:23:47::SCWBDomain::ARCHIVER=arm-none-eabi-ar" "COMPILER_FLAGS=  -O2 -c" "EXTRA_COMPILER_FLAGS=-mcpu=cortex-a9 -mfpu=vfpv3 -mfloat-abi=hard -nostar
TRACE::2024-12-08.18:23:47::SCWBDomain::tfiles -g -Wall -Wextra -fno-tree-loop-distribute-patterns"

TRACE::2024-12-08.18:23:47::SCWBDomain::"Running Make include in ps7_cortexa9_0/libsrc/iicps_v3_17/src"

TRACE::2024-12-08.18:23:47::SCWBDomain::make -C ps7_cortexa9_0/libsrc/iicps_v3_17/src -s include  "SHELL=CMD" "COMPILER=arm-none-eabi-gcc" "ASSEMBLER=arm-none-eabi-as"
TRACE::2024-12-08.18:23:47::SCWBDomain:: "ARCHIVER=arm-none-eabi-ar" "COMPILER_FLAGS=  -O2 -c" "EXTRA_COMPILER_FLAGS=-mcpu=cortex-a9 -mfpu=vfpv3 -mfloat-abi=hard -nost
TRACE::2024-12-08.18:23:47::SCWBDomain::artfiles -g -Wall -Wextra -fno-tree-loop-distribute-patterns"

TRACE::2024-12-08.18:23:47::SCWBDomain::"Running Make include in ps7_cortexa9_0/libsrc/qspips_v3_10/src"

TRACE::2024-12-08.18:23:47::SCWBDomain::make -C ps7_cortexa9_0/libsrc/qspips_v3_10/src -s include  "SHELL=CMD" "COMPILER=arm-none-eabi-gcc" "ASSEMBLER=arm-none-eabi-as
TRACE::2024-12-08.18:23:47::SCWBDomain::" "ARCHIVER=arm-none-eabi-ar" "COMPILER_FLAGS=  -O2 -c" "EXTRA_COMPILER_FLAGS=-mcpu=cortex-a9 -mfpu=vfpv3 -mfloat-abi=hard -nos
TRACE::2024-12-08.18:23:47::SCWBDomain::tartfiles -g -Wall -Wextra -fno-tree-loop-distribute-patterns"

TRACE::2024-12-08.18:23:47::SCWBDomain::"Running Make include in ps7_cortexa9_0/libsrc/scugic_v5_1/src"

TRACE::2024-12-08.18:23:47::SCWBDomain::make -C ps7_cortexa9_0/libsrc/scugic_v5_1/src -s include  "SHELL=CMD" "COMPILER=arm-none-eabi-gcc" "ASSEMBLER=arm-none-eabi-as"
TRACE::2024-12-08.18:23:47::SCWBDomain:: "ARCHIVER=arm-none-eabi-ar" "COMPILER_FLAGS=  -O2 -c" "EXTRA_COMPILER_FLAGS=-mcpu=cortex-a9 -mfpu=vfpv3 -mfloat-abi=hard -nost
TRACE::2024-12-08.18:23:47::SCWBDomain::artfiles -g -Wall -Wextra -fno-tree-loop-distribute-patterns"

TRACE::2024-12-08.18:23:47::SCWBDomain::"Running Make include in ps7_cortexa9_0/libsrc/scutimer_v2_4/src"

TRACE::2024-12-08.18:23:47::SCWBDomain::make -C ps7_cortexa9_0/libsrc/scutimer_v2_4/src -s include  "SHELL=CMD" "COMPILER=arm-none-eabi-gcc" "ASSEMBLER=arm-none-eabi-a
TRACE::2024-12-08.18:23:47::SCWBDomain::s" "ARCHIVER=arm-none-eabi-ar" "COMPILER_FLAGS=  -O2 -c" "EXTRA_COMPILER_FLAGS=-mcpu=cortex-a9 -mfpu=vfpv3 -mfloat-abi=hard -no
TRACE::2024-12-08.18:23:47::SCWBDomain::startfiles -g -Wall -Wextra -fno-tree-loop-distribute-patterns"

TRACE::2024-12-08.18:23:47::SCWBDomain::"Running Make include in ps7_cortexa9_0/libsrc/scuwdt_v2_4/src"

TRACE::2024-12-08.18:23:47::SCWBDomain::make -C ps7_cortexa9_0/libsrc/scuwdt_v2_4/src -s include  "SHELL=CMD" "COMPILER=arm-none-eabi-gcc" "ASSEMBLER=arm-none-eabi-as"
TRACE::2024-12-08.18:23:47::SCWBDomain:: "ARCHIVER=arm-none-eabi-ar" "COMPILER_FLAGS=  -O2 -c" "EXTRA_COMPILER_FLAGS=-mcpu=cortex-a9 -mfpu=vfpv3 -mfloat-abi=hard -nost
TRACE::2024-12-08.18:23:47::SCWBDomain::artfiles -g -Wall -Wextra -fno-tree-loop-distribute-patterns"

TRACE::2024-12-08.18:23:47::SCWBDomain::"Running Make include in ps7_cortexa9_0/libsrc/standalone_v8_1/src"

TRACE::2024-12-08.18:23:47::SCWBDomain::make -C ps7_cortexa9_0/libsrc/standalone_v8_1/src -s include  "SHELL=CMD" "COMPILER=arm-none-eabi-gcc" "ASSEMBLER=arm-none-eabi
TRACE::2024-12-08.18:23:47::SCWBDomain::-as" "ARCHIVER=arm-none-eabi-ar" "COMPILER_FLAGS=  -O2 -c" "EXTRA_COMPILER_FLAGS=-mcpu=cortex-a9 -mfpu=vfpv3 -mfloat-abi=hard -
TRACE::2024-12-08.18:23:47::SCWBDomain::nostartfiles -g -Wall -Wextra -fno-tree-loop-distribute-patterns"

TRACE::2024-12-08.18:23:48::SCWBDomain::"Running Make include in ps7_cortexa9_0/libsrc/uartps_v3_12/src"

TRACE::2024-12-08.18:23:48::SCWBDomain::make -C ps7_cortexa9_0/libsrc/uartps_v3_12/src -s include  "SHELL=CMD" "COMPILER=arm-none-eabi-gcc" "ASSEMBLER=arm-none-eabi-as
TRACE::2024-12-08.18:23:48::SCWBDomain::" "ARCHIVER=arm-none-eabi-ar" "COMPILER_FLAGS=  -O2 -c" "EXTRA_COMPILER_FLAGS=-mcpu=cortex-a9 -mfpu=vfpv3 -mfloat-abi=hard -nos
TRACE::2024-12-08.18:23:48::SCWBDomain::tartfiles -g -Wall -Wextra -fno-tree-loop-distribute-patterns"

TRACE::2024-12-08.18:23:48::SCWBDomain::"Running Make include in ps7_cortexa9_0/libsrc/xadcps_v2_6/src"

TRACE::2024-12-08.18:23:48::SCWBDomain::make -C ps7_cortexa9_0/libsrc/xadcps_v2_6/src -s include  "SHELL=CMD" "COMPILER=arm-none-eabi-gcc" "ASSEMBLER=arm-none-eabi-as"
TRACE::2024-12-08.18:23:48::SCWBDomain:: "ARCHIVER=arm-none-eabi-ar" "COMPILER_FLAGS=  -O2 -c" "EXTRA_COMPILER_FLAGS=-mcpu=cortex-a9 -mfpu=vfpv3 -mfloat-abi=hard -nost
TRACE::2024-12-08.18:23:48::SCWBDomain::artfiles -g -Wall -Wextra -fno-tree-loop-distribute-patterns"

TRACE::2024-12-08.18:23:48::SCWBDomain::"Running Make include in ps7_cortexa9_0/libsrc/xilffs_v5_0/src"

TRACE::2024-12-08.18:23:48::SCWBDomain::make -C ps7_cortexa9_0/libsrc/xilffs_v5_0/src -s include  "SHELL=CMD" "COMPILER=arm-none-eabi-gcc" "ASSEMBLER=arm-none-eabi-as"
TRACE::2024-12-08.18:23:48::SCWBDomain:: "ARCHIVER=arm-none-eabi-ar" "COMPILER_FLAGS=  -O2 -c" "EXTRA_COMPILER_FLAGS=-mcpu=cortex-a9 -mfpu=vfpv3 -mfloat-abi=hard -nost
TRACE::2024-12-08.18:23:48::SCWBDomain::artfiles -g -Wall -Wextra -fno-tree-loop-distribute-patterns"

TRACE::2024-12-08.18:23:48::SCWBDomain::"Running Make include in ps7_cortexa9_0/libsrc/xilrsa_v1_6/src"

TRACE::2024-12-08.18:23:48::SCWBDomain::make -C ps7_cortexa9_0/libsrc/xilrsa_v1_6/src -s include  "SHELL=CMD" "COMPILER=arm-none-eabi-gcc" "ASSEMBLER=arm-none-eabi-as"
TRACE::2024-12-08.18:23:48::SCWBDomain:: "ARCHIVER=arm-none-eabi-ar" "COMPILER_FLAGS=  -O2 -c" "EXTRA_COMPILER_FLAGS=-mcpu=cortex-a9 -mfpu=vfpv3 -mfloat-abi=hard -nost
TRACE::2024-12-08.18:23:48::SCWBDomain::artfiles -g -Wall -Wextra -fno-tree-loop-distribute-patterns"

TRACE::2024-12-08.18:23:48::SCWBDomain::"Running Make libs in ps7_cortexa9_0/libsrc/fir_v1_0/src"

TRACE::2024-12-08.18:23:48::SCWBDomain::make -C ps7_cortexa9_0/libsrc/fir_v1_0/src -s libs  "SHELL=CMD" "COMPILER=arm-none-eabi-gcc" "ASSEMBLER=arm-none-eabi-as" "ARCH
TRACE::2024-12-08.18:23:48::SCWBDomain::IVER=arm-none-eabi-ar" "COMPILER_FLAGS=  -O2 -c" "EXTRA_COMPILER_FLAGS=-mcpu=cortex-a9 -mfpu=vfpv3 -mfloat-abi=hard -nostartfil
TRACE::2024-12-08.18:23:48::SCWBDomain::es -g -Wall -Wextra -fno-tree-loop-distribute-patterns"

TRACE::2024-12-08.18:23:48::SCWBDomain::"Building fir"

TRACE::2024-12-08.18:23:48::SCWBDomain::"Running Make libs in ps7_cortexa9_0/libsrc/xilrsa_v1_6/src"

TRACE::2024-12-08.18:23:48::SCWBDomain::make -C ps7_cortexa9_0/libsrc/xilrsa_v1_6/src -s libs  "SHELL=CMD" "COMPILER=arm-none-eabi-gcc" "ASSEMBLER=arm-none-eabi-as" "A
TRACE::2024-12-08.18:23:48::SCWBDomain::RCHIVER=arm-none-eabi-ar" "COMPILER_FLAGS=  -O2 -c" "EXTRA_COMPILER_FLAGS=-mcpu=cortex-a9 -mfpu=vfpv3 -mfloat-abi=hard -nostart
TRACE::2024-12-08.18:23:48::SCWBDomain::files -g -Wall -Wextra -fno-tree-loop-distribute-patterns"

TRACE::2024-12-08.18:23:48::SCWBDomain::'Finished building libraries sequentially.'

TRACE::2024-12-08.18:23:48::SCWBDomain::make -j 10 --no-print-directory par_libs

TRACE::2024-12-08.18:23:48::SCWBDomain::"Running Make include in ps7_cortexa9_0/libsrc/coresightps_dcc_v1_8/src"

TRACE::2024-12-08.18:23:48::SCWBDomain::make -C ps7_cortexa9_0/libsrc/coresightps_dcc_v1_8/src -s include  "SHELL=CMD" "COMPILER=arm-none-eabi-gcc" "ASSEMBLER=arm-none
TRACE::2024-12-08.18:23:48::SCWBDomain::-eabi-as" "ARCHIVER=arm-none-eabi-ar" "COMPILER_FLAGS=  -O2 -c" "EXTRA_COMPILER_FLAGS=-mcpu=cortex-a9 -mfpu=vfpv3 -mfloat-abi=h
TRACE::2024-12-08.18:23:48::SCWBDomain::ard -nostartfiles -g -Wall -Wextra -fno-tree-loop-distribute-patterns"

TRACE::2024-12-08.18:23:48::SCWBDomain::"Running Make include in ps7_cortexa9_0/libsrc/cpu_cortexa9_v2_11/src"

TRACE::2024-12-08.18:23:48::SCWBDomain::make -C ps7_cortexa9_0/libsrc/cpu_cortexa9_v2_11/src -s include  "SHELL=CMD" "COMPILER=arm-none-eabi-gcc" "ASSEMBLER=arm-none-e
TRACE::2024-12-08.18:23:48::SCWBDomain::abi-as" "ARCHIVER=arm-none-eabi-ar" "COMPILER_FLAGS=  -O2 -c" "EXTRA_COMPILER_FLAGS=-mcpu=cortex-a9 -mfpu=vfpv3 -mfloat-abi=har
TRACE::2024-12-08.18:23:48::SCWBDomain::d -nostartfiles -g -Wall -Wextra -fno-tree-loop-distribute-patterns"

TRACE::2024-12-08.18:23:49::SCWBDomain::"Running Make include in ps7_cortexa9_0/libsrc/ddrps_v1_2/src"

TRACE::2024-12-08.18:23:49::SCWBDomain::make -C ps7_cortexa9_0/libsrc/ddrps_v1_2/src -s include  "SHELL=CMD" "COMPILER=arm-none-eabi-gcc" "ASSEMBLER=arm-none-eabi-as" 
TRACE::2024-12-08.18:23:49::SCWBDomain::"ARCHIVER=arm-none-eabi-ar" "COMPILER_FLAGS=  -O2 -c" "EXTRA_COMPILER_FLAGS=-mcpu=cortex-a9 -mfpu=vfpv3 -mfloat-abi=hard -nosta
TRACE::2024-12-08.18:23:49::SCWBDomain::rtfiles -g -Wall -Wextra -fno-tree-loop-distribute-patterns"

TRACE::2024-12-08.18:23:49::SCWBDomain::"Running Make include in ps7_cortexa9_0/libsrc/devcfg_v3_7/src"

TRACE::2024-12-08.18:23:49::SCWBDomain::make -C ps7_cortexa9_0/libsrc/devcfg_v3_7/src -s include  "SHELL=CMD" "COMPILER=arm-none-eabi-gcc" "ASSEMBLER=arm-none-eabi-as"
TRACE::2024-12-08.18:23:49::SCWBDomain:: "ARCHIVER=arm-none-eabi-ar" "COMPILER_FLAGS=  -O2 -c" "EXTRA_COMPILER_FLAGS=-mcpu=cortex-a9 -mfpu=vfpv3 -mfloat-abi=hard -nost
TRACE::2024-12-08.18:23:49::SCWBDomain::artfiles -g -Wall -Wextra -fno-tree-loop-distribute-patterns"

TRACE::2024-12-08.18:23:49::SCWBDomain::"Running Make include in ps7_cortexa9_0/libsrc/dmaps_v2_8/src"

TRACE::2024-12-08.18:23:49::SCWBDomain::make -C ps7_cortexa9_0/libsrc/dmaps_v2_8/src -s include  "SHELL=CMD" "COMPILER=arm-none-eabi-gcc" "ASSEMBLER=arm-none-eabi-as" 
TRACE::2024-12-08.18:23:49::SCWBDomain::"ARCHIVER=arm-none-eabi-ar" "COMPILER_FLAGS=  -O2 -c" "EXTRA_COMPILER_FLAGS=-mcpu=cortex-a9 -mfpu=vfpv3 -mfloat-abi=hard -nosta
TRACE::2024-12-08.18:23:49::SCWBDomain::rtfiles -g -Wall -Wextra -fno-tree-loop-distribute-patterns"

TRACE::2024-12-08.18:23:49::SCWBDomain::"Running Make include in ps7_cortexa9_0/libsrc/fir_v1_0/src"

TRACE::2024-12-08.18:23:49::SCWBDomain::make -C ps7_cortexa9_0/libsrc/fir_v1_0/src -s include  "SHELL=CMD" "COMPILER=arm-none-eabi-gcc" "ASSEMBLER=arm-none-eabi-as" "A
TRACE::2024-12-08.18:23:49::SCWBDomain::RCHIVER=arm-none-eabi-ar" "COMPILER_FLAGS=  -O2 -c" "EXTRA_COMPILER_FLAGS=-mcpu=cortex-a9 -mfpu=vfpv3 -mfloat-abi=hard -nostart
TRACE::2024-12-08.18:23:49::SCWBDomain::files -g -Wall -Wextra -fno-tree-loop-distribute-patterns"

TRACE::2024-12-08.18:23:49::SCWBDomain::"Running Make include in ps7_cortexa9_0/libsrc/gpio_v4_9/src"

TRACE::2024-12-08.18:23:49::SCWBDomain::make -C ps7_cortexa9_0/libsrc/gpio_v4_9/src -s include  "SHELL=CMD" "COMPILER=arm-none-eabi-gcc" "ASSEMBLER=arm-none-eabi-as" "
TRACE::2024-12-08.18:23:49::SCWBDomain::ARCHIVER=arm-none-eabi-ar" "COMPILER_FLAGS=  -O2 -c" "EXTRA_COMPILER_FLAGS=-mcpu=cortex-a9 -mfpu=vfpv3 -mfloat-abi=hard -nostar
TRACE::2024-12-08.18:23:49::SCWBDomain::tfiles -g -Wall -Wextra -fno-tree-loop-distribute-patterns"

TRACE::2024-12-08.18:23:49::SCWBDomain::"Running Make include in ps7_cortexa9_0/libsrc/iicps_v3_17/src"

TRACE::2024-12-08.18:23:49::SCWBDomain::make -C ps7_cortexa9_0/libsrc/iicps_v3_17/src -s include  "SHELL=CMD" "COMPILER=arm-none-eabi-gcc" "ASSEMBLER=arm-none-eabi-as"
TRACE::2024-12-08.18:23:49::SCWBDomain:: "ARCHIVER=arm-none-eabi-ar" "COMPILER_FLAGS=  -O2 -c" "EXTRA_COMPILER_FLAGS=-mcpu=cortex-a9 -mfpu=vfpv3 -mfloat-abi=hard -nost
TRACE::2024-12-08.18:23:49::SCWBDomain::artfiles -g -Wall -Wextra -fno-tree-loop-distribute-patterns"

TRACE::2024-12-08.18:23:49::SCWBDomain::"Running Make include in ps7_cortexa9_0/libsrc/qspips_v3_10/src"

TRACE::2024-12-08.18:23:49::SCWBDomain::make -C ps7_cortexa9_0/libsrc/qspips_v3_10/src -s include  "SHELL=CMD" "COMPILER=arm-none-eabi-gcc" "ASSEMBLER=arm-none-eabi-as
TRACE::2024-12-08.18:23:49::SCWBDomain::" "ARCHIVER=arm-none-eabi-ar" "COMPILER_FLAGS=  -O2 -c" "EXTRA_COMPILER_FLAGS=-mcpu=cortex-a9 -mfpu=vfpv3 -mfloat-abi=hard -nos
TRACE::2024-12-08.18:23:49::SCWBDomain::tartfiles -g -Wall -Wextra -fno-tree-loop-distribute-patterns"

TRACE::2024-12-08.18:23:49::SCWBDomain::"Running Make include in ps7_cortexa9_0/libsrc/scugic_v5_1/src"

TRACE::2024-12-08.18:23:49::SCWBDomain::make -C ps7_cortexa9_0/libsrc/scugic_v5_1/src -s include  "SHELL=CMD" "COMPILER=arm-none-eabi-gcc" "ASSEMBLER=arm-none-eabi-as"
TRACE::2024-12-08.18:23:49::SCWBDomain:: "ARCHIVER=arm-none-eabi-ar" "COMPILER_FLAGS=  -O2 -c" "EXTRA_COMPILER_FLAGS=-mcpu=cortex-a9 -mfpu=vfpv3 -mfloat-abi=hard -nost
TRACE::2024-12-08.18:23:49::SCWBDomain::artfiles -g -Wall -Wextra -fno-tree-loop-distribute-patterns"

TRACE::2024-12-08.18:23:49::SCWBDomain::"Running Make include in ps7_cortexa9_0/libsrc/scutimer_v2_4/src"

TRACE::2024-12-08.18:23:49::SCWBDomain::make -C ps7_cortexa9_0/libsrc/scutimer_v2_4/src -s include  "SHELL=CMD" "COMPILER=arm-none-eabi-gcc" "ASSEMBLER=arm-none-eabi-a
TRACE::2024-12-08.18:23:49::SCWBDomain::s" "ARCHIVER=arm-none-eabi-ar" "COMPILER_FLAGS=  -O2 -c" "EXTRA_COMPILER_FLAGS=-mcpu=cortex-a9 -mfpu=vfpv3 -mfloat-abi=hard -no
TRACE::2024-12-08.18:23:49::SCWBDomain::startfiles -g -Wall -Wextra -fno-tree-loop-distribute-patterns"

TRACE::2024-12-08.18:23:49::SCWBDomain::"Running Make include in ps7_cortexa9_0/libsrc/scuwdt_v2_4/src"

TRACE::2024-12-08.18:23:49::SCWBDomain::make -C ps7_cortexa9_0/libsrc/scuwdt_v2_4/src -s include  "SHELL=CMD" "COMPILER=arm-none-eabi-gcc" "ASSEMBLER=arm-none-eabi-as"
TRACE::2024-12-08.18:23:49::SCWBDomain:: "ARCHIVER=arm-none-eabi-ar" "COMPILER_FLAGS=  -O2 -c" "EXTRA_COMPILER_FLAGS=-mcpu=cortex-a9 -mfpu=vfpv3 -mfloat-abi=hard -nost
TRACE::2024-12-08.18:23:49::SCWBDomain::artfiles -g -Wall -Wextra -fno-tree-loop-distribute-patterns"

TRACE::2024-12-08.18:23:49::SCWBDomain::"Running Make include in ps7_cortexa9_0/libsrc/standalone_v8_1/src"

TRACE::2024-12-08.18:23:49::SCWBDomain::make -C ps7_cortexa9_0/libsrc/standalone_v8_1/src -s include  "SHELL=CMD" "COMPILER=arm-none-eabi-gcc" "ASSEMBLER=arm-none-eabi
TRACE::2024-12-08.18:23:49::SCWBDomain::-as" "ARCHIVER=arm-none-eabi-ar" "COMPILER_FLAGS=  -O2 -c" "EXTRA_COMPILER_FLAGS=-mcpu=cortex-a9 -mfpu=vfpv3 -mfloat-abi=hard -
TRACE::2024-12-08.18:23:49::SCWBDomain::nostartfiles -g -Wall -Wextra -fno-tree-loop-distribute-patterns"

TRACE::2024-12-08.18:23:49::SCWBDomain::"Running Make include in ps7_cortexa9_0/libsrc/uartps_v3_12/src"

TRACE::2024-12-08.18:23:49::SCWBDomain::make -C ps7_cortexa9_0/libsrc/uartps_v3_12/src -s include  "SHELL=CMD" "COMPILER=arm-none-eabi-gcc" "ASSEMBLER=arm-none-eabi-as
TRACE::2024-12-08.18:23:49::SCWBDomain::" "ARCHIVER=arm-none-eabi-ar" "COMPILER_FLAGS=  -O2 -c" "EXTRA_COMPILER_FLAGS=-mcpu=cortex-a9 -mfpu=vfpv3 -mfloat-abi=hard -nos
TRACE::2024-12-08.18:23:49::SCWBDomain::tartfiles -g -Wall -Wextra -fno-tree-loop-distribute-patterns"

TRACE::2024-12-08.18:23:49::SCWBDomain::"Running Make include in ps7_cortexa9_0/libsrc/xadcps_v2_6/src"

TRACE::2024-12-08.18:23:49::SCWBDomain::make -C ps7_cortexa9_0/libsrc/xadcps_v2_6/src -s include  "SHELL=CMD" "COMPILER=arm-none-eabi-gcc" "ASSEMBLER=arm-none-eabi-as"
TRACE::2024-12-08.18:23:49::SCWBDomain:: "ARCHIVER=arm-none-eabi-ar" "COMPILER_FLAGS=  -O2 -c" "EXTRA_COMPILER_FLAGS=-mcpu=cortex-a9 -mfpu=vfpv3 -mfloat-abi=hard -nost
TRACE::2024-12-08.18:23:49::SCWBDomain::artfiles -g -Wall -Wextra -fno-tree-loop-distribute-patterns"

TRACE::2024-12-08.18:23:49::SCWBDomain::"Running Make include in ps7_cortexa9_0/libsrc/xilffs_v5_0/src"

TRACE::2024-12-08.18:23:49::SCWBDomain::make -C ps7_cortexa9_0/libsrc/xilffs_v5_0/src -s include  "SHELL=CMD" "COMPILER=arm-none-eabi-gcc" "ASSEMBLER=arm-none-eabi-as"
TRACE::2024-12-08.18:23:49::SCWBDomain:: "ARCHIVER=arm-none-eabi-ar" "COMPILER_FLAGS=  -O2 -c" "EXTRA_COMPILER_FLAGS=-mcpu=cortex-a9 -mfpu=vfpv3 -mfloat-abi=hard -nost
TRACE::2024-12-08.18:23:49::SCWBDomain::artfiles -g -Wall -Wextra -fno-tree-loop-distribute-patterns"

TRACE::2024-12-08.18:23:49::SCWBDomain::"Running Make include in ps7_cortexa9_0/libsrc/xilrsa_v1_6/src"

TRACE::2024-12-08.18:23:49::SCWBDomain::make -C ps7_cortexa9_0/libsrc/xilrsa_v1_6/src -s include  "SHELL=CMD" "COMPILER=arm-none-eabi-gcc" "ASSEMBLER=arm-none-eabi-as"
TRACE::2024-12-08.18:23:49::SCWBDomain:: "ARCHIVER=arm-none-eabi-ar" "COMPILER_FLAGS=  -O2 -c" "EXTRA_COMPILER_FLAGS=-mcpu=cortex-a9 -mfpu=vfpv3 -mfloat-abi=hard -nost
TRACE::2024-12-08.18:23:49::SCWBDomain::artfiles -g -Wall -Wextra -fno-tree-loop-distribute-patterns"

TRACE::2024-12-08.18:23:49::SCWBDomain::"Running Make libs in ps7_cortexa9_0/libsrc/coresightps_dcc_v1_8/src"

TRACE::2024-12-08.18:23:49::SCWBDomain::make -C ps7_cortexa9_0/libsrc/coresightps_dcc_v1_8/src -s libs  "SHELL=CMD" "COMPILER=arm-none-eabi-gcc" "ASSEMBLER=arm-none-ea
TRACE::2024-12-08.18:23:49::SCWBDomain::bi-as" "ARCHIVER=arm-none-eabi-ar" "COMPILER_FLAGS=  -O2 -c" "EXTRA_COMPILER_FLAGS=-mcpu=cortex-a9 -mfpu=vfpv3 -mfloat-abi=hard
TRACE::2024-12-08.18:23:49::SCWBDomain:: -nostartfiles -g -Wall -Wextra -fno-tree-loop-distribute-patterns"

TRACE::2024-12-08.18:23:49::SCWBDomain::"Running Make libs in ps7_cortexa9_0/libsrc/cpu_cortexa9_v2_11/src"

TRACE::2024-12-08.18:23:49::SCWBDomain::make -C ps7_cortexa9_0/libsrc/cpu_cortexa9_v2_11/src -s libs  "SHELL=CMD" "COMPILER=arm-none-eabi-gcc" "ASSEMBLER=arm-none-eabi
TRACE::2024-12-08.18:23:49::SCWBDomain::-as" "ARCHIVER=arm-none-eabi-ar" "COMPILER_FLAGS=  -O2 -c" "EXTRA_COMPILER_FLAGS=-mcpu=cortex-a9 -mfpu=vfpv3 -mfloat-abi=hard -
TRACE::2024-12-08.18:23:49::SCWBDomain::nostartfiles -g -Wall -Wextra -fno-tree-loop-distribute-patterns"

TRACE::2024-12-08.18:23:49::SCWBDomain::"Running Make libs in ps7_cortexa9_0/libsrc/ddrps_v1_2/src"

TRACE::2024-12-08.18:23:49::SCWBDomain::make -C ps7_cortexa9_0/libsrc/ddrps_v1_2/src -s libs  "SHELL=CMD" "COMPILER=arm-none-eabi-gcc" "ASSEMBLER=arm-none-eabi-as" "AR
TRACE::2024-12-08.18:23:49::SCWBDomain::CHIVER=arm-none-eabi-ar" "COMPILER_FLAGS=  -O2 -c" "EXTRA_COMPILER_FLAGS=-mcpu=cortex-a9 -mfpu=vfpv3 -mfloat-abi=hard -nostartf
TRACE::2024-12-08.18:23:49::SCWBDomain::iles -g -Wall -Wextra -fno-tree-loop-distribute-patterns"

TRACE::2024-12-08.18:23:49::SCWBDomain::"Running Make libs in ps7_cortexa9_0/libsrc/devcfg_v3_7/src"

TRACE::2024-12-08.18:23:49::SCWBDomain::make -C ps7_cortexa9_0/libsrc/devcfg_v3_7/src -s libs  "SHELL=CMD" "COMPILER=arm-none-eabi-gcc" "ASSEMBLER=arm-none-eabi-as" "A
TRACE::2024-12-08.18:23:49::SCWBDomain::RCHIVER=arm-none-eabi-ar" "COMPILER_FLAGS=  -O2 -c" "EXTRA_COMPILER_FLAGS=-mcpu=cortex-a9 -mfpu=vfpv3 -mfloat-abi=hard -nostart
TRACE::2024-12-08.18:23:49::SCWBDomain::files -g -Wall -Wextra -fno-tree-loop-distribute-patterns"

TRACE::2024-12-08.18:23:49::SCWBDomain::"Running Make libs in ps7_cortexa9_0/libsrc/dmaps_v2_8/src"

TRACE::2024-12-08.18:23:49::SCWBDomain::make -C ps7_cortexa9_0/libsrc/dmaps_v2_8/src -s libs  "SHELL=CMD" "COMPILER=arm-none-eabi-gcc" "ASSEMBLER=arm-none-eabi-as" "AR
TRACE::2024-12-08.18:23:49::SCWBDomain::CHIVER=arm-none-eabi-ar" "COMPILER_FLAGS=  -O2 -c" "EXTRA_COMPILER_FLAGS=-mcpu=cortex-a9 -mfpu=vfpv3 -mfloat-abi=hard -nostartf
TRACE::2024-12-08.18:23:49::SCWBDomain::iles -g -Wall -Wextra -fno-tree-loop-distribute-patterns"

TRACE::2024-12-08.18:23:49::SCWBDomain::"Running Make libs in ps7_cortexa9_0/libsrc/gpio_v4_9/src"

TRACE::2024-12-08.18:23:49::SCWBDomain::make -C ps7_cortexa9_0/libsrc/gpio_v4_9/src -s libs  "SHELL=CMD" "COMPILER=arm-none-eabi-gcc" "ASSEMBLER=arm-none-eabi-as" "ARC
TRACE::2024-12-08.18:23:49::SCWBDomain::HIVER=arm-none-eabi-ar" "COMPILER_FLAGS=  -O2 -c" "EXTRA_COMPILER_FLAGS=-mcpu=cortex-a9 -mfpu=vfpv3 -mfloat-abi=hard -nostartfi
TRACE::2024-12-08.18:23:49::SCWBDomain::les -g -Wall -Wextra -fno-tree-loop-distribute-patterns"

TRACE::2024-12-08.18:23:49::SCWBDomain::"Running Make libs in ps7_cortexa9_0/libsrc/iicps_v3_17/src"

TRACE::2024-12-08.18:23:49::SCWBDomain::make -C ps7_cortexa9_0/libsrc/iicps_v3_17/src -s libs  "SHELL=CMD" "COMPILER=arm-none-eabi-gcc" "ASSEMBLER=arm-none-eabi-as" "A
TRACE::2024-12-08.18:23:49::SCWBDomain::RCHIVER=arm-none-eabi-ar" "COMPILER_FLAGS=  -O2 -c" "EXTRA_COMPILER_FLAGS=-mcpu=cortex-a9 -mfpu=vfpv3 -mfloat-abi=hard -nostart
TRACE::2024-12-08.18:23:49::SCWBDomain::files -g -Wall -Wextra -fno-tree-loop-distribute-patterns"

TRACE::2024-12-08.18:23:49::SCWBDomain::"Running Make libs in ps7_cortexa9_0/libsrc/qspips_v3_10/src"

TRACE::2024-12-08.18:23:49::SCWBDomain::make -C ps7_cortexa9_0/libsrc/qspips_v3_10/src -s libs  "SHELL=CMD" "COMPILER=arm-none-eabi-gcc" "ASSEMBLER=arm-none-eabi-as" "
TRACE::2024-12-08.18:23:49::SCWBDomain::ARCHIVER=arm-none-eabi-ar" "COMPILER_FLAGS=  -O2 -c" "EXTRA_COMPILER_FLAGS=-mcpu=cortex-a9 -mfpu=vfpv3 -mfloat-abi=hard -nostar
TRACE::2024-12-08.18:23:49::SCWBDomain::tfiles -g -Wall -Wextra -fno-tree-loop-distribute-patterns"

TRACE::2024-12-08.18:23:49::SCWBDomain::"Running Make libs in ps7_cortexa9_0/libsrc/scugic_v5_1/src"

TRACE::2024-12-08.18:23:49::SCWBDomain::make -C ps7_cortexa9_0/libsrc/scugic_v5_1/src -s libs  "SHELL=CMD" "COMPILER=arm-none-eabi-gcc" "ASSEMBLER=arm-none-eabi-as" "A
TRACE::2024-12-08.18:23:49::SCWBDomain::RCHIVER=arm-none-eabi-ar" "COMPILER_FLAGS=  -O2 -c" "EXTRA_COMPILER_FLAGS=-mcpu=cortex-a9 -mfpu=vfpv3 -mfloat-abi=hard -nostart
TRACE::2024-12-08.18:23:49::SCWBDomain::files -g -Wall -Wextra -fno-tree-loop-distribute-patterns"

TRACE::2024-12-08.18:23:50::SCWBDomain::"Running Make libs in ps7_cortexa9_0/libsrc/scutimer_v2_4/src"

TRACE::2024-12-08.18:23:50::SCWBDomain::make -C ps7_cortexa9_0/libsrc/scutimer_v2_4/src -s libs  "SHELL=CMD" "COMPILER=arm-none-eabi-gcc" "ASSEMBLER=arm-none-eabi-as" 
TRACE::2024-12-08.18:23:50::SCWBDomain::"ARCHIVER=arm-none-eabi-ar" "COMPILER_FLAGS=  -O2 -c" "EXTRA_COMPILER_FLAGS=-mcpu=cortex-a9 -mfpu=vfpv3 -mfloat-abi=hard -nosta
TRACE::2024-12-08.18:23:50::SCWBDomain::rtfiles -g -Wall -Wextra -fno-tree-loop-distribute-patterns"

TRACE::2024-12-08.18:23:50::SCWBDomain::"Running Make libs in ps7_cortexa9_0/libsrc/scuwdt_v2_4/src"

TRACE::2024-12-08.18:23:50::SCWBDomain::make -C ps7_cortexa9_0/libsrc/scuwdt_v2_4/src -s libs  "SHELL=CMD" "COMPILER=arm-none-eabi-gcc" "ASSEMBLER=arm-none-eabi-as" "A
TRACE::2024-12-08.18:23:50::SCWBDomain::RCHIVER=arm-none-eabi-ar" "COMPILER_FLAGS=  -O2 -c" "EXTRA_COMPILER_FLAGS=-mcpu=cortex-a9 -mfpu=vfpv3 -mfloat-abi=hard -nostart
TRACE::2024-12-08.18:23:50::SCWBDomain::files -g -Wall -Wextra -fno-tree-loop-distribute-patterns"

TRACE::2024-12-08.18:23:50::SCWBDomain::"Running Make libs in ps7_cortexa9_0/libsrc/standalone_v8_1/src"

TRACE::2024-12-08.18:23:50::SCWBDomain::make -C ps7_cortexa9_0/libsrc/standalone_v8_1/src -s libs  "SHELL=CMD" "COMPILER=arm-none-eabi-gcc" "ASSEMBLER=arm-none-eabi-as
TRACE::2024-12-08.18:23:50::SCWBDomain::" "ARCHIVER=arm-none-eabi-ar" "COMPILER_FLAGS=  -O2 -c" "EXTRA_COMPILER_FLAGS=-mcpu=cortex-a9 -mfpu=vfpv3 -mfloat-abi=hard -nos
TRACE::2024-12-08.18:23:50::SCWBDomain::tartfiles -g -Wall -Wextra -fno-tree-loop-distribute-patterns"

TRACE::2024-12-08.18:23:50::SCWBDomain::"Running Make libs in ps7_cortexa9_0/libsrc/uartps_v3_12/src"

TRACE::2024-12-08.18:23:50::SCWBDomain::make -C ps7_cortexa9_0/libsrc/uartps_v3_12/src -s libs  "SHELL=CMD" "COMPILER=arm-none-eabi-gcc" "ASSEMBLER=arm-none-eabi-as" "
TRACE::2024-12-08.18:23:50::SCWBDomain::ARCHIVER=arm-none-eabi-ar" "COMPILER_FLAGS=  -O2 -c" "EXTRA_COMPILER_FLAGS=-mcpu=cortex-a9 -mfpu=vfpv3 -mfloat-abi=hard -nostar
TRACE::2024-12-08.18:23:50::SCWBDomain::tfiles -g -Wall -Wextra -fno-tree-loop-distribute-patterns"

TRACE::2024-12-08.18:23:50::SCWBDomain::"Running Make libs in ps7_cortexa9_0/libsrc/xadcps_v2_6/src"

TRACE::2024-12-08.18:23:50::SCWBDomain::make -C ps7_cortexa9_0/libsrc/xadcps_v2_6/src -s libs  "SHELL=CMD" "COMPILER=arm-none-eabi-gcc" "ASSEMBLER=arm-none-eabi-as" "A
TRACE::2024-12-08.18:23:50::SCWBDomain::RCHIVER=arm-none-eabi-ar" "COMPILER_FLAGS=  -O2 -c" "EXTRA_COMPILER_FLAGS=-mcpu=cortex-a9 -mfpu=vfpv3 -mfloat-abi=hard -nostart
TRACE::2024-12-08.18:23:50::SCWBDomain::files -g -Wall -Wextra -fno-tree-loop-distribute-patterns"

TRACE::2024-12-08.18:23:51::SCWBDomain::"Running Make libs in ps7_cortexa9_0/libsrc/xilffs_v5_0/src"

TRACE::2024-12-08.18:23:51::SCWBDomain::make -C ps7_cortexa9_0/libsrc/xilffs_v5_0/src -s libs  "SHELL=CMD" "COMPILER=arm-none-eabi-gcc" "ASSEMBLER=arm-none-eabi-as" "A
TRACE::2024-12-08.18:23:51::SCWBDomain::RCHIVER=arm-none-eabi-ar" "COMPILER_FLAGS=  -O2 -c" "EXTRA_COMPILER_FLAGS=-mcpu=cortex-a9 -mfpu=vfpv3 -mfloat-abi=hard -nostart
TRACE::2024-12-08.18:23:51::SCWBDomain::files -g -Wall -Wextra -fno-tree-loop-distribute-patterns"

TRACE::2024-12-08.18:23:52::SCWBDomain::'Finished building libraries parallelly.'

TRACE::2024-12-08.18:23:52::SCWBDomain::make --no-print-directory archive

TRACE::2024-12-08.18:23:52::SCWBDomain::arm-none-eabi-ar -r  ps7_cortexa9_0/lib/libxil.a ps7_cortexa9_0/lib/_exit.o ps7_cortexa9_0/lib/_open.o ps7_cortexa9_0/lib/_sbrk
TRACE::2024-12-08.18:23:52::SCWBDomain::.o ps7_cortexa9_0/lib/abort.o ps7_cortexa9_0/lib/asm_vectors.o ps7_cortexa9_0/lib/boot.o ps7_cortexa9_0/lib/close.o ps7_cortexa
TRACE::2024-12-08.18:23:52::SCWBDomain::9_0/lib/cpputest_time.o ps7_cortexa9_0/lib/cpu_init.o ps7_cortexa9_0/lib/errno.o ps7_cortexa9_0/lib/fcntl.o ps7_cortexa9_0/lib/
TRACE::2024-12-08.18:23:52::SCWBDomain::fstat.o ps7_cortexa9_0/lib/getentropy.o ps7_cortexa9_0/lib/getpid.o ps7_cortexa9_0/lib/inbyte.o ps7_cortexa9_0/lib/isatty.o ps7
TRACE::2024-12-08.18:23:52::SCWBDomain::_cortexa9_0/lib/kill.o ps7_cortexa9_0/lib/lseek.o ps7_cortexa9_0/lib/open.o ps7_cortexa9_0/lib/outbyte.o ps7_cortexa9_0/lib/pri
TRACE::2024-12-08.18:23:52::SCWBDomain::nt.o ps7_cortexa9_0/lib/putnum.o ps7_cortexa9_0/lib/read.o ps7_cortexa9_0/lib/sbrk.o ps7_cortexa9_0/lib/sleep.o ps7_cortexa9_0/
TRACE::2024-12-08.18:23:52::SCWBDomain::lib/time.o ps7_cortexa9_0/lib/translation_table.o ps7_cortexa9_0/lib/unlink.o ps7_cortexa9_0/lib/usleep.o ps7_cortexa9_0/lib/ve
TRACE::2024-12-08.18:23:52::SCWBDomain::ctors.o ps7_cortexa9_0/lib/write.o ps7_cortexa9_0/lib/xadcps.o ps7_cortexa9_0/lib/xadcps_g.o ps7_cortexa9_0/lib/xadcps_intr.o p
TRACE::2024-12-08.18:23:52::SCWBDomain::s7_cortexa9_0/lib/xadcps_selftest.o ps7_cortexa9_0/lib/xadcps_sinit.o ps7_cortexa9_0/lib/xcoresightpsdcc.o ps7_cortexa9_0/lib/x
TRACE::2024-12-08.18:23:52::SCWBDomain::devcfg.o ps7_cortexa9_0/lib/xdevcfg_g.o ps7_cortexa9_0/lib/xdevcfg_hw.o ps7_cortexa9_0/lib/xdevcfg_intr.o ps7_cortexa9_0/lib/xd
TRACE::2024-12-08.18:23:52::SCWBDomain::evcfg_selftest.o ps7_cortexa9_0/lib/xdevcfg_sinit.o ps7_cortexa9_0/lib/xdmaps.o ps7_cortexa9_0/lib/xdmaps_g.o ps7_cortexa9_0/li
TRACE::2024-12-08.18:23:52::SCWBDomain::b/xdmaps_hw.o ps7_cortexa9_0/lib/xdmaps_selftest.o ps7_cortexa9_0/lib/xdmaps_sinit.o ps7_cortexa9_0/lib/xfir.o ps7_cortexa9_0/l
TRACE::2024-12-08.18:23:52::SCWBDomain::ib/xfir_g.o ps7_cortexa9_0/lib/xfir_linux.o ps7_cortexa9_0/lib/xfir_sinit.o ps7_cortexa9_0/lib/xgpio.o ps7_cortexa9_0/lib/xgpio
TRACE::2024-12-08.18:23:52::SCWBDomain::_extra.o ps7_cortexa9_0/lib/xgpio_g.o ps7_cortexa9_0/lib/xgpio_intr.o ps7_cortexa9_0/lib/xgpio_selftest.o ps7_cortexa9_0/lib/xg
TRACE::2024-12-08.18:23:52::SCWBDomain::pio_sinit.o ps7_cortexa9_0/lib/xiicps.o ps7_cortexa9_0/lib/xiicps_g.o ps7_cortexa9_0/lib/xiicps_hw.o ps7_cortexa9_0/lib/xiicps_
TRACE::2024-12-08.18:23:52::SCWBDomain::intr.o ps7_cortexa9_0/lib/xiicps_master.o ps7_cortexa9_0/lib/xiicps_options.o ps7_cortexa9_0/lib/xiicps_selftest.o ps7_cortexa9
TRACE::2024-12-08.18:23:52::SCWBDomain::_0/lib/xiicps_sinit.o ps7_cortexa9_0/lib/xiicps_slave.o ps7_cortexa9_0/lib/xiicps_xfer.o ps7_cortexa9_0/lib/xil-crt0.o ps7_cort
TRACE::2024-12-08.18:23:52::SCWBDomain::exa9_0/lib/xil_assert.o ps7_cortexa9_0/lib/xil_cache.o ps7_cortexa9_0/lib/xil_clocking.o ps7_cortexa9_0/lib/xil_exception.o ps7
TRACE::2024-12-08.18:23:52::SCWBDomain::_cortexa9_0/lib/xil_mem.o ps7_cortexa9_0/lib/xil_misc_psreset_api.o ps7_cortexa9_0/lib/xil_mmu.o ps7_cortexa9_0/lib/xil_printf.
TRACE::2024-12-08.18:23:52::SCWBDomain::o ps7_cortexa9_0/lib/xil_sleepcommon.o ps7_cortexa9_0/lib/xil_sleeptimer.o ps7_cortexa9_0/lib/xil_spinlock.o ps7_cortexa9_0/lib
TRACE::2024-12-08.18:23:52::SCWBDomain::/xil_testcache.o ps7_cortexa9_0/lib/xil_testio.o ps7_cortexa9_0/lib/xil_testmem.o ps7_cortexa9_0/lib/xil_util.o ps7_cortexa9_0/
TRACE::2024-12-08.18:23:52::SCWBDomain::lib/xinterrupt_wrap.o ps7_cortexa9_0/lib/xl2cc_counter.o ps7_cortexa9_0/lib/xplatform_info.o ps7_cortexa9_0/lib/xpm_counter.o p
TRACE::2024-12-08.18:23:52::SCWBDomain::s7_cortexa9_0/lib/xqspips.o ps7_cortexa9_0/lib/xqspips_g.o ps7_cortexa9_0/lib/xqspips_hw.o ps7_cortexa9_0/lib/xqspips_options.o
TRACE::2024-12-08.18:23:52::SCWBDomain:: ps7_cortexa9_0/lib/xqspips_selftest.o ps7_cortexa9_0/lib/xqspips_sinit.o ps7_cortexa9_0/lib/xscugic.o ps7_cortexa9_0/lib/xscug
TRACE::2024-12-08.18:23:52::SCWBDomain::ic_g.o ps7_cortexa9_0/lib/xscugic_hw.o ps7_cortexa9_0/lib/xscugic_intr.o ps7_cortexa9_0/lib/xscugic_selftest.o ps7_cortexa9_0/l
TRACE::2024-12-08.18:23:52::SCWBDomain::ib/xscugic_sinit.o ps7_cortexa9_0/lib/xscutimer.o ps7_cortexa9_0/lib/xscutimer_g.o ps7_cortexa9_0/lib/xscutimer_selftest.o ps7_
TRACE::2024-12-08.18:23:52::SCWBDomain::cortexa9_0/lib/xscutimer_sinit.o ps7_cortexa9_0/lib/xscuwdt.o ps7_cortexa9_0/lib/xscuwdt_g.o ps7_cortexa9_0/lib/xscuwdt_selftes
TRACE::2024-12-08.18:23:52::SCWBDomain::t.o ps7_cortexa9_0/lib/xscuwdt_sinit.o ps7_cortexa9_0/lib/xtime_l.o ps7_cortexa9_0/lib/xuartps.o ps7_cortexa9_0/lib/xuartps_g.o
TRACE::2024-12-08.18:23:52::SCWBDomain:: ps7_cortexa9_0/lib/xuartps_hw.o ps7_cortexa9_0/lib/xuartps_intr.o ps7_cortexa9_0/lib/xuartps_options.o ps7_cortexa9_0/lib/xuar
TRACE::2024-12-08.18:23:52::SCWBDomain::tps_selftest.o ps7_cortexa9_0/lib/xuartps_sinit.o

TRACE::2024-12-08.18:23:52::SCWBDomain::'Finished building libraries'

TRACE::2024-12-08.18:23:52::SCWBDomain::make: Leaving directory 'F:/Education/FPGA_Labs/Labs_2/lab4/audio_new/design_1_wrapper_iz3/zynq_fsbl/zynq_fsbl_bsp'

TRACE::2024-12-08.18:23:52::SCWBDomain::arm-none-eabi-gcc  -O2 -c -MMD -MP       -mcpu=cortex-a9 -mfpu=vfpv3 -mfloat-abi=hard  -c sd.c -o sd.o -Izynq_fsbl_bsp/ps7_cort
TRACE::2024-12-08.18:23:52::SCWBDomain::exa9_0/include -I.

TRACE::2024-12-08.18:23:52::SCWBDomain::arm-none-eabi-gcc  -O2 -c -MMD -MP       -mcpu=cortex-a9 -mfpu=vfpv3 -mfloat-abi=hard  -c nand.c -o nand.o -Izynq_fsbl_bsp/ps7_
TRACE::2024-12-08.18:23:52::SCWBDomain::cortexa9_0/include -I.

TRACE::2024-12-08.18:23:52::SCWBDomain::arm-none-eabi-gcc  -O2 -c -MMD -MP       -mcpu=cortex-a9 -mfpu=vfpv3 -mfloat-abi=hard  -c nor.c -o nor.o -Izynq_fsbl_bsp/ps7_co
TRACE::2024-12-08.18:23:52::SCWBDomain::rtexa9_0/include -I.

TRACE::2024-12-08.18:23:52::SCWBDomain::arm-none-eabi-gcc  -O2 -c -MMD -MP       -mcpu=cortex-a9 -mfpu=vfpv3 -mfloat-abi=hard  -c image_mover.c -o image_mover.o -Izynq
TRACE::2024-12-08.18:23:52::SCWBDomain::_fsbl_bsp/ps7_cortexa9_0/include -I.

TRACE::2024-12-08.18:23:52::SCWBDomain::arm-none-eabi-gcc  -O2 -c -MMD -MP       -mcpu=cortex-a9 -mfpu=vfpv3 -mfloat-abi=hard  -c md5.c -o md5.o -Izynq_fsbl_bsp/ps7_co
TRACE::2024-12-08.18:23:52::SCWBDomain::rtexa9_0/include -I.

TRACE::2024-12-08.18:23:53::SCWBDomain::arm-none-eabi-gcc  -O2 -c -MMD -MP       -mcpu=cortex-a9 -mfpu=vfpv3 -mfloat-abi=hard  -c fsbl_hooks.c -o fsbl_hooks.o -Izynq_f
TRACE::2024-12-08.18:23:53::SCWBDomain::sbl_bsp/ps7_cortexa9_0/include -I.

TRACE::2024-12-08.18:23:53::SCWBDomain::arm-none-eabi-gcc  -O2 -c -MMD -MP       -mcpu=cortex-a9 -mfpu=vfpv3 -mfloat-abi=hard  -c main.c -o main.o -Izynq_fsbl_bsp/ps7_
TRACE::2024-12-08.18:23:53::SCWBDomain::cortexa9_0/include -I.

TRACE::2024-12-08.18:23:53::SCWBDomain::arm-none-eabi-gcc  -O2 -c -MMD -MP       -mcpu=cortex-a9 -mfpu=vfpv3 -mfloat-abi=hard  -c rsa.c -o rsa.o -Izynq_fsbl_bsp/ps7_co
TRACE::2024-12-08.18:23:53::SCWBDomain::rtexa9_0/include -I.

TRACE::2024-12-08.18:23:53::SCWBDomain::arm-none-eabi-gcc  -O2 -c -MMD -MP       -mcpu=cortex-a9 -mfpu=vfpv3 -mfloat-abi=hard  -c qspi.c -o qspi.o -Izynq_fsbl_bsp/ps7_
TRACE::2024-12-08.18:23:53::SCWBDomain::cortexa9_0/include -I.

TRACE::2024-12-08.18:23:53::SCWBDomain::arm-none-eabi-gcc  -O2 -c -MMD -MP       -mcpu=cortex-a9 -mfpu=vfpv3 -mfloat-abi=hard  -c ps7_init.c -o ps7_init.o -Izynq_fsbl_
TRACE::2024-12-08.18:23:53::SCWBDomain::bsp/ps7_cortexa9_0/include -I.

TRACE::2024-12-08.18:23:53::SCWBDomain::arm-none-eabi-gcc  -O2 -c -MMD -MP       -mcpu=cortex-a9 -mfpu=vfpv3 -mfloat-abi=hard  -c pcap.c -o pcap.o -Izynq_fsbl_bsp/ps7_
TRACE::2024-12-08.18:23:53::SCWBDomain::cortexa9_0/include -I.

TRACE::2024-12-08.18:23:53::SCWBDomain::arm-none-eabi-gcc  -O2 -c -MMD -MP       -mcpu=cortex-a9 -mfpu=vfpv3 -mfloat-abi=hard  -c fsbl_handoff.S -o fsbl_handoff.o -Izy
TRACE::2024-12-08.18:23:53::SCWBDomain::nq_fsbl_bsp/ps7_cortexa9_0/include -I.

TRACE::2024-12-08.18:23:53::SCWBDomain::arm-none-eabi-gcc -o fsbl.elf fsbl_handoff.o fsbl_hooks.o image_mover.o main.o md5.o nand.o nor.o pcap.o ps7_init.o qspi.o rsa.
TRACE::2024-12-08.18:23:53::SCWBDomain::o sd.o -MMD -MP       -mcpu=cortex-a9 -mfpu=vfpv3 -mfloat-abi=hard   -mcpu=cortex-a9 -mfpu=vfpv3 -mfloat-abi=hard -Wl,-build-id
TRACE::2024-12-08.18:23:53::SCWBDomain::=none -specs=Xilinx.spec  -lrsa -Wl,--start-group,-lxil,-lgcc,-lc,--end-group -Wl,--start-group,-lxilffs,-lxil,-lgcc,-lc,--end-
TRACE::2024-12-08.18:23:53::SCWBDomain::group -Wl,--start-group,-lrsa,-lxil,-lgcc,-lc,--end-group                                    -Wl,--gc-sections -Lzynq_fsbl_bsp/
TRACE::2024-12-08.18:23:53::SCWBDomain::ps7_cortexa9_0/lib -L./ -Tlscript.ld

LOG::2024-12-08.18:23:53::SCWSystem::Checking the domain standalone_ps7_cortexa9_0
LOG::2024-12-08.18:23:53::SCWSystem::Not a boot domain 
LOG::2024-12-08.18:23:53::SCWSystem::Started Processing the domain standalone_ps7_cortexa9_0
TRACE::2024-12-08.18:23:53::SCWDomain::Generating domain artifcats
TRACE::2024-12-08.18:23:53::SCWMssOS::Generating standalone artifcats
TRACE::2024-12-08.18:23:53::SCWMssOS::Copying the qemu file from  F:/Education/FPGA_Labs/Labs_2/lab4/audio_new/design_1_wrapper_iz3/resources/design_1_wrapper_iz3/standalone_ps7_cortexa9_0/qemu_args.txt To F:/Education/FPGA_Labs/Labs_2/lab4/audio_new/design_1_wrapper_iz3/export/design_1_wrapper_iz3/sw/design_1_wrapper_iz3/qemu/
TRACE::2024-12-08.18:23:53::SCWMssOS::Copying the qemu file from  F:/Education/FPGA_Labs/Labs_2/lab4/audio_new/design_1_wrapper_iz3/resources/design_1_wrapper_iz3/standalone_ps7_cortexa9_0/qemu_args.txt To F:/Education/FPGA_Labs/Labs_2/lab4/audio_new/design_1_wrapper_iz3/export/design_1_wrapper_iz3/sw/design_1_wrapper_iz3/standalone_ps7_cortexa9_0/qemu/
TRACE::2024-12-08.18:23:53::SCWMssOS:: Copying the user libraries. 
TRACE::2024-12-08.18:23:53::SCWPlatform::Trying to open the hw design at F:/Education/FPGA_Labs/Labs_2/lab4/audio_new/design_1_wrapper_iz3/hw/design_1_wrapper_iz3.xsa
TRACE::2024-12-08.18:23:53::SCWPlatform::DSA given F:/Education/FPGA_Labs/Labs_2/lab4/audio_new/design_1_wrapper_iz3/hw/design_1_wrapper_iz3.xsa
TRACE::2024-12-08.18:23:53::SCWPlatform::DSA absoulate path F:/Education/FPGA_Labs/Labs_2/lab4/audio_new/design_1_wrapper_iz3/hw/design_1_wrapper_iz3.xsa
TRACE::2024-12-08.18:23:53::SCWPlatform::DSA directory F:/Education/FPGA_Labs/Labs_2/lab4/audio_new/design_1_wrapper_iz3/hw
TRACE::2024-12-08.18:23:53::SCWPlatform:: Platform Path F:/Education/FPGA_Labs/Labs_2/lab4/audio_new/design_1_wrapper_iz3/hw/design_1_wrapper_iz3.xsa
TRACE::2024-12-08.18:23:53::SCWPlatform:: Unique name xilinx:zedboard::0.0
TRACE::2024-12-08.18:23:53::SCWPlatform::Trying to set the existing hwdb with name design_1_wrapper_14
TRACE::2024-12-08.18:23:53::SCWPlatform::Opened existing hwdb design_1_wrapper_14
TRACE::2024-12-08.18:23:53::SCWPlatform::Found the Hw Db part of the input DSA
TRACE::2024-12-08.18:23:53::SCWMssOS::Checking the sw design at  F:/Education/FPGA_Labs/Labs_2/lab4/audio_new/design_1_wrapper_iz3/ps7_cortexa9_0/standalone_ps7_cortexa9_0/bsp/system.mss
TRACE::2024-12-08.18:23:53::SCWMssOS::DEBUG:  swdes dump  F:/Education/FPGA_Labs/Labs_2/lab4/audio_new/audio/ps7_cortexa9_0/standalone_domain/bsp/system.mss|system_0||
F:/Education/FPGA_Labs/Labs_2/lab4/audio_new/audio/zynq_fsbl/zynq_fsbl_bsp/system.mss|system||
F:/Education/FPGA_Labs/Labs_2/lab4/audio_new/design_1_wrapper_iz/ps7_cortexa9_0/standalone_ps7_cortexa9_0/bsp/system.mss|system_2||
F:/Education/FPGA_Labs/Labs_2/lab4/audio_new/design_1_wrapper_iz/zynq_fsbl/zynq_fsbl_bsp/system.mss|system_1||
F:/Education/FPGA_Labs/Labs_2/lab4/audio_new/design_1_wrapper_iz3/ps7_cortexa9_0/standalone_ps7_cortexa9_0/bsp/system.mss|system_4||
F:/Education/FPGA_Labs/Labs_2/lab4/audio_new/design_1_wrapper_iz3/zynq_fsbl/zynq_fsbl_bsp/system.mss|system_3||

TRACE::2024-12-08.18:23:53::SCWMssOS::Sw design exists and opened at  F:/Education/FPGA_Labs/Labs_2/lab4/audio_new/design_1_wrapper_iz3/ps7_cortexa9_0/standalone_ps7_cortexa9_0/bsp/system.mss
TRACE::2024-12-08.18:23:53::SCWMssOS::Completed writing the mss file at F:/Education/FPGA_Labs/Labs_2/lab4/audio_new/design_1_wrapper_iz3/ps7_cortexa9_0/standalone_ps7_cortexa9_0/bsp
TRACE::2024-12-08.18:23:53::SCWMssOS::Mss edits present, copying mssfile into export location F:/Education/FPGA_Labs/Labs_2/lab4/audio_new/design_1_wrapper_iz3/ps7_cortexa9_0/standalone_ps7_cortexa9_0/bsp/system.mss
TRACE::2024-12-08.18:23:53::SCWMssOS::bsp generated is upto date with the mss file. Skipping bsp generation.
TRACE::2024-12-08.18:23:53::SCWMssOS::BSP is already built. skipping the bsp build ... 
TRACE::2024-12-08.18:23:53::SCWDomain::Building the domain as part of full build :  standalone_ps7_cortexa9_0
TRACE::2024-12-08.18:23:53::SCWMssOS::doing bsp build ... 
TRACE::2024-12-08.18:23:53::SCWMssOS::System Command Ran  F: & cd  F:/Education/FPGA_Labs/Labs_2/lab4/audio_new/design_1_wrapper_iz3/ps7_cortexa9_0/standalone_ps7_cortexa9_0/bsp & make 
TRACE::2024-12-08.18:23:53::SCWMssOS::make --no-print-directory seq_libs

TRACE::2024-12-08.18:23:53::SCWMssOS::"Running Make include in ps7_cortexa9_0/libsrc/coresightps_dcc_v1_8/src"

TRACE::2024-12-08.18:23:53::SCWMssOS::make -C ps7_cortexa9_0/libsrc/coresightps_dcc_v1_8/src -s include  "SHELL=CMD" "COMPILER=arm-none-eabi-gcc" "ASSEMBLER=arm-none
TRACE::2024-12-08.18:23:53::SCWMssOS::-eabi-as" "ARCHIVER=arm-none-eabi-ar" "COMPILER_FLAGS=  -O2 -c" "EXTRA_COMPILER_FLAGS=-mcpu=cortex-a9 -mfpu=vfpv3 -mfloat-abi=h
TRACE::2024-12-08.18:23:53::SCWMssOS::ard -nostartfiles -g -Wall -Wextra -fno-tree-loop-distribute-patterns"

TRACE::2024-12-08.18:23:53::SCWMssOS::"Running Make include in ps7_cortexa9_0/libsrc/cpu_cortexa9_v2_11/src"

TRACE::2024-12-08.18:23:53::SCWMssOS::make -C ps7_cortexa9_0/libsrc/cpu_cortexa9_v2_11/src -s include  "SHELL=CMD" "COMPILER=arm-none-eabi-gcc" "ASSEMBLER=arm-none-e
TRACE::2024-12-08.18:23:53::SCWMssOS::abi-as" "ARCHIVER=arm-none-eabi-ar" "COMPILER_FLAGS=  -O2 -c" "EXTRA_COMPILER_FLAGS=-mcpu=cortex-a9 -mfpu=vfpv3 -mfloat-abi=har
TRACE::2024-12-08.18:23:53::SCWMssOS::d -nostartfiles -g -Wall -Wextra -fno-tree-loop-distribute-patterns"

TRACE::2024-12-08.18:23:53::SCWMssOS::"Running Make include in ps7_cortexa9_0/libsrc/ddrps_v1_2/src"

TRACE::2024-12-08.18:23:53::SCWMssOS::make -C ps7_cortexa9_0/libsrc/ddrps_v1_2/src -s include  "SHELL=CMD" "COMPILER=arm-none-eabi-gcc" "ASSEMBLER=arm-none-eabi-as" 
TRACE::2024-12-08.18:23:53::SCWMssOS::"ARCHIVER=arm-none-eabi-ar" "COMPILER_FLAGS=  -O2 -c" "EXTRA_COMPILER_FLAGS=-mcpu=cortex-a9 -mfpu=vfpv3 -mfloat-abi=hard -nosta
TRACE::2024-12-08.18:23:53::SCWMssOS::rtfiles -g -Wall -Wextra -fno-tree-loop-distribute-patterns"

TRACE::2024-12-08.18:23:53::SCWMssOS::"Running Make include in ps7_cortexa9_0/libsrc/devcfg_v3_7/src"

TRACE::2024-12-08.18:23:53::SCWMssOS::make -C ps7_cortexa9_0/libsrc/devcfg_v3_7/src -s include  "SHELL=CMD" "COMPILER=arm-none-eabi-gcc" "ASSEMBLER=arm-none-eabi-as"
TRACE::2024-12-08.18:23:53::SCWMssOS:: "ARCHIVER=arm-none-eabi-ar" "COMPILER_FLAGS=  -O2 -c" "EXTRA_COMPILER_FLAGS=-mcpu=cortex-a9 -mfpu=vfpv3 -mfloat-abi=hard -nost
TRACE::2024-12-08.18:23:53::SCWMssOS::artfiles -g -Wall -Wextra -fno-tree-loop-distribute-patterns"

TRACE::2024-12-08.18:23:54::SCWMssOS::"Running Make include in ps7_cortexa9_0/libsrc/dmaps_v2_8/src"

TRACE::2024-12-08.18:23:54::SCWMssOS::make -C ps7_cortexa9_0/libsrc/dmaps_v2_8/src -s include  "SHELL=CMD" "COMPILER=arm-none-eabi-gcc" "ASSEMBLER=arm-none-eabi-as" 
TRACE::2024-12-08.18:23:54::SCWMssOS::"ARCHIVER=arm-none-eabi-ar" "COMPILER_FLAGS=  -O2 -c" "EXTRA_COMPILER_FLAGS=-mcpu=cortex-a9 -mfpu=vfpv3 -mfloat-abi=hard -nosta
TRACE::2024-12-08.18:23:54::SCWMssOS::rtfiles -g -Wall -Wextra -fno-tree-loop-distribute-patterns"

TRACE::2024-12-08.18:23:54::SCWMssOS::"Running Make include in ps7_cortexa9_0/libsrc/fir_v1_0/src"

TRACE::2024-12-08.18:23:54::SCWMssOS::make -C ps7_cortexa9_0/libsrc/fir_v1_0/src -s include  "SHELL=CMD" "COMPILER=arm-none-eabi-gcc" "ASSEMBLER=arm-none-eabi-as" "A
TRACE::2024-12-08.18:23:54::SCWMssOS::RCHIVER=arm-none-eabi-ar" "COMPILER_FLAGS=  -O2 -c" "EXTRA_COMPILER_FLAGS=-mcpu=cortex-a9 -mfpu=vfpv3 -mfloat-abi=hard -nostart
TRACE::2024-12-08.18:23:54::SCWMssOS::files -g -Wall -Wextra -fno-tree-loop-distribute-patterns"

TRACE::2024-12-08.18:23:54::SCWMssOS::"Running Make include in ps7_cortexa9_0/libsrc/gpio_v4_9/src"

TRACE::2024-12-08.18:23:54::SCWMssOS::make -C ps7_cortexa9_0/libsrc/gpio_v4_9/src -s include  "SHELL=CMD" "COMPILER=arm-none-eabi-gcc" "ASSEMBLER=arm-none-eabi-as" "
TRACE::2024-12-08.18:23:54::SCWMssOS::ARCHIVER=arm-none-eabi-ar" "COMPILER_FLAGS=  -O2 -c" "EXTRA_COMPILER_FLAGS=-mcpu=cortex-a9 -mfpu=vfpv3 -mfloat-abi=hard -nostar
TRACE::2024-12-08.18:23:54::SCWMssOS::tfiles -g -Wall -Wextra -fno-tree-loop-distribute-patterns"

TRACE::2024-12-08.18:23:54::SCWMssOS::"Running Make include in ps7_cortexa9_0/libsrc/iicps_v3_17/src"

TRACE::2024-12-08.18:23:54::SCWMssOS::make -C ps7_cortexa9_0/libsrc/iicps_v3_17/src -s include  "SHELL=CMD" "COMPILER=arm-none-eabi-gcc" "ASSEMBLER=arm-none-eabi-as"
TRACE::2024-12-08.18:23:54::SCWMssOS:: "ARCHIVER=arm-none-eabi-ar" "COMPILER_FLAGS=  -O2 -c" "EXTRA_COMPILER_FLAGS=-mcpu=cortex-a9 -mfpu=vfpv3 -mfloat-abi=hard -nost
TRACE::2024-12-08.18:23:54::SCWMssOS::artfiles -g -Wall -Wextra -fno-tree-loop-distribute-patterns"

TRACE::2024-12-08.18:23:54::SCWMssOS::"Running Make include in ps7_cortexa9_0/libsrc/qspips_v3_10/src"

TRACE::2024-12-08.18:23:54::SCWMssOS::make -C ps7_cortexa9_0/libsrc/qspips_v3_10/src -s include  "SHELL=CMD" "COMPILER=arm-none-eabi-gcc" "ASSEMBLER=arm-none-eabi-as
TRACE::2024-12-08.18:23:54::SCWMssOS::" "ARCHIVER=arm-none-eabi-ar" "COMPILER_FLAGS=  -O2 -c" "EXTRA_COMPILER_FLAGS=-mcpu=cortex-a9 -mfpu=vfpv3 -mfloat-abi=hard -nos
TRACE::2024-12-08.18:23:54::SCWMssOS::tartfiles -g -Wall -Wextra -fno-tree-loop-distribute-patterns"

TRACE::2024-12-08.18:23:54::SCWMssOS::"Running Make include in ps7_cortexa9_0/libsrc/scugic_v5_1/src"

TRACE::2024-12-08.18:23:54::SCWMssOS::make -C ps7_cortexa9_0/libsrc/scugic_v5_1/src -s include  "SHELL=CMD" "COMPILER=arm-none-eabi-gcc" "ASSEMBLER=arm-none-eabi-as"
TRACE::2024-12-08.18:23:54::SCWMssOS:: "ARCHIVER=arm-none-eabi-ar" "COMPILER_FLAGS=  -O2 -c" "EXTRA_COMPILER_FLAGS=-mcpu=cortex-a9 -mfpu=vfpv3 -mfloat-abi=hard -nost
TRACE::2024-12-08.18:23:54::SCWMssOS::artfiles -g -Wall -Wextra -fno-tree-loop-distribute-patterns"

TRACE::2024-12-08.18:23:54::SCWMssOS::"Running Make include in ps7_cortexa9_0/libsrc/scutimer_v2_4/src"

TRACE::2024-12-08.18:23:54::SCWMssOS::make -C ps7_cortexa9_0/libsrc/scutimer_v2_4/src -s include  "SHELL=CMD" "COMPILER=arm-none-eabi-gcc" "ASSEMBLER=arm-none-eabi-a
TRACE::2024-12-08.18:23:54::SCWMssOS::s" "ARCHIVER=arm-none-eabi-ar" "COMPILER_FLAGS=  -O2 -c" "EXTRA_COMPILER_FLAGS=-mcpu=cortex-a9 -mfpu=vfpv3 -mfloat-abi=hard -no
TRACE::2024-12-08.18:23:54::SCWMssOS::startfiles -g -Wall -Wextra -fno-tree-loop-distribute-patterns"

TRACE::2024-12-08.18:23:54::SCWMssOS::"Running Make include in ps7_cortexa9_0/libsrc/scuwdt_v2_4/src"

TRACE::2024-12-08.18:23:54::SCWMssOS::make -C ps7_cortexa9_0/libsrc/scuwdt_v2_4/src -s include  "SHELL=CMD" "COMPILER=arm-none-eabi-gcc" "ASSEMBLER=arm-none-eabi-as"
TRACE::2024-12-08.18:23:54::SCWMssOS:: "ARCHIVER=arm-none-eabi-ar" "COMPILER_FLAGS=  -O2 -c" "EXTRA_COMPILER_FLAGS=-mcpu=cortex-a9 -mfpu=vfpv3 -mfloat-abi=hard -nost
TRACE::2024-12-08.18:23:54::SCWMssOS::artfiles -g -Wall -Wextra -fno-tree-loop-distribute-patterns"

TRACE::2024-12-08.18:23:54::SCWMssOS::"Running Make include in ps7_cortexa9_0/libsrc/standalone_v8_1/src"

TRACE::2024-12-08.18:23:54::SCWMssOS::make -C ps7_cortexa9_0/libsrc/standalone_v8_1/src -s include  "SHELL=CMD" "COMPILER=arm-none-eabi-gcc" "ASSEMBLER=arm-none-eabi
TRACE::2024-12-08.18:23:54::SCWMssOS::-as" "ARCHIVER=arm-none-eabi-ar" "COMPILER_FLAGS=  -O2 -c" "EXTRA_COMPILER_FLAGS=-mcpu=cortex-a9 -mfpu=vfpv3 -mfloat-abi=hard -
TRACE::2024-12-08.18:23:54::SCWMssOS::nostartfiles -g -Wall -Wextra -fno-tree-loop-distribute-patterns"

TRACE::2024-12-08.18:23:55::SCWMssOS::"Running Make include in ps7_cortexa9_0/libsrc/uartps_v3_12/src"

TRACE::2024-12-08.18:23:55::SCWMssOS::make -C ps7_cortexa9_0/libsrc/uartps_v3_12/src -s include  "SHELL=CMD" "COMPILER=arm-none-eabi-gcc" "ASSEMBLER=arm-none-eabi-as
TRACE::2024-12-08.18:23:55::SCWMssOS::" "ARCHIVER=arm-none-eabi-ar" "COMPILER_FLAGS=  -O2 -c" "EXTRA_COMPILER_FLAGS=-mcpu=cortex-a9 -mfpu=vfpv3 -mfloat-abi=hard -nos
TRACE::2024-12-08.18:23:55::SCWMssOS::tartfiles -g -Wall -Wextra -fno-tree-loop-distribute-patterns"

TRACE::2024-12-08.18:23:55::SCWMssOS::"Running Make include in ps7_cortexa9_0/libsrc/xadcps_v2_6/src"

TRACE::2024-12-08.18:23:55::SCWMssOS::make -C ps7_cortexa9_0/libsrc/xadcps_v2_6/src -s include  "SHELL=CMD" "COMPILER=arm-none-eabi-gcc" "ASSEMBLER=arm-none-eabi-as"
TRACE::2024-12-08.18:23:55::SCWMssOS:: "ARCHIVER=arm-none-eabi-ar" "COMPILER_FLAGS=  -O2 -c" "EXTRA_COMPILER_FLAGS=-mcpu=cortex-a9 -mfpu=vfpv3 -mfloat-abi=hard -nost
TRACE::2024-12-08.18:23:55::SCWMssOS::artfiles -g -Wall -Wextra -fno-tree-loop-distribute-patterns"

TRACE::2024-12-08.18:23:55::SCWMssOS::"Running Make libs in ps7_cortexa9_0/libsrc/fir_v1_0/src"

TRACE::2024-12-08.18:23:55::SCWMssOS::make -C ps7_cortexa9_0/libsrc/fir_v1_0/src -s libs  "SHELL=CMD" "COMPILER=arm-none-eabi-gcc" "ASSEMBLER=arm-none-eabi-as" "ARCH
TRACE::2024-12-08.18:23:55::SCWMssOS::IVER=arm-none-eabi-ar" "COMPILER_FLAGS=  -O2 -c" "EXTRA_COMPILER_FLAGS=-mcpu=cortex-a9 -mfpu=vfpv3 -mfloat-abi=hard -nostartfil
TRACE::2024-12-08.18:23:55::SCWMssOS::es -g -Wall -Wextra -fno-tree-loop-distribute-patterns"

TRACE::2024-12-08.18:23:56::SCWMssOS::"Building fir"

TRACE::2024-12-08.18:23:56::SCWMssOS::'Finished building libraries sequentially.'

TRACE::2024-12-08.18:23:56::SCWMssOS::make -j 10 --no-print-directory par_libs

TRACE::2024-12-08.18:23:56::SCWMssOS::"Running Make include in ps7_cortexa9_0/libsrc/coresightps_dcc_v1_8/src"

TRACE::2024-12-08.18:23:56::SCWMssOS::make -C ps7_cortexa9_0/libsrc/coresightps_dcc_v1_8/src -s include  "SHELL=CMD" "COMPILER=arm-none-eabi-gcc" "ASSEMBLER=arm-none
TRACE::2024-12-08.18:23:56::SCWMssOS::-eabi-as" "ARCHIVER=arm-none-eabi-ar" "COMPILER_FLAGS=  -O2 -c" "EXTRA_COMPILER_FLAGS=-mcpu=cortex-a9 -mfpu=vfpv3 -mfloat-abi=h
TRACE::2024-12-08.18:23:56::SCWMssOS::ard -nostartfiles -g -Wall -Wextra -fno-tree-loop-distribute-patterns"

TRACE::2024-12-08.18:23:56::SCWMssOS::"Running Make include in ps7_cortexa9_0/libsrc/cpu_cortexa9_v2_11/src"

TRACE::2024-12-08.18:23:56::SCWMssOS::make -C ps7_cortexa9_0/libsrc/cpu_cortexa9_v2_11/src -s include  "SHELL=CMD" "COMPILER=arm-none-eabi-gcc" "ASSEMBLER=arm-none-e
TRACE::2024-12-08.18:23:56::SCWMssOS::abi-as" "ARCHIVER=arm-none-eabi-ar" "COMPILER_FLAGS=  -O2 -c" "EXTRA_COMPILER_FLAGS=-mcpu=cortex-a9 -mfpu=vfpv3 -mfloat-abi=har
TRACE::2024-12-08.18:23:56::SCWMssOS::d -nostartfiles -g -Wall -Wextra -fno-tree-loop-distribute-patterns"

TRACE::2024-12-08.18:23:56::SCWMssOS::"Running Make include in ps7_cortexa9_0/libsrc/ddrps_v1_2/src"

TRACE::2024-12-08.18:23:56::SCWMssOS::make -C ps7_cortexa9_0/libsrc/ddrps_v1_2/src -s include  "SHELL=CMD" "COMPILER=arm-none-eabi-gcc" "ASSEMBLER=arm-none-eabi-as" 
TRACE::2024-12-08.18:23:56::SCWMssOS::"ARCHIVER=arm-none-eabi-ar" "COMPILER_FLAGS=  -O2 -c" "EXTRA_COMPILER_FLAGS=-mcpu=cortex-a9 -mfpu=vfpv3 -mfloat-abi=hard -nosta
TRACE::2024-12-08.18:23:56::SCWMssOS::rtfiles -g -Wall -Wextra -fno-tree-loop-distribute-patterns"

TRACE::2024-12-08.18:23:56::SCWMssOS::"Running Make include in ps7_cortexa9_0/libsrc/devcfg_v3_7/src"

TRACE::2024-12-08.18:23:56::SCWMssOS::make -C ps7_cortexa9_0/libsrc/devcfg_v3_7/src -s include  "SHELL=CMD" "COMPILER=arm-none-eabi-gcc" "ASSEMBLER=arm-none-eabi-as"
TRACE::2024-12-08.18:23:56::SCWMssOS:: "ARCHIVER=arm-none-eabi-ar" "COMPILER_FLAGS=  -O2 -c" "EXTRA_COMPILER_FLAGS=-mcpu=cortex-a9 -mfpu=vfpv3 -mfloat-abi=hard -nost
TRACE::2024-12-08.18:23:56::SCWMssOS::artfiles -g -Wall -Wextra -fno-tree-loop-distribute-patterns"

TRACE::2024-12-08.18:23:56::SCWMssOS::"Running Make include in ps7_cortexa9_0/libsrc/dmaps_v2_8/src"

TRACE::2024-12-08.18:23:56::SCWMssOS::make -C ps7_cortexa9_0/libsrc/dmaps_v2_8/src -s include  "SHELL=CMD" "COMPILER=arm-none-eabi-gcc" "ASSEMBLER=arm-none-eabi-as" 
TRACE::2024-12-08.18:23:56::SCWMssOS::"ARCHIVER=arm-none-eabi-ar" "COMPILER_FLAGS=  -O2 -c" "EXTRA_COMPILER_FLAGS=-mcpu=cortex-a9 -mfpu=vfpv3 -mfloat-abi=hard -nosta
TRACE::2024-12-08.18:23:56::SCWMssOS::rtfiles -g -Wall -Wextra -fno-tree-loop-distribute-patterns"

TRACE::2024-12-08.18:23:56::SCWMssOS::"Running Make include in ps7_cortexa9_0/libsrc/fir_v1_0/src"

TRACE::2024-12-08.18:23:56::SCWMssOS::make -C ps7_cortexa9_0/libsrc/fir_v1_0/src -s include  "SHELL=CMD" "COMPILER=arm-none-eabi-gcc" "ASSEMBLER=arm-none-eabi-as" "A
TRACE::2024-12-08.18:23:56::SCWMssOS::RCHIVER=arm-none-eabi-ar" "COMPILER_FLAGS=  -O2 -c" "EXTRA_COMPILER_FLAGS=-mcpu=cortex-a9 -mfpu=vfpv3 -mfloat-abi=hard -nostart
TRACE::2024-12-08.18:23:56::SCWMssOS::files -g -Wall -Wextra -fno-tree-loop-distribute-patterns"

TRACE::2024-12-08.18:23:56::SCWMssOS::"Running Make include in ps7_cortexa9_0/libsrc/gpio_v4_9/src"

TRACE::2024-12-08.18:23:56::SCWMssOS::make -C ps7_cortexa9_0/libsrc/gpio_v4_9/src -s include  "SHELL=CMD" "COMPILER=arm-none-eabi-gcc" "ASSEMBLER=arm-none-eabi-as" "
TRACE::2024-12-08.18:23:56::SCWMssOS::ARCHIVER=arm-none-eabi-ar" "COMPILER_FLAGS=  -O2 -c" "EXTRA_COMPILER_FLAGS=-mcpu=cortex-a9 -mfpu=vfpv3 -mfloat-abi=hard -nostar
TRACE::2024-12-08.18:23:56::SCWMssOS::tfiles -g -Wall -Wextra -fno-tree-loop-distribute-patterns"

TRACE::2024-12-08.18:23:56::SCWMssOS::"Running Make include in ps7_cortexa9_0/libsrc/iicps_v3_17/src"

TRACE::2024-12-08.18:23:56::SCWMssOS::make -C ps7_cortexa9_0/libsrc/iicps_v3_17/src -s include  "SHELL=CMD" "COMPILER=arm-none-eabi-gcc" "ASSEMBLER=arm-none-eabi-as"
TRACE::2024-12-08.18:23:56::SCWMssOS:: "ARCHIVER=arm-none-eabi-ar" "COMPILER_FLAGS=  -O2 -c" "EXTRA_COMPILER_FLAGS=-mcpu=cortex-a9 -mfpu=vfpv3 -mfloat-abi=hard -nost
TRACE::2024-12-08.18:23:56::SCWMssOS::artfiles -g -Wall -Wextra -fno-tree-loop-distribute-patterns"

TRACE::2024-12-08.18:23:56::SCWMssOS::"Running Make include in ps7_cortexa9_0/libsrc/qspips_v3_10/src"

TRACE::2024-12-08.18:23:56::SCWMssOS::make -C ps7_cortexa9_0/libsrc/qspips_v3_10/src -s include  "SHELL=CMD" "COMPILER=arm-none-eabi-gcc" "ASSEMBLER=arm-none-eabi-as
TRACE::2024-12-08.18:23:56::SCWMssOS::" "ARCHIVER=arm-none-eabi-ar" "COMPILER_FLAGS=  -O2 -c" "EXTRA_COMPILER_FLAGS=-mcpu=cortex-a9 -mfpu=vfpv3 -mfloat-abi=hard -nos
TRACE::2024-12-08.18:23:56::SCWMssOS::tartfiles -g -Wall -Wextra -fno-tree-loop-distribute-patterns"

TRACE::2024-12-08.18:23:56::SCWMssOS::"Running Make include in ps7_cortexa9_0/libsrc/scugic_v5_1/src"

TRACE::2024-12-08.18:23:56::SCWMssOS::make -C ps7_cortexa9_0/libsrc/scugic_v5_1/src -s include  "SHELL=CMD" "COMPILER=arm-none-eabi-gcc" "ASSEMBLER=arm-none-eabi-as"
TRACE::2024-12-08.18:23:56::SCWMssOS:: "ARCHIVER=arm-none-eabi-ar" "COMPILER_FLAGS=  -O2 -c" "EXTRA_COMPILER_FLAGS=-mcpu=cortex-a9 -mfpu=vfpv3 -mfloat-abi=hard -nost
TRACE::2024-12-08.18:23:56::SCWMssOS::artfiles -g -Wall -Wextra -fno-tree-loop-distribute-patterns"

TRACE::2024-12-08.18:23:56::SCWMssOS::"Running Make include in ps7_cortexa9_0/libsrc/scutimer_v2_4/src"

TRACE::2024-12-08.18:23:56::SCWMssOS::make -C ps7_cortexa9_0/libsrc/scutimer_v2_4/src -s include  "SHELL=CMD" "COMPILER=arm-none-eabi-gcc" "ASSEMBLER=arm-none-eabi-a
TRACE::2024-12-08.18:23:56::SCWMssOS::s" "ARCHIVER=arm-none-eabi-ar" "COMPILER_FLAGS=  -O2 -c" "EXTRA_COMPILER_FLAGS=-mcpu=cortex-a9 -mfpu=vfpv3 -mfloat-abi=hard -no
TRACE::2024-12-08.18:23:56::SCWMssOS::startfiles -g -Wall -Wextra -fno-tree-loop-distribute-patterns"

TRACE::2024-12-08.18:23:56::SCWMssOS::"Running Make include in ps7_cortexa9_0/libsrc/scuwdt_v2_4/src"

TRACE::2024-12-08.18:23:56::SCWMssOS::make -C ps7_cortexa9_0/libsrc/scuwdt_v2_4/src -s include  "SHELL=CMD" "COMPILER=arm-none-eabi-gcc" "ASSEMBLER=arm-none-eabi-as"
TRACE::2024-12-08.18:23:56::SCWMssOS:: "ARCHIVER=arm-none-eabi-ar" "COMPILER_FLAGS=  -O2 -c" "EXTRA_COMPILER_FLAGS=-mcpu=cortex-a9 -mfpu=vfpv3 -mfloat-abi=hard -nost
TRACE::2024-12-08.18:23:56::SCWMssOS::artfiles -g -Wall -Wextra -fno-tree-loop-distribute-patterns"

TRACE::2024-12-08.18:23:56::SCWMssOS::"Running Make include in ps7_cortexa9_0/libsrc/standalone_v8_1/src"

TRACE::2024-12-08.18:23:56::SCWMssOS::make -C ps7_cortexa9_0/libsrc/standalone_v8_1/src -s include  "SHELL=CMD" "COMPILER=arm-none-eabi-gcc" "ASSEMBLER=arm-none-eabi
TRACE::2024-12-08.18:23:56::SCWMssOS::-as" "ARCHIVER=arm-none-eabi-ar" "COMPILER_FLAGS=  -O2 -c" "EXTRA_COMPILER_FLAGS=-mcpu=cortex-a9 -mfpu=vfpv3 -mfloat-abi=hard -
TRACE::2024-12-08.18:23:56::SCWMssOS::nostartfiles -g -Wall -Wextra -fno-tree-loop-distribute-patterns"

TRACE::2024-12-08.18:23:56::SCWMssOS::"Running Make include in ps7_cortexa9_0/libsrc/uartps_v3_12/src"

TRACE::2024-12-08.18:23:56::SCWMssOS::make -C ps7_cortexa9_0/libsrc/uartps_v3_12/src -s include  "SHELL=CMD" "COMPILER=arm-none-eabi-gcc" "ASSEMBLER=arm-none-eabi-as
TRACE::2024-12-08.18:23:56::SCWMssOS::" "ARCHIVER=arm-none-eabi-ar" "COMPILER_FLAGS=  -O2 -c" "EXTRA_COMPILER_FLAGS=-mcpu=cortex-a9 -mfpu=vfpv3 -mfloat-abi=hard -nos
TRACE::2024-12-08.18:23:56::SCWMssOS::tartfiles -g -Wall -Wextra -fno-tree-loop-distribute-patterns"

TRACE::2024-12-08.18:23:56::SCWMssOS::"Running Make include in ps7_cortexa9_0/libsrc/xadcps_v2_6/src"

TRACE::2024-12-08.18:23:56::SCWMssOS::make -C ps7_cortexa9_0/libsrc/xadcps_v2_6/src -s include  "SHELL=CMD" "COMPILER=arm-none-eabi-gcc" "ASSEMBLER=arm-none-eabi-as"
TRACE::2024-12-08.18:23:56::SCWMssOS:: "ARCHIVER=arm-none-eabi-ar" "COMPILER_FLAGS=  -O2 -c" "EXTRA_COMPILER_FLAGS=-mcpu=cortex-a9 -mfpu=vfpv3 -mfloat-abi=hard -nost
TRACE::2024-12-08.18:23:56::SCWMssOS::artfiles -g -Wall -Wextra -fno-tree-loop-distribute-patterns"

TRACE::2024-12-08.18:23:56::SCWMssOS::"Running Make libs in ps7_cortexa9_0/libsrc/coresightps_dcc_v1_8/src"

TRACE::2024-12-08.18:23:56::SCWMssOS::make -C ps7_cortexa9_0/libsrc/coresightps_dcc_v1_8/src -s libs  "SHELL=CMD" "COMPILER=arm-none-eabi-gcc" "ASSEMBLER=arm-none-ea
TRACE::2024-12-08.18:23:56::SCWMssOS::bi-as" "ARCHIVER=arm-none-eabi-ar" "COMPILER_FLAGS=  -O2 -c" "EXTRA_COMPILER_FLAGS=-mcpu=cortex-a9 -mfpu=vfpv3 -mfloat-abi=hard
TRACE::2024-12-08.18:23:56::SCWMssOS:: -nostartfiles -g -Wall -Wextra -fno-tree-loop-distribute-patterns"

TRACE::2024-12-08.18:23:56::SCWMssOS::"Running Make libs in ps7_cortexa9_0/libsrc/cpu_cortexa9_v2_11/src"

TRACE::2024-12-08.18:23:56::SCWMssOS::make -C ps7_cortexa9_0/libsrc/cpu_cortexa9_v2_11/src -s libs  "SHELL=CMD" "COMPILER=arm-none-eabi-gcc" "ASSEMBLER=arm-none-eabi
TRACE::2024-12-08.18:23:56::SCWMssOS::-as" "ARCHIVER=arm-none-eabi-ar" "COMPILER_FLAGS=  -O2 -c" "EXTRA_COMPILER_FLAGS=-mcpu=cortex-a9 -mfpu=vfpv3 -mfloat-abi=hard -
TRACE::2024-12-08.18:23:56::SCWMssOS::nostartfiles -g -Wall -Wextra -fno-tree-loop-distribute-patterns"

TRACE::2024-12-08.18:23:56::SCWMssOS::"Running Make libs in ps7_cortexa9_0/libsrc/ddrps_v1_2/src"

TRACE::2024-12-08.18:23:56::SCWMssOS::make -C ps7_cortexa9_0/libsrc/ddrps_v1_2/src -s libs  "SHELL=CMD" "COMPILER=arm-none-eabi-gcc" "ASSEMBLER=arm-none-eabi-as" "AR
TRACE::2024-12-08.18:23:56::SCWMssOS::CHIVER=arm-none-eabi-ar" "COMPILER_FLAGS=  -O2 -c" "EXTRA_COMPILER_FLAGS=-mcpu=cortex-a9 -mfpu=vfpv3 -mfloat-abi=hard -nostartf
TRACE::2024-12-08.18:23:56::SCWMssOS::iles -g -Wall -Wextra -fno-tree-loop-distribute-patterns"

TRACE::2024-12-08.18:23:56::SCWMssOS::"Running Make libs in ps7_cortexa9_0/libsrc/devcfg_v3_7/src"

TRACE::2024-12-08.18:23:56::SCWMssOS::make -C ps7_cortexa9_0/libsrc/devcfg_v3_7/src -s libs  "SHELL=CMD" "COMPILER=arm-none-eabi-gcc" "ASSEMBLER=arm-none-eabi-as" "A
TRACE::2024-12-08.18:23:56::SCWMssOS::RCHIVER=arm-none-eabi-ar" "COMPILER_FLAGS=  -O2 -c" "EXTRA_COMPILER_FLAGS=-mcpu=cortex-a9 -mfpu=vfpv3 -mfloat-abi=hard -nostart
TRACE::2024-12-08.18:23:56::SCWMssOS::files -g -Wall -Wextra -fno-tree-loop-distribute-patterns"

TRACE::2024-12-08.18:23:56::SCWMssOS::"Running Make libs in ps7_cortexa9_0/libsrc/dmaps_v2_8/src"

TRACE::2024-12-08.18:23:56::SCWMssOS::make -C ps7_cortexa9_0/libsrc/dmaps_v2_8/src -s libs  "SHELL=CMD" "COMPILER=arm-none-eabi-gcc" "ASSEMBLER=arm-none-eabi-as" "AR
TRACE::2024-12-08.18:23:56::SCWMssOS::CHIVER=arm-none-eabi-ar" "COMPILER_FLAGS=  -O2 -c" "EXTRA_COMPILER_FLAGS=-mcpu=cortex-a9 -mfpu=vfpv3 -mfloat-abi=hard -nostartf
TRACE::2024-12-08.18:23:56::SCWMssOS::iles -g -Wall -Wextra -fno-tree-loop-distribute-patterns"

TRACE::2024-12-08.18:23:56::SCWMssOS::"Running Make libs in ps7_cortexa9_0/libsrc/gpio_v4_9/src"

TRACE::2024-12-08.18:23:56::SCWMssOS::make -C ps7_cortexa9_0/libsrc/gpio_v4_9/src -s libs  "SHELL=CMD" "COMPILER=arm-none-eabi-gcc" "ASSEMBLER=arm-none-eabi-as" "ARC
TRACE::2024-12-08.18:23:56::SCWMssOS::HIVER=arm-none-eabi-ar" "COMPILER_FLAGS=  -O2 -c" "EXTRA_COMPILER_FLAGS=-mcpu=cortex-a9 -mfpu=vfpv3 -mfloat-abi=hard -nostartfi
TRACE::2024-12-08.18:23:56::SCWMssOS::les -g -Wall -Wextra -fno-tree-loop-distribute-patterns"

TRACE::2024-12-08.18:23:56::SCWMssOS::"Running Make libs in ps7_cortexa9_0/libsrc/iicps_v3_17/src"

TRACE::2024-12-08.18:23:56::SCWMssOS::make -C ps7_cortexa9_0/libsrc/iicps_v3_17/src -s libs  "SHELL=CMD" "COMPILER=arm-none-eabi-gcc" "ASSEMBLER=arm-none-eabi-as" "A
TRACE::2024-12-08.18:23:56::SCWMssOS::RCHIVER=arm-none-eabi-ar" "COMPILER_FLAGS=  -O2 -c" "EXTRA_COMPILER_FLAGS=-mcpu=cortex-a9 -mfpu=vfpv3 -mfloat-abi=hard -nostart
TRACE::2024-12-08.18:23:56::SCWMssOS::files -g -Wall -Wextra -fno-tree-loop-distribute-patterns"

TRACE::2024-12-08.18:23:56::SCWMssOS::"Running Make libs in ps7_cortexa9_0/libsrc/qspips_v3_10/src"

TRACE::2024-12-08.18:23:56::SCWMssOS::make -C ps7_cortexa9_0/libsrc/qspips_v3_10/src -s libs  "SHELL=CMD" "COMPILER=arm-none-eabi-gcc" "ASSEMBLER=arm-none-eabi-as" "
TRACE::2024-12-08.18:23:56::SCWMssOS::ARCHIVER=arm-none-eabi-ar" "COMPILER_FLAGS=  -O2 -c" "EXTRA_COMPILER_FLAGS=-mcpu=cortex-a9 -mfpu=vfpv3 -mfloat-abi=hard -nostar
TRACE::2024-12-08.18:23:56::SCWMssOS::tfiles -g -Wall -Wextra -fno-tree-loop-distribute-patterns"

TRACE::2024-12-08.18:23:56::SCWMssOS::"Running Make libs in ps7_cortexa9_0/libsrc/scugic_v5_1/src"

TRACE::2024-12-08.18:23:56::SCWMssOS::make -C ps7_cortexa9_0/libsrc/scugic_v5_1/src -s libs  "SHELL=CMD" "COMPILER=arm-none-eabi-gcc" "ASSEMBLER=arm-none-eabi-as" "A
TRACE::2024-12-08.18:23:56::SCWMssOS::RCHIVER=arm-none-eabi-ar" "COMPILER_FLAGS=  -O2 -c" "EXTRA_COMPILER_FLAGS=-mcpu=cortex-a9 -mfpu=vfpv3 -mfloat-abi=hard -nostart
TRACE::2024-12-08.18:23:56::SCWMssOS::files -g -Wall -Wextra -fno-tree-loop-distribute-patterns"

TRACE::2024-12-08.18:23:56::SCWMssOS::"Running Make libs in ps7_cortexa9_0/libsrc/scutimer_v2_4/src"

TRACE::2024-12-08.18:23:56::SCWMssOS::make -C ps7_cortexa9_0/libsrc/scutimer_v2_4/src -s libs  "SHELL=CMD" "COMPILER=arm-none-eabi-gcc" "ASSEMBLER=arm-none-eabi-as" 
TRACE::2024-12-08.18:23:56::SCWMssOS::"ARCHIVER=arm-none-eabi-ar" "COMPILER_FLAGS=  -O2 -c" "EXTRA_COMPILER_FLAGS=-mcpu=cortex-a9 -mfpu=vfpv3 -mfloat-abi=hard -nosta
TRACE::2024-12-08.18:23:56::SCWMssOS::rtfiles -g -Wall -Wextra -fno-tree-loop-distribute-patterns"

TRACE::2024-12-08.18:23:57::SCWMssOS::"Running Make libs in ps7_cortexa9_0/libsrc/scuwdt_v2_4/src"

TRACE::2024-12-08.18:23:57::SCWMssOS::make -C ps7_cortexa9_0/libsrc/scuwdt_v2_4/src -s libs  "SHELL=CMD" "COMPILER=arm-none-eabi-gcc" "ASSEMBLER=arm-none-eabi-as" "A
TRACE::2024-12-08.18:23:57::SCWMssOS::RCHIVER=arm-none-eabi-ar" "COMPILER_FLAGS=  -O2 -c" "EXTRA_COMPILER_FLAGS=-mcpu=cortex-a9 -mfpu=vfpv3 -mfloat-abi=hard -nostart
TRACE::2024-12-08.18:23:57::SCWMssOS::files -g -Wall -Wextra -fno-tree-loop-distribute-patterns"

TRACE::2024-12-08.18:23:57::SCWMssOS::"Running Make libs in ps7_cortexa9_0/libsrc/standalone_v8_1/src"

TRACE::2024-12-08.18:23:57::SCWMssOS::make -C ps7_cortexa9_0/libsrc/standalone_v8_1/src -s libs  "SHELL=CMD" "COMPILER=arm-none-eabi-gcc" "ASSEMBLER=arm-none-eabi-as
TRACE::2024-12-08.18:23:57::SCWMssOS::" "ARCHIVER=arm-none-eabi-ar" "COMPILER_FLAGS=  -O2 -c" "EXTRA_COMPILER_FLAGS=-mcpu=cortex-a9 -mfpu=vfpv3 -mfloat-abi=hard -nos
TRACE::2024-12-08.18:23:57::SCWMssOS::tartfiles -g -Wall -Wextra -fno-tree-loop-distribute-patterns"

TRACE::2024-12-08.18:23:57::SCWMssOS::"Running Make libs in ps7_cortexa9_0/libsrc/uartps_v3_12/src"

TRACE::2024-12-08.18:23:57::SCWMssOS::make -C ps7_cortexa9_0/libsrc/uartps_v3_12/src -s libs  "SHELL=CMD" "COMPILER=arm-none-eabi-gcc" "ASSEMBLER=arm-none-eabi-as" "
TRACE::2024-12-08.18:23:57::SCWMssOS::ARCHIVER=arm-none-eabi-ar" "COMPILER_FLAGS=  -O2 -c" "EXTRA_COMPILER_FLAGS=-mcpu=cortex-a9 -mfpu=vfpv3 -mfloat-abi=hard -nostar
TRACE::2024-12-08.18:23:57::SCWMssOS::tfiles -g -Wall -Wextra -fno-tree-loop-distribute-patterns"

TRACE::2024-12-08.18:23:57::SCWMssOS::"Running Make libs in ps7_cortexa9_0/libsrc/xadcps_v2_6/src"

TRACE::2024-12-08.18:23:57::SCWMssOS::make -C ps7_cortexa9_0/libsrc/xadcps_v2_6/src -s libs  "SHELL=CMD" "COMPILER=arm-none-eabi-gcc" "ASSEMBLER=arm-none-eabi-as" "A
TRACE::2024-12-08.18:23:57::SCWMssOS::RCHIVER=arm-none-eabi-ar" "COMPILER_FLAGS=  -O2 -c" "EXTRA_COMPILER_FLAGS=-mcpu=cortex-a9 -mfpu=vfpv3 -mfloat-abi=hard -nostart
TRACE::2024-12-08.18:23:57::SCWMssOS::files -g -Wall -Wextra -fno-tree-loop-distribute-patterns"

TRACE::2024-12-08.18:23:58::SCWMssOS::'Finished building libraries parallelly.'

TRACE::2024-12-08.18:23:58::SCWMssOS::make --no-print-directory archive

TRACE::2024-12-08.18:23:58::SCWMssOS::arm-none-eabi-ar -r  ps7_cortexa9_0/lib/libxil.a ps7_cortexa9_0/lib/_exit.o ps7_cortexa9_0/lib/_open.o ps7_cortexa9_0/lib/_sbrk
TRACE::2024-12-08.18:23:58::SCWMssOS::.o ps7_cortexa9_0/lib/abort.o ps7_cortexa9_0/lib/asm_vectors.o ps7_cortexa9_0/lib/boot.o ps7_cortexa9_0/lib/close.o ps7_cortexa
TRACE::2024-12-08.18:23:58::SCWMssOS::9_0/lib/cpputest_time.o ps7_cortexa9_0/lib/cpu_init.o ps7_cortexa9_0/lib/errno.o ps7_cortexa9_0/lib/fcntl.o ps7_cortexa9_0/lib/
TRACE::2024-12-08.18:23:58::SCWMssOS::fstat.o ps7_cortexa9_0/lib/getentropy.o ps7_cortexa9_0/lib/getpid.o ps7_cortexa9_0/lib/inbyte.o ps7_cortexa9_0/lib/isatty.o ps7
TRACE::2024-12-08.18:23:58::SCWMssOS::_cortexa9_0/lib/kill.o ps7_cortexa9_0/lib/lseek.o ps7_cortexa9_0/lib/open.o ps7_cortexa9_0/lib/outbyte.o ps7_cortexa9_0/lib/pri
TRACE::2024-12-08.18:23:58::SCWMssOS::nt.o ps7_cortexa9_0/lib/putnum.o ps7_cortexa9_0/lib/read.o ps7_cortexa9_0/lib/sbrk.o ps7_cortexa9_0/lib/sleep.o ps7_cortexa9_0/
TRACE::2024-12-08.18:23:58::SCWMssOS::lib/time.o ps7_cortexa9_0/lib/translation_table.o ps7_cortexa9_0/lib/unlink.o ps7_cortexa9_0/lib/usleep.o ps7_cortexa9_0/lib/ve
TRACE::2024-12-08.18:23:58::SCWMssOS::ctors.o ps7_cortexa9_0/lib/write.o ps7_cortexa9_0/lib/xadcps.o ps7_cortexa9_0/lib/xadcps_g.o ps7_cortexa9_0/lib/xadcps_intr.o p
TRACE::2024-12-08.18:23:58::SCWMssOS::s7_cortexa9_0/lib/xadcps_selftest.o ps7_cortexa9_0/lib/xadcps_sinit.o ps7_cortexa9_0/lib/xcoresightpsdcc.o ps7_cortexa9_0/lib/x
TRACE::2024-12-08.18:23:58::SCWMssOS::devcfg.o ps7_cortexa9_0/lib/xdevcfg_g.o ps7_cortexa9_0/lib/xdevcfg_hw.o ps7_cortexa9_0/lib/xdevcfg_intr.o ps7_cortexa9_0/lib/xd
TRACE::2024-12-08.18:23:58::SCWMssOS::evcfg_selftest.o ps7_cortexa9_0/lib/xdevcfg_sinit.o ps7_cortexa9_0/lib/xdmaps.o ps7_cortexa9_0/lib/xdmaps_g.o ps7_cortexa9_0/li
TRACE::2024-12-08.18:23:58::SCWMssOS::b/xdmaps_hw.o ps7_cortexa9_0/lib/xdmaps_selftest.o ps7_cortexa9_0/lib/xdmaps_sinit.o ps7_cortexa9_0/lib/xfir.o ps7_cortexa9_0/l
TRACE::2024-12-08.18:23:58::SCWMssOS::ib/xfir_g.o ps7_cortexa9_0/lib/xfir_linux.o ps7_cortexa9_0/lib/xfir_sinit.o ps7_cortexa9_0/lib/xgpio.o ps7_cortexa9_0/lib/xgpio
TRACE::2024-12-08.18:23:58::SCWMssOS::_extra.o ps7_cortexa9_0/lib/xgpio_g.o ps7_cortexa9_0/lib/xgpio_intr.o ps7_cortexa9_0/lib/xgpio_selftest.o ps7_cortexa9_0/lib/xg
TRACE::2024-12-08.18:23:58::SCWMssOS::pio_sinit.o ps7_cortexa9_0/lib/xiicps.o ps7_cortexa9_0/lib/xiicps_g.o ps7_cortexa9_0/lib/xiicps_hw.o ps7_cortexa9_0/lib/xiicps_
TRACE::2024-12-08.18:23:58::SCWMssOS::intr.o ps7_cortexa9_0/lib/xiicps_master.o ps7_cortexa9_0/lib/xiicps_options.o ps7_cortexa9_0/lib/xiicps_selftest.o ps7_cortexa9
TRACE::2024-12-08.18:23:58::SCWMssOS::_0/lib/xiicps_sinit.o ps7_cortexa9_0/lib/xiicps_slave.o ps7_cortexa9_0/lib/xiicps_xfer.o ps7_cortexa9_0/lib/xil-crt0.o ps7_cort
TRACE::2024-12-08.18:23:58::SCWMssOS::exa9_0/lib/xil_assert.o ps7_cortexa9_0/lib/xil_cache.o ps7_cortexa9_0/lib/xil_clocking.o ps7_cortexa9_0/lib/xil_exception.o ps7
TRACE::2024-12-08.18:23:58::SCWMssOS::_cortexa9_0/lib/xil_mem.o ps7_cortexa9_0/lib/xil_misc_psreset_api.o ps7_cortexa9_0/lib/xil_mmu.o ps7_cortexa9_0/lib/xil_printf.
TRACE::2024-12-08.18:23:58::SCWMssOS::o ps7_cortexa9_0/lib/xil_sleepcommon.o ps7_cortexa9_0/lib/xil_sleeptimer.o ps7_cortexa9_0/lib/xil_spinlock.o ps7_cortexa9_0/lib
TRACE::2024-12-08.18:23:58::SCWMssOS::/xil_testcache.o ps7_cortexa9_0/lib/xil_testio.o ps7_cortexa9_0/lib/xil_testmem.o ps7_cortexa9_0/lib/xil_util.o ps7_cortexa9_0/
TRACE::2024-12-08.18:23:58::SCWMssOS::lib/xinterrupt_wrap.o ps7_cortexa9_0/lib/xl2cc_counter.o ps7_cortexa9_0/lib/xplatform_info.o ps7_cortexa9_0/lib/xpm_counter.o p
TRACE::2024-12-08.18:23:58::SCWMssOS::s7_cortexa9_0/lib/xqspips.o ps7_cortexa9_0/lib/xqspips_g.o ps7_cortexa9_0/lib/xqspips_hw.o ps7_cortexa9_0/lib/xqspips_options.o
TRACE::2024-12-08.18:23:58::SCWMssOS:: ps7_cortexa9_0/lib/xqspips_selftest.o ps7_cortexa9_0/lib/xqspips_sinit.o ps7_cortexa9_0/lib/xscugic.o ps7_cortexa9_0/lib/xscug
TRACE::2024-12-08.18:23:58::SCWMssOS::ic_g.o ps7_cortexa9_0/lib/xscugic_hw.o ps7_cortexa9_0/lib/xscugic_intr.o ps7_cortexa9_0/lib/xscugic_selftest.o ps7_cortexa9_0/l
TRACE::2024-12-08.18:23:58::SCWMssOS::ib/xscugic_sinit.o ps7_cortexa9_0/lib/xscutimer.o ps7_cortexa9_0/lib/xscutimer_g.o ps7_cortexa9_0/lib/xscutimer_selftest.o ps7_
TRACE::2024-12-08.18:23:58::SCWMssOS::cortexa9_0/lib/xscutimer_sinit.o ps7_cortexa9_0/lib/xscuwdt.o ps7_cortexa9_0/lib/xscuwdt_g.o ps7_cortexa9_0/lib/xscuwdt_selftes
TRACE::2024-12-08.18:23:58::SCWMssOS::t.o ps7_cortexa9_0/lib/xscuwdt_sinit.o ps7_cortexa9_0/lib/xtime_l.o ps7_cortexa9_0/lib/xuartps.o ps7_cortexa9_0/lib/xuartps_g.o
TRACE::2024-12-08.18:23:58::SCWMssOS:: ps7_cortexa9_0/lib/xuartps_hw.o ps7_cortexa9_0/lib/xuartps_intr.o ps7_cortexa9_0/lib/xuartps_options.o ps7_cortexa9_0/lib/xuar
TRACE::2024-12-08.18:23:58::SCWMssOS::tps_selftest.o ps7_cortexa9_0/lib/xuartps_sinit.o

TRACE::2024-12-08.18:23:59::SCWMssOS::'Finished building libraries'

TRACE::2024-12-08.18:23:59::SCWMssOS::Copying to export directory.
TRACE::2024-12-08.18:23:59::SCWMssOS:: Checking if to create the Supporting Applications
TRACE::2024-12-08.18:23:59::SCWMssOS:: No Linux domain exists, trying to generate FSBL 
LOG::2024-12-08.18:23:59::SCWSystem::Completed Processing the domain standalone_ps7_cortexa9_0
LOG::2024-12-08.18:23:59::SCWSystem::Completed Processing the sysconfig design_1_wrapper_iz3
LOG::2024-12-08.18:23:59::SCWPlatform::Completed generating the artifacts for system configuration design_1_wrapper_iz3
TRACE::2024-12-08.18:23:59::SCWPlatform::Started preparing the platform 
TRACE::2024-12-08.18:23:59::SCWSystem::Writing the bif file for system config design_1_wrapper_iz3
TRACE::2024-12-08.18:23:59::SCWSystem::dir created 
TRACE::2024-12-08.18:23:59::SCWSystem::Writing the bif 
TRACE::2024-12-08.18:23:59::SCWPlatform::Started writing the spfm file 
TRACE::2024-12-08.18:23:59::SCWPlatform::Started writing the xpfm file 
TRACE::2024-12-08.18:23:59::SCWPlatform::Completed generating the platform
TRACE::2024-12-08.18:23:59::SCWMssOS::Saving the mss changes F:/Education/FPGA_Labs/Labs_2/lab4/audio_new/design_1_wrapper_iz3/zynq_fsbl/zynq_fsbl_bsp/system.mss
TRACE::2024-12-08.18:23:59::SCWMssOS::Found a swdesign opened with the mssfile.
TRACE::2024-12-08.18:23:59::SCWMssOS::Completed writemss as part of save.
TRACE::2024-12-08.18:23:59::SCWMssOS::Commit changes completed.
TRACE::2024-12-08.18:23:59::SCWMssOS::Saving the mss changes F:/Education/FPGA_Labs/Labs_2/lab4/audio_new/design_1_wrapper_iz3/ps7_cortexa9_0/standalone_ps7_cortexa9_0/bsp/system.mss
TRACE::2024-12-08.18:23:59::SCWMssOS::Found a swdesign opened with the mssfile.
TRACE::2024-12-08.18:23:59::SCWMssOS::Completed writemss as part of save.
TRACE::2024-12-08.18:23:59::SCWMssOS::Commit changes completed.
TRACE::2024-12-08.18:23:59::SCWPlatform::Trying to open the hw design at F:/Education/FPGA_Labs/Labs_2/lab4/audio_new/design_1_wrapper_iz3/hw/design_1_wrapper_iz3.xsa
TRACE::2024-12-08.18:23:59::SCWPlatform::DSA given F:/Education/FPGA_Labs/Labs_2/lab4/audio_new/design_1_wrapper_iz3/hw/design_1_wrapper_iz3.xsa
TRACE::2024-12-08.18:23:59::SCWPlatform::DSA absoulate path F:/Education/FPGA_Labs/Labs_2/lab4/audio_new/design_1_wrapper_iz3/hw/design_1_wrapper_iz3.xsa
TRACE::2024-12-08.18:23:59::SCWPlatform::DSA directory F:/Education/FPGA_Labs/Labs_2/lab4/audio_new/design_1_wrapper_iz3/hw
TRACE::2024-12-08.18:23:59::SCWPlatform:: Platform Path F:/Education/FPGA_Labs/Labs_2/lab4/audio_new/design_1_wrapper_iz3/hw/design_1_wrapper_iz3.xsa
TRACE::2024-12-08.18:23:59::SCWPlatform:: Unique name xilinx:zedboard::0.0
TRACE::2024-12-08.18:23:59::SCWPlatform::Trying to set the existing hwdb with name design_1_wrapper_14
TRACE::2024-12-08.18:23:59::SCWPlatform::Opened existing hwdb design_1_wrapper_14
TRACE::2024-12-08.18:23:59::SCWPlatform::Found the Hw Db part of the input DSA
TRACE::2024-12-08.18:23:59::SCWMssOS::Checking the sw design at  F:/Education/FPGA_Labs/Labs_2/lab4/audio_new/design_1_wrapper_iz3/zynq_fsbl/zynq_fsbl_bsp/system.mss
TRACE::2024-12-08.18:23:59::SCWMssOS::DEBUG:  swdes dump  F:/Education/FPGA_Labs/Labs_2/lab4/audio_new/audio/ps7_cortexa9_0/standalone_domain/bsp/system.mss|system_0||
F:/Education/FPGA_Labs/Labs_2/lab4/audio_new/audio/zynq_fsbl/zynq_fsbl_bsp/system.mss|system||
F:/Education/FPGA_Labs/Labs_2/lab4/audio_new/design_1_wrapper_iz/ps7_cortexa9_0/standalone_ps7_cortexa9_0/bsp/system.mss|system_2||
F:/Education/FPGA_Labs/Labs_2/lab4/audio_new/design_1_wrapper_iz/zynq_fsbl/zynq_fsbl_bsp/system.mss|system_1||
F:/Education/FPGA_Labs/Labs_2/lab4/audio_new/design_1_wrapper_iz3/ps7_cortexa9_0/standalone_ps7_cortexa9_0/bsp/system.mss|system_4||
F:/Education/FPGA_Labs/Labs_2/lab4/audio_new/design_1_wrapper_iz3/zynq_fsbl/zynq_fsbl_bsp/system.mss|system_3||

TRACE::2024-12-08.18:23:59::SCWMssOS::Sw design exists and opened at  F:/Education/FPGA_Labs/Labs_2/lab4/audio_new/design_1_wrapper_iz3/zynq_fsbl/zynq_fsbl_bsp/system.mss
TRACE::2024-12-08.18:23:59::SCWPlatform::Trying to open the hw design at F:/Education/FPGA_Labs/Labs_2/lab4/audio_new/design_1_wrapper_iz3/hw/design_1_wrapper_iz3.xsa
TRACE::2024-12-08.18:23:59::SCWPlatform::DSA given F:/Education/FPGA_Labs/Labs_2/lab4/audio_new/design_1_wrapper_iz3/hw/design_1_wrapper_iz3.xsa
TRACE::2024-12-08.18:23:59::SCWPlatform::DSA absoulate path F:/Education/FPGA_Labs/Labs_2/lab4/audio_new/design_1_wrapper_iz3/hw/design_1_wrapper_iz3.xsa
TRACE::2024-12-08.18:23:59::SCWPlatform::DSA directory F:/Education/FPGA_Labs/Labs_2/lab4/audio_new/design_1_wrapper_iz3/hw
TRACE::2024-12-08.18:23:59::SCWPlatform:: Platform Path F:/Education/FPGA_Labs/Labs_2/lab4/audio_new/design_1_wrapper_iz3/hw/design_1_wrapper_iz3.xsa
TRACE::2024-12-08.18:23:59::SCWPlatform:: Unique name xilinx:zedboard::0.0
TRACE::2024-12-08.18:23:59::SCWPlatform::Trying to set the existing hwdb with name design_1_wrapper_14
TRACE::2024-12-08.18:23:59::SCWPlatform::Opened existing hwdb design_1_wrapper_14
TRACE::2024-12-08.18:23:59::SCWPlatform::Found the Hw Db part of the input DSA
TRACE::2024-12-08.18:23:59::SCWMssOS::Checking the sw design at  F:/Education/FPGA_Labs/Labs_2/lab4/audio_new/design_1_wrapper_iz3/zynq_fsbl/zynq_fsbl_bsp/system.mss
TRACE::2024-12-08.18:23:59::SCWMssOS::DEBUG:  swdes dump  F:/Education/FPGA_Labs/Labs_2/lab4/audio_new/audio/ps7_cortexa9_0/standalone_domain/bsp/system.mss|system_0||
F:/Education/FPGA_Labs/Labs_2/lab4/audio_new/audio/zynq_fsbl/zynq_fsbl_bsp/system.mss|system||
F:/Education/FPGA_Labs/Labs_2/lab4/audio_new/design_1_wrapper_iz/ps7_cortexa9_0/standalone_ps7_cortexa9_0/bsp/system.mss|system_2||
F:/Education/FPGA_Labs/Labs_2/lab4/audio_new/design_1_wrapper_iz/zynq_fsbl/zynq_fsbl_bsp/system.mss|system_1||
F:/Education/FPGA_Labs/Labs_2/lab4/audio_new/design_1_wrapper_iz3/ps7_cortexa9_0/standalone_ps7_cortexa9_0/bsp/system.mss|system_4||
F:/Education/FPGA_Labs/Labs_2/lab4/audio_new/design_1_wrapper_iz3/zynq_fsbl/zynq_fsbl_bsp/system.mss|system_3||

TRACE::2024-12-08.18:23:59::SCWMssOS::Sw design exists and opened at  F:/Education/FPGA_Labs/Labs_2/lab4/audio_new/design_1_wrapper_iz3/zynq_fsbl/zynq_fsbl_bsp/system.mss
TRACE::2024-12-08.18:23:59::SCWPlatform::Trying to open the hw design at F:/Education/FPGA_Labs/Labs_2/lab4/audio_new/design_1_wrapper_iz3/hw/design_1_wrapper_iz3.xsa
TRACE::2024-12-08.18:23:59::SCWPlatform::DSA given F:/Education/FPGA_Labs/Labs_2/lab4/audio_new/design_1_wrapper_iz3/hw/design_1_wrapper_iz3.xsa
TRACE::2024-12-08.18:23:59::SCWPlatform::DSA absoulate path F:/Education/FPGA_Labs/Labs_2/lab4/audio_new/design_1_wrapper_iz3/hw/design_1_wrapper_iz3.xsa
TRACE::2024-12-08.18:23:59::SCWPlatform::DSA directory F:/Education/FPGA_Labs/Labs_2/lab4/audio_new/design_1_wrapper_iz3/hw
TRACE::2024-12-08.18:23:59::SCWPlatform:: Platform Path F:/Education/FPGA_Labs/Labs_2/lab4/audio_new/design_1_wrapper_iz3/hw/design_1_wrapper_iz3.xsa
TRACE::2024-12-08.18:23:59::SCWPlatform:: Unique name xilinx:zedboard::0.0
TRACE::2024-12-08.18:23:59::SCWPlatform::Trying to set the existing hwdb with name design_1_wrapper_14
TRACE::2024-12-08.18:23:59::SCWPlatform::Opened existing hwdb design_1_wrapper_14
TRACE::2024-12-08.18:23:59::SCWPlatform::Found the Hw Db part of the input DSA
TRACE::2024-12-08.18:23:59::SCWMssOS::Checking the sw design at  F:/Education/FPGA_Labs/Labs_2/lab4/audio_new/design_1_wrapper_iz3/zynq_fsbl/zynq_fsbl_bsp/system.mss
TRACE::2024-12-08.18:23:59::SCWMssOS::DEBUG:  swdes dump  F:/Education/FPGA_Labs/Labs_2/lab4/audio_new/audio/ps7_cortexa9_0/standalone_domain/bsp/system.mss|system_0||
F:/Education/FPGA_Labs/Labs_2/lab4/audio_new/audio/zynq_fsbl/zynq_fsbl_bsp/system.mss|system||
F:/Education/FPGA_Labs/Labs_2/lab4/audio_new/design_1_wrapper_iz/ps7_cortexa9_0/standalone_ps7_cortexa9_0/bsp/system.mss|system_2||
F:/Education/FPGA_Labs/Labs_2/lab4/audio_new/design_1_wrapper_iz/zynq_fsbl/zynq_fsbl_bsp/system.mss|system_1||
F:/Education/FPGA_Labs/Labs_2/lab4/audio_new/design_1_wrapper_iz3/ps7_cortexa9_0/standalone_ps7_cortexa9_0/bsp/system.mss|system_4||
F:/Education/FPGA_Labs/Labs_2/lab4/audio_new/design_1_wrapper_iz3/zynq_fsbl/zynq_fsbl_bsp/system.mss|system_3||

TRACE::2024-12-08.18:23:59::SCWMssOS::Sw design exists and opened at  F:/Education/FPGA_Labs/Labs_2/lab4/audio_new/design_1_wrapper_iz3/zynq_fsbl/zynq_fsbl_bsp/system.mss
TRACE::2024-12-08.18:23:59::SCWPlatform::Trying to open the hw design at F:/Education/FPGA_Labs/Labs_2/lab4/audio_new/design_1_wrapper_iz3/hw/design_1_wrapper_iz3.xsa
TRACE::2024-12-08.18:23:59::SCWPlatform::DSA given F:/Education/FPGA_Labs/Labs_2/lab4/audio_new/design_1_wrapper_iz3/hw/design_1_wrapper_iz3.xsa
TRACE::2024-12-08.18:23:59::SCWPlatform::DSA absoulate path F:/Education/FPGA_Labs/Labs_2/lab4/audio_new/design_1_wrapper_iz3/hw/design_1_wrapper_iz3.xsa
TRACE::2024-12-08.18:23:59::SCWPlatform::DSA directory F:/Education/FPGA_Labs/Labs_2/lab4/audio_new/design_1_wrapper_iz3/hw
TRACE::2024-12-08.18:23:59::SCWPlatform:: Platform Path F:/Education/FPGA_Labs/Labs_2/lab4/audio_new/design_1_wrapper_iz3/hw/design_1_wrapper_iz3.xsa
TRACE::2024-12-08.18:23:59::SCWPlatform:: Unique name xilinx:zedboard::0.0
TRACE::2024-12-08.18:23:59::SCWPlatform::Trying to set the existing hwdb with name design_1_wrapper_14
TRACE::2024-12-08.18:23:59::SCWPlatform::Opened existing hwdb design_1_wrapper_14
TRACE::2024-12-08.18:23:59::SCWPlatform::Found the Hw Db part of the input DSA
TRACE::2024-12-08.18:23:59::SCWMssOS::Checking the sw design at  F:/Education/FPGA_Labs/Labs_2/lab4/audio_new/design_1_wrapper_iz3/ps7_cortexa9_0/standalone_ps7_cortexa9_0/bsp/system.mss
TRACE::2024-12-08.18:23:59::SCWMssOS::DEBUG:  swdes dump  F:/Education/FPGA_Labs/Labs_2/lab4/audio_new/audio/ps7_cortexa9_0/standalone_domain/bsp/system.mss|system_0||
F:/Education/FPGA_Labs/Labs_2/lab4/audio_new/audio/zynq_fsbl/zynq_fsbl_bsp/system.mss|system||
F:/Education/FPGA_Labs/Labs_2/lab4/audio_new/design_1_wrapper_iz/ps7_cortexa9_0/standalone_ps7_cortexa9_0/bsp/system.mss|system_2||
F:/Education/FPGA_Labs/Labs_2/lab4/audio_new/design_1_wrapper_iz/zynq_fsbl/zynq_fsbl_bsp/system.mss|system_1||
F:/Education/FPGA_Labs/Labs_2/lab4/audio_new/design_1_wrapper_iz3/ps7_cortexa9_0/standalone_ps7_cortexa9_0/bsp/system.mss|system_4||
F:/Education/FPGA_Labs/Labs_2/lab4/audio_new/design_1_wrapper_iz3/zynq_fsbl/zynq_fsbl_bsp/system.mss|system_3||

TRACE::2024-12-08.18:23:59::SCWMssOS::Sw design exists and opened at  F:/Education/FPGA_Labs/Labs_2/lab4/audio_new/design_1_wrapper_iz3/ps7_cortexa9_0/standalone_ps7_cortexa9_0/bsp/system.mss
TRACE::2024-12-08.18:23:59::SCWPlatform::Trying to open the hw design at F:/Education/FPGA_Labs/Labs_2/lab4/audio_new/design_1_wrapper_iz3/hw/design_1_wrapper_iz3.xsa
TRACE::2024-12-08.18:23:59::SCWPlatform::DSA given F:/Education/FPGA_Labs/Labs_2/lab4/audio_new/design_1_wrapper_iz3/hw/design_1_wrapper_iz3.xsa
TRACE::2024-12-08.18:23:59::SCWPlatform::DSA absoulate path F:/Education/FPGA_Labs/Labs_2/lab4/audio_new/design_1_wrapper_iz3/hw/design_1_wrapper_iz3.xsa
TRACE::2024-12-08.18:23:59::SCWPlatform::DSA directory F:/Education/FPGA_Labs/Labs_2/lab4/audio_new/design_1_wrapper_iz3/hw
TRACE::2024-12-08.18:23:59::SCWPlatform:: Platform Path F:/Education/FPGA_Labs/Labs_2/lab4/audio_new/design_1_wrapper_iz3/hw/design_1_wrapper_iz3.xsa
TRACE::2024-12-08.18:23:59::SCWPlatform:: Unique name xilinx:zedboard::0.0
TRACE::2024-12-08.18:23:59::SCWPlatform::Trying to set the existing hwdb with name design_1_wrapper_14
TRACE::2024-12-08.18:23:59::SCWPlatform::Opened existing hwdb design_1_wrapper_14
TRACE::2024-12-08.18:23:59::SCWPlatform::Found the Hw Db part of the input DSA
TRACE::2024-12-08.18:23:59::SCWMssOS::Checking the sw design at  F:/Education/FPGA_Labs/Labs_2/lab4/audio_new/design_1_wrapper_iz3/ps7_cortexa9_0/standalone_ps7_cortexa9_0/bsp/system.mss
TRACE::2024-12-08.18:23:59::SCWMssOS::DEBUG:  swdes dump  F:/Education/FPGA_Labs/Labs_2/lab4/audio_new/audio/ps7_cortexa9_0/standalone_domain/bsp/system.mss|system_0||
F:/Education/FPGA_Labs/Labs_2/lab4/audio_new/audio/zynq_fsbl/zynq_fsbl_bsp/system.mss|system||
F:/Education/FPGA_Labs/Labs_2/lab4/audio_new/design_1_wrapper_iz/ps7_cortexa9_0/standalone_ps7_cortexa9_0/bsp/system.mss|system_2||
F:/Education/FPGA_Labs/Labs_2/lab4/audio_new/design_1_wrapper_iz/zynq_fsbl/zynq_fsbl_bsp/system.mss|system_1||
F:/Education/FPGA_Labs/Labs_2/lab4/audio_new/design_1_wrapper_iz3/ps7_cortexa9_0/standalone_ps7_cortexa9_0/bsp/system.mss|system_4||
F:/Education/FPGA_Labs/Labs_2/lab4/audio_new/design_1_wrapper_iz3/zynq_fsbl/zynq_fsbl_bsp/system.mss|system_3||

TRACE::2024-12-08.18:23:59::SCWMssOS::Sw design exists and opened at  F:/Education/FPGA_Labs/Labs_2/lab4/audio_new/design_1_wrapper_iz3/ps7_cortexa9_0/standalone_ps7_cortexa9_0/bsp/system.mss
TRACE::2024-12-08.18:23:59::SCWPlatform::Trying to open the hw design at F:/Education/FPGA_Labs/Labs_2/lab4/audio_new/design_1_wrapper_iz3/hw/design_1_wrapper_iz3.xsa
TRACE::2024-12-08.18:23:59::SCWPlatform::DSA given F:/Education/FPGA_Labs/Labs_2/lab4/audio_new/design_1_wrapper_iz3/hw/design_1_wrapper_iz3.xsa
TRACE::2024-12-08.18:23:59::SCWPlatform::DSA absoulate path F:/Education/FPGA_Labs/Labs_2/lab4/audio_new/design_1_wrapper_iz3/hw/design_1_wrapper_iz3.xsa
TRACE::2024-12-08.18:23:59::SCWPlatform::DSA directory F:/Education/FPGA_Labs/Labs_2/lab4/audio_new/design_1_wrapper_iz3/hw
TRACE::2024-12-08.18:23:59::SCWPlatform:: Platform Path F:/Education/FPGA_Labs/Labs_2/lab4/audio_new/design_1_wrapper_iz3/hw/design_1_wrapper_iz3.xsa
TRACE::2024-12-08.18:23:59::SCWPlatform:: Unique name xilinx:zedboard::0.0
TRACE::2024-12-08.18:23:59::SCWPlatform::Trying to set the existing hwdb with name design_1_wrapper_14
TRACE::2024-12-08.18:23:59::SCWPlatform::Opened existing hwdb design_1_wrapper_14
TRACE::2024-12-08.18:23:59::SCWPlatform::Found the Hw Db part of the input DSA
TRACE::2024-12-08.18:23:59::SCWMssOS::Checking the sw design at  F:/Education/FPGA_Labs/Labs_2/lab4/audio_new/design_1_wrapper_iz3/ps7_cortexa9_0/standalone_ps7_cortexa9_0/bsp/system.mss
TRACE::2024-12-08.18:23:59::SCWMssOS::DEBUG:  swdes dump  F:/Education/FPGA_Labs/Labs_2/lab4/audio_new/audio/ps7_cortexa9_0/standalone_domain/bsp/system.mss|system_0||
F:/Education/FPGA_Labs/Labs_2/lab4/audio_new/audio/zynq_fsbl/zynq_fsbl_bsp/system.mss|system||
F:/Education/FPGA_Labs/Labs_2/lab4/audio_new/design_1_wrapper_iz/ps7_cortexa9_0/standalone_ps7_cortexa9_0/bsp/system.mss|system_2||
F:/Education/FPGA_Labs/Labs_2/lab4/audio_new/design_1_wrapper_iz/zynq_fsbl/zynq_fsbl_bsp/system.mss|system_1||
F:/Education/FPGA_Labs/Labs_2/lab4/audio_new/design_1_wrapper_iz3/ps7_cortexa9_0/standalone_ps7_cortexa9_0/bsp/system.mss|system_4||
F:/Education/FPGA_Labs/Labs_2/lab4/audio_new/design_1_wrapper_iz3/zynq_fsbl/zynq_fsbl_bsp/system.mss|system_3||

TRACE::2024-12-08.18:23:59::SCWMssOS::Sw design exists and opened at  F:/Education/FPGA_Labs/Labs_2/lab4/audio_new/design_1_wrapper_iz3/ps7_cortexa9_0/standalone_ps7_cortexa9_0/bsp/system.mss
TRACE::2024-12-08.18:23:59::SCWWriter::formatted JSON is {
	"platformName":	"design_1_wrapper_iz3",
	"sprVersion":	"2.0",
	"mode":	"gui",
	"dsaType":	"Fixed",
	"platformDesc":	"design_1_wrapper_iz3",
	"platHandOff":	"<platformDir>.xsa",
	"platIntHandOff":	"<platformDir>/hw/design_1_wrapper_iz3.xsa",
	"deviceType":	"zynq",
	"platIsPrebuiltAutogen":	"false",
	"platIsNoBootBsp":	"false",
	"platFsblTarget":	"ps7_cortexa9_0",
	"hasFsblMakeHasChanges":	"false",
	"hasPmufwMakeHasChanges":	"false",
	"fsblExtraCompilerFlags":	"-MMD -MP       -mcpu=cortex-a9 -mfpu=vfpv3 -mfloat-abi=hard ",
	"platPreBuiltFlag":	false,
	"platformSamplesDir":	"",
	"platActiveSys":	"design_1_wrapper_iz3",
	"systems":	[{
			"systemName":	"design_1_wrapper_iz3",
			"systemDesc":	"design_1_wrapper_iz3",
			"sysIsBootAutoGen":	"true",
			"systemDispName":	"design_1_wrapper_iz3",
			"sysActiveDom":	"standalone_ps7_cortexa9_0",
			"sysDefaultDom":	"standalone_ps7_cortexa9_0",
			"domains":	[{
					"domainName":	"zynq_fsbl",
					"domainDispName":	"zynq_fsbl",
					"domainDesc":	"FSBL Application BSP - Auto Generated.",
					"processors":	"ps7_cortexa9_0",
					"os":	"standalone",
					"sdxOs":	"standalone",
					"debugEnable":	"",
					"domRuntimes":	["cpp"],
					"swRepo":	"",
					"mssOsVer":	"8.1",
					"mssFile":	"",
					"md5Digest":	"d9a34af2dee52f902a49b7b36c0ab938",
					"compatibleApp":	"zynq_fsbl",
					"domType":	"bootDomain",
					"arch":	"32-bit",
					"appSettings":	{
						"appCompilerFlags":	"",
						"appLinkerFlags":	""
					},
					"addedLibs":	["xilffs:5.0", "xilrsa:1.6"],
					"libOptions":	{
						"libsContainingOptions":	[]
					},
					"prebuiltLibs":	{
						"prebuiltIncPath":	[],
						"prebuiltLibPath":	[]
					},
					"isolation":	{
					}
				}, {
					"domainName":	"standalone_ps7_cortexa9_0",
					"domainDispName":	"standalone_ps7_cortexa9_0",
					"domainDesc":	"standalone_ps7_cortexa9_0",
					"processors":	"ps7_cortexa9_0",
					"os":	"standalone",
					"sdxOs":	"standalone",
					"qemuArgs":	"<platformDir>/resources/design_1_wrapper_iz3/standalone_ps7_cortexa9_0/qemu_args.txt",
					"qemuData":	"<platformDir>/resources/design_1_wrapper_iz3/standalone_ps7_cortexa9_0/qemu",
					"debugEnable":	"False",
					"domRuntimes":	["cpp"],
					"swRepo":	"",
					"mssOsVer":	"8.1",
					"mssFile":	"",
					"md5Digest":	"9a5c07eb3fcbf029dead828c18c1b9c0",
					"compatibleApp":	"empty_application",
					"domType":	"mssDomain",
					"arch":	"32-bit",
					"appSettings":	{
						"appCompilerFlags":	"",
						"appLinkerFlags":	""
					},
					"addedLibs":	[],
					"libOptions":	{
						"libsContainingOptions":	[]
					},
					"prebuiltLibs":	{
						"prebuiltIncPath":	[],
						"prebuiltLibPath":	[]
					},
					"isolation":	{
					}
				}]
		}]
}
KEYINFO::2024-12-08.18:23:59::SCWPlatform::updated the xpfm file.
TRACE::2024-12-08.18:23:59::SCWPlatform::Trying to open the hw design at F:/Education/FPGA_Labs/Labs_2/lab4/audio_new/design_1_wrapper_iz3/hw/design_1_wrapper_iz3.xsa
TRACE::2024-12-08.18:23:59::SCWPlatform::DSA given F:/Education/FPGA_Labs/Labs_2/lab4/audio_new/design_1_wrapper_iz3/hw/design_1_wrapper_iz3.xsa
TRACE::2024-12-08.18:23:59::SCWPlatform::DSA absoulate path F:/Education/FPGA_Labs/Labs_2/lab4/audio_new/design_1_wrapper_iz3/hw/design_1_wrapper_iz3.xsa
TRACE::2024-12-08.18:23:59::SCWPlatform::DSA directory F:/Education/FPGA_Labs/Labs_2/lab4/audio_new/design_1_wrapper_iz3/hw
TRACE::2024-12-08.18:23:59::SCWPlatform:: Platform Path F:/Education/FPGA_Labs/Labs_2/lab4/audio_new/design_1_wrapper_iz3/hw/design_1_wrapper_iz3.xsa
TRACE::2024-12-08.18:23:59::SCWPlatform:: Unique name xilinx:zedboard::0.0
TRACE::2024-12-08.18:23:59::SCWPlatform::Trying to set the existing hwdb with name design_1_wrapper_14
TRACE::2024-12-08.18:23:59::SCWPlatform::Opened existing hwdb design_1_wrapper_14
TRACE::2024-12-08.18:23:59::SCWPlatform::Found the Hw Db part of the input DSA
TRACE::2024-12-08.18:23:59::SCWMssOS::Checking the sw design at  F:/Education/FPGA_Labs/Labs_2/lab4/audio_new/design_1_wrapper_iz3/ps7_cortexa9_0/standalone_ps7_cortexa9_0/bsp/system.mss
TRACE::2024-12-08.18:23:59::SCWMssOS::DEBUG:  swdes dump  F:/Education/FPGA_Labs/Labs_2/lab4/audio_new/audio/ps7_cortexa9_0/standalone_domain/bsp/system.mss|system_0||
F:/Education/FPGA_Labs/Labs_2/lab4/audio_new/audio/zynq_fsbl/zynq_fsbl_bsp/system.mss|system||
F:/Education/FPGA_Labs/Labs_2/lab4/audio_new/design_1_wrapper_iz/ps7_cortexa9_0/standalone_ps7_cortexa9_0/bsp/system.mss|system_2||
F:/Education/FPGA_Labs/Labs_2/lab4/audio_new/design_1_wrapper_iz/zynq_fsbl/zynq_fsbl_bsp/system.mss|system_1||
F:/Education/FPGA_Labs/Labs_2/lab4/audio_new/design_1_wrapper_iz3/ps7_cortexa9_0/standalone_ps7_cortexa9_0/bsp/system.mss|system_4||
F:/Education/FPGA_Labs/Labs_2/lab4/audio_new/design_1_wrapper_iz3/zynq_fsbl/zynq_fsbl_bsp/system.mss|system_3||

TRACE::2024-12-08.18:23:59::SCWMssOS::Sw design exists and opened at  F:/Education/FPGA_Labs/Labs_2/lab4/audio_new/design_1_wrapper_iz3/ps7_cortexa9_0/standalone_ps7_cortexa9_0/bsp/system.mss
TRACE::2024-12-08.18:25:22::SCWBDomain::System Command Ran  F:&  cd  F:/Education/FPGA_Labs/Labs_2/lab4/audio_new/design_1_wrapper_iz3/zynq_fsbl & make clean
TRACE::2024-12-08.18:25:22::SCWBDomain::rm -rf  sd.o  nand.o  image_mover.o  md5.o  fsbl_hooks.o  main.o  nor.o  qspi.o  rsa.o  ps7_init.o  pcap.o  fsbl_handoff.o zynq
TRACE::2024-12-08.18:25:22::SCWBDomain::_fsbl_bsp/ps7_cortexa9_0/lib/libxil.a fsbl.elf *.o

TRACE::2024-12-08.18:25:22::SCWBDomain::System Command Ran  F:&  cd  F:/Education/FPGA_Labs/Labs_2/lab4/audio_new/design_1_wrapper_iz3/zynq_fsbl/zynq_fsbl_bsp & make clean
TRACE::2024-12-08.18:25:22::SCWBDomain::make -C ps7_cortexa9_0/libsrc/coresightps_dcc_v1_8/src -s clean 

TRACE::2024-12-08.18:25:22::SCWBDomain::make -C ps7_cortexa9_0/libsrc/cpu_cortexa9_v2_11/src -s clean 

TRACE::2024-12-08.18:25:22::SCWBDomain::make -C ps7_cortexa9_0/libsrc/ddrps_v1_2/src -s clean 

TRACE::2024-12-08.18:25:22::SCWBDomain::make -C ps7_cortexa9_0/libsrc/devcfg_v3_7/src -s clean 

TRACE::2024-12-08.18:25:22::SCWBDomain::make -C ps7_cortexa9_0/libsrc/dmaps_v2_8/src -s clean 

TRACE::2024-12-08.18:25:22::SCWBDomain::make -C ps7_cortexa9_0/libsrc/fir_v1_0/src -s clean 

TRACE::2024-12-08.18:25:22::SCWBDomain::make -C ps7_cortexa9_0/libsrc/gpio_v4_9/src -s clean 

TRACE::2024-12-08.18:25:22::SCWBDomain::make -C ps7_cortexa9_0/libsrc/iicps_v3_17/src -s clean 

TRACE::2024-12-08.18:25:22::SCWBDomain::make -C ps7_cortexa9_0/libsrc/qspips_v3_10/src -s clean 

TRACE::2024-12-08.18:25:22::SCWBDomain::make -C ps7_cortexa9_0/libsrc/scugic_v5_1/src -s clean 

TRACE::2024-12-08.18:25:22::SCWBDomain::make -C ps7_cortexa9_0/libsrc/scutimer_v2_4/src -s clean 

TRACE::2024-12-08.18:25:22::SCWBDomain::make -C ps7_cortexa9_0/libsrc/scuwdt_v2_4/src -s clean 

TRACE::2024-12-08.18:25:23::SCWBDomain::make -C ps7_cortexa9_0/libsrc/standalone_v8_1/src -s clean 

TRACE::2024-12-08.18:25:23::SCWBDomain::make -C ps7_cortexa9_0/libsrc/uartps_v3_12/src -s clean 

TRACE::2024-12-08.18:25:23::SCWBDomain::make -C ps7_cortexa9_0/libsrc/xadcps_v2_6/src -s clean 

TRACE::2024-12-08.18:25:23::SCWBDomain::make -C ps7_cortexa9_0/libsrc/xilffs_v5_0/src -s clean 

TRACE::2024-12-08.18:25:23::SCWBDomain::make -C ps7_cortexa9_0/libsrc/xilrsa_v1_6/src -s clean 

TRACE::2024-12-08.18:25:23::SCWBDomain::rm -f ps7_cortexa9_0/lib/libxil.a

TRACE::2024-12-08.18:25:23::SCWMssOS::cleaning the bsp 
TRACE::2024-12-08.18:25:23::SCWMssOS::System Command Ran  F: & cd  F:/Education/FPGA_Labs/Labs_2/lab4/audio_new/design_1_wrapper_iz3/ps7_cortexa9_0/standalone_ps7_cortexa9_0/bsp & make clean 
TRACE::2024-12-08.18:25:23::SCWMssOS::make -C ps7_cortexa9_0/libsrc/coresightps_dcc_v1_8/src -s clean 

TRACE::2024-12-08.18:25:23::SCWMssOS::make -C ps7_cortexa9_0/libsrc/cpu_cortexa9_v2_11/src -s clean 

TRACE::2024-12-08.18:25:23::SCWMssOS::make -C ps7_cortexa9_0/libsrc/ddrps_v1_2/src -s clean 

TRACE::2024-12-08.18:25:23::SCWMssOS::make -C ps7_cortexa9_0/libsrc/devcfg_v3_7/src -s clean 

TRACE::2024-12-08.18:25:23::SCWMssOS::make -C ps7_cortexa9_0/libsrc/dmaps_v2_8/src -s clean 

TRACE::2024-12-08.18:25:23::SCWMssOS::make -C ps7_cortexa9_0/libsrc/fir_v1_0/src -s clean 

TRACE::2024-12-08.18:25:24::SCWMssOS::make -C ps7_cortexa9_0/libsrc/gpio_v4_9/src -s clean 

TRACE::2024-12-08.18:25:24::SCWMssOS::make -C ps7_cortexa9_0/libsrc/iicps_v3_17/src -s clean 

TRACE::2024-12-08.18:25:24::SCWMssOS::make -C ps7_cortexa9_0/libsrc/qspips_v3_10/src -s clean 

TRACE::2024-12-08.18:25:24::SCWMssOS::make -C ps7_cortexa9_0/libsrc/scugic_v5_1/src -s clean 

TRACE::2024-12-08.18:25:24::SCWMssOS::make -C ps7_cortexa9_0/libsrc/scutimer_v2_4/src -s clean 

TRACE::2024-12-08.18:25:24::SCWMssOS::make -C ps7_cortexa9_0/libsrc/scuwdt_v2_4/src -s clean 

TRACE::2024-12-08.18:25:24::SCWMssOS::make -C ps7_cortexa9_0/libsrc/standalone_v8_1/src -s clean 

TRACE::2024-12-08.18:25:24::SCWMssOS::make -C ps7_cortexa9_0/libsrc/uartps_v3_12/src -s clean 

TRACE::2024-12-08.18:25:24::SCWMssOS::make -C ps7_cortexa9_0/libsrc/xadcps_v2_6/src -s clean 

TRACE::2024-12-08.18:25:24::SCWMssOS::rm -f ps7_cortexa9_0/lib/libxil.a

LOG::2024-12-08.18:25:30::SCWPlatform::Started generating the artifacts platform design_1_wrapper_iz3
TRACE::2024-12-08.18:25:30::SCWPlatform::Sanity checking of platform is completed
LOG::2024-12-08.18:25:30::SCWPlatform::Started generating the artifacts for system configuration design_1_wrapper_iz3
LOG::2024-12-08.18:25:30::SCWSystem::Checking the domain zynq_fsbl
LOG::2024-12-08.18:25:30::SCWSystem::Doing application build for :  zynq_fsbl
TRACE::2024-12-08.18:25:30::SCWBDomain::Not a forced makefile updation, No changes are present. 
TRACE::2024-12-08.18:25:30::SCWDomain::Building the domain as part of full build :  zynq_fsbl
TRACE::2024-12-08.18:25:30::SCWPlatform::Trying to open the hw design at F:/Education/FPGA_Labs/Labs_2/lab4/audio_new/design_1_wrapper_iz3/hw/design_1_wrapper_iz3.xsa
TRACE::2024-12-08.18:25:30::SCWPlatform::DSA given F:/Education/FPGA_Labs/Labs_2/lab4/audio_new/design_1_wrapper_iz3/hw/design_1_wrapper_iz3.xsa
TRACE::2024-12-08.18:25:30::SCWPlatform::DSA absoulate path F:/Education/FPGA_Labs/Labs_2/lab4/audio_new/design_1_wrapper_iz3/hw/design_1_wrapper_iz3.xsa
TRACE::2024-12-08.18:25:30::SCWPlatform::DSA directory F:/Education/FPGA_Labs/Labs_2/lab4/audio_new/design_1_wrapper_iz3/hw
TRACE::2024-12-08.18:25:30::SCWPlatform:: Platform Path F:/Education/FPGA_Labs/Labs_2/lab4/audio_new/design_1_wrapper_iz3/hw/design_1_wrapper_iz3.xsa
TRACE::2024-12-08.18:25:30::SCWPlatform:: Unique name xilinx:zedboard::0.0
TRACE::2024-12-08.18:25:30::SCWPlatform::Trying to set the existing hwdb with name design_1_wrapper_14
TRACE::2024-12-08.18:25:30::SCWPlatform::Opened existing hwdb design_1_wrapper_14
TRACE::2024-12-08.18:25:30::SCWPlatform::Found the Hw Db part of the input DSA
TRACE::2024-12-08.18:25:30::SCWMssOS::Checking the sw design at  F:/Education/FPGA_Labs/Labs_2/lab4/audio_new/design_1_wrapper_iz3/zynq_fsbl/zynq_fsbl_bsp/system.mss
TRACE::2024-12-08.18:25:30::SCWMssOS::DEBUG:  swdes dump  F:/Education/FPGA_Labs/Labs_2/lab4/audio_new/audio/ps7_cortexa9_0/standalone_domain/bsp/system.mss|system_0||
F:/Education/FPGA_Labs/Labs_2/lab4/audio_new/audio/zynq_fsbl/zynq_fsbl_bsp/system.mss|system||
F:/Education/FPGA_Labs/Labs_2/lab4/audio_new/design_1_wrapper_iz/ps7_cortexa9_0/standalone_ps7_cortexa9_0/bsp/system.mss|system_2||
F:/Education/FPGA_Labs/Labs_2/lab4/audio_new/design_1_wrapper_iz/zynq_fsbl/zynq_fsbl_bsp/system.mss|system_1||
F:/Education/FPGA_Labs/Labs_2/lab4/audio_new/design_1_wrapper_iz3/ps7_cortexa9_0/standalone_ps7_cortexa9_0/bsp/system.mss|system_4||
F:/Education/FPGA_Labs/Labs_2/lab4/audio_new/design_1_wrapper_iz3/zynq_fsbl/zynq_fsbl_bsp/system.mss|system_3||

TRACE::2024-12-08.18:25:30::SCWMssOS::Sw design exists and opened at  F:/Education/FPGA_Labs/Labs_2/lab4/audio_new/design_1_wrapper_iz3/zynq_fsbl/zynq_fsbl_bsp/system.mss
TRACE::2024-12-08.18:25:30::SCWBDomain::Completed writing the mss file at F:/Education/FPGA_Labs/Labs_2/lab4/audio_new/design_1_wrapper_iz3/zynq_fsbl/zynq_fsbl_bsp
TRACE::2024-12-08.18:25:30::SCWBDomain::bsp generated is upto date with the mss file. Skipping bsp generation.
TRACE::2024-12-08.18:25:30::SCWBDomain::Not a forced makefile updation, No changes are present. 
TRACE::2024-12-08.18:25:30::SCWBDomain::System Command Ran  F:&  cd  F:/Education/FPGA_Labs/Labs_2/lab4/audio_new/design_1_wrapper_iz3/zynq_fsbl& make -C  zynq_fsbl_bsp & make 
TRACE::2024-12-08.18:25:30::SCWBDomain::make: Entering directory 'F:/Education/FPGA_Labs/Labs_2/lab4/audio_new/design_1_wrapper_iz3/zynq_fsbl/zynq_fsbl_bsp'

TRACE::2024-12-08.18:25:30::SCWBDomain::make --no-print-directory seq_libs

TRACE::2024-12-08.18:25:30::SCWBDomain::"Running Make include in ps7_cortexa9_0/libsrc/coresightps_dcc_v1_8/src"

TRACE::2024-12-08.18:25:30::SCWBDomain::make -C ps7_cortexa9_0/libsrc/coresightps_dcc_v1_8/src -s include  "SHELL=CMD" "COMPILER=arm-none-eabi-gcc" "ASSEMBLER=arm-none
TRACE::2024-12-08.18:25:30::SCWBDomain::-eabi-as" "ARCHIVER=arm-none-eabi-ar" "COMPILER_FLAGS=  -O2 -c" "EXTRA_COMPILER_FLAGS=-mcpu=cortex-a9 -mfpu=vfpv3 -mfloat-abi=h
TRACE::2024-12-08.18:25:30::SCWBDomain::ard -nostartfiles -g -Wall -Wextra -fno-tree-loop-distribute-patterns"

TRACE::2024-12-08.18:25:30::SCWBDomain::"Running Make include in ps7_cortexa9_0/libsrc/cpu_cortexa9_v2_11/src"

TRACE::2024-12-08.18:25:30::SCWBDomain::make -C ps7_cortexa9_0/libsrc/cpu_cortexa9_v2_11/src -s include  "SHELL=CMD" "COMPILER=arm-none-eabi-gcc" "ASSEMBLER=arm-none-e
TRACE::2024-12-08.18:25:30::SCWBDomain::abi-as" "ARCHIVER=arm-none-eabi-ar" "COMPILER_FLAGS=  -O2 -c" "EXTRA_COMPILER_FLAGS=-mcpu=cortex-a9 -mfpu=vfpv3 -mfloat-abi=har
TRACE::2024-12-08.18:25:30::SCWBDomain::d -nostartfiles -g -Wall -Wextra -fno-tree-loop-distribute-patterns"

TRACE::2024-12-08.18:25:30::SCWBDomain::"Running Make include in ps7_cortexa9_0/libsrc/ddrps_v1_2/src"

TRACE::2024-12-08.18:25:30::SCWBDomain::make -C ps7_cortexa9_0/libsrc/ddrps_v1_2/src -s include  "SHELL=CMD" "COMPILER=arm-none-eabi-gcc" "ASSEMBLER=arm-none-eabi-as" 
TRACE::2024-12-08.18:25:30::SCWBDomain::"ARCHIVER=arm-none-eabi-ar" "COMPILER_FLAGS=  -O2 -c" "EXTRA_COMPILER_FLAGS=-mcpu=cortex-a9 -mfpu=vfpv3 -mfloat-abi=hard -nosta
TRACE::2024-12-08.18:25:30::SCWBDomain::rtfiles -g -Wall -Wextra -fno-tree-loop-distribute-patterns"

TRACE::2024-12-08.18:25:30::SCWBDomain::"Running Make include in ps7_cortexa9_0/libsrc/devcfg_v3_7/src"

TRACE::2024-12-08.18:25:30::SCWBDomain::make -C ps7_cortexa9_0/libsrc/devcfg_v3_7/src -s include  "SHELL=CMD" "COMPILER=arm-none-eabi-gcc" "ASSEMBLER=arm-none-eabi-as"
TRACE::2024-12-08.18:25:30::SCWBDomain:: "ARCHIVER=arm-none-eabi-ar" "COMPILER_FLAGS=  -O2 -c" "EXTRA_COMPILER_FLAGS=-mcpu=cortex-a9 -mfpu=vfpv3 -mfloat-abi=hard -nost
TRACE::2024-12-08.18:25:30::SCWBDomain::artfiles -g -Wall -Wextra -fno-tree-loop-distribute-patterns"

TRACE::2024-12-08.18:25:30::SCWBDomain::"Running Make include in ps7_cortexa9_0/libsrc/dmaps_v2_8/src"

TRACE::2024-12-08.18:25:30::SCWBDomain::make -C ps7_cortexa9_0/libsrc/dmaps_v2_8/src -s include  "SHELL=CMD" "COMPILER=arm-none-eabi-gcc" "ASSEMBLER=arm-none-eabi-as" 
TRACE::2024-12-08.18:25:30::SCWBDomain::"ARCHIVER=arm-none-eabi-ar" "COMPILER_FLAGS=  -O2 -c" "EXTRA_COMPILER_FLAGS=-mcpu=cortex-a9 -mfpu=vfpv3 -mfloat-abi=hard -nosta
TRACE::2024-12-08.18:25:30::SCWBDomain::rtfiles -g -Wall -Wextra -fno-tree-loop-distribute-patterns"

TRACE::2024-12-08.18:25:30::SCWBDomain::"Running Make include in ps7_cortexa9_0/libsrc/fir_v1_0/src"

TRACE::2024-12-08.18:25:30::SCWBDomain::make -C ps7_cortexa9_0/libsrc/fir_v1_0/src -s include  "SHELL=CMD" "COMPILER=arm-none-eabi-gcc" "ASSEMBLER=arm-none-eabi-as" "A
TRACE::2024-12-08.18:25:30::SCWBDomain::RCHIVER=arm-none-eabi-ar" "COMPILER_FLAGS=  -O2 -c" "EXTRA_COMPILER_FLAGS=-mcpu=cortex-a9 -mfpu=vfpv3 -mfloat-abi=hard -nostart
TRACE::2024-12-08.18:25:30::SCWBDomain::files -g -Wall -Wextra -fno-tree-loop-distribute-patterns"

TRACE::2024-12-08.18:25:30::SCWBDomain::"Running Make include in ps7_cortexa9_0/libsrc/gpio_v4_9/src"

TRACE::2024-12-08.18:25:30::SCWBDomain::make -C ps7_cortexa9_0/libsrc/gpio_v4_9/src -s include  "SHELL=CMD" "COMPILER=arm-none-eabi-gcc" "ASSEMBLER=arm-none-eabi-as" "
TRACE::2024-12-08.18:25:30::SCWBDomain::ARCHIVER=arm-none-eabi-ar" "COMPILER_FLAGS=  -O2 -c" "EXTRA_COMPILER_FLAGS=-mcpu=cortex-a9 -mfpu=vfpv3 -mfloat-abi=hard -nostar
TRACE::2024-12-08.18:25:30::SCWBDomain::tfiles -g -Wall -Wextra -fno-tree-loop-distribute-patterns"

TRACE::2024-12-08.18:25:30::SCWBDomain::"Running Make include in ps7_cortexa9_0/libsrc/iicps_v3_17/src"

TRACE::2024-12-08.18:25:30::SCWBDomain::make -C ps7_cortexa9_0/libsrc/iicps_v3_17/src -s include  "SHELL=CMD" "COMPILER=arm-none-eabi-gcc" "ASSEMBLER=arm-none-eabi-as"
TRACE::2024-12-08.18:25:30::SCWBDomain:: "ARCHIVER=arm-none-eabi-ar" "COMPILER_FLAGS=  -O2 -c" "EXTRA_COMPILER_FLAGS=-mcpu=cortex-a9 -mfpu=vfpv3 -mfloat-abi=hard -nost
TRACE::2024-12-08.18:25:30::SCWBDomain::artfiles -g -Wall -Wextra -fno-tree-loop-distribute-patterns"

TRACE::2024-12-08.18:25:30::SCWBDomain::"Running Make include in ps7_cortexa9_0/libsrc/qspips_v3_10/src"

TRACE::2024-12-08.18:25:30::SCWBDomain::make -C ps7_cortexa9_0/libsrc/qspips_v3_10/src -s include  "SHELL=CMD" "COMPILER=arm-none-eabi-gcc" "ASSEMBLER=arm-none-eabi-as
TRACE::2024-12-08.18:25:30::SCWBDomain::" "ARCHIVER=arm-none-eabi-ar" "COMPILER_FLAGS=  -O2 -c" "EXTRA_COMPILER_FLAGS=-mcpu=cortex-a9 -mfpu=vfpv3 -mfloat-abi=hard -nos
TRACE::2024-12-08.18:25:30::SCWBDomain::tartfiles -g -Wall -Wextra -fno-tree-loop-distribute-patterns"

TRACE::2024-12-08.18:25:30::SCWBDomain::"Running Make include in ps7_cortexa9_0/libsrc/scugic_v5_1/src"

TRACE::2024-12-08.18:25:30::SCWBDomain::make -C ps7_cortexa9_0/libsrc/scugic_v5_1/src -s include  "SHELL=CMD" "COMPILER=arm-none-eabi-gcc" "ASSEMBLER=arm-none-eabi-as"
TRACE::2024-12-08.18:25:30::SCWBDomain:: "ARCHIVER=arm-none-eabi-ar" "COMPILER_FLAGS=  -O2 -c" "EXTRA_COMPILER_FLAGS=-mcpu=cortex-a9 -mfpu=vfpv3 -mfloat-abi=hard -nost
TRACE::2024-12-08.18:25:30::SCWBDomain::artfiles -g -Wall -Wextra -fno-tree-loop-distribute-patterns"

TRACE::2024-12-08.18:25:30::SCWBDomain::"Running Make include in ps7_cortexa9_0/libsrc/scutimer_v2_4/src"

TRACE::2024-12-08.18:25:30::SCWBDomain::make -C ps7_cortexa9_0/libsrc/scutimer_v2_4/src -s include  "SHELL=CMD" "COMPILER=arm-none-eabi-gcc" "ASSEMBLER=arm-none-eabi-a
TRACE::2024-12-08.18:25:30::SCWBDomain::s" "ARCHIVER=arm-none-eabi-ar" "COMPILER_FLAGS=  -O2 -c" "EXTRA_COMPILER_FLAGS=-mcpu=cortex-a9 -mfpu=vfpv3 -mfloat-abi=hard -no
TRACE::2024-12-08.18:25:30::SCWBDomain::startfiles -g -Wall -Wextra -fno-tree-loop-distribute-patterns"

TRACE::2024-12-08.18:25:30::SCWBDomain::"Running Make include in ps7_cortexa9_0/libsrc/scuwdt_v2_4/src"

TRACE::2024-12-08.18:25:30::SCWBDomain::make -C ps7_cortexa9_0/libsrc/scuwdt_v2_4/src -s include  "SHELL=CMD" "COMPILER=arm-none-eabi-gcc" "ASSEMBLER=arm-none-eabi-as"
TRACE::2024-12-08.18:25:30::SCWBDomain:: "ARCHIVER=arm-none-eabi-ar" "COMPILER_FLAGS=  -O2 -c" "EXTRA_COMPILER_FLAGS=-mcpu=cortex-a9 -mfpu=vfpv3 -mfloat-abi=hard -nost
TRACE::2024-12-08.18:25:30::SCWBDomain::artfiles -g -Wall -Wextra -fno-tree-loop-distribute-patterns"

TRACE::2024-12-08.18:25:30::SCWBDomain::"Running Make include in ps7_cortexa9_0/libsrc/standalone_v8_1/src"

TRACE::2024-12-08.18:25:30::SCWBDomain::make -C ps7_cortexa9_0/libsrc/standalone_v8_1/src -s include  "SHELL=CMD" "COMPILER=arm-none-eabi-gcc" "ASSEMBLER=arm-none-eabi
TRACE::2024-12-08.18:25:30::SCWBDomain::-as" "ARCHIVER=arm-none-eabi-ar" "COMPILER_FLAGS=  -O2 -c" "EXTRA_COMPILER_FLAGS=-mcpu=cortex-a9 -mfpu=vfpv3 -mfloat-abi=hard -
TRACE::2024-12-08.18:25:30::SCWBDomain::nostartfiles -g -Wall -Wextra -fno-tree-loop-distribute-patterns"

TRACE::2024-12-08.18:25:30::SCWBDomain::"Running Make include in ps7_cortexa9_0/libsrc/uartps_v3_12/src"

TRACE::2024-12-08.18:25:30::SCWBDomain::make -C ps7_cortexa9_0/libsrc/uartps_v3_12/src -s include  "SHELL=CMD" "COMPILER=arm-none-eabi-gcc" "ASSEMBLER=arm-none-eabi-as
TRACE::2024-12-08.18:25:30::SCWBDomain::" "ARCHIVER=arm-none-eabi-ar" "COMPILER_FLAGS=  -O2 -c" "EXTRA_COMPILER_FLAGS=-mcpu=cortex-a9 -mfpu=vfpv3 -mfloat-abi=hard -nos
TRACE::2024-12-08.18:25:30::SCWBDomain::tartfiles -g -Wall -Wextra -fno-tree-loop-distribute-patterns"

TRACE::2024-12-08.18:25:30::SCWBDomain::"Running Make include in ps7_cortexa9_0/libsrc/xadcps_v2_6/src"

TRACE::2024-12-08.18:25:30::SCWBDomain::make -C ps7_cortexa9_0/libsrc/xadcps_v2_6/src -s include  "SHELL=CMD" "COMPILER=arm-none-eabi-gcc" "ASSEMBLER=arm-none-eabi-as"
TRACE::2024-12-08.18:25:30::SCWBDomain:: "ARCHIVER=arm-none-eabi-ar" "COMPILER_FLAGS=  -O2 -c" "EXTRA_COMPILER_FLAGS=-mcpu=cortex-a9 -mfpu=vfpv3 -mfloat-abi=hard -nost
TRACE::2024-12-08.18:25:30::SCWBDomain::artfiles -g -Wall -Wextra -fno-tree-loop-distribute-patterns"

TRACE::2024-12-08.18:25:30::SCWBDomain::"Running Make include in ps7_cortexa9_0/libsrc/xilffs_v5_0/src"

TRACE::2024-12-08.18:25:30::SCWBDomain::make -C ps7_cortexa9_0/libsrc/xilffs_v5_0/src -s include  "SHELL=CMD" "COMPILER=arm-none-eabi-gcc" "ASSEMBLER=arm-none-eabi-as"
TRACE::2024-12-08.18:25:30::SCWBDomain:: "ARCHIVER=arm-none-eabi-ar" "COMPILER_FLAGS=  -O2 -c" "EXTRA_COMPILER_FLAGS=-mcpu=cortex-a9 -mfpu=vfpv3 -mfloat-abi=hard -nost
TRACE::2024-12-08.18:25:30::SCWBDomain::artfiles -g -Wall -Wextra -fno-tree-loop-distribute-patterns"

TRACE::2024-12-08.18:25:30::SCWBDomain::"Running Make include in ps7_cortexa9_0/libsrc/xilrsa_v1_6/src"

TRACE::2024-12-08.18:25:30::SCWBDomain::make -C ps7_cortexa9_0/libsrc/xilrsa_v1_6/src -s include  "SHELL=CMD" "COMPILER=arm-none-eabi-gcc" "ASSEMBLER=arm-none-eabi-as"
TRACE::2024-12-08.18:25:30::SCWBDomain:: "ARCHIVER=arm-none-eabi-ar" "COMPILER_FLAGS=  -O2 -c" "EXTRA_COMPILER_FLAGS=-mcpu=cortex-a9 -mfpu=vfpv3 -mfloat-abi=hard -nost
TRACE::2024-12-08.18:25:30::SCWBDomain::artfiles -g -Wall -Wextra -fno-tree-loop-distribute-patterns"

TRACE::2024-12-08.18:25:30::SCWBDomain::"Running Make libs in ps7_cortexa9_0/libsrc/fir_v1_0/src"

TRACE::2024-12-08.18:25:30::SCWBDomain::make -C ps7_cortexa9_0/libsrc/fir_v1_0/src -s libs  "SHELL=CMD" "COMPILER=arm-none-eabi-gcc" "ASSEMBLER=arm-none-eabi-as" "ARCH
TRACE::2024-12-08.18:25:30::SCWBDomain::IVER=arm-none-eabi-ar" "COMPILER_FLAGS=  -O2 -c" "EXTRA_COMPILER_FLAGS=-mcpu=cortex-a9 -mfpu=vfpv3 -mfloat-abi=hard -nostartfil
TRACE::2024-12-08.18:25:30::SCWBDomain::es -g -Wall -Wextra -fno-tree-loop-distribute-patterns"

TRACE::2024-12-08.18:25:31::SCWBDomain::"Building fir"

TRACE::2024-12-08.18:25:31::SCWBDomain::"Running Make libs in ps7_cortexa9_0/libsrc/xilrsa_v1_6/src"

TRACE::2024-12-08.18:25:31::SCWBDomain::make -C ps7_cortexa9_0/libsrc/xilrsa_v1_6/src -s libs  "SHELL=CMD" "COMPILER=arm-none-eabi-gcc" "ASSEMBLER=arm-none-eabi-as" "A
TRACE::2024-12-08.18:25:31::SCWBDomain::RCHIVER=arm-none-eabi-ar" "COMPILER_FLAGS=  -O2 -c" "EXTRA_COMPILER_FLAGS=-mcpu=cortex-a9 -mfpu=vfpv3 -mfloat-abi=hard -nostart
TRACE::2024-12-08.18:25:31::SCWBDomain::files -g -Wall -Wextra -fno-tree-loop-distribute-patterns"

TRACE::2024-12-08.18:25:31::SCWBDomain::'Finished building libraries sequentially.'

TRACE::2024-12-08.18:25:31::SCWBDomain::make -j 10 --no-print-directory par_libs

TRACE::2024-12-08.18:25:31::SCWBDomain::"Running Make include in ps7_cortexa9_0/libsrc/coresightps_dcc_v1_8/src"

TRACE::2024-12-08.18:25:31::SCWBDomain::make -C ps7_cortexa9_0/libsrc/coresightps_dcc_v1_8/src -s include  "SHELL=CMD" "COMPILER=arm-none-eabi-gcc" "ASSEMBLER=arm-none
TRACE::2024-12-08.18:25:31::SCWBDomain::-eabi-as" "ARCHIVER=arm-none-eabi-ar" "COMPILER_FLAGS=  -O2 -c" "EXTRA_COMPILER_FLAGS=-mcpu=cortex-a9 -mfpu=vfpv3 -mfloat-abi=h
TRACE::2024-12-08.18:25:31::SCWBDomain::ard -nostartfiles -g -Wall -Wextra -fno-tree-loop-distribute-patterns"

TRACE::2024-12-08.18:25:31::SCWBDomain::"Running Make include in ps7_cortexa9_0/libsrc/cpu_cortexa9_v2_11/src"

TRACE::2024-12-08.18:25:31::SCWBDomain::make -C ps7_cortexa9_0/libsrc/cpu_cortexa9_v2_11/src -s include  "SHELL=CMD" "COMPILER=arm-none-eabi-gcc" "ASSEMBLER=arm-none-e
TRACE::2024-12-08.18:25:31::SCWBDomain::abi-as" "ARCHIVER=arm-none-eabi-ar" "COMPILER_FLAGS=  -O2 -c" "EXTRA_COMPILER_FLAGS=-mcpu=cortex-a9 -mfpu=vfpv3 -mfloat-abi=har
TRACE::2024-12-08.18:25:31::SCWBDomain::d -nostartfiles -g -Wall -Wextra -fno-tree-loop-distribute-patterns"

TRACE::2024-12-08.18:25:31::SCWBDomain::"Running Make include in ps7_cortexa9_0/libsrc/ddrps_v1_2/src"

TRACE::2024-12-08.18:25:31::SCWBDomain::make -C ps7_cortexa9_0/libsrc/ddrps_v1_2/src -s include  "SHELL=CMD" "COMPILER=arm-none-eabi-gcc" "ASSEMBLER=arm-none-eabi-as" 
TRACE::2024-12-08.18:25:31::SCWBDomain::"ARCHIVER=arm-none-eabi-ar" "COMPILER_FLAGS=  -O2 -c" "EXTRA_COMPILER_FLAGS=-mcpu=cortex-a9 -mfpu=vfpv3 -mfloat-abi=hard -nosta
TRACE::2024-12-08.18:25:31::SCWBDomain::rtfiles -g -Wall -Wextra -fno-tree-loop-distribute-patterns"

TRACE::2024-12-08.18:25:31::SCWBDomain::"Running Make include in ps7_cortexa9_0/libsrc/devcfg_v3_7/src"

TRACE::2024-12-08.18:25:31::SCWBDomain::make -C ps7_cortexa9_0/libsrc/devcfg_v3_7/src -s include  "SHELL=CMD" "COMPILER=arm-none-eabi-gcc" "ASSEMBLER=arm-none-eabi-as"
TRACE::2024-12-08.18:25:31::SCWBDomain:: "ARCHIVER=arm-none-eabi-ar" "COMPILER_FLAGS=  -O2 -c" "EXTRA_COMPILER_FLAGS=-mcpu=cortex-a9 -mfpu=vfpv3 -mfloat-abi=hard -nost
TRACE::2024-12-08.18:25:31::SCWBDomain::artfiles -g -Wall -Wextra -fno-tree-loop-distribute-patterns"

TRACE::2024-12-08.18:25:31::SCWBDomain::"Running Make include in ps7_cortexa9_0/libsrc/dmaps_v2_8/src"

TRACE::2024-12-08.18:25:31::SCWBDomain::make -C ps7_cortexa9_0/libsrc/dmaps_v2_8/src -s include  "SHELL=CMD" "COMPILER=arm-none-eabi-gcc" "ASSEMBLER=arm-none-eabi-as" 
TRACE::2024-12-08.18:25:31::SCWBDomain::"ARCHIVER=arm-none-eabi-ar" "COMPILER_FLAGS=  -O2 -c" "EXTRA_COMPILER_FLAGS=-mcpu=cortex-a9 -mfpu=vfpv3 -mfloat-abi=hard -nosta
TRACE::2024-12-08.18:25:31::SCWBDomain::rtfiles -g -Wall -Wextra -fno-tree-loop-distribute-patterns"

TRACE::2024-12-08.18:25:31::SCWBDomain::"Running Make include in ps7_cortexa9_0/libsrc/fir_v1_0/src"

TRACE::2024-12-08.18:25:31::SCWBDomain::make -C ps7_cortexa9_0/libsrc/fir_v1_0/src -s include  "SHELL=CMD" "COMPILER=arm-none-eabi-gcc" "ASSEMBLER=arm-none-eabi-as" "A
TRACE::2024-12-08.18:25:31::SCWBDomain::RCHIVER=arm-none-eabi-ar" "COMPILER_FLAGS=  -O2 -c" "EXTRA_COMPILER_FLAGS=-mcpu=cortex-a9 -mfpu=vfpv3 -mfloat-abi=hard -nostart
TRACE::2024-12-08.18:25:31::SCWBDomain::files -g -Wall -Wextra -fno-tree-loop-distribute-patterns"

TRACE::2024-12-08.18:25:31::SCWBDomain::"Running Make include in ps7_cortexa9_0/libsrc/gpio_v4_9/src"

TRACE::2024-12-08.18:25:31::SCWBDomain::make -C ps7_cortexa9_0/libsrc/gpio_v4_9/src -s include  "SHELL=CMD" "COMPILER=arm-none-eabi-gcc" "ASSEMBLER=arm-none-eabi-as" "
TRACE::2024-12-08.18:25:31::SCWBDomain::ARCHIVER=arm-none-eabi-ar" "COMPILER_FLAGS=  -O2 -c" "EXTRA_COMPILER_FLAGS=-mcpu=cortex-a9 -mfpu=vfpv3 -mfloat-abi=hard -nostar
TRACE::2024-12-08.18:25:31::SCWBDomain::tfiles -g -Wall -Wextra -fno-tree-loop-distribute-patterns"

TRACE::2024-12-08.18:25:31::SCWBDomain::"Running Make include in ps7_cortexa9_0/libsrc/iicps_v3_17/src"

TRACE::2024-12-08.18:25:31::SCWBDomain::make -C ps7_cortexa9_0/libsrc/iicps_v3_17/src -s include  "SHELL=CMD" "COMPILER=arm-none-eabi-gcc" "ASSEMBLER=arm-none-eabi-as"
TRACE::2024-12-08.18:25:31::SCWBDomain:: "ARCHIVER=arm-none-eabi-ar" "COMPILER_FLAGS=  -O2 -c" "EXTRA_COMPILER_FLAGS=-mcpu=cortex-a9 -mfpu=vfpv3 -mfloat-abi=hard -nost
TRACE::2024-12-08.18:25:31::SCWBDomain::artfiles -g -Wall -Wextra -fno-tree-loop-distribute-patterns"

TRACE::2024-12-08.18:25:31::SCWBDomain::"Running Make include in ps7_cortexa9_0/libsrc/qspips_v3_10/src"

TRACE::2024-12-08.18:25:31::SCWBDomain::make -C ps7_cortexa9_0/libsrc/qspips_v3_10/src -s include  "SHELL=CMD" "COMPILER=arm-none-eabi-gcc" "ASSEMBLER=arm-none-eabi-as
TRACE::2024-12-08.18:25:31::SCWBDomain::" "ARCHIVER=arm-none-eabi-ar" "COMPILER_FLAGS=  -O2 -c" "EXTRA_COMPILER_FLAGS=-mcpu=cortex-a9 -mfpu=vfpv3 -mfloat-abi=hard -nos
TRACE::2024-12-08.18:25:31::SCWBDomain::tartfiles -g -Wall -Wextra -fno-tree-loop-distribute-patterns"

TRACE::2024-12-08.18:25:31::SCWBDomain::"Running Make include in ps7_cortexa9_0/libsrc/scugic_v5_1/src"

TRACE::2024-12-08.18:25:31::SCWBDomain::make -C ps7_cortexa9_0/libsrc/scugic_v5_1/src -s include  "SHELL=CMD" "COMPILER=arm-none-eabi-gcc" "ASSEMBLER=arm-none-eabi-as"
TRACE::2024-12-08.18:25:31::SCWBDomain:: "ARCHIVER=arm-none-eabi-ar" "COMPILER_FLAGS=  -O2 -c" "EXTRA_COMPILER_FLAGS=-mcpu=cortex-a9 -mfpu=vfpv3 -mfloat-abi=hard -nost
TRACE::2024-12-08.18:25:31::SCWBDomain::artfiles -g -Wall -Wextra -fno-tree-loop-distribute-patterns"

TRACE::2024-12-08.18:25:31::SCWBDomain::"Running Make include in ps7_cortexa9_0/libsrc/scutimer_v2_4/src"

TRACE::2024-12-08.18:25:31::SCWBDomain::make -C ps7_cortexa9_0/libsrc/scutimer_v2_4/src -s include  "SHELL=CMD" "COMPILER=arm-none-eabi-gcc" "ASSEMBLER=arm-none-eabi-a
TRACE::2024-12-08.18:25:31::SCWBDomain::s" "ARCHIVER=arm-none-eabi-ar" "COMPILER_FLAGS=  -O2 -c" "EXTRA_COMPILER_FLAGS=-mcpu=cortex-a9 -mfpu=vfpv3 -mfloat-abi=hard -no
TRACE::2024-12-08.18:25:31::SCWBDomain::startfiles -g -Wall -Wextra -fno-tree-loop-distribute-patterns"

TRACE::2024-12-08.18:25:31::SCWBDomain::"Running Make include in ps7_cortexa9_0/libsrc/scuwdt_v2_4/src"

TRACE::2024-12-08.18:25:31::SCWBDomain::make -C ps7_cortexa9_0/libsrc/scuwdt_v2_4/src -s include  "SHELL=CMD" "COMPILER=arm-none-eabi-gcc" "ASSEMBLER=arm-none-eabi-as"
TRACE::2024-12-08.18:25:31::SCWBDomain:: "ARCHIVER=arm-none-eabi-ar" "COMPILER_FLAGS=  -O2 -c" "EXTRA_COMPILER_FLAGS=-mcpu=cortex-a9 -mfpu=vfpv3 -mfloat-abi=hard -nost
TRACE::2024-12-08.18:25:31::SCWBDomain::artfiles -g -Wall -Wextra -fno-tree-loop-distribute-patterns"

TRACE::2024-12-08.18:25:31::SCWBDomain::"Running Make include in ps7_cortexa9_0/libsrc/standalone_v8_1/src"

TRACE::2024-12-08.18:25:31::SCWBDomain::make -C ps7_cortexa9_0/libsrc/standalone_v8_1/src -s include  "SHELL=CMD" "COMPILER=arm-none-eabi-gcc" "ASSEMBLER=arm-none-eabi
TRACE::2024-12-08.18:25:31::SCWBDomain::-as" "ARCHIVER=arm-none-eabi-ar" "COMPILER_FLAGS=  -O2 -c" "EXTRA_COMPILER_FLAGS=-mcpu=cortex-a9 -mfpu=vfpv3 -mfloat-abi=hard -
TRACE::2024-12-08.18:25:31::SCWBDomain::nostartfiles -g -Wall -Wextra -fno-tree-loop-distribute-patterns"

TRACE::2024-12-08.18:25:31::SCWBDomain::"Running Make include in ps7_cortexa9_0/libsrc/uartps_v3_12/src"

TRACE::2024-12-08.18:25:31::SCWBDomain::make -C ps7_cortexa9_0/libsrc/uartps_v3_12/src -s include  "SHELL=CMD" "COMPILER=arm-none-eabi-gcc" "ASSEMBLER=arm-none-eabi-as
TRACE::2024-12-08.18:25:31::SCWBDomain::" "ARCHIVER=arm-none-eabi-ar" "COMPILER_FLAGS=  -O2 -c" "EXTRA_COMPILER_FLAGS=-mcpu=cortex-a9 -mfpu=vfpv3 -mfloat-abi=hard -nos
TRACE::2024-12-08.18:25:31::SCWBDomain::tartfiles -g -Wall -Wextra -fno-tree-loop-distribute-patterns"

TRACE::2024-12-08.18:25:31::SCWBDomain::"Running Make include in ps7_cortexa9_0/libsrc/xadcps_v2_6/src"

TRACE::2024-12-08.18:25:31::SCWBDomain::make -C ps7_cortexa9_0/libsrc/xadcps_v2_6/src -s include  "SHELL=CMD" "COMPILER=arm-none-eabi-gcc" "ASSEMBLER=arm-none-eabi-as"
TRACE::2024-12-08.18:25:31::SCWBDomain:: "ARCHIVER=arm-none-eabi-ar" "COMPILER_FLAGS=  -O2 -c" "EXTRA_COMPILER_FLAGS=-mcpu=cortex-a9 -mfpu=vfpv3 -mfloat-abi=hard -nost
TRACE::2024-12-08.18:25:31::SCWBDomain::artfiles -g -Wall -Wextra -fno-tree-loop-distribute-patterns"

TRACE::2024-12-08.18:25:31::SCWBDomain::"Running Make include in ps7_cortexa9_0/libsrc/xilffs_v5_0/src"

TRACE::2024-12-08.18:25:31::SCWBDomain::make -C ps7_cortexa9_0/libsrc/xilffs_v5_0/src -s include  "SHELL=CMD" "COMPILER=arm-none-eabi-gcc" "ASSEMBLER=arm-none-eabi-as"
TRACE::2024-12-08.18:25:31::SCWBDomain:: "ARCHIVER=arm-none-eabi-ar" "COMPILER_FLAGS=  -O2 -c" "EXTRA_COMPILER_FLAGS=-mcpu=cortex-a9 -mfpu=vfpv3 -mfloat-abi=hard -nost
TRACE::2024-12-08.18:25:31::SCWBDomain::artfiles -g -Wall -Wextra -fno-tree-loop-distribute-patterns"

TRACE::2024-12-08.18:25:31::SCWBDomain::"Running Make include in ps7_cortexa9_0/libsrc/xilrsa_v1_6/src"

TRACE::2024-12-08.18:25:31::SCWBDomain::make -C ps7_cortexa9_0/libsrc/xilrsa_v1_6/src -s include  "SHELL=CMD" "COMPILER=arm-none-eabi-gcc" "ASSEMBLER=arm-none-eabi-as"
TRACE::2024-12-08.18:25:31::SCWBDomain:: "ARCHIVER=arm-none-eabi-ar" "COMPILER_FLAGS=  -O2 -c" "EXTRA_COMPILER_FLAGS=-mcpu=cortex-a9 -mfpu=vfpv3 -mfloat-abi=hard -nost
TRACE::2024-12-08.18:25:31::SCWBDomain::artfiles -g -Wall -Wextra -fno-tree-loop-distribute-patterns"

TRACE::2024-12-08.18:25:31::SCWBDomain::"Running Make libs in ps7_cortexa9_0/libsrc/coresightps_dcc_v1_8/src"

TRACE::2024-12-08.18:25:31::SCWBDomain::make -C ps7_cortexa9_0/libsrc/coresightps_dcc_v1_8/src -s libs  "SHELL=CMD" "COMPILER=arm-none-eabi-gcc" "ASSEMBLER=arm-none-ea
TRACE::2024-12-08.18:25:31::SCWBDomain::bi-as" "ARCHIVER=arm-none-eabi-ar" "COMPILER_FLAGS=  -O2 -c" "EXTRA_COMPILER_FLAGS=-mcpu=cortex-a9 -mfpu=vfpv3 -mfloat-abi=hard
TRACE::2024-12-08.18:25:31::SCWBDomain:: -nostartfiles -g -Wall -Wextra -fno-tree-loop-distribute-patterns"

TRACE::2024-12-08.18:25:31::SCWBDomain::"Running Make libs in ps7_cortexa9_0/libsrc/cpu_cortexa9_v2_11/src"

TRACE::2024-12-08.18:25:31::SCWBDomain::make -C ps7_cortexa9_0/libsrc/cpu_cortexa9_v2_11/src -s libs  "SHELL=CMD" "COMPILER=arm-none-eabi-gcc" "ASSEMBLER=arm-none-eabi
TRACE::2024-12-08.18:25:31::SCWBDomain::-as" "ARCHIVER=arm-none-eabi-ar" "COMPILER_FLAGS=  -O2 -c" "EXTRA_COMPILER_FLAGS=-mcpu=cortex-a9 -mfpu=vfpv3 -mfloat-abi=hard -
TRACE::2024-12-08.18:25:31::SCWBDomain::nostartfiles -g -Wall -Wextra -fno-tree-loop-distribute-patterns"

TRACE::2024-12-08.18:25:31::SCWBDomain::"Running Make libs in ps7_cortexa9_0/libsrc/ddrps_v1_2/src"

TRACE::2024-12-08.18:25:31::SCWBDomain::make -C ps7_cortexa9_0/libsrc/ddrps_v1_2/src -s libs  "SHELL=CMD" "COMPILER=arm-none-eabi-gcc" "ASSEMBLER=arm-none-eabi-as" "AR
TRACE::2024-12-08.18:25:31::SCWBDomain::CHIVER=arm-none-eabi-ar" "COMPILER_FLAGS=  -O2 -c" "EXTRA_COMPILER_FLAGS=-mcpu=cortex-a9 -mfpu=vfpv3 -mfloat-abi=hard -nostartf
TRACE::2024-12-08.18:25:31::SCWBDomain::iles -g -Wall -Wextra -fno-tree-loop-distribute-patterns"

TRACE::2024-12-08.18:25:31::SCWBDomain::"Running Make libs in ps7_cortexa9_0/libsrc/devcfg_v3_7/src"

TRACE::2024-12-08.18:25:31::SCWBDomain::make -C ps7_cortexa9_0/libsrc/devcfg_v3_7/src -s libs  "SHELL=CMD" "COMPILER=arm-none-eabi-gcc" "ASSEMBLER=arm-none-eabi-as" "A
TRACE::2024-12-08.18:25:31::SCWBDomain::RCHIVER=arm-none-eabi-ar" "COMPILER_FLAGS=  -O2 -c" "EXTRA_COMPILER_FLAGS=-mcpu=cortex-a9 -mfpu=vfpv3 -mfloat-abi=hard -nostart
TRACE::2024-12-08.18:25:31::SCWBDomain::files -g -Wall -Wextra -fno-tree-loop-distribute-patterns"

TRACE::2024-12-08.18:25:32::SCWBDomain::"Running Make libs in ps7_cortexa9_0/libsrc/dmaps_v2_8/src"

TRACE::2024-12-08.18:25:32::SCWBDomain::make -C ps7_cortexa9_0/libsrc/dmaps_v2_8/src -s libs  "SHELL=CMD" "COMPILER=arm-none-eabi-gcc" "ASSEMBLER=arm-none-eabi-as" "AR
TRACE::2024-12-08.18:25:32::SCWBDomain::CHIVER=arm-none-eabi-ar" "COMPILER_FLAGS=  -O2 -c" "EXTRA_COMPILER_FLAGS=-mcpu=cortex-a9 -mfpu=vfpv3 -mfloat-abi=hard -nostartf
TRACE::2024-12-08.18:25:32::SCWBDomain::iles -g -Wall -Wextra -fno-tree-loop-distribute-patterns"

TRACE::2024-12-08.18:25:32::SCWBDomain::"Running Make libs in ps7_cortexa9_0/libsrc/gpio_v4_9/src"

TRACE::2024-12-08.18:25:32::SCWBDomain::make -C ps7_cortexa9_0/libsrc/gpio_v4_9/src -s libs  "SHELL=CMD" "COMPILER=arm-none-eabi-gcc" "ASSEMBLER=arm-none-eabi-as" "ARC
TRACE::2024-12-08.18:25:32::SCWBDomain::HIVER=arm-none-eabi-ar" "COMPILER_FLAGS=  -O2 -c" "EXTRA_COMPILER_FLAGS=-mcpu=cortex-a9 -mfpu=vfpv3 -mfloat-abi=hard -nostartfi
TRACE::2024-12-08.18:25:32::SCWBDomain::les -g -Wall -Wextra -fno-tree-loop-distribute-patterns"

TRACE::2024-12-08.18:25:32::SCWBDomain::"Running Make libs in ps7_cortexa9_0/libsrc/iicps_v3_17/src"

TRACE::2024-12-08.18:25:32::SCWBDomain::make -C ps7_cortexa9_0/libsrc/iicps_v3_17/src -s libs  "SHELL=CMD" "COMPILER=arm-none-eabi-gcc" "ASSEMBLER=arm-none-eabi-as" "A
TRACE::2024-12-08.18:25:32::SCWBDomain::RCHIVER=arm-none-eabi-ar" "COMPILER_FLAGS=  -O2 -c" "EXTRA_COMPILER_FLAGS=-mcpu=cortex-a9 -mfpu=vfpv3 -mfloat-abi=hard -nostart
TRACE::2024-12-08.18:25:32::SCWBDomain::files -g -Wall -Wextra -fno-tree-loop-distribute-patterns"

TRACE::2024-12-08.18:25:32::SCWBDomain::"Running Make libs in ps7_cortexa9_0/libsrc/qspips_v3_10/src"

TRACE::2024-12-08.18:25:32::SCWBDomain::make -C ps7_cortexa9_0/libsrc/qspips_v3_10/src -s libs  "SHELL=CMD" "COMPILER=arm-none-eabi-gcc" "ASSEMBLER=arm-none-eabi-as" "
TRACE::2024-12-08.18:25:32::SCWBDomain::ARCHIVER=arm-none-eabi-ar" "COMPILER_FLAGS=  -O2 -c" "EXTRA_COMPILER_FLAGS=-mcpu=cortex-a9 -mfpu=vfpv3 -mfloat-abi=hard -nostar
TRACE::2024-12-08.18:25:32::SCWBDomain::tfiles -g -Wall -Wextra -fno-tree-loop-distribute-patterns"

TRACE::2024-12-08.18:25:32::SCWBDomain::"Running Make libs in ps7_cortexa9_0/libsrc/scugic_v5_1/src"

TRACE::2024-12-08.18:25:32::SCWBDomain::make -C ps7_cortexa9_0/libsrc/scugic_v5_1/src -s libs  "SHELL=CMD" "COMPILER=arm-none-eabi-gcc" "ASSEMBLER=arm-none-eabi-as" "A
TRACE::2024-12-08.18:25:32::SCWBDomain::RCHIVER=arm-none-eabi-ar" "COMPILER_FLAGS=  -O2 -c" "EXTRA_COMPILER_FLAGS=-mcpu=cortex-a9 -mfpu=vfpv3 -mfloat-abi=hard -nostart
TRACE::2024-12-08.18:25:32::SCWBDomain::files -g -Wall -Wextra -fno-tree-loop-distribute-patterns"

TRACE::2024-12-08.18:25:32::SCWBDomain::"Running Make libs in ps7_cortexa9_0/libsrc/scutimer_v2_4/src"

TRACE::2024-12-08.18:25:32::SCWBDomain::make -C ps7_cortexa9_0/libsrc/scutimer_v2_4/src -s libs  "SHELL=CMD" "COMPILER=arm-none-eabi-gcc" "ASSEMBLER=arm-none-eabi-as" 
TRACE::2024-12-08.18:25:32::SCWBDomain::"ARCHIVER=arm-none-eabi-ar" "COMPILER_FLAGS=  -O2 -c" "EXTRA_COMPILER_FLAGS=-mcpu=cortex-a9 -mfpu=vfpv3 -mfloat-abi=hard -nosta
TRACE::2024-12-08.18:25:32::SCWBDomain::rtfiles -g -Wall -Wextra -fno-tree-loop-distribute-patterns"

TRACE::2024-12-08.18:25:32::SCWBDomain::"Running Make libs in ps7_cortexa9_0/libsrc/scuwdt_v2_4/src"

TRACE::2024-12-08.18:25:32::SCWBDomain::make -C ps7_cortexa9_0/libsrc/scuwdt_v2_4/src -s libs  "SHELL=CMD" "COMPILER=arm-none-eabi-gcc" "ASSEMBLER=arm-none-eabi-as" "A
TRACE::2024-12-08.18:25:32::SCWBDomain::RCHIVER=arm-none-eabi-ar" "COMPILER_FLAGS=  -O2 -c" "EXTRA_COMPILER_FLAGS=-mcpu=cortex-a9 -mfpu=vfpv3 -mfloat-abi=hard -nostart
TRACE::2024-12-08.18:25:32::SCWBDomain::files -g -Wall -Wextra -fno-tree-loop-distribute-patterns"

TRACE::2024-12-08.18:25:32::SCWBDomain::"Running Make libs in ps7_cortexa9_0/libsrc/standalone_v8_1/src"

TRACE::2024-12-08.18:25:32::SCWBDomain::make -C ps7_cortexa9_0/libsrc/standalone_v8_1/src -s libs  "SHELL=CMD" "COMPILER=arm-none-eabi-gcc" "ASSEMBLER=arm-none-eabi-as
TRACE::2024-12-08.18:25:32::SCWBDomain::" "ARCHIVER=arm-none-eabi-ar" "COMPILER_FLAGS=  -O2 -c" "EXTRA_COMPILER_FLAGS=-mcpu=cortex-a9 -mfpu=vfpv3 -mfloat-abi=hard -nos
TRACE::2024-12-08.18:25:32::SCWBDomain::tartfiles -g -Wall -Wextra -fno-tree-loop-distribute-patterns"

TRACE::2024-12-08.18:25:33::SCWBDomain::"Running Make libs in ps7_cortexa9_0/libsrc/uartps_v3_12/src"

TRACE::2024-12-08.18:25:33::SCWBDomain::make -C ps7_cortexa9_0/libsrc/uartps_v3_12/src -s libs  "SHELL=CMD" "COMPILER=arm-none-eabi-gcc" "ASSEMBLER=arm-none-eabi-as" "
TRACE::2024-12-08.18:25:33::SCWBDomain::ARCHIVER=arm-none-eabi-ar" "COMPILER_FLAGS=  -O2 -c" "EXTRA_COMPILER_FLAGS=-mcpu=cortex-a9 -mfpu=vfpv3 -mfloat-abi=hard -nostar
TRACE::2024-12-08.18:25:33::SCWBDomain::tfiles -g -Wall -Wextra -fno-tree-loop-distribute-patterns"

TRACE::2024-12-08.18:25:33::SCWBDomain::"Running Make libs in ps7_cortexa9_0/libsrc/xadcps_v2_6/src"

TRACE::2024-12-08.18:25:33::SCWBDomain::make -C ps7_cortexa9_0/libsrc/xadcps_v2_6/src -s libs  "SHELL=CMD" "COMPILER=arm-none-eabi-gcc" "ASSEMBLER=arm-none-eabi-as" "A
TRACE::2024-12-08.18:25:33::SCWBDomain::RCHIVER=arm-none-eabi-ar" "COMPILER_FLAGS=  -O2 -c" "EXTRA_COMPILER_FLAGS=-mcpu=cortex-a9 -mfpu=vfpv3 -mfloat-abi=hard -nostart
TRACE::2024-12-08.18:25:33::SCWBDomain::files -g -Wall -Wextra -fno-tree-loop-distribute-patterns"

TRACE::2024-12-08.18:25:33::SCWBDomain::"Running Make libs in ps7_cortexa9_0/libsrc/xilffs_v5_0/src"

TRACE::2024-12-08.18:25:33::SCWBDomain::make -C ps7_cortexa9_0/libsrc/xilffs_v5_0/src -s libs  "SHELL=CMD" "COMPILER=arm-none-eabi-gcc" "ASSEMBLER=arm-none-eabi-as" "A
TRACE::2024-12-08.18:25:33::SCWBDomain::RCHIVER=arm-none-eabi-ar" "COMPILER_FLAGS=  -O2 -c" "EXTRA_COMPILER_FLAGS=-mcpu=cortex-a9 -mfpu=vfpv3 -mfloat-abi=hard -nostart
TRACE::2024-12-08.18:25:33::SCWBDomain::files -g -Wall -Wextra -fno-tree-loop-distribute-patterns"

TRACE::2024-12-08.18:25:34::SCWBDomain::'Finished building libraries parallelly.'

TRACE::2024-12-08.18:25:34::SCWBDomain::make --no-print-directory archive

TRACE::2024-12-08.18:25:34::SCWBDomain::arm-none-eabi-ar -r  ps7_cortexa9_0/lib/libxil.a ps7_cortexa9_0/lib/_exit.o ps7_cortexa9_0/lib/_open.o ps7_cortexa9_0/lib/_sbrk
TRACE::2024-12-08.18:25:34::SCWBDomain::.o ps7_cortexa9_0/lib/abort.o ps7_cortexa9_0/lib/asm_vectors.o ps7_cortexa9_0/lib/boot.o ps7_cortexa9_0/lib/close.o ps7_cortexa
TRACE::2024-12-08.18:25:34::SCWBDomain::9_0/lib/cpputest_time.o ps7_cortexa9_0/lib/cpu_init.o ps7_cortexa9_0/lib/errno.o ps7_cortexa9_0/lib/fcntl.o ps7_cortexa9_0/lib/
TRACE::2024-12-08.18:25:34::SCWBDomain::fstat.o ps7_cortexa9_0/lib/getentropy.o ps7_cortexa9_0/lib/getpid.o ps7_cortexa9_0/lib/inbyte.o ps7_cortexa9_0/lib/isatty.o ps7
TRACE::2024-12-08.18:25:34::SCWBDomain::_cortexa9_0/lib/kill.o ps7_cortexa9_0/lib/lseek.o ps7_cortexa9_0/lib/open.o ps7_cortexa9_0/lib/outbyte.o ps7_cortexa9_0/lib/pri
TRACE::2024-12-08.18:25:34::SCWBDomain::nt.o ps7_cortexa9_0/lib/putnum.o ps7_cortexa9_0/lib/read.o ps7_cortexa9_0/lib/sbrk.o ps7_cortexa9_0/lib/sleep.o ps7_cortexa9_0/
TRACE::2024-12-08.18:25:34::SCWBDomain::lib/time.o ps7_cortexa9_0/lib/translation_table.o ps7_cortexa9_0/lib/unlink.o ps7_cortexa9_0/lib/usleep.o ps7_cortexa9_0/lib/ve
TRACE::2024-12-08.18:25:34::SCWBDomain::ctors.o ps7_cortexa9_0/lib/write.o ps7_cortexa9_0/lib/xadcps.o ps7_cortexa9_0/lib/xadcps_g.o ps7_cortexa9_0/lib/xadcps_intr.o p
TRACE::2024-12-08.18:25:34::SCWBDomain::s7_cortexa9_0/lib/xadcps_selftest.o ps7_cortexa9_0/lib/xadcps_sinit.o ps7_cortexa9_0/lib/xcoresightpsdcc.o ps7_cortexa9_0/lib/x
TRACE::2024-12-08.18:25:34::SCWBDomain::devcfg.o ps7_cortexa9_0/lib/xdevcfg_g.o ps7_cortexa9_0/lib/xdevcfg_hw.o ps7_cortexa9_0/lib/xdevcfg_intr.o ps7_cortexa9_0/lib/xd
TRACE::2024-12-08.18:25:34::SCWBDomain::evcfg_selftest.o ps7_cortexa9_0/lib/xdevcfg_sinit.o ps7_cortexa9_0/lib/xdmaps.o ps7_cortexa9_0/lib/xdmaps_g.o ps7_cortexa9_0/li
TRACE::2024-12-08.18:25:34::SCWBDomain::b/xdmaps_hw.o ps7_cortexa9_0/lib/xdmaps_selftest.o ps7_cortexa9_0/lib/xdmaps_sinit.o ps7_cortexa9_0/lib/xfir.o ps7_cortexa9_0/l
TRACE::2024-12-08.18:25:34::SCWBDomain::ib/xfir_g.o ps7_cortexa9_0/lib/xfir_linux.o ps7_cortexa9_0/lib/xfir_sinit.o ps7_cortexa9_0/lib/xgpio.o ps7_cortexa9_0/lib/xgpio
TRACE::2024-12-08.18:25:34::SCWBDomain::_extra.o ps7_cortexa9_0/lib/xgpio_g.o ps7_cortexa9_0/lib/xgpio_intr.o ps7_cortexa9_0/lib/xgpio_selftest.o ps7_cortexa9_0/lib/xg
TRACE::2024-12-08.18:25:34::SCWBDomain::pio_sinit.o ps7_cortexa9_0/lib/xiicps.o ps7_cortexa9_0/lib/xiicps_g.o ps7_cortexa9_0/lib/xiicps_hw.o ps7_cortexa9_0/lib/xiicps_
TRACE::2024-12-08.18:25:34::SCWBDomain::intr.o ps7_cortexa9_0/lib/xiicps_master.o ps7_cortexa9_0/lib/xiicps_options.o ps7_cortexa9_0/lib/xiicps_selftest.o ps7_cortexa9
TRACE::2024-12-08.18:25:34::SCWBDomain::_0/lib/xiicps_sinit.o ps7_cortexa9_0/lib/xiicps_slave.o ps7_cortexa9_0/lib/xiicps_xfer.o ps7_cortexa9_0/lib/xil-crt0.o ps7_cort
TRACE::2024-12-08.18:25:34::SCWBDomain::exa9_0/lib/xil_assert.o ps7_cortexa9_0/lib/xil_cache.o ps7_cortexa9_0/lib/xil_clocking.o ps7_cortexa9_0/lib/xil_exception.o ps7
TRACE::2024-12-08.18:25:34::SCWBDomain::_cortexa9_0/lib/xil_mem.o ps7_cortexa9_0/lib/xil_misc_psreset_api.o ps7_cortexa9_0/lib/xil_mmu.o ps7_cortexa9_0/lib/xil_printf.
TRACE::2024-12-08.18:25:34::SCWBDomain::o ps7_cortexa9_0/lib/xil_sleepcommon.o ps7_cortexa9_0/lib/xil_sleeptimer.o ps7_cortexa9_0/lib/xil_spinlock.o ps7_cortexa9_0/lib
TRACE::2024-12-08.18:25:34::SCWBDomain::/xil_testcache.o ps7_cortexa9_0/lib/xil_testio.o ps7_cortexa9_0/lib/xil_testmem.o ps7_cortexa9_0/lib/xil_util.o ps7_cortexa9_0/
TRACE::2024-12-08.18:25:34::SCWBDomain::lib/xinterrupt_wrap.o ps7_cortexa9_0/lib/xl2cc_counter.o ps7_cortexa9_0/lib/xplatform_info.o ps7_cortexa9_0/lib/xpm_counter.o p
TRACE::2024-12-08.18:25:34::SCWBDomain::s7_cortexa9_0/lib/xqspips.o ps7_cortexa9_0/lib/xqspips_g.o ps7_cortexa9_0/lib/xqspips_hw.o ps7_cortexa9_0/lib/xqspips_options.o
TRACE::2024-12-08.18:25:34::SCWBDomain:: ps7_cortexa9_0/lib/xqspips_selftest.o ps7_cortexa9_0/lib/xqspips_sinit.o ps7_cortexa9_0/lib/xscugic.o ps7_cortexa9_0/lib/xscug
TRACE::2024-12-08.18:25:34::SCWBDomain::ic_g.o ps7_cortexa9_0/lib/xscugic_hw.o ps7_cortexa9_0/lib/xscugic_intr.o ps7_cortexa9_0/lib/xscugic_selftest.o ps7_cortexa9_0/l
TRACE::2024-12-08.18:25:34::SCWBDomain::ib/xscugic_sinit.o ps7_cortexa9_0/lib/xscutimer.o ps7_cortexa9_0/lib/xscutimer_g.o ps7_cortexa9_0/lib/xscutimer_selftest.o ps7_
TRACE::2024-12-08.18:25:34::SCWBDomain::cortexa9_0/lib/xscutimer_sinit.o ps7_cortexa9_0/lib/xscuwdt.o ps7_cortexa9_0/lib/xscuwdt_g.o ps7_cortexa9_0/lib/xscuwdt_selftes
TRACE::2024-12-08.18:25:34::SCWBDomain::t.o ps7_cortexa9_0/lib/xscuwdt_sinit.o ps7_cortexa9_0/lib/xtime_l.o ps7_cortexa9_0/lib/xuartps.o ps7_cortexa9_0/lib/xuartps_g.o
TRACE::2024-12-08.18:25:34::SCWBDomain:: ps7_cortexa9_0/lib/xuartps_hw.o ps7_cortexa9_0/lib/xuartps_intr.o ps7_cortexa9_0/lib/xuartps_options.o ps7_cortexa9_0/lib/xuar
TRACE::2024-12-08.18:25:34::SCWBDomain::tps_selftest.o ps7_cortexa9_0/lib/xuartps_sinit.o

TRACE::2024-12-08.18:25:34::SCWBDomain::'Finished building libraries'

TRACE::2024-12-08.18:25:34::SCWBDomain::make: Leaving directory 'F:/Education/FPGA_Labs/Labs_2/lab4/audio_new/design_1_wrapper_iz3/zynq_fsbl/zynq_fsbl_bsp'

TRACE::2024-12-08.18:25:34::SCWBDomain::arm-none-eabi-gcc  -O2 -c -MMD -MP       -mcpu=cortex-a9 -mfpu=vfpv3 -mfloat-abi=hard  -c sd.c -o sd.o -Izynq_fsbl_bsp/ps7_cort
TRACE::2024-12-08.18:25:34::SCWBDomain::exa9_0/include -I.

TRACE::2024-12-08.18:25:35::SCWBDomain::arm-none-eabi-gcc  -O2 -c -MMD -MP       -mcpu=cortex-a9 -mfpu=vfpv3 -mfloat-abi=hard  -c nand.c -o nand.o -Izynq_fsbl_bsp/ps7_
TRACE::2024-12-08.18:25:35::SCWBDomain::cortexa9_0/include -I.

TRACE::2024-12-08.18:25:35::SCWBDomain::arm-none-eabi-gcc  -O2 -c -MMD -MP       -mcpu=cortex-a9 -mfpu=vfpv3 -mfloat-abi=hard  -c image_mover.c -o image_mover.o -Izynq
TRACE::2024-12-08.18:25:35::SCWBDomain::_fsbl_bsp/ps7_cortexa9_0/include -I.

TRACE::2024-12-08.18:25:35::SCWBDomain::arm-none-eabi-gcc  -O2 -c -MMD -MP       -mcpu=cortex-a9 -mfpu=vfpv3 -mfloat-abi=hard  -c md5.c -o md5.o -Izynq_fsbl_bsp/ps7_co
TRACE::2024-12-08.18:25:35::SCWBDomain::rtexa9_0/include -I.

TRACE::2024-12-08.18:25:35::SCWBDomain::arm-none-eabi-gcc  -O2 -c -MMD -MP       -mcpu=cortex-a9 -mfpu=vfpv3 -mfloat-abi=hard  -c fsbl_hooks.c -o fsbl_hooks.o -Izynq_f
TRACE::2024-12-08.18:25:35::SCWBDomain::sbl_bsp/ps7_cortexa9_0/include -I.

TRACE::2024-12-08.18:25:35::SCWBDomain::arm-none-eabi-gcc  -O2 -c -MMD -MP       -mcpu=cortex-a9 -mfpu=vfpv3 -mfloat-abi=hard  -c main.c -o main.o -Izynq_fsbl_bsp/ps7_
TRACE::2024-12-08.18:25:35::SCWBDomain::cortexa9_0/include -I.

TRACE::2024-12-08.18:25:35::SCWBDomain::arm-none-eabi-gcc  -O2 -c -MMD -MP       -mcpu=cortex-a9 -mfpu=vfpv3 -mfloat-abi=hard  -c rsa.c -o rsa.o -Izynq_fsbl_bsp/ps7_co
TRACE::2024-12-08.18:25:35::SCWBDomain::rtexa9_0/include -I.

TRACE::2024-12-08.18:25:35::SCWBDomain::arm-none-eabi-gcc  -O2 -c -MMD -MP       -mcpu=cortex-a9 -mfpu=vfpv3 -mfloat-abi=hard  -c nor.c -o nor.o -Izynq_fsbl_bsp/ps7_co
TRACE::2024-12-08.18:25:35::SCWBDomain::rtexa9_0/include -I.

TRACE::2024-12-08.18:25:35::SCWBDomain::arm-none-eabi-gcc  -O2 -c -MMD -MP       -mcpu=cortex-a9 -mfpu=vfpv3 -mfloat-abi=hard  -c qspi.c -o qspi.o -Izynq_fsbl_bsp/ps7_
TRACE::2024-12-08.18:25:35::SCWBDomain::cortexa9_0/include -I.

TRACE::2024-12-08.18:25:35::SCWBDomain::arm-none-eabi-gcc  -O2 -c -MMD -MP       -mcpu=cortex-a9 -mfpu=vfpv3 -mfloat-abi=hard  -c ps7_init.c -o ps7_init.o -Izynq_fsbl_
TRACE::2024-12-08.18:25:35::SCWBDomain::bsp/ps7_cortexa9_0/include -I.

TRACE::2024-12-08.18:25:35::SCWBDomain::arm-none-eabi-gcc  -O2 -c -MMD -MP       -mcpu=cortex-a9 -mfpu=vfpv3 -mfloat-abi=hard  -c pcap.c -o pcap.o -Izynq_fsbl_bsp/ps7_
TRACE::2024-12-08.18:25:35::SCWBDomain::cortexa9_0/include -I.

TRACE::2024-12-08.18:25:36::SCWBDomain::arm-none-eabi-gcc  -O2 -c -MMD -MP       -mcpu=cortex-a9 -mfpu=vfpv3 -mfloat-abi=hard  -c fsbl_handoff.S -o fsbl_handoff.o -Izy
TRACE::2024-12-08.18:25:36::SCWBDomain::nq_fsbl_bsp/ps7_cortexa9_0/include -I.

TRACE::2024-12-08.18:25:36::SCWBDomain::arm-none-eabi-gcc -o fsbl.elf fsbl_handoff.o fsbl_hooks.o image_mover.o main.o md5.o nand.o nor.o pcap.o ps7_init.o qspi.o rsa.
TRACE::2024-12-08.18:25:36::SCWBDomain::o sd.o -MMD -MP       -mcpu=cortex-a9 -mfpu=vfpv3 -mfloat-abi=hard   -mcpu=cortex-a9 -mfpu=vfpv3 -mfloat-abi=hard -Wl,-build-id
TRACE::2024-12-08.18:25:36::SCWBDomain::=none -specs=Xilinx.spec  -lrsa -Wl,--start-group,-lxil,-lgcc,-lc,--end-group -Wl,--start-group,-lxilffs,-lxil,-lgcc,-lc,--end-
TRACE::2024-12-08.18:25:36::SCWBDomain::group -Wl,--start-group,-lrsa,-lxil,-lgcc,-lc,--end-group                                    -Wl,--gc-sections -Lzynq_fsbl_bsp/
TRACE::2024-12-08.18:25:36::SCWBDomain::ps7_cortexa9_0/lib -L./ -Tlscript.ld

LOG::2024-12-08.18:25:36::SCWSystem::Checking the domain standalone_ps7_cortexa9_0
LOG::2024-12-08.18:25:36::SCWSystem::Not a boot domain 
LOG::2024-12-08.18:25:36::SCWSystem::Started Processing the domain standalone_ps7_cortexa9_0
TRACE::2024-12-08.18:25:36::SCWDomain::Generating domain artifcats
TRACE::2024-12-08.18:25:36::SCWMssOS::Generating standalone artifcats
TRACE::2024-12-08.18:25:36::SCWMssOS::Copying the qemu file from  F:/Education/FPGA_Labs/Labs_2/lab4/audio_new/design_1_wrapper_iz3/resources/design_1_wrapper_iz3/standalone_ps7_cortexa9_0/qemu_args.txt To F:/Education/FPGA_Labs/Labs_2/lab4/audio_new/design_1_wrapper_iz3/export/design_1_wrapper_iz3/sw/design_1_wrapper_iz3/qemu/
TRACE::2024-12-08.18:25:36::SCWMssOS::Copying the qemu file from  F:/Education/FPGA_Labs/Labs_2/lab4/audio_new/design_1_wrapper_iz3/resources/design_1_wrapper_iz3/standalone_ps7_cortexa9_0/qemu_args.txt To F:/Education/FPGA_Labs/Labs_2/lab4/audio_new/design_1_wrapper_iz3/export/design_1_wrapper_iz3/sw/design_1_wrapper_iz3/standalone_ps7_cortexa9_0/qemu/
TRACE::2024-12-08.18:25:36::SCWMssOS:: Copying the user libraries. 
TRACE::2024-12-08.18:25:36::SCWPlatform::Trying to open the hw design at F:/Education/FPGA_Labs/Labs_2/lab4/audio_new/design_1_wrapper_iz3/hw/design_1_wrapper_iz3.xsa
TRACE::2024-12-08.18:25:36::SCWPlatform::DSA given F:/Education/FPGA_Labs/Labs_2/lab4/audio_new/design_1_wrapper_iz3/hw/design_1_wrapper_iz3.xsa
TRACE::2024-12-08.18:25:36::SCWPlatform::DSA absoulate path F:/Education/FPGA_Labs/Labs_2/lab4/audio_new/design_1_wrapper_iz3/hw/design_1_wrapper_iz3.xsa
TRACE::2024-12-08.18:25:36::SCWPlatform::DSA directory F:/Education/FPGA_Labs/Labs_2/lab4/audio_new/design_1_wrapper_iz3/hw
TRACE::2024-12-08.18:25:36::SCWPlatform:: Platform Path F:/Education/FPGA_Labs/Labs_2/lab4/audio_new/design_1_wrapper_iz3/hw/design_1_wrapper_iz3.xsa
TRACE::2024-12-08.18:25:36::SCWPlatform:: Unique name xilinx:zedboard::0.0
TRACE::2024-12-08.18:25:36::SCWPlatform::Trying to set the existing hwdb with name design_1_wrapper_14
TRACE::2024-12-08.18:25:36::SCWPlatform::Opened existing hwdb design_1_wrapper_14
TRACE::2024-12-08.18:25:36::SCWPlatform::Found the Hw Db part of the input DSA
TRACE::2024-12-08.18:25:36::SCWMssOS::Checking the sw design at  F:/Education/FPGA_Labs/Labs_2/lab4/audio_new/design_1_wrapper_iz3/ps7_cortexa9_0/standalone_ps7_cortexa9_0/bsp/system.mss
TRACE::2024-12-08.18:25:36::SCWMssOS::DEBUG:  swdes dump  F:/Education/FPGA_Labs/Labs_2/lab4/audio_new/audio/ps7_cortexa9_0/standalone_domain/bsp/system.mss|system_0||
F:/Education/FPGA_Labs/Labs_2/lab4/audio_new/audio/zynq_fsbl/zynq_fsbl_bsp/system.mss|system||
F:/Education/FPGA_Labs/Labs_2/lab4/audio_new/design_1_wrapper_iz/ps7_cortexa9_0/standalone_ps7_cortexa9_0/bsp/system.mss|system_2||
F:/Education/FPGA_Labs/Labs_2/lab4/audio_new/design_1_wrapper_iz/zynq_fsbl/zynq_fsbl_bsp/system.mss|system_1||
F:/Education/FPGA_Labs/Labs_2/lab4/audio_new/design_1_wrapper_iz3/ps7_cortexa9_0/standalone_ps7_cortexa9_0/bsp/system.mss|system_4||
F:/Education/FPGA_Labs/Labs_2/lab4/audio_new/design_1_wrapper_iz3/zynq_fsbl/zynq_fsbl_bsp/system.mss|system_3||

TRACE::2024-12-08.18:25:36::SCWMssOS::Sw design exists and opened at  F:/Education/FPGA_Labs/Labs_2/lab4/audio_new/design_1_wrapper_iz3/ps7_cortexa9_0/standalone_ps7_cortexa9_0/bsp/system.mss
TRACE::2024-12-08.18:25:36::SCWMssOS::Completed writing the mss file at F:/Education/FPGA_Labs/Labs_2/lab4/audio_new/design_1_wrapper_iz3/ps7_cortexa9_0/standalone_ps7_cortexa9_0/bsp
TRACE::2024-12-08.18:25:36::SCWMssOS::Mss edits present, copying mssfile into export location F:/Education/FPGA_Labs/Labs_2/lab4/audio_new/design_1_wrapper_iz3/ps7_cortexa9_0/standalone_ps7_cortexa9_0/bsp/system.mss
TRACE::2024-12-08.18:25:36::SCWMssOS::bsp generated is upto date with the mss file. Skipping bsp generation.
TRACE::2024-12-08.18:25:36::SCWMssOS::BSP is already built. skipping the bsp build ... 
TRACE::2024-12-08.18:25:36::SCWDomain::Building the domain as part of full build :  standalone_ps7_cortexa9_0
TRACE::2024-12-08.18:25:36::SCWMssOS::doing bsp build ... 
TRACE::2024-12-08.18:25:36::SCWMssOS::System Command Ran  F: & cd  F:/Education/FPGA_Labs/Labs_2/lab4/audio_new/design_1_wrapper_iz3/ps7_cortexa9_0/standalone_ps7_cortexa9_0/bsp & make 
TRACE::2024-12-08.18:25:36::SCWMssOS::make --no-print-directory seq_libs

TRACE::2024-12-08.18:25:36::SCWMssOS::"Running Make include in ps7_cortexa9_0/libsrc/coresightps_dcc_v1_8/src"

TRACE::2024-12-08.18:25:36::SCWMssOS::make -C ps7_cortexa9_0/libsrc/coresightps_dcc_v1_8/src -s include  "SHELL=CMD" "COMPILER=arm-none-eabi-gcc" "ASSEMBLER=arm-none
TRACE::2024-12-08.18:25:36::SCWMssOS::-eabi-as" "ARCHIVER=arm-none-eabi-ar" "COMPILER_FLAGS=  -O2 -c" "EXTRA_COMPILER_FLAGS=-mcpu=cortex-a9 -mfpu=vfpv3 -mfloat-abi=h
TRACE::2024-12-08.18:25:36::SCWMssOS::ard -nostartfiles -g -Wall -Wextra -fno-tree-loop-distribute-patterns"

TRACE::2024-12-08.18:25:36::SCWMssOS::"Running Make include in ps7_cortexa9_0/libsrc/cpu_cortexa9_v2_11/src"

TRACE::2024-12-08.18:25:36::SCWMssOS::make -C ps7_cortexa9_0/libsrc/cpu_cortexa9_v2_11/src -s include  "SHELL=CMD" "COMPILER=arm-none-eabi-gcc" "ASSEMBLER=arm-none-e
TRACE::2024-12-08.18:25:36::SCWMssOS::abi-as" "ARCHIVER=arm-none-eabi-ar" "COMPILER_FLAGS=  -O2 -c" "EXTRA_COMPILER_FLAGS=-mcpu=cortex-a9 -mfpu=vfpv3 -mfloat-abi=har
TRACE::2024-12-08.18:25:36::SCWMssOS::d -nostartfiles -g -Wall -Wextra -fno-tree-loop-distribute-patterns"

TRACE::2024-12-08.18:25:36::SCWMssOS::"Running Make include in ps7_cortexa9_0/libsrc/ddrps_v1_2/src"

TRACE::2024-12-08.18:25:36::SCWMssOS::make -C ps7_cortexa9_0/libsrc/ddrps_v1_2/src -s include  "SHELL=CMD" "COMPILER=arm-none-eabi-gcc" "ASSEMBLER=arm-none-eabi-as" 
TRACE::2024-12-08.18:25:36::SCWMssOS::"ARCHIVER=arm-none-eabi-ar" "COMPILER_FLAGS=  -O2 -c" "EXTRA_COMPILER_FLAGS=-mcpu=cortex-a9 -mfpu=vfpv3 -mfloat-abi=hard -nosta
TRACE::2024-12-08.18:25:36::SCWMssOS::rtfiles -g -Wall -Wextra -fno-tree-loop-distribute-patterns"

TRACE::2024-12-08.18:25:36::SCWMssOS::"Running Make include in ps7_cortexa9_0/libsrc/devcfg_v3_7/src"

TRACE::2024-12-08.18:25:36::SCWMssOS::make -C ps7_cortexa9_0/libsrc/devcfg_v3_7/src -s include  "SHELL=CMD" "COMPILER=arm-none-eabi-gcc" "ASSEMBLER=arm-none-eabi-as"
TRACE::2024-12-08.18:25:36::SCWMssOS:: "ARCHIVER=arm-none-eabi-ar" "COMPILER_FLAGS=  -O2 -c" "EXTRA_COMPILER_FLAGS=-mcpu=cortex-a9 -mfpu=vfpv3 -mfloat-abi=hard -nost
TRACE::2024-12-08.18:25:36::SCWMssOS::artfiles -g -Wall -Wextra -fno-tree-loop-distribute-patterns"

TRACE::2024-12-08.18:25:36::SCWMssOS::"Running Make include in ps7_cortexa9_0/libsrc/dmaps_v2_8/src"

TRACE::2024-12-08.18:25:36::SCWMssOS::make -C ps7_cortexa9_0/libsrc/dmaps_v2_8/src -s include  "SHELL=CMD" "COMPILER=arm-none-eabi-gcc" "ASSEMBLER=arm-none-eabi-as" 
TRACE::2024-12-08.18:25:36::SCWMssOS::"ARCHIVER=arm-none-eabi-ar" "COMPILER_FLAGS=  -O2 -c" "EXTRA_COMPILER_FLAGS=-mcpu=cortex-a9 -mfpu=vfpv3 -mfloat-abi=hard -nosta
TRACE::2024-12-08.18:25:36::SCWMssOS::rtfiles -g -Wall -Wextra -fno-tree-loop-distribute-patterns"

TRACE::2024-12-08.18:25:36::SCWMssOS::"Running Make include in ps7_cortexa9_0/libsrc/fir_v1_0/src"

TRACE::2024-12-08.18:25:36::SCWMssOS::make -C ps7_cortexa9_0/libsrc/fir_v1_0/src -s include  "SHELL=CMD" "COMPILER=arm-none-eabi-gcc" "ASSEMBLER=arm-none-eabi-as" "A
TRACE::2024-12-08.18:25:36::SCWMssOS::RCHIVER=arm-none-eabi-ar" "COMPILER_FLAGS=  -O2 -c" "EXTRA_COMPILER_FLAGS=-mcpu=cortex-a9 -mfpu=vfpv3 -mfloat-abi=hard -nostart
TRACE::2024-12-08.18:25:36::SCWMssOS::files -g -Wall -Wextra -fno-tree-loop-distribute-patterns"

TRACE::2024-12-08.18:25:36::SCWMssOS::"Running Make include in ps7_cortexa9_0/libsrc/gpio_v4_9/src"

TRACE::2024-12-08.18:25:36::SCWMssOS::make -C ps7_cortexa9_0/libsrc/gpio_v4_9/src -s include  "SHELL=CMD" "COMPILER=arm-none-eabi-gcc" "ASSEMBLER=arm-none-eabi-as" "
TRACE::2024-12-08.18:25:36::SCWMssOS::ARCHIVER=arm-none-eabi-ar" "COMPILER_FLAGS=  -O2 -c" "EXTRA_COMPILER_FLAGS=-mcpu=cortex-a9 -mfpu=vfpv3 -mfloat-abi=hard -nostar
TRACE::2024-12-08.18:25:36::SCWMssOS::tfiles -g -Wall -Wextra -fno-tree-loop-distribute-patterns"

TRACE::2024-12-08.18:25:36::SCWMssOS::"Running Make include in ps7_cortexa9_0/libsrc/iicps_v3_17/src"

TRACE::2024-12-08.18:25:36::SCWMssOS::make -C ps7_cortexa9_0/libsrc/iicps_v3_17/src -s include  "SHELL=CMD" "COMPILER=arm-none-eabi-gcc" "ASSEMBLER=arm-none-eabi-as"
TRACE::2024-12-08.18:25:36::SCWMssOS:: "ARCHIVER=arm-none-eabi-ar" "COMPILER_FLAGS=  -O2 -c" "EXTRA_COMPILER_FLAGS=-mcpu=cortex-a9 -mfpu=vfpv3 -mfloat-abi=hard -nost
TRACE::2024-12-08.18:25:36::SCWMssOS::artfiles -g -Wall -Wextra -fno-tree-loop-distribute-patterns"

TRACE::2024-12-08.18:25:36::SCWMssOS::"Running Make include in ps7_cortexa9_0/libsrc/qspips_v3_10/src"

TRACE::2024-12-08.18:25:36::SCWMssOS::make -C ps7_cortexa9_0/libsrc/qspips_v3_10/src -s include  "SHELL=CMD" "COMPILER=arm-none-eabi-gcc" "ASSEMBLER=arm-none-eabi-as
TRACE::2024-12-08.18:25:36::SCWMssOS::" "ARCHIVER=arm-none-eabi-ar" "COMPILER_FLAGS=  -O2 -c" "EXTRA_COMPILER_FLAGS=-mcpu=cortex-a9 -mfpu=vfpv3 -mfloat-abi=hard -nos
TRACE::2024-12-08.18:25:36::SCWMssOS::tartfiles -g -Wall -Wextra -fno-tree-loop-distribute-patterns"

TRACE::2024-12-08.18:25:36::SCWMssOS::"Running Make include in ps7_cortexa9_0/libsrc/scugic_v5_1/src"

TRACE::2024-12-08.18:25:36::SCWMssOS::make -C ps7_cortexa9_0/libsrc/scugic_v5_1/src -s include  "SHELL=CMD" "COMPILER=arm-none-eabi-gcc" "ASSEMBLER=arm-none-eabi-as"
TRACE::2024-12-08.18:25:36::SCWMssOS:: "ARCHIVER=arm-none-eabi-ar" "COMPILER_FLAGS=  -O2 -c" "EXTRA_COMPILER_FLAGS=-mcpu=cortex-a9 -mfpu=vfpv3 -mfloat-abi=hard -nost
TRACE::2024-12-08.18:25:36::SCWMssOS::artfiles -g -Wall -Wextra -fno-tree-loop-distribute-patterns"

TRACE::2024-12-08.18:25:36::SCWMssOS::"Running Make include in ps7_cortexa9_0/libsrc/scutimer_v2_4/src"

TRACE::2024-12-08.18:25:36::SCWMssOS::make -C ps7_cortexa9_0/libsrc/scutimer_v2_4/src -s include  "SHELL=CMD" "COMPILER=arm-none-eabi-gcc" "ASSEMBLER=arm-none-eabi-a
TRACE::2024-12-08.18:25:36::SCWMssOS::s" "ARCHIVER=arm-none-eabi-ar" "COMPILER_FLAGS=  -O2 -c" "EXTRA_COMPILER_FLAGS=-mcpu=cortex-a9 -mfpu=vfpv3 -mfloat-abi=hard -no
TRACE::2024-12-08.18:25:36::SCWMssOS::startfiles -g -Wall -Wextra -fno-tree-loop-distribute-patterns"

TRACE::2024-12-08.18:25:36::SCWMssOS::"Running Make include in ps7_cortexa9_0/libsrc/scuwdt_v2_4/src"

TRACE::2024-12-08.18:25:36::SCWMssOS::make -C ps7_cortexa9_0/libsrc/scuwdt_v2_4/src -s include  "SHELL=CMD" "COMPILER=arm-none-eabi-gcc" "ASSEMBLER=arm-none-eabi-as"
TRACE::2024-12-08.18:25:36::SCWMssOS:: "ARCHIVER=arm-none-eabi-ar" "COMPILER_FLAGS=  -O2 -c" "EXTRA_COMPILER_FLAGS=-mcpu=cortex-a9 -mfpu=vfpv3 -mfloat-abi=hard -nost
TRACE::2024-12-08.18:25:36::SCWMssOS::artfiles -g -Wall -Wextra -fno-tree-loop-distribute-patterns"

TRACE::2024-12-08.18:25:36::SCWMssOS::"Running Make include in ps7_cortexa9_0/libsrc/standalone_v8_1/src"

TRACE::2024-12-08.18:25:36::SCWMssOS::make -C ps7_cortexa9_0/libsrc/standalone_v8_1/src -s include  "SHELL=CMD" "COMPILER=arm-none-eabi-gcc" "ASSEMBLER=arm-none-eabi
TRACE::2024-12-08.18:25:36::SCWMssOS::-as" "ARCHIVER=arm-none-eabi-ar" "COMPILER_FLAGS=  -O2 -c" "EXTRA_COMPILER_FLAGS=-mcpu=cortex-a9 -mfpu=vfpv3 -mfloat-abi=hard -
TRACE::2024-12-08.18:25:36::SCWMssOS::nostartfiles -g -Wall -Wextra -fno-tree-loop-distribute-patterns"

TRACE::2024-12-08.18:25:36::SCWMssOS::"Running Make include in ps7_cortexa9_0/libsrc/uartps_v3_12/src"

TRACE::2024-12-08.18:25:36::SCWMssOS::make -C ps7_cortexa9_0/libsrc/uartps_v3_12/src -s include  "SHELL=CMD" "COMPILER=arm-none-eabi-gcc" "ASSEMBLER=arm-none-eabi-as
TRACE::2024-12-08.18:25:36::SCWMssOS::" "ARCHIVER=arm-none-eabi-ar" "COMPILER_FLAGS=  -O2 -c" "EXTRA_COMPILER_FLAGS=-mcpu=cortex-a9 -mfpu=vfpv3 -mfloat-abi=hard -nos
TRACE::2024-12-08.18:25:36::SCWMssOS::tartfiles -g -Wall -Wextra -fno-tree-loop-distribute-patterns"

TRACE::2024-12-08.18:25:36::SCWMssOS::"Running Make include in ps7_cortexa9_0/libsrc/xadcps_v2_6/src"

TRACE::2024-12-08.18:25:36::SCWMssOS::make -C ps7_cortexa9_0/libsrc/xadcps_v2_6/src -s include  "SHELL=CMD" "COMPILER=arm-none-eabi-gcc" "ASSEMBLER=arm-none-eabi-as"
TRACE::2024-12-08.18:25:36::SCWMssOS:: "ARCHIVER=arm-none-eabi-ar" "COMPILER_FLAGS=  -O2 -c" "EXTRA_COMPILER_FLAGS=-mcpu=cortex-a9 -mfpu=vfpv3 -mfloat-abi=hard -nost
TRACE::2024-12-08.18:25:36::SCWMssOS::artfiles -g -Wall -Wextra -fno-tree-loop-distribute-patterns"

TRACE::2024-12-08.18:25:36::SCWMssOS::"Running Make libs in ps7_cortexa9_0/libsrc/fir_v1_0/src"

TRACE::2024-12-08.18:25:36::SCWMssOS::make -C ps7_cortexa9_0/libsrc/fir_v1_0/src -s libs  "SHELL=CMD" "COMPILER=arm-none-eabi-gcc" "ASSEMBLER=arm-none-eabi-as" "ARCH
TRACE::2024-12-08.18:25:36::SCWMssOS::IVER=arm-none-eabi-ar" "COMPILER_FLAGS=  -O2 -c" "EXTRA_COMPILER_FLAGS=-mcpu=cortex-a9 -mfpu=vfpv3 -mfloat-abi=hard -nostartfil
TRACE::2024-12-08.18:25:36::SCWMssOS::es -g -Wall -Wextra -fno-tree-loop-distribute-patterns"

TRACE::2024-12-08.18:25:37::SCWMssOS::"Building fir"

TRACE::2024-12-08.18:25:37::SCWMssOS::'Finished building libraries sequentially.'

TRACE::2024-12-08.18:25:37::SCWMssOS::make -j 10 --no-print-directory par_libs

TRACE::2024-12-08.18:25:37::SCWMssOS::"Running Make include in ps7_cortexa9_0/libsrc/coresightps_dcc_v1_8/src"

TRACE::2024-12-08.18:25:37::SCWMssOS::make -C ps7_cortexa9_0/libsrc/coresightps_dcc_v1_8/src -s include  "SHELL=CMD" "COMPILER=arm-none-eabi-gcc" "ASSEMBLER=arm-none
TRACE::2024-12-08.18:25:37::SCWMssOS::-eabi-as" "ARCHIVER=arm-none-eabi-ar" "COMPILER_FLAGS=  -O2 -c" "EXTRA_COMPILER_FLAGS=-mcpu=cortex-a9 -mfpu=vfpv3 -mfloat-abi=h
TRACE::2024-12-08.18:25:37::SCWMssOS::ard -nostartfiles -g -Wall -Wextra -fno-tree-loop-distribute-patterns"

TRACE::2024-12-08.18:25:37::SCWMssOS::"Running Make include in ps7_cortexa9_0/libsrc/cpu_cortexa9_v2_11/src"

TRACE::2024-12-08.18:25:37::SCWMssOS::make -C ps7_cortexa9_0/libsrc/cpu_cortexa9_v2_11/src -s include  "SHELL=CMD" "COMPILER=arm-none-eabi-gcc" "ASSEMBLER=arm-none-e
TRACE::2024-12-08.18:25:37::SCWMssOS::abi-as" "ARCHIVER=arm-none-eabi-ar" "COMPILER_FLAGS=  -O2 -c" "EXTRA_COMPILER_FLAGS=-mcpu=cortex-a9 -mfpu=vfpv3 -mfloat-abi=har
TRACE::2024-12-08.18:25:37::SCWMssOS::d -nostartfiles -g -Wall -Wextra -fno-tree-loop-distribute-patterns"

TRACE::2024-12-08.18:25:37::SCWMssOS::"Running Make include in ps7_cortexa9_0/libsrc/ddrps_v1_2/src"

TRACE::2024-12-08.18:25:37::SCWMssOS::make -C ps7_cortexa9_0/libsrc/ddrps_v1_2/src -s include  "SHELL=CMD" "COMPILER=arm-none-eabi-gcc" "ASSEMBLER=arm-none-eabi-as" 
TRACE::2024-12-08.18:25:37::SCWMssOS::"ARCHIVER=arm-none-eabi-ar" "COMPILER_FLAGS=  -O2 -c" "EXTRA_COMPILER_FLAGS=-mcpu=cortex-a9 -mfpu=vfpv3 -mfloat-abi=hard -nosta
TRACE::2024-12-08.18:25:37::SCWMssOS::rtfiles -g -Wall -Wextra -fno-tree-loop-distribute-patterns"

TRACE::2024-12-08.18:25:37::SCWMssOS::"Running Make include in ps7_cortexa9_0/libsrc/devcfg_v3_7/src"

TRACE::2024-12-08.18:25:37::SCWMssOS::make -C ps7_cortexa9_0/libsrc/devcfg_v3_7/src -s include  "SHELL=CMD" "COMPILER=arm-none-eabi-gcc" "ASSEMBLER=arm-none-eabi-as"
TRACE::2024-12-08.18:25:37::SCWMssOS:: "ARCHIVER=arm-none-eabi-ar" "COMPILER_FLAGS=  -O2 -c" "EXTRA_COMPILER_FLAGS=-mcpu=cortex-a9 -mfpu=vfpv3 -mfloat-abi=hard -nost
TRACE::2024-12-08.18:25:37::SCWMssOS::artfiles -g -Wall -Wextra -fno-tree-loop-distribute-patterns"

TRACE::2024-12-08.18:25:37::SCWMssOS::"Running Make include in ps7_cortexa9_0/libsrc/dmaps_v2_8/src"

TRACE::2024-12-08.18:25:37::SCWMssOS::make -C ps7_cortexa9_0/libsrc/dmaps_v2_8/src -s include  "SHELL=CMD" "COMPILER=arm-none-eabi-gcc" "ASSEMBLER=arm-none-eabi-as" 
TRACE::2024-12-08.18:25:37::SCWMssOS::"ARCHIVER=arm-none-eabi-ar" "COMPILER_FLAGS=  -O2 -c" "EXTRA_COMPILER_FLAGS=-mcpu=cortex-a9 -mfpu=vfpv3 -mfloat-abi=hard -nosta
TRACE::2024-12-08.18:25:37::SCWMssOS::rtfiles -g -Wall -Wextra -fno-tree-loop-distribute-patterns"

TRACE::2024-12-08.18:25:37::SCWMssOS::"Running Make include in ps7_cortexa9_0/libsrc/fir_v1_0/src"

TRACE::2024-12-08.18:25:37::SCWMssOS::make -C ps7_cortexa9_0/libsrc/fir_v1_0/src -s include  "SHELL=CMD" "COMPILER=arm-none-eabi-gcc" "ASSEMBLER=arm-none-eabi-as" "A
TRACE::2024-12-08.18:25:37::SCWMssOS::RCHIVER=arm-none-eabi-ar" "COMPILER_FLAGS=  -O2 -c" "EXTRA_COMPILER_FLAGS=-mcpu=cortex-a9 -mfpu=vfpv3 -mfloat-abi=hard -nostart
TRACE::2024-12-08.18:25:37::SCWMssOS::files -g -Wall -Wextra -fno-tree-loop-distribute-patterns"

TRACE::2024-12-08.18:25:37::SCWMssOS::"Running Make include in ps7_cortexa9_0/libsrc/gpio_v4_9/src"

TRACE::2024-12-08.18:25:37::SCWMssOS::make -C ps7_cortexa9_0/libsrc/gpio_v4_9/src -s include  "SHELL=CMD" "COMPILER=arm-none-eabi-gcc" "ASSEMBLER=arm-none-eabi-as" "
TRACE::2024-12-08.18:25:37::SCWMssOS::ARCHIVER=arm-none-eabi-ar" "COMPILER_FLAGS=  -O2 -c" "EXTRA_COMPILER_FLAGS=-mcpu=cortex-a9 -mfpu=vfpv3 -mfloat-abi=hard -nostar
TRACE::2024-12-08.18:25:37::SCWMssOS::tfiles -g -Wall -Wextra -fno-tree-loop-distribute-patterns"

TRACE::2024-12-08.18:25:37::SCWMssOS::"Running Make include in ps7_cortexa9_0/libsrc/iicps_v3_17/src"

TRACE::2024-12-08.18:25:37::SCWMssOS::make -C ps7_cortexa9_0/libsrc/iicps_v3_17/src -s include  "SHELL=CMD" "COMPILER=arm-none-eabi-gcc" "ASSEMBLER=arm-none-eabi-as"
TRACE::2024-12-08.18:25:37::SCWMssOS:: "ARCHIVER=arm-none-eabi-ar" "COMPILER_FLAGS=  -O2 -c" "EXTRA_COMPILER_FLAGS=-mcpu=cortex-a9 -mfpu=vfpv3 -mfloat-abi=hard -nost
TRACE::2024-12-08.18:25:37::SCWMssOS::artfiles -g -Wall -Wextra -fno-tree-loop-distribute-patterns"

TRACE::2024-12-08.18:25:37::SCWMssOS::"Running Make include in ps7_cortexa9_0/libsrc/qspips_v3_10/src"

TRACE::2024-12-08.18:25:37::SCWMssOS::make -C ps7_cortexa9_0/libsrc/qspips_v3_10/src -s include  "SHELL=CMD" "COMPILER=arm-none-eabi-gcc" "ASSEMBLER=arm-none-eabi-as
TRACE::2024-12-08.18:25:37::SCWMssOS::" "ARCHIVER=arm-none-eabi-ar" "COMPILER_FLAGS=  -O2 -c" "EXTRA_COMPILER_FLAGS=-mcpu=cortex-a9 -mfpu=vfpv3 -mfloat-abi=hard -nos
TRACE::2024-12-08.18:25:37::SCWMssOS::tartfiles -g -Wall -Wextra -fno-tree-loop-distribute-patterns"

TRACE::2024-12-08.18:25:37::SCWMssOS::"Running Make include in ps7_cortexa9_0/libsrc/scugic_v5_1/src"

TRACE::2024-12-08.18:25:37::SCWMssOS::make -C ps7_cortexa9_0/libsrc/scugic_v5_1/src -s include  "SHELL=CMD" "COMPILER=arm-none-eabi-gcc" "ASSEMBLER=arm-none-eabi-as"
TRACE::2024-12-08.18:25:37::SCWMssOS:: "ARCHIVER=arm-none-eabi-ar" "COMPILER_FLAGS=  -O2 -c" "EXTRA_COMPILER_FLAGS=-mcpu=cortex-a9 -mfpu=vfpv3 -mfloat-abi=hard -nost
TRACE::2024-12-08.18:25:37::SCWMssOS::artfiles -g -Wall -Wextra -fno-tree-loop-distribute-patterns"

TRACE::2024-12-08.18:25:37::SCWMssOS::"Running Make include in ps7_cortexa9_0/libsrc/scutimer_v2_4/src"

TRACE::2024-12-08.18:25:37::SCWMssOS::make -C ps7_cortexa9_0/libsrc/scutimer_v2_4/src -s include  "SHELL=CMD" "COMPILER=arm-none-eabi-gcc" "ASSEMBLER=arm-none-eabi-a
TRACE::2024-12-08.18:25:37::SCWMssOS::s" "ARCHIVER=arm-none-eabi-ar" "COMPILER_FLAGS=  -O2 -c" "EXTRA_COMPILER_FLAGS=-mcpu=cortex-a9 -mfpu=vfpv3 -mfloat-abi=hard -no
TRACE::2024-12-08.18:25:37::SCWMssOS::startfiles -g -Wall -Wextra -fno-tree-loop-distribute-patterns"

TRACE::2024-12-08.18:25:37::SCWMssOS::"Running Make include in ps7_cortexa9_0/libsrc/scuwdt_v2_4/src"

TRACE::2024-12-08.18:25:37::SCWMssOS::make -C ps7_cortexa9_0/libsrc/scuwdt_v2_4/src -s include  "SHELL=CMD" "COMPILER=arm-none-eabi-gcc" "ASSEMBLER=arm-none-eabi-as"
TRACE::2024-12-08.18:25:37::SCWMssOS:: "ARCHIVER=arm-none-eabi-ar" "COMPILER_FLAGS=  -O2 -c" "EXTRA_COMPILER_FLAGS=-mcpu=cortex-a9 -mfpu=vfpv3 -mfloat-abi=hard -nost
TRACE::2024-12-08.18:25:37::SCWMssOS::artfiles -g -Wall -Wextra -fno-tree-loop-distribute-patterns"

TRACE::2024-12-08.18:25:37::SCWMssOS::"Running Make include in ps7_cortexa9_0/libsrc/standalone_v8_1/src"

TRACE::2024-12-08.18:25:37::SCWMssOS::make -C ps7_cortexa9_0/libsrc/standalone_v8_1/src -s include  "SHELL=CMD" "COMPILER=arm-none-eabi-gcc" "ASSEMBLER=arm-none-eabi
TRACE::2024-12-08.18:25:37::SCWMssOS::-as" "ARCHIVER=arm-none-eabi-ar" "COMPILER_FLAGS=  -O2 -c" "EXTRA_COMPILER_FLAGS=-mcpu=cortex-a9 -mfpu=vfpv3 -mfloat-abi=hard -
TRACE::2024-12-08.18:25:37::SCWMssOS::nostartfiles -g -Wall -Wextra -fno-tree-loop-distribute-patterns"

TRACE::2024-12-08.18:25:37::SCWMssOS::"Running Make include in ps7_cortexa9_0/libsrc/uartps_v3_12/src"

TRACE::2024-12-08.18:25:37::SCWMssOS::make -C ps7_cortexa9_0/libsrc/uartps_v3_12/src -s include  "SHELL=CMD" "COMPILER=arm-none-eabi-gcc" "ASSEMBLER=arm-none-eabi-as
TRACE::2024-12-08.18:25:37::SCWMssOS::" "ARCHIVER=arm-none-eabi-ar" "COMPILER_FLAGS=  -O2 -c" "EXTRA_COMPILER_FLAGS=-mcpu=cortex-a9 -mfpu=vfpv3 -mfloat-abi=hard -nos
TRACE::2024-12-08.18:25:37::SCWMssOS::tartfiles -g -Wall -Wextra -fno-tree-loop-distribute-patterns"

TRACE::2024-12-08.18:25:37::SCWMssOS::"Running Make include in ps7_cortexa9_0/libsrc/xadcps_v2_6/src"

TRACE::2024-12-08.18:25:37::SCWMssOS::make -C ps7_cortexa9_0/libsrc/xadcps_v2_6/src -s include  "SHELL=CMD" "COMPILER=arm-none-eabi-gcc" "ASSEMBLER=arm-none-eabi-as"
TRACE::2024-12-08.18:25:37::SCWMssOS:: "ARCHIVER=arm-none-eabi-ar" "COMPILER_FLAGS=  -O2 -c" "EXTRA_COMPILER_FLAGS=-mcpu=cortex-a9 -mfpu=vfpv3 -mfloat-abi=hard -nost
TRACE::2024-12-08.18:25:37::SCWMssOS::artfiles -g -Wall -Wextra -fno-tree-loop-distribute-patterns"

TRACE::2024-12-08.18:25:37::SCWMssOS::"Running Make libs in ps7_cortexa9_0/libsrc/coresightps_dcc_v1_8/src"

TRACE::2024-12-08.18:25:37::SCWMssOS::make -C ps7_cortexa9_0/libsrc/coresightps_dcc_v1_8/src -s libs  "SHELL=CMD" "COMPILER=arm-none-eabi-gcc" "ASSEMBLER=arm-none-ea
TRACE::2024-12-08.18:25:37::SCWMssOS::bi-as" "ARCHIVER=arm-none-eabi-ar" "COMPILER_FLAGS=  -O2 -c" "EXTRA_COMPILER_FLAGS=-mcpu=cortex-a9 -mfpu=vfpv3 -mfloat-abi=hard
TRACE::2024-12-08.18:25:37::SCWMssOS:: -nostartfiles -g -Wall -Wextra -fno-tree-loop-distribute-patterns"

TRACE::2024-12-08.18:25:37::SCWMssOS::"Running Make libs in ps7_cortexa9_0/libsrc/cpu_cortexa9_v2_11/src"

TRACE::2024-12-08.18:25:37::SCWMssOS::make -C ps7_cortexa9_0/libsrc/cpu_cortexa9_v2_11/src -s libs  "SHELL=CMD" "COMPILER=arm-none-eabi-gcc" "ASSEMBLER=arm-none-eabi
TRACE::2024-12-08.18:25:37::SCWMssOS::-as" "ARCHIVER=arm-none-eabi-ar" "COMPILER_FLAGS=  -O2 -c" "EXTRA_COMPILER_FLAGS=-mcpu=cortex-a9 -mfpu=vfpv3 -mfloat-abi=hard -
TRACE::2024-12-08.18:25:37::SCWMssOS::nostartfiles -g -Wall -Wextra -fno-tree-loop-distribute-patterns"

TRACE::2024-12-08.18:25:37::SCWMssOS::"Running Make libs in ps7_cortexa9_0/libsrc/ddrps_v1_2/src"

TRACE::2024-12-08.18:25:37::SCWMssOS::make -C ps7_cortexa9_0/libsrc/ddrps_v1_2/src -s libs  "SHELL=CMD" "COMPILER=arm-none-eabi-gcc" "ASSEMBLER=arm-none-eabi-as" "AR
TRACE::2024-12-08.18:25:37::SCWMssOS::CHIVER=arm-none-eabi-ar" "COMPILER_FLAGS=  -O2 -c" "EXTRA_COMPILER_FLAGS=-mcpu=cortex-a9 -mfpu=vfpv3 -mfloat-abi=hard -nostartf
TRACE::2024-12-08.18:25:37::SCWMssOS::iles -g -Wall -Wextra -fno-tree-loop-distribute-patterns"

TRACE::2024-12-08.18:25:37::SCWMssOS::"Running Make libs in ps7_cortexa9_0/libsrc/devcfg_v3_7/src"

TRACE::2024-12-08.18:25:37::SCWMssOS::make -C ps7_cortexa9_0/libsrc/devcfg_v3_7/src -s libs  "SHELL=CMD" "COMPILER=arm-none-eabi-gcc" "ASSEMBLER=arm-none-eabi-as" "A
TRACE::2024-12-08.18:25:37::SCWMssOS::RCHIVER=arm-none-eabi-ar" "COMPILER_FLAGS=  -O2 -c" "EXTRA_COMPILER_FLAGS=-mcpu=cortex-a9 -mfpu=vfpv3 -mfloat-abi=hard -nostart
TRACE::2024-12-08.18:25:37::SCWMssOS::files -g -Wall -Wextra -fno-tree-loop-distribute-patterns"

TRACE::2024-12-08.18:25:37::SCWMssOS::"Running Make libs in ps7_cortexa9_0/libsrc/dmaps_v2_8/src"

TRACE::2024-12-08.18:25:37::SCWMssOS::make -C ps7_cortexa9_0/libsrc/dmaps_v2_8/src -s libs  "SHELL=CMD" "COMPILER=arm-none-eabi-gcc" "ASSEMBLER=arm-none-eabi-as" "AR
TRACE::2024-12-08.18:25:37::SCWMssOS::CHIVER=arm-none-eabi-ar" "COMPILER_FLAGS=  -O2 -c" "EXTRA_COMPILER_FLAGS=-mcpu=cortex-a9 -mfpu=vfpv3 -mfloat-abi=hard -nostartf
TRACE::2024-12-08.18:25:37::SCWMssOS::iles -g -Wall -Wextra -fno-tree-loop-distribute-patterns"

TRACE::2024-12-08.18:25:37::SCWMssOS::"Running Make libs in ps7_cortexa9_0/libsrc/gpio_v4_9/src"

TRACE::2024-12-08.18:25:37::SCWMssOS::make -C ps7_cortexa9_0/libsrc/gpio_v4_9/src -s libs  "SHELL=CMD" "COMPILER=arm-none-eabi-gcc" "ASSEMBLER=arm-none-eabi-as" "ARC
TRACE::2024-12-08.18:25:37::SCWMssOS::HIVER=arm-none-eabi-ar" "COMPILER_FLAGS=  -O2 -c" "EXTRA_COMPILER_FLAGS=-mcpu=cortex-a9 -mfpu=vfpv3 -mfloat-abi=hard -nostartfi
TRACE::2024-12-08.18:25:37::SCWMssOS::les -g -Wall -Wextra -fno-tree-loop-distribute-patterns"

TRACE::2024-12-08.18:25:38::SCWMssOS::"Running Make libs in ps7_cortexa9_0/libsrc/iicps_v3_17/src"

TRACE::2024-12-08.18:25:38::SCWMssOS::make -C ps7_cortexa9_0/libsrc/iicps_v3_17/src -s libs  "SHELL=CMD" "COMPILER=arm-none-eabi-gcc" "ASSEMBLER=arm-none-eabi-as" "A
TRACE::2024-12-08.18:25:38::SCWMssOS::RCHIVER=arm-none-eabi-ar" "COMPILER_FLAGS=  -O2 -c" "EXTRA_COMPILER_FLAGS=-mcpu=cortex-a9 -mfpu=vfpv3 -mfloat-abi=hard -nostart
TRACE::2024-12-08.18:25:38::SCWMssOS::files -g -Wall -Wextra -fno-tree-loop-distribute-patterns"

TRACE::2024-12-08.18:25:38::SCWMssOS::"Running Make libs in ps7_cortexa9_0/libsrc/qspips_v3_10/src"

TRACE::2024-12-08.18:25:38::SCWMssOS::make -C ps7_cortexa9_0/libsrc/qspips_v3_10/src -s libs  "SHELL=CMD" "COMPILER=arm-none-eabi-gcc" "ASSEMBLER=arm-none-eabi-as" "
TRACE::2024-12-08.18:25:38::SCWMssOS::ARCHIVER=arm-none-eabi-ar" "COMPILER_FLAGS=  -O2 -c" "EXTRA_COMPILER_FLAGS=-mcpu=cortex-a9 -mfpu=vfpv3 -mfloat-abi=hard -nostar
TRACE::2024-12-08.18:25:38::SCWMssOS::tfiles -g -Wall -Wextra -fno-tree-loop-distribute-patterns"

TRACE::2024-12-08.18:25:38::SCWMssOS::"Running Make libs in ps7_cortexa9_0/libsrc/scugic_v5_1/src"

TRACE::2024-12-08.18:25:38::SCWMssOS::make -C ps7_cortexa9_0/libsrc/scugic_v5_1/src -s libs  "SHELL=CMD" "COMPILER=arm-none-eabi-gcc" "ASSEMBLER=arm-none-eabi-as" "A
TRACE::2024-12-08.18:25:38::SCWMssOS::RCHIVER=arm-none-eabi-ar" "COMPILER_FLAGS=  -O2 -c" "EXTRA_COMPILER_FLAGS=-mcpu=cortex-a9 -mfpu=vfpv3 -mfloat-abi=hard -nostart
TRACE::2024-12-08.18:25:38::SCWMssOS::files -g -Wall -Wextra -fno-tree-loop-distribute-patterns"

TRACE::2024-12-08.18:25:38::SCWMssOS::"Running Make libs in ps7_cortexa9_0/libsrc/scutimer_v2_4/src"

TRACE::2024-12-08.18:25:38::SCWMssOS::make -C ps7_cortexa9_0/libsrc/scutimer_v2_4/src -s libs  "SHELL=CMD" "COMPILER=arm-none-eabi-gcc" "ASSEMBLER=arm-none-eabi-as" 
TRACE::2024-12-08.18:25:38::SCWMssOS::"ARCHIVER=arm-none-eabi-ar" "COMPILER_FLAGS=  -O2 -c" "EXTRA_COMPILER_FLAGS=-mcpu=cortex-a9 -mfpu=vfpv3 -mfloat-abi=hard -nosta
TRACE::2024-12-08.18:25:38::SCWMssOS::rtfiles -g -Wall -Wextra -fno-tree-loop-distribute-patterns"

TRACE::2024-12-08.18:25:38::SCWMssOS::"Running Make libs in ps7_cortexa9_0/libsrc/scuwdt_v2_4/src"

TRACE::2024-12-08.18:25:38::SCWMssOS::make -C ps7_cortexa9_0/libsrc/scuwdt_v2_4/src -s libs  "SHELL=CMD" "COMPILER=arm-none-eabi-gcc" "ASSEMBLER=arm-none-eabi-as" "A
TRACE::2024-12-08.18:25:38::SCWMssOS::RCHIVER=arm-none-eabi-ar" "COMPILER_FLAGS=  -O2 -c" "EXTRA_COMPILER_FLAGS=-mcpu=cortex-a9 -mfpu=vfpv3 -mfloat-abi=hard -nostart
TRACE::2024-12-08.18:25:38::SCWMssOS::files -g -Wall -Wextra -fno-tree-loop-distribute-patterns"

TRACE::2024-12-08.18:25:38::SCWMssOS::"Running Make libs in ps7_cortexa9_0/libsrc/standalone_v8_1/src"

TRACE::2024-12-08.18:25:38::SCWMssOS::make -C ps7_cortexa9_0/libsrc/standalone_v8_1/src -s libs  "SHELL=CMD" "COMPILER=arm-none-eabi-gcc" "ASSEMBLER=arm-none-eabi-as
TRACE::2024-12-08.18:25:38::SCWMssOS::" "ARCHIVER=arm-none-eabi-ar" "COMPILER_FLAGS=  -O2 -c" "EXTRA_COMPILER_FLAGS=-mcpu=cortex-a9 -mfpu=vfpv3 -mfloat-abi=hard -nos
TRACE::2024-12-08.18:25:38::SCWMssOS::tartfiles -g -Wall -Wextra -fno-tree-loop-distribute-patterns"

TRACE::2024-12-08.18:25:39::SCWMssOS::"Running Make libs in ps7_cortexa9_0/libsrc/uartps_v3_12/src"

TRACE::2024-12-08.18:25:39::SCWMssOS::make -C ps7_cortexa9_0/libsrc/uartps_v3_12/src -s libs  "SHELL=CMD" "COMPILER=arm-none-eabi-gcc" "ASSEMBLER=arm-none-eabi-as" "
TRACE::2024-12-08.18:25:39::SCWMssOS::ARCHIVER=arm-none-eabi-ar" "COMPILER_FLAGS=  -O2 -c" "EXTRA_COMPILER_FLAGS=-mcpu=cortex-a9 -mfpu=vfpv3 -mfloat-abi=hard -nostar
TRACE::2024-12-08.18:25:39::SCWMssOS::tfiles -g -Wall -Wextra -fno-tree-loop-distribute-patterns"

TRACE::2024-12-08.18:25:39::SCWMssOS::"Running Make libs in ps7_cortexa9_0/libsrc/xadcps_v2_6/src"

TRACE::2024-12-08.18:25:39::SCWMssOS::make -C ps7_cortexa9_0/libsrc/xadcps_v2_6/src -s libs  "SHELL=CMD" "COMPILER=arm-none-eabi-gcc" "ASSEMBLER=arm-none-eabi-as" "A
TRACE::2024-12-08.18:25:39::SCWMssOS::RCHIVER=arm-none-eabi-ar" "COMPILER_FLAGS=  -O2 -c" "EXTRA_COMPILER_FLAGS=-mcpu=cortex-a9 -mfpu=vfpv3 -mfloat-abi=hard -nostart
TRACE::2024-12-08.18:25:39::SCWMssOS::files -g -Wall -Wextra -fno-tree-loop-distribute-patterns"

TRACE::2024-12-08.18:25:40::SCWMssOS::'Finished building libraries parallelly.'

TRACE::2024-12-08.18:25:40::SCWMssOS::make --no-print-directory archive

TRACE::2024-12-08.18:25:40::SCWMssOS::arm-none-eabi-ar -r  ps7_cortexa9_0/lib/libxil.a ps7_cortexa9_0/lib/_exit.o ps7_cortexa9_0/lib/_open.o ps7_cortexa9_0/lib/_sbrk
TRACE::2024-12-08.18:25:40::SCWMssOS::.o ps7_cortexa9_0/lib/abort.o ps7_cortexa9_0/lib/asm_vectors.o ps7_cortexa9_0/lib/boot.o ps7_cortexa9_0/lib/close.o ps7_cortexa
TRACE::2024-12-08.18:25:40::SCWMssOS::9_0/lib/cpputest_time.o ps7_cortexa9_0/lib/cpu_init.o ps7_cortexa9_0/lib/errno.o ps7_cortexa9_0/lib/fcntl.o ps7_cortexa9_0/lib/
TRACE::2024-12-08.18:25:40::SCWMssOS::fstat.o ps7_cortexa9_0/lib/getentropy.o ps7_cortexa9_0/lib/getpid.o ps7_cortexa9_0/lib/inbyte.o ps7_cortexa9_0/lib/isatty.o ps7
TRACE::2024-12-08.18:25:40::SCWMssOS::_cortexa9_0/lib/kill.o ps7_cortexa9_0/lib/lseek.o ps7_cortexa9_0/lib/open.o ps7_cortexa9_0/lib/outbyte.o ps7_cortexa9_0/lib/pri
TRACE::2024-12-08.18:25:40::SCWMssOS::nt.o ps7_cortexa9_0/lib/putnum.o ps7_cortexa9_0/lib/read.o ps7_cortexa9_0/lib/sbrk.o ps7_cortexa9_0/lib/sleep.o ps7_cortexa9_0/
TRACE::2024-12-08.18:25:40::SCWMssOS::lib/time.o ps7_cortexa9_0/lib/translation_table.o ps7_cortexa9_0/lib/unlink.o ps7_cortexa9_0/lib/usleep.o ps7_cortexa9_0/lib/ve
TRACE::2024-12-08.18:25:40::SCWMssOS::ctors.o ps7_cortexa9_0/lib/write.o ps7_cortexa9_0/lib/xadcps.o ps7_cortexa9_0/lib/xadcps_g.o ps7_cortexa9_0/lib/xadcps_intr.o p
TRACE::2024-12-08.18:25:40::SCWMssOS::s7_cortexa9_0/lib/xadcps_selftest.o ps7_cortexa9_0/lib/xadcps_sinit.o ps7_cortexa9_0/lib/xcoresightpsdcc.o ps7_cortexa9_0/lib/x
TRACE::2024-12-08.18:25:40::SCWMssOS::devcfg.o ps7_cortexa9_0/lib/xdevcfg_g.o ps7_cortexa9_0/lib/xdevcfg_hw.o ps7_cortexa9_0/lib/xdevcfg_intr.o ps7_cortexa9_0/lib/xd
TRACE::2024-12-08.18:25:40::SCWMssOS::evcfg_selftest.o ps7_cortexa9_0/lib/xdevcfg_sinit.o ps7_cortexa9_0/lib/xdmaps.o ps7_cortexa9_0/lib/xdmaps_g.o ps7_cortexa9_0/li
TRACE::2024-12-08.18:25:40::SCWMssOS::b/xdmaps_hw.o ps7_cortexa9_0/lib/xdmaps_selftest.o ps7_cortexa9_0/lib/xdmaps_sinit.o ps7_cortexa9_0/lib/xfir.o ps7_cortexa9_0/l
TRACE::2024-12-08.18:25:40::SCWMssOS::ib/xfir_g.o ps7_cortexa9_0/lib/xfir_linux.o ps7_cortexa9_0/lib/xfir_sinit.o ps7_cortexa9_0/lib/xgpio.o ps7_cortexa9_0/lib/xgpio
TRACE::2024-12-08.18:25:40::SCWMssOS::_extra.o ps7_cortexa9_0/lib/xgpio_g.o ps7_cortexa9_0/lib/xgpio_intr.o ps7_cortexa9_0/lib/xgpio_selftest.o ps7_cortexa9_0/lib/xg
TRACE::2024-12-08.18:25:40::SCWMssOS::pio_sinit.o ps7_cortexa9_0/lib/xiicps.o ps7_cortexa9_0/lib/xiicps_g.o ps7_cortexa9_0/lib/xiicps_hw.o ps7_cortexa9_0/lib/xiicps_
TRACE::2024-12-08.18:25:40::SCWMssOS::intr.o ps7_cortexa9_0/lib/xiicps_master.o ps7_cortexa9_0/lib/xiicps_options.o ps7_cortexa9_0/lib/xiicps_selftest.o ps7_cortexa9
TRACE::2024-12-08.18:25:40::SCWMssOS::_0/lib/xiicps_sinit.o ps7_cortexa9_0/lib/xiicps_slave.o ps7_cortexa9_0/lib/xiicps_xfer.o ps7_cortexa9_0/lib/xil-crt0.o ps7_cort
TRACE::2024-12-08.18:25:40::SCWMssOS::exa9_0/lib/xil_assert.o ps7_cortexa9_0/lib/xil_cache.o ps7_cortexa9_0/lib/xil_clocking.o ps7_cortexa9_0/lib/xil_exception.o ps7
TRACE::2024-12-08.18:25:40::SCWMssOS::_cortexa9_0/lib/xil_mem.o ps7_cortexa9_0/lib/xil_misc_psreset_api.o ps7_cortexa9_0/lib/xil_mmu.o ps7_cortexa9_0/lib/xil_printf.
TRACE::2024-12-08.18:25:40::SCWMssOS::o ps7_cortexa9_0/lib/xil_sleepcommon.o ps7_cortexa9_0/lib/xil_sleeptimer.o ps7_cortexa9_0/lib/xil_spinlock.o ps7_cortexa9_0/lib
TRACE::2024-12-08.18:25:40::SCWMssOS::/xil_testcache.o ps7_cortexa9_0/lib/xil_testio.o ps7_cortexa9_0/lib/xil_testmem.o ps7_cortexa9_0/lib/xil_util.o ps7_cortexa9_0/
TRACE::2024-12-08.18:25:40::SCWMssOS::lib/xinterrupt_wrap.o ps7_cortexa9_0/lib/xl2cc_counter.o ps7_cortexa9_0/lib/xplatform_info.o ps7_cortexa9_0/lib/xpm_counter.o p
TRACE::2024-12-08.18:25:40::SCWMssOS::s7_cortexa9_0/lib/xqspips.o ps7_cortexa9_0/lib/xqspips_g.o ps7_cortexa9_0/lib/xqspips_hw.o ps7_cortexa9_0/lib/xqspips_options.o
TRACE::2024-12-08.18:25:40::SCWMssOS:: ps7_cortexa9_0/lib/xqspips_selftest.o ps7_cortexa9_0/lib/xqspips_sinit.o ps7_cortexa9_0/lib/xscugic.o ps7_cortexa9_0/lib/xscug
TRACE::2024-12-08.18:25:40::SCWMssOS::ic_g.o ps7_cortexa9_0/lib/xscugic_hw.o ps7_cortexa9_0/lib/xscugic_intr.o ps7_cortexa9_0/lib/xscugic_selftest.o ps7_cortexa9_0/l
TRACE::2024-12-08.18:25:40::SCWMssOS::ib/xscugic_sinit.o ps7_cortexa9_0/lib/xscutimer.o ps7_cortexa9_0/lib/xscutimer_g.o ps7_cortexa9_0/lib/xscutimer_selftest.o ps7_
TRACE::2024-12-08.18:25:40::SCWMssOS::cortexa9_0/lib/xscutimer_sinit.o ps7_cortexa9_0/lib/xscuwdt.o ps7_cortexa9_0/lib/xscuwdt_g.o ps7_cortexa9_0/lib/xscuwdt_selftes
TRACE::2024-12-08.18:25:40::SCWMssOS::t.o ps7_cortexa9_0/lib/xscuwdt_sinit.o ps7_cortexa9_0/lib/xtime_l.o ps7_cortexa9_0/lib/xuartps.o ps7_cortexa9_0/lib/xuartps_g.o
TRACE::2024-12-08.18:25:40::SCWMssOS:: ps7_cortexa9_0/lib/xuartps_hw.o ps7_cortexa9_0/lib/xuartps_intr.o ps7_cortexa9_0/lib/xuartps_options.o ps7_cortexa9_0/lib/xuar
TRACE::2024-12-08.18:25:40::SCWMssOS::tps_selftest.o ps7_cortexa9_0/lib/xuartps_sinit.o

TRACE::2024-12-08.18:25:40::SCWMssOS::'Finished building libraries'

TRACE::2024-12-08.18:25:40::SCWMssOS::Copying to export directory.
TRACE::2024-12-08.18:25:41::SCWMssOS:: Checking if to create the Supporting Applications
TRACE::2024-12-08.18:25:41::SCWMssOS:: No Linux domain exists, trying to generate FSBL 
LOG::2024-12-08.18:25:41::SCWSystem::Completed Processing the domain standalone_ps7_cortexa9_0
LOG::2024-12-08.18:25:41::SCWSystem::Completed Processing the sysconfig design_1_wrapper_iz3
LOG::2024-12-08.18:25:41::SCWPlatform::Completed generating the artifacts for system configuration design_1_wrapper_iz3
TRACE::2024-12-08.18:25:41::SCWPlatform::Started preparing the platform 
TRACE::2024-12-08.18:25:41::SCWSystem::Writing the bif file for system config design_1_wrapper_iz3
TRACE::2024-12-08.18:25:41::SCWSystem::dir created 
TRACE::2024-12-08.18:25:41::SCWSystem::Writing the bif 
TRACE::2024-12-08.18:25:41::SCWPlatform::Started writing the spfm file 
TRACE::2024-12-08.18:25:41::SCWPlatform::Started writing the xpfm file 
TRACE::2024-12-08.18:25:41::SCWPlatform::Completed generating the platform
TRACE::2024-12-08.18:25:41::SCWMssOS::Saving the mss changes F:/Education/FPGA_Labs/Labs_2/lab4/audio_new/design_1_wrapper_iz3/zynq_fsbl/zynq_fsbl_bsp/system.mss
TRACE::2024-12-08.18:25:41::SCWMssOS::Found a swdesign opened with the mssfile.
TRACE::2024-12-08.18:25:41::SCWMssOS::Completed writemss as part of save.
TRACE::2024-12-08.18:25:41::SCWMssOS::Commit changes completed.
TRACE::2024-12-08.18:25:41::SCWMssOS::Saving the mss changes F:/Education/FPGA_Labs/Labs_2/lab4/audio_new/design_1_wrapper_iz3/ps7_cortexa9_0/standalone_ps7_cortexa9_0/bsp/system.mss
TRACE::2024-12-08.18:25:41::SCWMssOS::Found a swdesign opened with the mssfile.
TRACE::2024-12-08.18:25:41::SCWMssOS::Completed writemss as part of save.
TRACE::2024-12-08.18:25:41::SCWMssOS::Commit changes completed.
TRACE::2024-12-08.18:25:41::SCWPlatform::Trying to open the hw design at F:/Education/FPGA_Labs/Labs_2/lab4/audio_new/design_1_wrapper_iz3/hw/design_1_wrapper_iz3.xsa
TRACE::2024-12-08.18:25:41::SCWPlatform::DSA given F:/Education/FPGA_Labs/Labs_2/lab4/audio_new/design_1_wrapper_iz3/hw/design_1_wrapper_iz3.xsa
TRACE::2024-12-08.18:25:41::SCWPlatform::DSA absoulate path F:/Education/FPGA_Labs/Labs_2/lab4/audio_new/design_1_wrapper_iz3/hw/design_1_wrapper_iz3.xsa
TRACE::2024-12-08.18:25:41::SCWPlatform::DSA directory F:/Education/FPGA_Labs/Labs_2/lab4/audio_new/design_1_wrapper_iz3/hw
TRACE::2024-12-08.18:25:41::SCWPlatform:: Platform Path F:/Education/FPGA_Labs/Labs_2/lab4/audio_new/design_1_wrapper_iz3/hw/design_1_wrapper_iz3.xsa
TRACE::2024-12-08.18:25:41::SCWPlatform:: Unique name xilinx:zedboard::0.0
TRACE::2024-12-08.18:25:41::SCWPlatform::Trying to set the existing hwdb with name design_1_wrapper_14
TRACE::2024-12-08.18:25:41::SCWPlatform::Opened existing hwdb design_1_wrapper_14
TRACE::2024-12-08.18:25:41::SCWPlatform::Found the Hw Db part of the input DSA
TRACE::2024-12-08.18:25:41::SCWMssOS::Checking the sw design at  F:/Education/FPGA_Labs/Labs_2/lab4/audio_new/design_1_wrapper_iz3/zynq_fsbl/zynq_fsbl_bsp/system.mss
TRACE::2024-12-08.18:25:41::SCWMssOS::DEBUG:  swdes dump  F:/Education/FPGA_Labs/Labs_2/lab4/audio_new/audio/ps7_cortexa9_0/standalone_domain/bsp/system.mss|system_0||
F:/Education/FPGA_Labs/Labs_2/lab4/audio_new/audio/zynq_fsbl/zynq_fsbl_bsp/system.mss|system||
F:/Education/FPGA_Labs/Labs_2/lab4/audio_new/design_1_wrapper_iz/ps7_cortexa9_0/standalone_ps7_cortexa9_0/bsp/system.mss|system_2||
F:/Education/FPGA_Labs/Labs_2/lab4/audio_new/design_1_wrapper_iz/zynq_fsbl/zynq_fsbl_bsp/system.mss|system_1||
F:/Education/FPGA_Labs/Labs_2/lab4/audio_new/design_1_wrapper_iz3/ps7_cortexa9_0/standalone_ps7_cortexa9_0/bsp/system.mss|system_4||
F:/Education/FPGA_Labs/Labs_2/lab4/audio_new/design_1_wrapper_iz3/zynq_fsbl/zynq_fsbl_bsp/system.mss|system_3||

TRACE::2024-12-08.18:25:41::SCWMssOS::Sw design exists and opened at  F:/Education/FPGA_Labs/Labs_2/lab4/audio_new/design_1_wrapper_iz3/zynq_fsbl/zynq_fsbl_bsp/system.mss
TRACE::2024-12-08.18:25:41::SCWPlatform::Trying to open the hw design at F:/Education/FPGA_Labs/Labs_2/lab4/audio_new/design_1_wrapper_iz3/hw/design_1_wrapper_iz3.xsa
TRACE::2024-12-08.18:25:41::SCWPlatform::DSA given F:/Education/FPGA_Labs/Labs_2/lab4/audio_new/design_1_wrapper_iz3/hw/design_1_wrapper_iz3.xsa
TRACE::2024-12-08.18:25:41::SCWPlatform::DSA absoulate path F:/Education/FPGA_Labs/Labs_2/lab4/audio_new/design_1_wrapper_iz3/hw/design_1_wrapper_iz3.xsa
TRACE::2024-12-08.18:25:41::SCWPlatform::DSA directory F:/Education/FPGA_Labs/Labs_2/lab4/audio_new/design_1_wrapper_iz3/hw
TRACE::2024-12-08.18:25:41::SCWPlatform:: Platform Path F:/Education/FPGA_Labs/Labs_2/lab4/audio_new/design_1_wrapper_iz3/hw/design_1_wrapper_iz3.xsa
TRACE::2024-12-08.18:25:41::SCWPlatform:: Unique name xilinx:zedboard::0.0
TRACE::2024-12-08.18:25:41::SCWPlatform::Trying to set the existing hwdb with name design_1_wrapper_14
TRACE::2024-12-08.18:25:41::SCWPlatform::Opened existing hwdb design_1_wrapper_14
TRACE::2024-12-08.18:25:41::SCWPlatform::Found the Hw Db part of the input DSA
TRACE::2024-12-08.18:25:41::SCWMssOS::Checking the sw design at  F:/Education/FPGA_Labs/Labs_2/lab4/audio_new/design_1_wrapper_iz3/zynq_fsbl/zynq_fsbl_bsp/system.mss
TRACE::2024-12-08.18:25:41::SCWMssOS::DEBUG:  swdes dump  F:/Education/FPGA_Labs/Labs_2/lab4/audio_new/audio/ps7_cortexa9_0/standalone_domain/bsp/system.mss|system_0||
F:/Education/FPGA_Labs/Labs_2/lab4/audio_new/audio/zynq_fsbl/zynq_fsbl_bsp/system.mss|system||
F:/Education/FPGA_Labs/Labs_2/lab4/audio_new/design_1_wrapper_iz/ps7_cortexa9_0/standalone_ps7_cortexa9_0/bsp/system.mss|system_2||
F:/Education/FPGA_Labs/Labs_2/lab4/audio_new/design_1_wrapper_iz/zynq_fsbl/zynq_fsbl_bsp/system.mss|system_1||
F:/Education/FPGA_Labs/Labs_2/lab4/audio_new/design_1_wrapper_iz3/ps7_cortexa9_0/standalone_ps7_cortexa9_0/bsp/system.mss|system_4||
F:/Education/FPGA_Labs/Labs_2/lab4/audio_new/design_1_wrapper_iz3/zynq_fsbl/zynq_fsbl_bsp/system.mss|system_3||

TRACE::2024-12-08.18:25:41::SCWMssOS::Sw design exists and opened at  F:/Education/FPGA_Labs/Labs_2/lab4/audio_new/design_1_wrapper_iz3/zynq_fsbl/zynq_fsbl_bsp/system.mss
TRACE::2024-12-08.18:25:41::SCWPlatform::Trying to open the hw design at F:/Education/FPGA_Labs/Labs_2/lab4/audio_new/design_1_wrapper_iz3/hw/design_1_wrapper_iz3.xsa
TRACE::2024-12-08.18:25:41::SCWPlatform::DSA given F:/Education/FPGA_Labs/Labs_2/lab4/audio_new/design_1_wrapper_iz3/hw/design_1_wrapper_iz3.xsa
TRACE::2024-12-08.18:25:41::SCWPlatform::DSA absoulate path F:/Education/FPGA_Labs/Labs_2/lab4/audio_new/design_1_wrapper_iz3/hw/design_1_wrapper_iz3.xsa
TRACE::2024-12-08.18:25:41::SCWPlatform::DSA directory F:/Education/FPGA_Labs/Labs_2/lab4/audio_new/design_1_wrapper_iz3/hw
TRACE::2024-12-08.18:25:41::SCWPlatform:: Platform Path F:/Education/FPGA_Labs/Labs_2/lab4/audio_new/design_1_wrapper_iz3/hw/design_1_wrapper_iz3.xsa
TRACE::2024-12-08.18:25:41::SCWPlatform:: Unique name xilinx:zedboard::0.0
TRACE::2024-12-08.18:25:41::SCWPlatform::Trying to set the existing hwdb with name design_1_wrapper_14
TRACE::2024-12-08.18:25:41::SCWPlatform::Opened existing hwdb design_1_wrapper_14
TRACE::2024-12-08.18:25:41::SCWPlatform::Found the Hw Db part of the input DSA
TRACE::2024-12-08.18:25:41::SCWMssOS::Checking the sw design at  F:/Education/FPGA_Labs/Labs_2/lab4/audio_new/design_1_wrapper_iz3/zynq_fsbl/zynq_fsbl_bsp/system.mss
TRACE::2024-12-08.18:25:41::SCWMssOS::DEBUG:  swdes dump  F:/Education/FPGA_Labs/Labs_2/lab4/audio_new/audio/ps7_cortexa9_0/standalone_domain/bsp/system.mss|system_0||
F:/Education/FPGA_Labs/Labs_2/lab4/audio_new/audio/zynq_fsbl/zynq_fsbl_bsp/system.mss|system||
F:/Education/FPGA_Labs/Labs_2/lab4/audio_new/design_1_wrapper_iz/ps7_cortexa9_0/standalone_ps7_cortexa9_0/bsp/system.mss|system_2||
F:/Education/FPGA_Labs/Labs_2/lab4/audio_new/design_1_wrapper_iz/zynq_fsbl/zynq_fsbl_bsp/system.mss|system_1||
F:/Education/FPGA_Labs/Labs_2/lab4/audio_new/design_1_wrapper_iz3/ps7_cortexa9_0/standalone_ps7_cortexa9_0/bsp/system.mss|system_4||
F:/Education/FPGA_Labs/Labs_2/lab4/audio_new/design_1_wrapper_iz3/zynq_fsbl/zynq_fsbl_bsp/system.mss|system_3||

TRACE::2024-12-08.18:25:41::SCWMssOS::Sw design exists and opened at  F:/Education/FPGA_Labs/Labs_2/lab4/audio_new/design_1_wrapper_iz3/zynq_fsbl/zynq_fsbl_bsp/system.mss
TRACE::2024-12-08.18:25:41::SCWPlatform::Trying to open the hw design at F:/Education/FPGA_Labs/Labs_2/lab4/audio_new/design_1_wrapper_iz3/hw/design_1_wrapper_iz3.xsa
TRACE::2024-12-08.18:25:41::SCWPlatform::DSA given F:/Education/FPGA_Labs/Labs_2/lab4/audio_new/design_1_wrapper_iz3/hw/design_1_wrapper_iz3.xsa
TRACE::2024-12-08.18:25:41::SCWPlatform::DSA absoulate path F:/Education/FPGA_Labs/Labs_2/lab4/audio_new/design_1_wrapper_iz3/hw/design_1_wrapper_iz3.xsa
TRACE::2024-12-08.18:25:41::SCWPlatform::DSA directory F:/Education/FPGA_Labs/Labs_2/lab4/audio_new/design_1_wrapper_iz3/hw
TRACE::2024-12-08.18:25:41::SCWPlatform:: Platform Path F:/Education/FPGA_Labs/Labs_2/lab4/audio_new/design_1_wrapper_iz3/hw/design_1_wrapper_iz3.xsa
TRACE::2024-12-08.18:25:41::SCWPlatform:: Unique name xilinx:zedboard::0.0
TRACE::2024-12-08.18:25:41::SCWPlatform::Trying to set the existing hwdb with name design_1_wrapper_14
TRACE::2024-12-08.18:25:41::SCWPlatform::Opened existing hwdb design_1_wrapper_14
TRACE::2024-12-08.18:25:41::SCWPlatform::Found the Hw Db part of the input DSA
TRACE::2024-12-08.18:25:41::SCWMssOS::Checking the sw design at  F:/Education/FPGA_Labs/Labs_2/lab4/audio_new/design_1_wrapper_iz3/ps7_cortexa9_0/standalone_ps7_cortexa9_0/bsp/system.mss
TRACE::2024-12-08.18:25:41::SCWMssOS::DEBUG:  swdes dump  F:/Education/FPGA_Labs/Labs_2/lab4/audio_new/audio/ps7_cortexa9_0/standalone_domain/bsp/system.mss|system_0||
F:/Education/FPGA_Labs/Labs_2/lab4/audio_new/audio/zynq_fsbl/zynq_fsbl_bsp/system.mss|system||
F:/Education/FPGA_Labs/Labs_2/lab4/audio_new/design_1_wrapper_iz/ps7_cortexa9_0/standalone_ps7_cortexa9_0/bsp/system.mss|system_2||
F:/Education/FPGA_Labs/Labs_2/lab4/audio_new/design_1_wrapper_iz/zynq_fsbl/zynq_fsbl_bsp/system.mss|system_1||
F:/Education/FPGA_Labs/Labs_2/lab4/audio_new/design_1_wrapper_iz3/ps7_cortexa9_0/standalone_ps7_cortexa9_0/bsp/system.mss|system_4||
F:/Education/FPGA_Labs/Labs_2/lab4/audio_new/design_1_wrapper_iz3/zynq_fsbl/zynq_fsbl_bsp/system.mss|system_3||

TRACE::2024-12-08.18:25:41::SCWMssOS::Sw design exists and opened at  F:/Education/FPGA_Labs/Labs_2/lab4/audio_new/design_1_wrapper_iz3/ps7_cortexa9_0/standalone_ps7_cortexa9_0/bsp/system.mss
TRACE::2024-12-08.18:25:41::SCWPlatform::Trying to open the hw design at F:/Education/FPGA_Labs/Labs_2/lab4/audio_new/design_1_wrapper_iz3/hw/design_1_wrapper_iz3.xsa
TRACE::2024-12-08.18:25:41::SCWPlatform::DSA given F:/Education/FPGA_Labs/Labs_2/lab4/audio_new/design_1_wrapper_iz3/hw/design_1_wrapper_iz3.xsa
TRACE::2024-12-08.18:25:41::SCWPlatform::DSA absoulate path F:/Education/FPGA_Labs/Labs_2/lab4/audio_new/design_1_wrapper_iz3/hw/design_1_wrapper_iz3.xsa
TRACE::2024-12-08.18:25:41::SCWPlatform::DSA directory F:/Education/FPGA_Labs/Labs_2/lab4/audio_new/design_1_wrapper_iz3/hw
TRACE::2024-12-08.18:25:41::SCWPlatform:: Platform Path F:/Education/FPGA_Labs/Labs_2/lab4/audio_new/design_1_wrapper_iz3/hw/design_1_wrapper_iz3.xsa
TRACE::2024-12-08.18:25:41::SCWPlatform:: Unique name xilinx:zedboard::0.0
TRACE::2024-12-08.18:25:41::SCWPlatform::Trying to set the existing hwdb with name design_1_wrapper_14
TRACE::2024-12-08.18:25:41::SCWPlatform::Opened existing hwdb design_1_wrapper_14
TRACE::2024-12-08.18:25:41::SCWPlatform::Found the Hw Db part of the input DSA
TRACE::2024-12-08.18:25:41::SCWMssOS::Checking the sw design at  F:/Education/FPGA_Labs/Labs_2/lab4/audio_new/design_1_wrapper_iz3/ps7_cortexa9_0/standalone_ps7_cortexa9_0/bsp/system.mss
TRACE::2024-12-08.18:25:41::SCWMssOS::DEBUG:  swdes dump  F:/Education/FPGA_Labs/Labs_2/lab4/audio_new/audio/ps7_cortexa9_0/standalone_domain/bsp/system.mss|system_0||
F:/Education/FPGA_Labs/Labs_2/lab4/audio_new/audio/zynq_fsbl/zynq_fsbl_bsp/system.mss|system||
F:/Education/FPGA_Labs/Labs_2/lab4/audio_new/design_1_wrapper_iz/ps7_cortexa9_0/standalone_ps7_cortexa9_0/bsp/system.mss|system_2||
F:/Education/FPGA_Labs/Labs_2/lab4/audio_new/design_1_wrapper_iz/zynq_fsbl/zynq_fsbl_bsp/system.mss|system_1||
F:/Education/FPGA_Labs/Labs_2/lab4/audio_new/design_1_wrapper_iz3/ps7_cortexa9_0/standalone_ps7_cortexa9_0/bsp/system.mss|system_4||
F:/Education/FPGA_Labs/Labs_2/lab4/audio_new/design_1_wrapper_iz3/zynq_fsbl/zynq_fsbl_bsp/system.mss|system_3||

TRACE::2024-12-08.18:25:41::SCWMssOS::Sw design exists and opened at  F:/Education/FPGA_Labs/Labs_2/lab4/audio_new/design_1_wrapper_iz3/ps7_cortexa9_0/standalone_ps7_cortexa9_0/bsp/system.mss
TRACE::2024-12-08.18:25:41::SCWPlatform::Trying to open the hw design at F:/Education/FPGA_Labs/Labs_2/lab4/audio_new/design_1_wrapper_iz3/hw/design_1_wrapper_iz3.xsa
TRACE::2024-12-08.18:25:41::SCWPlatform::DSA given F:/Education/FPGA_Labs/Labs_2/lab4/audio_new/design_1_wrapper_iz3/hw/design_1_wrapper_iz3.xsa
TRACE::2024-12-08.18:25:41::SCWPlatform::DSA absoulate path F:/Education/FPGA_Labs/Labs_2/lab4/audio_new/design_1_wrapper_iz3/hw/design_1_wrapper_iz3.xsa
TRACE::2024-12-08.18:25:41::SCWPlatform::DSA directory F:/Education/FPGA_Labs/Labs_2/lab4/audio_new/design_1_wrapper_iz3/hw
TRACE::2024-12-08.18:25:41::SCWPlatform:: Platform Path F:/Education/FPGA_Labs/Labs_2/lab4/audio_new/design_1_wrapper_iz3/hw/design_1_wrapper_iz3.xsa
TRACE::2024-12-08.18:25:41::SCWPlatform:: Unique name xilinx:zedboard::0.0
TRACE::2024-12-08.18:25:41::SCWPlatform::Trying to set the existing hwdb with name design_1_wrapper_14
TRACE::2024-12-08.18:25:41::SCWPlatform::Opened existing hwdb design_1_wrapper_14
TRACE::2024-12-08.18:25:41::SCWPlatform::Found the Hw Db part of the input DSA
TRACE::2024-12-08.18:25:41::SCWMssOS::Checking the sw design at  F:/Education/FPGA_Labs/Labs_2/lab4/audio_new/design_1_wrapper_iz3/ps7_cortexa9_0/standalone_ps7_cortexa9_0/bsp/system.mss
TRACE::2024-12-08.18:25:41::SCWMssOS::DEBUG:  swdes dump  F:/Education/FPGA_Labs/Labs_2/lab4/audio_new/audio/ps7_cortexa9_0/standalone_domain/bsp/system.mss|system_0||
F:/Education/FPGA_Labs/Labs_2/lab4/audio_new/audio/zynq_fsbl/zynq_fsbl_bsp/system.mss|system||
F:/Education/FPGA_Labs/Labs_2/lab4/audio_new/design_1_wrapper_iz/ps7_cortexa9_0/standalone_ps7_cortexa9_0/bsp/system.mss|system_2||
F:/Education/FPGA_Labs/Labs_2/lab4/audio_new/design_1_wrapper_iz/zynq_fsbl/zynq_fsbl_bsp/system.mss|system_1||
F:/Education/FPGA_Labs/Labs_2/lab4/audio_new/design_1_wrapper_iz3/ps7_cortexa9_0/standalone_ps7_cortexa9_0/bsp/system.mss|system_4||
F:/Education/FPGA_Labs/Labs_2/lab4/audio_new/design_1_wrapper_iz3/zynq_fsbl/zynq_fsbl_bsp/system.mss|system_3||

TRACE::2024-12-08.18:25:41::SCWMssOS::Sw design exists and opened at  F:/Education/FPGA_Labs/Labs_2/lab4/audio_new/design_1_wrapper_iz3/ps7_cortexa9_0/standalone_ps7_cortexa9_0/bsp/system.mss
TRACE::2024-12-08.18:25:41::SCWWriter::formatted JSON is {
	"platformName":	"design_1_wrapper_iz3",
	"sprVersion":	"2.0",
	"mode":	"gui",
	"dsaType":	"Fixed",
	"platformDesc":	"design_1_wrapper_iz3",
	"platHandOff":	"<platformDir>.xsa",
	"platIntHandOff":	"<platformDir>/hw/design_1_wrapper_iz3.xsa",
	"deviceType":	"zynq",
	"platIsPrebuiltAutogen":	"false",
	"platIsNoBootBsp":	"false",
	"platFsblTarget":	"ps7_cortexa9_0",
	"hasFsblMakeHasChanges":	"false",
	"hasPmufwMakeHasChanges":	"false",
	"fsblExtraCompilerFlags":	"-MMD -MP       -mcpu=cortex-a9 -mfpu=vfpv3 -mfloat-abi=hard ",
	"platPreBuiltFlag":	false,
	"platformSamplesDir":	"",
	"platActiveSys":	"design_1_wrapper_iz3",
	"systems":	[{
			"systemName":	"design_1_wrapper_iz3",
			"systemDesc":	"design_1_wrapper_iz3",
			"sysIsBootAutoGen":	"true",
			"systemDispName":	"design_1_wrapper_iz3",
			"sysActiveDom":	"standalone_ps7_cortexa9_0",
			"sysDefaultDom":	"standalone_ps7_cortexa9_0",
			"domains":	[{
					"domainName":	"zynq_fsbl",
					"domainDispName":	"zynq_fsbl",
					"domainDesc":	"FSBL Application BSP - Auto Generated.",
					"processors":	"ps7_cortexa9_0",
					"os":	"standalone",
					"sdxOs":	"standalone",
					"debugEnable":	"",
					"domRuntimes":	["cpp"],
					"swRepo":	"",
					"mssOsVer":	"8.1",
					"mssFile":	"",
					"md5Digest":	"d9a34af2dee52f902a49b7b36c0ab938",
					"compatibleApp":	"zynq_fsbl",
					"domType":	"bootDomain",
					"arch":	"32-bit",
					"appSettings":	{
						"appCompilerFlags":	"",
						"appLinkerFlags":	""
					},
					"addedLibs":	["xilffs:5.0", "xilrsa:1.6"],
					"libOptions":	{
						"libsContainingOptions":	[]
					},
					"prebuiltLibs":	{
						"prebuiltIncPath":	[],
						"prebuiltLibPath":	[]
					},
					"isolation":	{
					}
				}, {
					"domainName":	"standalone_ps7_cortexa9_0",
					"domainDispName":	"standalone_ps7_cortexa9_0",
					"domainDesc":	"standalone_ps7_cortexa9_0",
					"processors":	"ps7_cortexa9_0",
					"os":	"standalone",
					"sdxOs":	"standalone",
					"qemuArgs":	"<platformDir>/resources/design_1_wrapper_iz3/standalone_ps7_cortexa9_0/qemu_args.txt",
					"qemuData":	"<platformDir>/resources/design_1_wrapper_iz3/standalone_ps7_cortexa9_0/qemu",
					"debugEnable":	"False",
					"domRuntimes":	["cpp"],
					"swRepo":	"",
					"mssOsVer":	"8.1",
					"mssFile":	"",
					"md5Digest":	"9a5c07eb3fcbf029dead828c18c1b9c0",
					"compatibleApp":	"empty_application",
					"domType":	"mssDomain",
					"arch":	"32-bit",
					"appSettings":	{
						"appCompilerFlags":	"",
						"appLinkerFlags":	""
					},
					"addedLibs":	[],
					"libOptions":	{
						"libsContainingOptions":	[]
					},
					"prebuiltLibs":	{
						"prebuiltIncPath":	[],
						"prebuiltLibPath":	[]
					},
					"isolation":	{
					}
				}]
		}]
}
KEYINFO::2024-12-08.18:25:41::SCWPlatform::updated the xpfm file.
TRACE::2024-12-08.18:25:41::SCWPlatform::Trying to open the hw design at F:/Education/FPGA_Labs/Labs_2/lab4/audio_new/design_1_wrapper_iz3/hw/design_1_wrapper_iz3.xsa
TRACE::2024-12-08.18:25:41::SCWPlatform::DSA given F:/Education/FPGA_Labs/Labs_2/lab4/audio_new/design_1_wrapper_iz3/hw/design_1_wrapper_iz3.xsa
TRACE::2024-12-08.18:25:41::SCWPlatform::DSA absoulate path F:/Education/FPGA_Labs/Labs_2/lab4/audio_new/design_1_wrapper_iz3/hw/design_1_wrapper_iz3.xsa
TRACE::2024-12-08.18:25:41::SCWPlatform::DSA directory F:/Education/FPGA_Labs/Labs_2/lab4/audio_new/design_1_wrapper_iz3/hw
TRACE::2024-12-08.18:25:41::SCWPlatform:: Platform Path F:/Education/FPGA_Labs/Labs_2/lab4/audio_new/design_1_wrapper_iz3/hw/design_1_wrapper_iz3.xsa
TRACE::2024-12-08.18:25:41::SCWPlatform:: Unique name xilinx:zedboard::0.0
TRACE::2024-12-08.18:25:41::SCWPlatform::Trying to set the existing hwdb with name design_1_wrapper_14
TRACE::2024-12-08.18:25:41::SCWPlatform::Opened existing hwdb design_1_wrapper_14
TRACE::2024-12-08.18:25:41::SCWPlatform::Found the Hw Db part of the input DSA
TRACE::2024-12-08.18:25:41::SCWMssOS::Checking the sw design at  F:/Education/FPGA_Labs/Labs_2/lab4/audio_new/design_1_wrapper_iz3/ps7_cortexa9_0/standalone_ps7_cortexa9_0/bsp/system.mss
TRACE::2024-12-08.18:25:41::SCWMssOS::DEBUG:  swdes dump  F:/Education/FPGA_Labs/Labs_2/lab4/audio_new/audio/ps7_cortexa9_0/standalone_domain/bsp/system.mss|system_0||
F:/Education/FPGA_Labs/Labs_2/lab4/audio_new/audio/zynq_fsbl/zynq_fsbl_bsp/system.mss|system||
F:/Education/FPGA_Labs/Labs_2/lab4/audio_new/design_1_wrapper_iz/ps7_cortexa9_0/standalone_ps7_cortexa9_0/bsp/system.mss|system_2||
F:/Education/FPGA_Labs/Labs_2/lab4/audio_new/design_1_wrapper_iz/zynq_fsbl/zynq_fsbl_bsp/system.mss|system_1||
F:/Education/FPGA_Labs/Labs_2/lab4/audio_new/design_1_wrapper_iz3/ps7_cortexa9_0/standalone_ps7_cortexa9_0/bsp/system.mss|system_4||
F:/Education/FPGA_Labs/Labs_2/lab4/audio_new/design_1_wrapper_iz3/zynq_fsbl/zynq_fsbl_bsp/system.mss|system_3||

TRACE::2024-12-08.18:25:41::SCWMssOS::Sw design exists and opened at  F:/Education/FPGA_Labs/Labs_2/lab4/audio_new/design_1_wrapper_iz3/ps7_cortexa9_0/standalone_ps7_cortexa9_0/bsp/system.mss
