Copyright 1986-2022 Xilinx, Inc. All Rights Reserved. Copyright 2022-2023 Advanced Micro Devices, Inc. All Rights Reserved.
---------------------------------------------------------------------------------------------------------------------------------------------------------------------------------------------------------------------------------
| Tool Version : Vivado v.2023.1 (win64) Build 3865809 Sun May  7 15:05:29 MDT 2023
| Date         : Sun Dec  1 12:56:21 2024
| Host         : DESKTOP-2ENERJB running 64-bit major release  (build 9200)
| Command      : report_timing_summary -max_paths 10 -report_unconstrained -file bd_0_wrapper_timing_summary_routed.rpt -pb bd_0_wrapper_timing_summary_routed.pb -rpx bd_0_wrapper_timing_summary_routed.rpx -warn_on_violation
| Design       : bd_0_wrapper
| Device       : 7z020-clg484
| Speed File   : -1  PRODUCTION 1.12 2019-11-22
| Design State : Routed
---------------------------------------------------------------------------------------------------------------------------------------------------------------------------------------------------------------------------------

Timing Summary Report

------------------------------------------------------------------------------------------------
| Timer Settings
| --------------
------------------------------------------------------------------------------------------------

  Enable Multi Corner Analysis               :  Yes
  Enable Pessimism Removal                   :  Yes
  Pessimism Removal Resolution               :  Nearest Common Node
  Enable Input Delay Default Clock           :  No
  Enable Preset / Clear Arcs                 :  No
  Disable Flight Delays                      :  No
  Ignore I/O Paths                           :  No
  Timing Early Launch at Borrowing Latches   :  No
  Borrow Time for Max Delay Exceptions       :  Yes
  Merge Timing Exceptions                    :  Yes

  Corner  Analyze    Analyze    
  Name    Max Paths  Min Paths  
  ------  ---------  ---------  
  Slow    Yes        Yes        
  Fast    Yes        Yes        


------------------------------------------------------------------------------------------------
| Report Methodology
| ------------------
------------------------------------------------------------------------------------------------

Rule       Severity  Description                    Violations  
---------  --------  -----------------------------  ----------  
TIMING-18  Warning   Missing input or output delay  79          

Note: This report is based on the most recent report_methodology run and may not be up-to-date. Run report_methodology on the current design for the latest report.



check_timing report

Table of Contents
-----------------
1. checking no_clock (0)
2. checking constant_clock (0)
3. checking pulse_width_clock (0)
4. checking unconstrained_internal_endpoints (0)
5. checking no_input_delay (34)
6. checking no_output_delay (44)
7. checking multiple_clock (0)
8. checking generated_clocks (0)
9. checking loops (0)
10. checking partial_input_delay (0)
11. checking partial_output_delay (0)
12. checking latch_loops (0)

1. checking no_clock (0)
------------------------
 There are 0 register/latch pins with no clock.


2. checking constant_clock (0)
------------------------------
 There are 0 register/latch pins with constant_clock.


3. checking pulse_width_clock (0)
---------------------------------
 There are 0 register/latch pins which need pulse_width check


4. checking unconstrained_internal_endpoints (0)
------------------------------------------------
 There are 0 pins that are not constrained for maximum delay.

 There are 0 pins that are not constrained for maximum delay due to constant clock.


5. checking no_input_delay (34)
-------------------------------
 There are 34 input ports with no input delay specified. (HIGH)

 There are 0 input ports with no input delay but user has a false path constraint.


6. checking no_output_delay (44)
--------------------------------
 There are 44 ports with no output delay specified. (HIGH)

 There are 0 ports with no output delay but user has a false path constraint

 There are 0 ports with no output delay but with a timing clock defined on it or propagating through it


7. checking multiple_clock (0)
------------------------------
 There are 0 register/latch pins with multiple clocks.


8. checking generated_clocks (0)
--------------------------------
 There are 0 generated clocks that are not connected to a clock source.


9. checking loops (0)
---------------------
 There are 0 combinational loops in the design.


10. checking partial_input_delay (0)
------------------------------------
 There are 0 input ports with partial input delay specified.


11. checking partial_output_delay (0)
-------------------------------------
 There are 0 ports with partial output delay specified.


12. checking latch_loops (0)
----------------------------
 There are 0 combinational latch loops in the design through latch input



------------------------------------------------------------------------------------------------
| Design Timing Summary
| ---------------------
------------------------------------------------------------------------------------------------

    WNS(ns)      TNS(ns)  TNS Failing Endpoints  TNS Total Endpoints      WHS(ns)      THS(ns)  THS Failing Endpoints  THS Total Endpoints     WPWS(ns)     TPWS(ns)  TPWS Failing Endpoints  TPWS Total Endpoints  
    -------      -------  ---------------------  -------------------      -------      -------  ---------------------  -------------------     --------     --------  ----------------------  --------------------  
      5.630        0.000                      0                  270        0.157        0.000                      0                  270        4.500        0.000                       0                    42  


All user specified timing constraints are met.


------------------------------------------------------------------------------------------------
| Clock Summary
| -------------
------------------------------------------------------------------------------------------------

Clock   Waveform(ns)       Period(ns)      Frequency(MHz)
-----   ------------       ----------      --------------
ap_clk  {0.000 5.000}      10.000          100.000         


------------------------------------------------------------------------------------------------
| Intra Clock Table
| -----------------
------------------------------------------------------------------------------------------------

Clock             WNS(ns)      TNS(ns)  TNS Failing Endpoints  TNS Total Endpoints      WHS(ns)      THS(ns)  THS Failing Endpoints  THS Total Endpoints     WPWS(ns)     TPWS(ns)  TPWS Failing Endpoints  TPWS Total Endpoints  
-----             -------      -------  ---------------------  -------------------      -------      -------  ---------------------  -------------------     --------     --------  ----------------------  --------------------  
ap_clk              5.630        0.000                      0                  270        0.157        0.000                      0                  270        4.500        0.000                       0                    42  


------------------------------------------------------------------------------------------------
| Inter Clock Table
| -----------------
------------------------------------------------------------------------------------------------

From Clock    To Clock          WNS(ns)      TNS(ns)  TNS Failing Endpoints  TNS Total Endpoints      WHS(ns)      THS(ns)  THS Failing Endpoints  THS Total Endpoints  
----------    --------          -------      -------  ---------------------  -------------------      -------      -------  ---------------------  -------------------  


------------------------------------------------------------------------------------------------
| Other Path Groups Table
| -----------------------
------------------------------------------------------------------------------------------------

Path Group    From Clock    To Clock          WNS(ns)      TNS(ns)  TNS Failing Endpoints  TNS Total Endpoints      WHS(ns)      THS(ns)  THS Failing Endpoints  THS Total Endpoints  
----------    ----------    --------          -------      -------  ---------------------  -------------------      -------      -------  ---------------------  -------------------  


------------------------------------------------------------------------------------------------
| User Ignored Path Table
| -----------------------
------------------------------------------------------------------------------------------------

Path Group    From Clock    To Clock    
----------    ----------    --------    


------------------------------------------------------------------------------------------------
| Unconstrained Path Table
| ------------------------
------------------------------------------------------------------------------------------------

Path Group    From Clock    To Clock    
----------    ----------    --------    
(none)                                    
(none)        ap_clk                      
(none)                      ap_clk        


------------------------------------------------------------------------------------------------
| Timing Details
| --------------
------------------------------------------------------------------------------------------------


---------------------------------------------------------------------------------------------------
From Clock:  ap_clk
  To Clock:  ap_clk

Setup :            0  Failing Endpoints,  Worst Slack        5.630ns,  Total Violation        0.000ns
Hold  :            0  Failing Endpoints,  Worst Slack        0.157ns,  Total Violation        0.000ns
PW    :            0  Failing Endpoints,  Worst Slack        4.500ns,  Total Violation        0.000ns
---------------------------------------------------------------------------------------------------


Max Delay Paths
--------------------------------------------------------------------------------------
Slack (MET) :             5.630ns  (required time - arrival time)
  Source:                 bd_0_i/hls_inst/inst/ap_CS_fsm_reg[0]/C
                            (rising edge-triggered cell FDSE clocked by ap_clk  {rise@0.000ns fall@5.000ns period=10.000ns})
  Destination:            bd_0_i/hls_inst/inst/indvar_flatten_fu_68_reg[0]/CE
                            (rising edge-triggered cell FDRE clocked by ap_clk  {rise@0.000ns fall@5.000ns period=10.000ns})
  Path Group:             ap_clk
  Path Type:              Setup (Max at Slow Process Corner)
  Requirement:            10.000ns  (ap_clk rise@10.000ns - ap_clk rise@0.000ns)
  Data Path Delay:        4.081ns  (logic 0.766ns (18.771%)  route 3.315ns (81.229%))
  Logic Levels:           2  (LUT2=1 LUT6=1)
  Clock Path Skew:        -0.049ns (DCD - SCD + CPR)
    Destination Clock Delay (DCD):    0.924ns = ( 10.924 - 10.000 ) 
    Source Clock Delay      (SCD):    0.973ns
    Clock Pessimism Removal (CPR):    0.000ns
  Clock Uncertainty:      0.035ns  ((TSJ^2 + TIJ^2)^1/2 + DJ) / 2 + PE
    Total System Jitter     (TSJ):    0.071ns
    Total Input Jitter      (TIJ):    0.000ns
    Discrete Jitter          (DJ):    0.000ns
    Phase Error              (PE):    0.000ns

    Location             Delay type                Incr(ns)  Path(ns)    Netlist Resource(s)
  -------------------------------------------------------------------    -------------------
                         (clock ap_clk rise edge)     0.000     0.000 r  
                                                      0.000     0.000 r  ap_clk (IN)
                         net (fo=41, unset)           0.973     0.973    bd_0_i/hls_inst/inst/ap_clk
    SLICE_X34Y76         FDSE                                         r  bd_0_i/hls_inst/inst/ap_CS_fsm_reg[0]/C
  -------------------------------------------------------------------    -------------------
    SLICE_X34Y76         FDSE (Prop_fdse_C_Q)         0.518     1.491 r  bd_0_i/hls_inst/inst/ap_CS_fsm_reg[0]/Q
                         net (fo=44, routed)          1.759     3.250    bd_0_i/hls_inst/inst/flow_control_loop_pipe_U/ap_loop_init_reg_0[0]
    SLICE_X33Y76         LUT2 (Prop_lut2_I1_O)        0.124     3.374 r  bd_0_i/hls_inst/inst/flow_control_loop_pipe_U/b_ce1_INST_0/O
                         net (fo=1, routed)           0.968     4.342    bd_0_i/hls_inst/inst/flow_control_loop_pipe_U/b_ce1
    SLICE_X33Y73         LUT6 (Prop_lut6_I4_O)        0.124     4.466 r  bd_0_i/hls_inst/inst/flow_control_loop_pipe_U/indvar_flatten_fu_68[3]_i_1/O
                         net (fo=4, routed)           0.587     5.054    bd_0_i/hls_inst/inst/indvar_flatten_fu_68
    SLICE_X33Y73         FDRE                                         r  bd_0_i/hls_inst/inst/indvar_flatten_fu_68_reg[0]/CE
  -------------------------------------------------------------------    -------------------

                         (clock ap_clk rise edge)    10.000    10.000 r  
                                                      0.000    10.000 r  ap_clk (IN)
                         net (fo=41, unset)           0.924    10.924    bd_0_i/hls_inst/inst/ap_clk
    SLICE_X33Y73         FDRE                                         r  bd_0_i/hls_inst/inst/indvar_flatten_fu_68_reg[0]/C
                         clock pessimism              0.000    10.924    
                         clock uncertainty           -0.035    10.889    
    SLICE_X33Y73         FDRE (Setup_fdre_C_CE)      -0.205    10.684    bd_0_i/hls_inst/inst/indvar_flatten_fu_68_reg[0]
  -------------------------------------------------------------------
                         required time                         10.684    
                         arrival time                          -5.054    
  -------------------------------------------------------------------
                         slack                                  5.630    

Slack (MET) :             5.630ns  (required time - arrival time)
  Source:                 bd_0_i/hls_inst/inst/ap_CS_fsm_reg[0]/C
                            (rising edge-triggered cell FDSE clocked by ap_clk  {rise@0.000ns fall@5.000ns period=10.000ns})
  Destination:            bd_0_i/hls_inst/inst/indvar_flatten_fu_68_reg[1]/CE
                            (rising edge-triggered cell FDRE clocked by ap_clk  {rise@0.000ns fall@5.000ns period=10.000ns})
  Path Group:             ap_clk
  Path Type:              Setup (Max at Slow Process Corner)
  Requirement:            10.000ns  (ap_clk rise@10.000ns - ap_clk rise@0.000ns)
  Data Path Delay:        4.081ns  (logic 0.766ns (18.771%)  route 3.315ns (81.229%))
  Logic Levels:           2  (LUT2=1 LUT6=1)
  Clock Path Skew:        -0.049ns (DCD - SCD + CPR)
    Destination Clock Delay (DCD):    0.924ns = ( 10.924 - 10.000 ) 
    Source Clock Delay      (SCD):    0.973ns
    Clock Pessimism Removal (CPR):    0.000ns
  Clock Uncertainty:      0.035ns  ((TSJ^2 + TIJ^2)^1/2 + DJ) / 2 + PE
    Total System Jitter     (TSJ):    0.071ns
    Total Input Jitter      (TIJ):    0.000ns
    Discrete Jitter          (DJ):    0.000ns
    Phase Error              (PE):    0.000ns

    Location             Delay type                Incr(ns)  Path(ns)    Netlist Resource(s)
  -------------------------------------------------------------------    -------------------
                         (clock ap_clk rise edge)     0.000     0.000 r  
                                                      0.000     0.000 r  ap_clk (IN)
                         net (fo=41, unset)           0.973     0.973    bd_0_i/hls_inst/inst/ap_clk
    SLICE_X34Y76         FDSE                                         r  bd_0_i/hls_inst/inst/ap_CS_fsm_reg[0]/C
  -------------------------------------------------------------------    -------------------
    SLICE_X34Y76         FDSE (Prop_fdse_C_Q)         0.518     1.491 r  bd_0_i/hls_inst/inst/ap_CS_fsm_reg[0]/Q
                         net (fo=44, routed)          1.759     3.250    bd_0_i/hls_inst/inst/flow_control_loop_pipe_U/ap_loop_init_reg_0[0]
    SLICE_X33Y76         LUT2 (Prop_lut2_I1_O)        0.124     3.374 r  bd_0_i/hls_inst/inst/flow_control_loop_pipe_U/b_ce1_INST_0/O
                         net (fo=1, routed)           0.968     4.342    bd_0_i/hls_inst/inst/flow_control_loop_pipe_U/b_ce1
    SLICE_X33Y73         LUT6 (Prop_lut6_I4_O)        0.124     4.466 r  bd_0_i/hls_inst/inst/flow_control_loop_pipe_U/indvar_flatten_fu_68[3]_i_1/O
                         net (fo=4, routed)           0.587     5.054    bd_0_i/hls_inst/inst/indvar_flatten_fu_68
    SLICE_X33Y73         FDRE                                         r  bd_0_i/hls_inst/inst/indvar_flatten_fu_68_reg[1]/CE
  -------------------------------------------------------------------    -------------------

                         (clock ap_clk rise edge)    10.000    10.000 r  
                                                      0.000    10.000 r  ap_clk (IN)
                         net (fo=41, unset)           0.924    10.924    bd_0_i/hls_inst/inst/ap_clk
    SLICE_X33Y73         FDRE                                         r  bd_0_i/hls_inst/inst/indvar_flatten_fu_68_reg[1]/C
                         clock pessimism              0.000    10.924    
                         clock uncertainty           -0.035    10.889    
    SLICE_X33Y73         FDRE (Setup_fdre_C_CE)      -0.205    10.684    bd_0_i/hls_inst/inst/indvar_flatten_fu_68_reg[1]
  -------------------------------------------------------------------
                         required time                         10.684    
                         arrival time                          -5.054    
  -------------------------------------------------------------------
                         slack                                  5.630    

Slack (MET) :             5.630ns  (required time - arrival time)
  Source:                 bd_0_i/hls_inst/inst/ap_CS_fsm_reg[0]/C
                            (rising edge-triggered cell FDSE clocked by ap_clk  {rise@0.000ns fall@5.000ns period=10.000ns})
  Destination:            bd_0_i/hls_inst/inst/indvar_flatten_fu_68_reg[2]/CE
                            (rising edge-triggered cell FDRE clocked by ap_clk  {rise@0.000ns fall@5.000ns period=10.000ns})
  Path Group:             ap_clk
  Path Type:              Setup (Max at Slow Process Corner)
  Requirement:            10.000ns  (ap_clk rise@10.000ns - ap_clk rise@0.000ns)
  Data Path Delay:        4.081ns  (logic 0.766ns (18.771%)  route 3.315ns (81.229%))
  Logic Levels:           2  (LUT2=1 LUT6=1)
  Clock Path Skew:        -0.049ns (DCD - SCD + CPR)
    Destination Clock Delay (DCD):    0.924ns = ( 10.924 - 10.000 ) 
    Source Clock Delay      (SCD):    0.973ns
    Clock Pessimism Removal (CPR):    0.000ns
  Clock Uncertainty:      0.035ns  ((TSJ^2 + TIJ^2)^1/2 + DJ) / 2 + PE
    Total System Jitter     (TSJ):    0.071ns
    Total Input Jitter      (TIJ):    0.000ns
    Discrete Jitter          (DJ):    0.000ns
    Phase Error              (PE):    0.000ns

    Location             Delay type                Incr(ns)  Path(ns)    Netlist Resource(s)
  -------------------------------------------------------------------    -------------------
                         (clock ap_clk rise edge)     0.000     0.000 r  
                                                      0.000     0.000 r  ap_clk (IN)
                         net (fo=41, unset)           0.973     0.973    bd_0_i/hls_inst/inst/ap_clk
    SLICE_X34Y76         FDSE                                         r  bd_0_i/hls_inst/inst/ap_CS_fsm_reg[0]/C
  -------------------------------------------------------------------    -------------------
    SLICE_X34Y76         FDSE (Prop_fdse_C_Q)         0.518     1.491 r  bd_0_i/hls_inst/inst/ap_CS_fsm_reg[0]/Q
                         net (fo=44, routed)          1.759     3.250    bd_0_i/hls_inst/inst/flow_control_loop_pipe_U/ap_loop_init_reg_0[0]
    SLICE_X33Y76         LUT2 (Prop_lut2_I1_O)        0.124     3.374 r  bd_0_i/hls_inst/inst/flow_control_loop_pipe_U/b_ce1_INST_0/O
                         net (fo=1, routed)           0.968     4.342    bd_0_i/hls_inst/inst/flow_control_loop_pipe_U/b_ce1
    SLICE_X33Y73         LUT6 (Prop_lut6_I4_O)        0.124     4.466 r  bd_0_i/hls_inst/inst/flow_control_loop_pipe_U/indvar_flatten_fu_68[3]_i_1/O
                         net (fo=4, routed)           0.587     5.054    bd_0_i/hls_inst/inst/indvar_flatten_fu_68
    SLICE_X33Y73         FDRE                                         r  bd_0_i/hls_inst/inst/indvar_flatten_fu_68_reg[2]/CE
  -------------------------------------------------------------------    -------------------

                         (clock ap_clk rise edge)    10.000    10.000 r  
                                                      0.000    10.000 r  ap_clk (IN)
                         net (fo=41, unset)           0.924    10.924    bd_0_i/hls_inst/inst/ap_clk
    SLICE_X33Y73         FDRE                                         r  bd_0_i/hls_inst/inst/indvar_flatten_fu_68_reg[2]/C
                         clock pessimism              0.000    10.924    
                         clock uncertainty           -0.035    10.889    
    SLICE_X33Y73         FDRE (Setup_fdre_C_CE)      -0.205    10.684    bd_0_i/hls_inst/inst/indvar_flatten_fu_68_reg[2]
  -------------------------------------------------------------------
                         required time                         10.684    
                         arrival time                          -5.054    
  -------------------------------------------------------------------
                         slack                                  5.630    

Slack (MET) :             5.630ns  (required time - arrival time)
  Source:                 bd_0_i/hls_inst/inst/ap_CS_fsm_reg[0]/C
                            (rising edge-triggered cell FDSE clocked by ap_clk  {rise@0.000ns fall@5.000ns period=10.000ns})
  Destination:            bd_0_i/hls_inst/inst/indvar_flatten_fu_68_reg[3]/CE
                            (rising edge-triggered cell FDRE clocked by ap_clk  {rise@0.000ns fall@5.000ns period=10.000ns})
  Path Group:             ap_clk
  Path Type:              Setup (Max at Slow Process Corner)
  Requirement:            10.000ns  (ap_clk rise@10.000ns - ap_clk rise@0.000ns)
  Data Path Delay:        4.081ns  (logic 0.766ns (18.771%)  route 3.315ns (81.229%))
  Logic Levels:           2  (LUT2=1 LUT6=1)
  Clock Path Skew:        -0.049ns (DCD - SCD + CPR)
    Destination Clock Delay (DCD):    0.924ns = ( 10.924 - 10.000 ) 
    Source Clock Delay      (SCD):    0.973ns
    Clock Pessimism Removal (CPR):    0.000ns
  Clock Uncertainty:      0.035ns  ((TSJ^2 + TIJ^2)^1/2 + DJ) / 2 + PE
    Total System Jitter     (TSJ):    0.071ns
    Total Input Jitter      (TIJ):    0.000ns
    Discrete Jitter          (DJ):    0.000ns
    Phase Error              (PE):    0.000ns

    Location             Delay type                Incr(ns)  Path(ns)    Netlist Resource(s)
  -------------------------------------------------------------------    -------------------
                         (clock ap_clk rise edge)     0.000     0.000 r  
                                                      0.000     0.000 r  ap_clk (IN)
                         net (fo=41, unset)           0.973     0.973    bd_0_i/hls_inst/inst/ap_clk
    SLICE_X34Y76         FDSE                                         r  bd_0_i/hls_inst/inst/ap_CS_fsm_reg[0]/C
  -------------------------------------------------------------------    -------------------
    SLICE_X34Y76         FDSE (Prop_fdse_C_Q)         0.518     1.491 r  bd_0_i/hls_inst/inst/ap_CS_fsm_reg[0]/Q
                         net (fo=44, routed)          1.759     3.250    bd_0_i/hls_inst/inst/flow_control_loop_pipe_U/ap_loop_init_reg_0[0]
    SLICE_X33Y76         LUT2 (Prop_lut2_I1_O)        0.124     3.374 r  bd_0_i/hls_inst/inst/flow_control_loop_pipe_U/b_ce1_INST_0/O
                         net (fo=1, routed)           0.968     4.342    bd_0_i/hls_inst/inst/flow_control_loop_pipe_U/b_ce1
    SLICE_X33Y73         LUT6 (Prop_lut6_I4_O)        0.124     4.466 r  bd_0_i/hls_inst/inst/flow_control_loop_pipe_U/indvar_flatten_fu_68[3]_i_1/O
                         net (fo=4, routed)           0.587     5.054    bd_0_i/hls_inst/inst/indvar_flatten_fu_68
    SLICE_X33Y73         FDRE                                         r  bd_0_i/hls_inst/inst/indvar_flatten_fu_68_reg[3]/CE
  -------------------------------------------------------------------    -------------------

                         (clock ap_clk rise edge)    10.000    10.000 r  
                                                      0.000    10.000 r  ap_clk (IN)
                         net (fo=41, unset)           0.924    10.924    bd_0_i/hls_inst/inst/ap_clk
    SLICE_X33Y73         FDRE                                         r  bd_0_i/hls_inst/inst/indvar_flatten_fu_68_reg[3]/C
                         clock pessimism              0.000    10.924    
                         clock uncertainty           -0.035    10.889    
    SLICE_X33Y73         FDRE (Setup_fdre_C_CE)      -0.205    10.684    bd_0_i/hls_inst/inst/indvar_flatten_fu_68_reg[3]
  -------------------------------------------------------------------
                         required time                         10.684    
                         arrival time                          -5.054    
  -------------------------------------------------------------------
                         slack                                  5.630    

Slack (MET) :             6.348ns  (required time - arrival time)
  Source:                 bd_0_i/hls_inst/inst/ap_CS_fsm_reg[1]/C
                            (rising edge-triggered cell FDRE clocked by ap_clk  {rise@0.000ns fall@5.000ns period=10.000ns})
  Destination:            bd_0_i/hls_inst/inst/mac_muladd_8s_8s_16s_16_4_1_U2/matrixmul_mac_muladd_8s_8s_16s_16_4_1_DSP48_0_U/p_reg_reg/B[10]
                            (rising edge-triggered cell DSP48E1 clocked by ap_clk  {rise@0.000ns fall@5.000ns period=10.000ns})
  Path Group:             ap_clk
  Path Type:              Setup (Max at Slow Process Corner)
  Requirement:            10.000ns  (ap_clk rise@10.000ns - ap_clk rise@0.000ns)
  Data Path Delay:        2.894ns  (logic 0.668ns (23.083%)  route 2.226ns (76.917%))
  Logic Levels:           1  (LUT3=1)
  Clock Path Skew:        -0.049ns (DCD - SCD + CPR)
    Destination Clock Delay (DCD):    0.924ns = ( 10.924 - 10.000 ) 
    Source Clock Delay      (SCD):    0.973ns
    Clock Pessimism Removal (CPR):    0.000ns
  Clock Uncertainty:      0.035ns  ((TSJ^2 + TIJ^2)^1/2 + DJ) / 2 + PE
    Total System Jitter     (TSJ):    0.071ns
    Total Input Jitter      (TIJ):    0.000ns
    Discrete Jitter          (DJ):    0.000ns
    Phase Error              (PE):    0.000ns

    Location             Delay type                Incr(ns)  Path(ns)    Netlist Resource(s)
  -------------------------------------------------------------------    -------------------
                         (clock ap_clk rise edge)     0.000     0.000 r  
                                                      0.000     0.000 r  ap_clk (IN)
                         net (fo=41, unset)           0.973     0.973    bd_0_i/hls_inst/inst/ap_clk
    SLICE_X34Y76         FDRE                                         r  bd_0_i/hls_inst/inst/ap_CS_fsm_reg[1]/C
  -------------------------------------------------------------------    -------------------
    SLICE_X34Y76         FDRE (Prop_fdre_C_Q)         0.518     1.491 r  bd_0_i/hls_inst/inst/ap_CS_fsm_reg[1]/Q
                         net (fo=24, routed)          1.003     2.494    bd_0_i/hls_inst/inst/mac_muladd_8s_8s_16ns_16_4_1_U3/matrixmul_mac_muladd_8s_8s_16ns_16_4_1_DSP48_1_U/Q[1]
    SLICE_X36Y75         LUT3 (Prop_lut3_I1_O)        0.150     2.644 r  bd_0_i/hls_inst/inst/mac_muladd_8s_8s_16ns_16_4_1_U3/matrixmul_mac_muladd_8s_8s_16ns_16_4_1_DSP48_1_U/p_reg_reg_i_3/O
                         net (fo=22, routed)          1.223     3.867    bd_0_i/hls_inst/inst/mac_muladd_8s_8s_16s_16_4_1_U2/matrixmul_mac_muladd_8s_8s_16s_16_4_1_DSP48_0_U/B[7]
    DSP48_X2Y29          DSP48E1                                      r  bd_0_i/hls_inst/inst/mac_muladd_8s_8s_16s_16_4_1_U2/matrixmul_mac_muladd_8s_8s_16s_16_4_1_DSP48_0_U/p_reg_reg/B[10]
  -------------------------------------------------------------------    -------------------

                         (clock ap_clk rise edge)    10.000    10.000 r  
                                                      0.000    10.000 r  ap_clk (IN)
                         net (fo=41, unset)           0.924    10.924    bd_0_i/hls_inst/inst/mac_muladd_8s_8s_16s_16_4_1_U2/matrixmul_mac_muladd_8s_8s_16s_16_4_1_DSP48_0_U/ap_clk
    DSP48_X2Y29          DSP48E1                                      r  bd_0_i/hls_inst/inst/mac_muladd_8s_8s_16s_16_4_1_U2/matrixmul_mac_muladd_8s_8s_16s_16_4_1_DSP48_0_U/p_reg_reg/CLK
                         clock pessimism              0.000    10.924    
                         clock uncertainty           -0.035    10.889    
    DSP48_X2Y29          DSP48E1 (Setup_dsp48e1_CLK_B[10])
                                                     -0.674    10.215    bd_0_i/hls_inst/inst/mac_muladd_8s_8s_16s_16_4_1_U2/matrixmul_mac_muladd_8s_8s_16s_16_4_1_DSP48_0_U/p_reg_reg
  -------------------------------------------------------------------
                         required time                         10.215    
                         arrival time                          -3.867    
  -------------------------------------------------------------------
                         slack                                  6.348    

Slack (MET) :             6.348ns  (required time - arrival time)
  Source:                 bd_0_i/hls_inst/inst/ap_CS_fsm_reg[1]/C
                            (rising edge-triggered cell FDRE clocked by ap_clk  {rise@0.000ns fall@5.000ns period=10.000ns})
  Destination:            bd_0_i/hls_inst/inst/mac_muladd_8s_8s_16s_16_4_1_U2/matrixmul_mac_muladd_8s_8s_16s_16_4_1_DSP48_0_U/p_reg_reg/B[9]
                            (rising edge-triggered cell DSP48E1 clocked by ap_clk  {rise@0.000ns fall@5.000ns period=10.000ns})
  Path Group:             ap_clk
  Path Type:              Setup (Max at Slow Process Corner)
  Requirement:            10.000ns  (ap_clk rise@10.000ns - ap_clk rise@0.000ns)
  Data Path Delay:        2.894ns  (logic 0.668ns (23.083%)  route 2.226ns (76.917%))
  Logic Levels:           1  (LUT3=1)
  Clock Path Skew:        -0.049ns (DCD - SCD + CPR)
    Destination Clock Delay (DCD):    0.924ns = ( 10.924 - 10.000 ) 
    Source Clock Delay      (SCD):    0.973ns
    Clock Pessimism Removal (CPR):    0.000ns
  Clock Uncertainty:      0.035ns  ((TSJ^2 + TIJ^2)^1/2 + DJ) / 2 + PE
    Total System Jitter     (TSJ):    0.071ns
    Total Input Jitter      (TIJ):    0.000ns
    Discrete Jitter          (DJ):    0.000ns
    Phase Error              (PE):    0.000ns

    Location             Delay type                Incr(ns)  Path(ns)    Netlist Resource(s)
  -------------------------------------------------------------------    -------------------
                         (clock ap_clk rise edge)     0.000     0.000 r  
                                                      0.000     0.000 r  ap_clk (IN)
                         net (fo=41, unset)           0.973     0.973    bd_0_i/hls_inst/inst/ap_clk
    SLICE_X34Y76         FDRE                                         r  bd_0_i/hls_inst/inst/ap_CS_fsm_reg[1]/C
  -------------------------------------------------------------------    -------------------
    SLICE_X34Y76         FDRE (Prop_fdre_C_Q)         0.518     1.491 r  bd_0_i/hls_inst/inst/ap_CS_fsm_reg[1]/Q
                         net (fo=24, routed)          1.003     2.494    bd_0_i/hls_inst/inst/mac_muladd_8s_8s_16ns_16_4_1_U3/matrixmul_mac_muladd_8s_8s_16ns_16_4_1_DSP48_1_U/Q[1]
    SLICE_X36Y75         LUT3 (Prop_lut3_I1_O)        0.150     2.644 r  bd_0_i/hls_inst/inst/mac_muladd_8s_8s_16ns_16_4_1_U3/matrixmul_mac_muladd_8s_8s_16ns_16_4_1_DSP48_1_U/p_reg_reg_i_3/O
                         net (fo=22, routed)          1.223     3.867    bd_0_i/hls_inst/inst/mac_muladd_8s_8s_16s_16_4_1_U2/matrixmul_mac_muladd_8s_8s_16s_16_4_1_DSP48_0_U/B[7]
    DSP48_X2Y29          DSP48E1                                      r  bd_0_i/hls_inst/inst/mac_muladd_8s_8s_16s_16_4_1_U2/matrixmul_mac_muladd_8s_8s_16s_16_4_1_DSP48_0_U/p_reg_reg/B[9]
  -------------------------------------------------------------------    -------------------

                         (clock ap_clk rise edge)    10.000    10.000 r  
                                                      0.000    10.000 r  ap_clk (IN)
                         net (fo=41, unset)           0.924    10.924    bd_0_i/hls_inst/inst/mac_muladd_8s_8s_16s_16_4_1_U2/matrixmul_mac_muladd_8s_8s_16s_16_4_1_DSP48_0_U/ap_clk
    DSP48_X2Y29          DSP48E1                                      r  bd_0_i/hls_inst/inst/mac_muladd_8s_8s_16s_16_4_1_U2/matrixmul_mac_muladd_8s_8s_16s_16_4_1_DSP48_0_U/p_reg_reg/CLK
                         clock pessimism              0.000    10.924    
                         clock uncertainty           -0.035    10.889    
    DSP48_X2Y29          DSP48E1 (Setup_dsp48e1_CLK_B[9])
                                                     -0.674    10.215    bd_0_i/hls_inst/inst/mac_muladd_8s_8s_16s_16_4_1_U2/matrixmul_mac_muladd_8s_8s_16s_16_4_1_DSP48_0_U/p_reg_reg
  -------------------------------------------------------------------
                         required time                         10.215    
                         arrival time                          -3.867    
  -------------------------------------------------------------------
                         slack                                  6.348    

Slack (MET) :             6.355ns  (required time - arrival time)
  Source:                 bd_0_i/hls_inst/inst/ap_CS_fsm_reg[0]/C
                            (rising edge-triggered cell FDSE clocked by ap_clk  {rise@0.000ns fall@5.000ns period=10.000ns})
  Destination:            bd_0_i/hls_inst/inst/ap_enable_reg_pp0_iter1_reg/D
                            (rising edge-triggered cell FDRE clocked by ap_clk  {rise@0.000ns fall@5.000ns period=10.000ns})
  Path Group:             ap_clk
  Path Type:              Setup (Max at Slow Process Corner)
  Requirement:            10.000ns  (ap_clk rise@10.000ns - ap_clk rise@0.000ns)
  Data Path Delay:        3.590ns  (logic 0.998ns (27.803%)  route 2.592ns (72.197%))
  Logic Levels:           2  (LUT3=1 LUT5=1)
  Clock Path Skew:        -0.049ns (DCD - SCD + CPR)
    Destination Clock Delay (DCD):    0.924ns = ( 10.924 - 10.000 ) 
    Source Clock Delay      (SCD):    0.973ns
    Clock Pessimism Removal (CPR):    0.000ns
  Clock Uncertainty:      0.035ns  ((TSJ^2 + TIJ^2)^1/2 + DJ) / 2 + PE
    Total System Jitter     (TSJ):    0.071ns
    Total Input Jitter      (TIJ):    0.000ns
    Discrete Jitter          (DJ):    0.000ns
    Phase Error              (PE):    0.000ns

    Location             Delay type                Incr(ns)  Path(ns)    Netlist Resource(s)
  -------------------------------------------------------------------    -------------------
                         (clock ap_clk rise edge)     0.000     0.000 r  
                                                      0.000     0.000 r  ap_clk (IN)
                         net (fo=41, unset)           0.973     0.973    bd_0_i/hls_inst/inst/ap_clk
    SLICE_X34Y76         FDSE                                         r  bd_0_i/hls_inst/inst/ap_CS_fsm_reg[0]/C
  -------------------------------------------------------------------    -------------------
    SLICE_X34Y76         FDSE (Prop_fdse_C_Q)         0.518     1.491 r  bd_0_i/hls_inst/inst/ap_CS_fsm_reg[0]/Q
                         net (fo=44, routed)          1.759     3.250    bd_0_i/hls_inst/inst/flow_control_loop_pipe_U/ap_loop_init_reg_0[0]
    SLICE_X33Y76         LUT3 (Prop_lut3_I1_O)        0.153     3.403 r  bd_0_i/hls_inst/inst/flow_control_loop_pipe_U/ap_enable_reg_pp0_iter0_reg_i_1/O
                         net (fo=4, routed)           0.832     4.236    bd_0_i/hls_inst/inst/ap_enable_reg_pp0_iter0
    SLICE_X35Y76         LUT5 (Prop_lut5_I3_O)        0.327     4.563 r  bd_0_i/hls_inst/inst/ap_enable_reg_pp0_iter1_i_1/O
                         net (fo=1, routed)           0.000     4.563    bd_0_i/hls_inst/inst/ap_enable_reg_pp0_iter1_i_1_n_2
    SLICE_X35Y76         FDRE                                         r  bd_0_i/hls_inst/inst/ap_enable_reg_pp0_iter1_reg/D
  -------------------------------------------------------------------    -------------------

                         (clock ap_clk rise edge)    10.000    10.000 r  
                                                      0.000    10.000 r  ap_clk (IN)
                         net (fo=41, unset)           0.924    10.924    bd_0_i/hls_inst/inst/ap_clk
    SLICE_X35Y76         FDRE                                         r  bd_0_i/hls_inst/inst/ap_enable_reg_pp0_iter1_reg/C
                         clock pessimism              0.000    10.924    
                         clock uncertainty           -0.035    10.889    
    SLICE_X35Y76         FDRE (Setup_fdre_C_D)        0.029    10.918    bd_0_i/hls_inst/inst/ap_enable_reg_pp0_iter1_reg
  -------------------------------------------------------------------
                         required time                         10.918    
                         arrival time                          -4.563    
  -------------------------------------------------------------------
                         slack                                  6.355    

Slack (MET) :             6.409ns  (required time - arrival time)
  Source:                 bd_0_i/hls_inst/inst/ap_CS_fsm_reg[1]/C
                            (rising edge-triggered cell FDRE clocked by ap_clk  {rise@0.000ns fall@5.000ns period=10.000ns})
  Destination:            bd_0_i/hls_inst/inst/mac_muladd_8s_8s_16s_16_4_1_U2/matrixmul_mac_muladd_8s_8s_16s_16_4_1_DSP48_0_U/p_reg_reg/B[7]
                            (rising edge-triggered cell DSP48E1 clocked by ap_clk  {rise@0.000ns fall@5.000ns period=10.000ns})
  Path Group:             ap_clk
  Path Type:              Setup (Max at Slow Process Corner)
  Requirement:            10.000ns  (ap_clk rise@10.000ns - ap_clk rise@0.000ns)
  Data Path Delay:        2.833ns  (logic 0.668ns (23.579%)  route 2.165ns (76.421%))
  Logic Levels:           1  (LUT3=1)
  Clock Path Skew:        -0.049ns (DCD - SCD + CPR)
    Destination Clock Delay (DCD):    0.924ns = ( 10.924 - 10.000 ) 
    Source Clock Delay      (SCD):    0.973ns
    Clock Pessimism Removal (CPR):    0.000ns
  Clock Uncertainty:      0.035ns  ((TSJ^2 + TIJ^2)^1/2 + DJ) / 2 + PE
    Total System Jitter     (TSJ):    0.071ns
    Total Input Jitter      (TIJ):    0.000ns
    Discrete Jitter          (DJ):    0.000ns
    Phase Error              (PE):    0.000ns

    Location             Delay type                Incr(ns)  Path(ns)    Netlist Resource(s)
  -------------------------------------------------------------------    -------------------
                         (clock ap_clk rise edge)     0.000     0.000 r  
                                                      0.000     0.000 r  ap_clk (IN)
                         net (fo=41, unset)           0.973     0.973    bd_0_i/hls_inst/inst/ap_clk
    SLICE_X34Y76         FDRE                                         r  bd_0_i/hls_inst/inst/ap_CS_fsm_reg[1]/C
  -------------------------------------------------------------------    -------------------
    SLICE_X34Y76         FDRE (Prop_fdre_C_Q)         0.518     1.491 r  bd_0_i/hls_inst/inst/ap_CS_fsm_reg[1]/Q
                         net (fo=24, routed)          1.003     2.494    bd_0_i/hls_inst/inst/mac_muladd_8s_8s_16ns_16_4_1_U3/matrixmul_mac_muladd_8s_8s_16ns_16_4_1_DSP48_1_U/Q[1]
    SLICE_X36Y75         LUT3 (Prop_lut3_I1_O)        0.150     2.644 r  bd_0_i/hls_inst/inst/mac_muladd_8s_8s_16ns_16_4_1_U3/matrixmul_mac_muladd_8s_8s_16ns_16_4_1_DSP48_1_U/p_reg_reg_i_3/O
                         net (fo=22, routed)          1.162     3.806    bd_0_i/hls_inst/inst/mac_muladd_8s_8s_16s_16_4_1_U2/matrixmul_mac_muladd_8s_8s_16s_16_4_1_DSP48_0_U/B[7]
    DSP48_X2Y29          DSP48E1                                      r  bd_0_i/hls_inst/inst/mac_muladd_8s_8s_16s_16_4_1_U2/matrixmul_mac_muladd_8s_8s_16s_16_4_1_DSP48_0_U/p_reg_reg/B[7]
  -------------------------------------------------------------------    -------------------

                         (clock ap_clk rise edge)    10.000    10.000 r  
                                                      0.000    10.000 r  ap_clk (IN)
                         net (fo=41, unset)           0.924    10.924    bd_0_i/hls_inst/inst/mac_muladd_8s_8s_16s_16_4_1_U2/matrixmul_mac_muladd_8s_8s_16s_16_4_1_DSP48_0_U/ap_clk
    DSP48_X2Y29          DSP48E1                                      r  bd_0_i/hls_inst/inst/mac_muladd_8s_8s_16s_16_4_1_U2/matrixmul_mac_muladd_8s_8s_16s_16_4_1_DSP48_0_U/p_reg_reg/CLK
                         clock pessimism              0.000    10.924    
                         clock uncertainty           -0.035    10.889    
    DSP48_X2Y29          DSP48E1 (Setup_dsp48e1_CLK_B[7])
                                                     -0.674    10.215    bd_0_i/hls_inst/inst/mac_muladd_8s_8s_16s_16_4_1_U2/matrixmul_mac_muladd_8s_8s_16s_16_4_1_DSP48_0_U/p_reg_reg
  -------------------------------------------------------------------
                         required time                         10.215    
                         arrival time                          -3.806    
  -------------------------------------------------------------------
                         slack                                  6.409    

Slack (MET) :             6.411ns  (required time - arrival time)
  Source:                 bd_0_i/hls_inst/inst/ap_CS_fsm_reg[0]/C
                            (rising edge-triggered cell FDSE clocked by ap_clk  {rise@0.000ns fall@5.000ns period=10.000ns})
  Destination:            bd_0_i/hls_inst/inst/mac_muladd_8s_8s_16ns_16_4_1_U3/matrixmul_mac_muladd_8s_8s_16ns_16_4_1_DSP48_1_U/p_reg_reg/A[11]
                            (rising edge-triggered cell DSP48E1 clocked by ap_clk  {rise@0.000ns fall@5.000ns period=10.000ns})
  Path Group:             ap_clk
  Path Type:              Setup (Max at Slow Process Corner)
  Requirement:            10.000ns  (ap_clk rise@10.000ns - ap_clk rise@0.000ns)
  Data Path Delay:        3.143ns  (logic 0.642ns (20.424%)  route 2.501ns (79.576%))
  Logic Levels:           1  (LUT4=1)
  Clock Path Skew:        -0.049ns (DCD - SCD + CPR)
    Destination Clock Delay (DCD):    0.924ns = ( 10.924 - 10.000 ) 
    Source Clock Delay      (SCD):    0.973ns
    Clock Pessimism Removal (CPR):    0.000ns
  Clock Uncertainty:      0.035ns  ((TSJ^2 + TIJ^2)^1/2 + DJ) / 2 + PE
    Total System Jitter     (TSJ):    0.071ns
    Total Input Jitter      (TIJ):    0.000ns
    Discrete Jitter          (DJ):    0.000ns
    Phase Error              (PE):    0.000ns

    Location             Delay type                Incr(ns)  Path(ns)    Netlist Resource(s)
  -------------------------------------------------------------------    -------------------
                         (clock ap_clk rise edge)     0.000     0.000 r  
                                                      0.000     0.000 r  ap_clk (IN)
                         net (fo=41, unset)           0.973     0.973    bd_0_i/hls_inst/inst/ap_clk
    SLICE_X34Y76         FDSE                                         r  bd_0_i/hls_inst/inst/ap_CS_fsm_reg[0]/C
  -------------------------------------------------------------------    -------------------
    SLICE_X34Y76         FDSE (Prop_fdse_C_Q)         0.518     1.491 r  bd_0_i/hls_inst/inst/ap_CS_fsm_reg[0]/Q
                         net (fo=44, routed)          1.242     2.733    bd_0_i/hls_inst/inst/mac_muladd_8s_8s_16ns_16_4_1_U3/matrixmul_mac_muladd_8s_8s_16ns_16_4_1_DSP48_1_U/Q[0]
    SLICE_X35Y74         LUT4 (Prop_lut4_I2_O)        0.124     2.857 r  bd_0_i/hls_inst/inst/mac_muladd_8s_8s_16ns_16_4_1_U3/matrixmul_mac_muladd_8s_8s_16ns_16_4_1_DSP48_1_U/p_reg_reg_i_11/O
                         net (fo=46, routed)          1.260     4.116    bd_0_i/hls_inst/inst/mac_muladd_8s_8s_16ns_16_4_1_U3/matrixmul_mac_muladd_8s_8s_16ns_16_4_1_DSP48_1_U/A[7]
    DSP48_X2Y30          DSP48E1                                      r  bd_0_i/hls_inst/inst/mac_muladd_8s_8s_16ns_16_4_1_U3/matrixmul_mac_muladd_8s_8s_16ns_16_4_1_DSP48_1_U/p_reg_reg/A[11]
  -------------------------------------------------------------------    -------------------

                         (clock ap_clk rise edge)    10.000    10.000 r  
                                                      0.000    10.000 r  ap_clk (IN)
                         net (fo=41, unset)           0.924    10.924    bd_0_i/hls_inst/inst/mac_muladd_8s_8s_16ns_16_4_1_U3/matrixmul_mac_muladd_8s_8s_16ns_16_4_1_DSP48_1_U/ap_clk
    DSP48_X2Y30          DSP48E1                                      r  bd_0_i/hls_inst/inst/mac_muladd_8s_8s_16ns_16_4_1_U3/matrixmul_mac_muladd_8s_8s_16ns_16_4_1_DSP48_1_U/p_reg_reg/CLK
                         clock pessimism              0.000    10.924    
                         clock uncertainty           -0.035    10.889    
    DSP48_X2Y30          DSP48E1 (Setup_dsp48e1_CLK_A[11])
                                                     -0.362    10.527    bd_0_i/hls_inst/inst/mac_muladd_8s_8s_16ns_16_4_1_U3/matrixmul_mac_muladd_8s_8s_16ns_16_4_1_DSP48_1_U/p_reg_reg
  -------------------------------------------------------------------
                         required time                         10.527    
                         arrival time                          -4.116    
  -------------------------------------------------------------------
                         slack                                  6.411    

Slack (MET) :             6.447ns  (required time - arrival time)
  Source:                 bd_0_i/hls_inst/inst/ap_CS_fsm_reg[0]/C
                            (rising edge-triggered cell FDSE clocked by ap_clk  {rise@0.000ns fall@5.000ns period=10.000ns})
  Destination:            bd_0_i/hls_inst/inst/indvar_flatten_fu_68_reg[2]/D
                            (rising edge-triggered cell FDRE clocked by ap_clk  {rise@0.000ns fall@5.000ns period=10.000ns})
  Path Group:             ap_clk
  Path Type:              Setup (Max at Slow Process Corner)
  Requirement:            10.000ns  (ap_clk rise@10.000ns - ap_clk rise@0.000ns)
  Data Path Delay:        3.183ns  (logic 0.792ns (24.884%)  route 2.391ns (75.116%))
  Logic Levels:           2  (LUT3=1 LUT4=1)
  Clock Path Skew:        -0.049ns (DCD - SCD + CPR)
    Destination Clock Delay (DCD):    0.924ns = ( 10.924 - 10.000 ) 
    Source Clock Delay      (SCD):    0.973ns
    Clock Pessimism Removal (CPR):    0.000ns
  Clock Uncertainty:      0.035ns  ((TSJ^2 + TIJ^2)^1/2 + DJ) / 2 + PE
    Total System Jitter     (TSJ):    0.071ns
    Total Input Jitter      (TIJ):    0.000ns
    Discrete Jitter          (DJ):    0.000ns
    Phase Error              (PE):    0.000ns

    Location             Delay type                Incr(ns)  Path(ns)    Netlist Resource(s)
  -------------------------------------------------------------------    -------------------
                         (clock ap_clk rise edge)     0.000     0.000 r  
                                                      0.000     0.000 r  ap_clk (IN)
                         net (fo=41, unset)           0.973     0.973    bd_0_i/hls_inst/inst/ap_clk
    SLICE_X34Y76         FDSE                                         r  bd_0_i/hls_inst/inst/ap_CS_fsm_reg[0]/C
  -------------------------------------------------------------------    -------------------
    SLICE_X34Y76         FDSE (Prop_fdse_C_Q)         0.518     1.491 f  bd_0_i/hls_inst/inst/ap_CS_fsm_reg[0]/Q
                         net (fo=44, routed)          1.033     2.524    bd_0_i/hls_inst/inst/flow_control_loop_pipe_U/ap_loop_init_reg_0[0]
    SLICE_X35Y73         LUT3 (Prop_lut3_I1_O)        0.124     2.648 r  bd_0_i/hls_inst/inst/flow_control_loop_pipe_U/indvar_flatten_fu_68[3]_i_3/O
                         net (fo=6, routed)           0.732     3.380    bd_0_i/hls_inst/inst/flow_control_loop_pipe_U/indvar_flatten_fu_68[3]_i_3_n_2
    SLICE_X34Y73         LUT4 (Prop_lut4_I1_O)        0.150     3.530 r  bd_0_i/hls_inst/inst/flow_control_loop_pipe_U/indvar_flatten_fu_68[2]_i_1/O
                         net (fo=1, routed)           0.625     4.156    bd_0_i/hls_inst/inst/flow_control_loop_pipe_U_n_5
    SLICE_X33Y73         FDRE                                         r  bd_0_i/hls_inst/inst/indvar_flatten_fu_68_reg[2]/D
  -------------------------------------------------------------------    -------------------

                         (clock ap_clk rise edge)    10.000    10.000 r  
                                                      0.000    10.000 r  ap_clk (IN)
                         net (fo=41, unset)           0.924    10.924    bd_0_i/hls_inst/inst/ap_clk
    SLICE_X33Y73         FDRE                                         r  bd_0_i/hls_inst/inst/indvar_flatten_fu_68_reg[2]/C
                         clock pessimism              0.000    10.924    
                         clock uncertainty           -0.035    10.889    
    SLICE_X33Y73         FDRE (Setup_fdre_C_D)       -0.286    10.603    bd_0_i/hls_inst/inst/indvar_flatten_fu_68_reg[2]
  -------------------------------------------------------------------
                         required time                         10.603    
                         arrival time                          -4.156    
  -------------------------------------------------------------------
                         slack                                  6.447    





Min Delay Paths
--------------------------------------------------------------------------------------
Slack (MET) :             0.157ns  (arrival time - required time)
  Source:                 bd_0_i/hls_inst/inst/add_ln41_reg_514_reg[3]/C
                            (rising edge-triggered cell FDRE clocked by ap_clk  {rise@0.000ns fall@5.000ns period=10.000ns})
  Destination:            bd_0_i/hls_inst/inst/add_ln41_reg_514_pp0_iter2_reg_reg[3]/D
                            (rising edge-triggered cell FDRE clocked by ap_clk  {rise@0.000ns fall@5.000ns period=10.000ns})
  Path Group:             ap_clk
  Path Type:              Hold (Min at Fast Process Corner)
  Requirement:            0.000ns  (ap_clk rise@0.000ns - ap_clk rise@0.000ns)
  Data Path Delay:        0.187ns  (logic 0.128ns (68.397%)  route 0.059ns (31.603%))
  Logic Levels:           0  
  Clock Path Skew:        0.022ns (DCD - SCD - CPR)
    Destination Clock Delay (DCD):    0.432ns
    Source Clock Delay      (SCD):    0.410ns
    Clock Pessimism Removal (CPR):    -0.000ns

    Location             Delay type                Incr(ns)  Path(ns)    Netlist Resource(s)
  -------------------------------------------------------------------    -------------------
                         (clock ap_clk rise edge)     0.000     0.000 r  
                                                      0.000     0.000 r  ap_clk (IN)
                         net (fo=41, unset)           0.410     0.410    bd_0_i/hls_inst/inst/ap_clk
    SLICE_X35Y73         FDRE                                         r  bd_0_i/hls_inst/inst/add_ln41_reg_514_reg[3]/C
  -------------------------------------------------------------------    -------------------
    SLICE_X35Y73         FDRE (Prop_fdre_C_Q)         0.128     0.538 r  bd_0_i/hls_inst/inst/add_ln41_reg_514_reg[3]/Q
                         net (fo=1, routed)           0.059     0.597    bd_0_i/hls_inst/inst/add_ln41_reg_514[3]
    SLICE_X34Y73         FDRE                                         r  bd_0_i/hls_inst/inst/add_ln41_reg_514_pp0_iter2_reg_reg[3]/D
  -------------------------------------------------------------------    -------------------

                         (clock ap_clk rise edge)     0.000     0.000 r  
                                                      0.000     0.000 r  ap_clk (IN)
                         net (fo=41, unset)           0.432     0.432    bd_0_i/hls_inst/inst/ap_clk
    SLICE_X34Y73         FDRE                                         r  bd_0_i/hls_inst/inst/add_ln41_reg_514_pp0_iter2_reg_reg[3]/C
                         clock pessimism              0.000     0.432    
    SLICE_X34Y73         FDRE (Hold_fdre_C_D)         0.009     0.441    bd_0_i/hls_inst/inst/add_ln41_reg_514_pp0_iter2_reg_reg[3]
  -------------------------------------------------------------------
                         required time                         -0.441    
                         arrival time                           0.597    
  -------------------------------------------------------------------
                         slack                                  0.157    

Slack (MET) :             0.166ns  (arrival time - required time)
  Source:                 bd_0_i/hls_inst/inst/add_ln41_reg_514_reg[1]/C
                            (rising edge-triggered cell FDRE clocked by ap_clk  {rise@0.000ns fall@5.000ns period=10.000ns})
  Destination:            bd_0_i/hls_inst/inst/add_ln41_reg_514_pp0_iter2_reg_reg[1]/D
                            (rising edge-triggered cell FDRE clocked by ap_clk  {rise@0.000ns fall@5.000ns period=10.000ns})
  Path Group:             ap_clk
  Path Type:              Hold (Min at Fast Process Corner)
  Requirement:            0.000ns  (ap_clk rise@0.000ns - ap_clk rise@0.000ns)
  Data Path Delay:        0.257ns  (logic 0.141ns (54.828%)  route 0.116ns (45.172%))
  Logic Levels:           0  
  Clock Path Skew:        0.022ns (DCD - SCD - CPR)
    Destination Clock Delay (DCD):    0.432ns
    Source Clock Delay      (SCD):    0.410ns
    Clock Pessimism Removal (CPR):    -0.000ns

    Location             Delay type                Incr(ns)  Path(ns)    Netlist Resource(s)
  -------------------------------------------------------------------    -------------------
                         (clock ap_clk rise edge)     0.000     0.000 r  
                                                      0.000     0.000 r  ap_clk (IN)
                         net (fo=41, unset)           0.410     0.410    bd_0_i/hls_inst/inst/ap_clk
    SLICE_X35Y73         FDRE                                         r  bd_0_i/hls_inst/inst/add_ln41_reg_514_reg[1]/C
  -------------------------------------------------------------------    -------------------
    SLICE_X35Y73         FDRE (Prop_fdre_C_Q)         0.141     0.551 r  bd_0_i/hls_inst/inst/add_ln41_reg_514_reg[1]/Q
                         net (fo=1, routed)           0.116     0.667    bd_0_i/hls_inst/inst/add_ln41_reg_514[1]
    SLICE_X35Y73         FDRE                                         r  bd_0_i/hls_inst/inst/add_ln41_reg_514_pp0_iter2_reg_reg[1]/D
  -------------------------------------------------------------------    -------------------

                         (clock ap_clk rise edge)     0.000     0.000 r  
                                                      0.000     0.000 r  ap_clk (IN)
                         net (fo=41, unset)           0.432     0.432    bd_0_i/hls_inst/inst/ap_clk
    SLICE_X35Y73         FDRE                                         r  bd_0_i/hls_inst/inst/add_ln41_reg_514_pp0_iter2_reg_reg[1]/C
                         clock pessimism              0.000     0.432    
    SLICE_X35Y73         FDRE (Hold_fdre_C_D)         0.070     0.502    bd_0_i/hls_inst/inst/add_ln41_reg_514_pp0_iter2_reg_reg[1]
  -------------------------------------------------------------------
                         required time                         -0.502    
                         arrival time                           0.667    
  -------------------------------------------------------------------
                         slack                                  0.166    

Slack (MET) :             0.177ns  (arrival time - required time)
  Source:                 bd_0_i/hls_inst/inst/add_ln41_reg_514_reg[0]/C
                            (rising edge-triggered cell FDRE clocked by ap_clk  {rise@0.000ns fall@5.000ns period=10.000ns})
  Destination:            bd_0_i/hls_inst/inst/add_ln41_reg_514_pp0_iter2_reg_reg[0]/D
                            (rising edge-triggered cell FDRE clocked by ap_clk  {rise@0.000ns fall@5.000ns period=10.000ns})
  Path Group:             ap_clk
  Path Type:              Hold (Min at Fast Process Corner)
  Requirement:            0.000ns  (ap_clk rise@0.000ns - ap_clk rise@0.000ns)
  Data Path Delay:        0.257ns  (logic 0.141ns (54.828%)  route 0.116ns (45.172%))
  Logic Levels:           0  
  Clock Path Skew:        0.022ns (DCD - SCD - CPR)
    Destination Clock Delay (DCD):    0.432ns
    Source Clock Delay      (SCD):    0.410ns
    Clock Pessimism Removal (CPR):    -0.000ns

    Location             Delay type                Incr(ns)  Path(ns)    Netlist Resource(s)
  -------------------------------------------------------------------    -------------------
                         (clock ap_clk rise edge)     0.000     0.000 r  
                                                      0.000     0.000 r  ap_clk (IN)
                         net (fo=41, unset)           0.410     0.410    bd_0_i/hls_inst/inst/ap_clk
    SLICE_X35Y73         FDRE                                         r  bd_0_i/hls_inst/inst/add_ln41_reg_514_reg[0]/C
  -------------------------------------------------------------------    -------------------
    SLICE_X35Y73         FDRE (Prop_fdre_C_Q)         0.141     0.551 r  bd_0_i/hls_inst/inst/add_ln41_reg_514_reg[0]/Q
                         net (fo=1, routed)           0.116     0.667    bd_0_i/hls_inst/inst/add_ln41_reg_514[0]
    SLICE_X34Y73         FDRE                                         r  bd_0_i/hls_inst/inst/add_ln41_reg_514_pp0_iter2_reg_reg[0]/D
  -------------------------------------------------------------------    -------------------

                         (clock ap_clk rise edge)     0.000     0.000 r  
                                                      0.000     0.000 r  ap_clk (IN)
                         net (fo=41, unset)           0.432     0.432    bd_0_i/hls_inst/inst/ap_clk
    SLICE_X34Y73         FDRE                                         r  bd_0_i/hls_inst/inst/add_ln41_reg_514_pp0_iter2_reg_reg[0]/C
                         clock pessimism              0.000     0.432    
    SLICE_X34Y73         FDRE (Hold_fdre_C_D)         0.059     0.491    bd_0_i/hls_inst/inst/add_ln41_reg_514_pp0_iter2_reg_reg[0]
  -------------------------------------------------------------------
                         required time                         -0.491    
                         arrival time                           0.667    
  -------------------------------------------------------------------
                         slack                                  0.177    

Slack (MET) :             0.206ns  (arrival time - required time)
  Source:                 bd_0_i/hls_inst/inst/icmp_ln39_reg_450_reg[0]/C
                            (rising edge-triggered cell FDRE clocked by ap_clk  {rise@0.000ns fall@5.000ns period=10.000ns})
  Destination:            bd_0_i/hls_inst/inst/select_ln37_2_reg_479_reg[2]/D
                            (rising edge-triggered cell FDRE clocked by ap_clk  {rise@0.000ns fall@5.000ns period=10.000ns})
  Path Group:             ap_clk
  Path Type:              Hold (Min at Fast Process Corner)
  Requirement:            0.000ns  (ap_clk rise@0.000ns - ap_clk rise@0.000ns)
  Data Path Delay:        0.348ns  (logic 0.186ns (53.391%)  route 0.162ns (46.609%))
  Logic Levels:           1  (LUT5=1)
  Clock Path Skew:        0.022ns (DCD - SCD - CPR)
    Destination Clock Delay (DCD):    0.432ns
    Source Clock Delay      (SCD):    0.410ns
    Clock Pessimism Removal (CPR):    -0.000ns

    Location             Delay type                Incr(ns)  Path(ns)    Netlist Resource(s)
  -------------------------------------------------------------------    -------------------
                         (clock ap_clk rise edge)     0.000     0.000 r  
                                                      0.000     0.000 r  ap_clk (IN)
                         net (fo=41, unset)           0.410     0.410    bd_0_i/hls_inst/inst/ap_clk
    SLICE_X35Y74         FDRE                                         r  bd_0_i/hls_inst/inst/icmp_ln39_reg_450_reg[0]/C
  -------------------------------------------------------------------    -------------------
    SLICE_X35Y74         FDRE (Prop_fdre_C_Q)         0.141     0.551 r  bd_0_i/hls_inst/inst/icmp_ln39_reg_450_reg[0]/Q
                         net (fo=11, routed)          0.162     0.714    bd_0_i/hls_inst/inst/icmp_ln39_reg_450
    SLICE_X34Y74         LUT5 (Prop_lut5_I3_O)        0.045     0.759 r  bd_0_i/hls_inst/inst/select_ln37_2_reg_479[2]_i_1/O
                         net (fo=1, routed)           0.000     0.759    bd_0_i/hls_inst/inst/select_ln37_2_fu_274_p3[2]
    SLICE_X34Y74         FDRE                                         r  bd_0_i/hls_inst/inst/select_ln37_2_reg_479_reg[2]/D
  -------------------------------------------------------------------    -------------------

                         (clock ap_clk rise edge)     0.000     0.000 r  
                                                      0.000     0.000 r  ap_clk (IN)
                         net (fo=41, unset)           0.432     0.432    bd_0_i/hls_inst/inst/ap_clk
    SLICE_X34Y74         FDRE                                         r  bd_0_i/hls_inst/inst/select_ln37_2_reg_479_reg[2]/C
                         clock pessimism              0.000     0.432    
    SLICE_X34Y74         FDRE (Hold_fdre_C_D)         0.121     0.553    bd_0_i/hls_inst/inst/select_ln37_2_reg_479_reg[2]
  -------------------------------------------------------------------
                         required time                         -0.553    
                         arrival time                           0.759    
  -------------------------------------------------------------------
                         slack                                  0.206    

Slack (MET) :             0.207ns  (arrival time - required time)
  Source:                 bd_0_i/hls_inst/inst/add_ln41_reg_514_reg[2]/C
                            (rising edge-triggered cell FDRE clocked by ap_clk  {rise@0.000ns fall@5.000ns period=10.000ns})
  Destination:            bd_0_i/hls_inst/inst/add_ln41_reg_514_pp0_iter2_reg_reg[2]/D
                            (rising edge-triggered cell FDRE clocked by ap_clk  {rise@0.000ns fall@5.000ns period=10.000ns})
  Path Group:             ap_clk
  Path Type:              Hold (Min at Fast Process Corner)
  Requirement:            0.000ns  (ap_clk rise@0.000ns - ap_clk rise@0.000ns)
  Data Path Delay:        0.248ns  (logic 0.128ns (51.710%)  route 0.120ns (48.290%))
  Logic Levels:           0  
  Clock Path Skew:        0.022ns (DCD - SCD - CPR)
    Destination Clock Delay (DCD):    0.432ns
    Source Clock Delay      (SCD):    0.410ns
    Clock Pessimism Removal (CPR):    -0.000ns

    Location             Delay type                Incr(ns)  Path(ns)    Netlist Resource(s)
  -------------------------------------------------------------------    -------------------
                         (clock ap_clk rise edge)     0.000     0.000 r  
                                                      0.000     0.000 r  ap_clk (IN)
                         net (fo=41, unset)           0.410     0.410    bd_0_i/hls_inst/inst/ap_clk
    SLICE_X35Y73         FDRE                                         r  bd_0_i/hls_inst/inst/add_ln41_reg_514_reg[2]/C
  -------------------------------------------------------------------    -------------------
    SLICE_X35Y73         FDRE (Prop_fdre_C_Q)         0.128     0.538 r  bd_0_i/hls_inst/inst/add_ln41_reg_514_reg[2]/Q
                         net (fo=1, routed)           0.120     0.658    bd_0_i/hls_inst/inst/add_ln41_reg_514[2]
    SLICE_X35Y73         FDRE                                         r  bd_0_i/hls_inst/inst/add_ln41_reg_514_pp0_iter2_reg_reg[2]/D
  -------------------------------------------------------------------    -------------------

                         (clock ap_clk rise edge)     0.000     0.000 r  
                                                      0.000     0.000 r  ap_clk (IN)
                         net (fo=41, unset)           0.432     0.432    bd_0_i/hls_inst/inst/ap_clk
    SLICE_X35Y73         FDRE                                         r  bd_0_i/hls_inst/inst/add_ln41_reg_514_pp0_iter2_reg_reg[2]/C
                         clock pessimism              0.000     0.432    
    SLICE_X35Y73         FDRE (Hold_fdre_C_D)         0.019     0.451    bd_0_i/hls_inst/inst/add_ln41_reg_514_pp0_iter2_reg_reg[2]
  -------------------------------------------------------------------
                         required time                         -0.451    
                         arrival time                           0.658    
  -------------------------------------------------------------------
                         slack                                  0.207    

Slack (MET) :             0.235ns  (arrival time - required time)
  Source:                 bd_0_i/hls_inst/inst/indvar_flatten_fu_68_reg[1]/C
                            (rising edge-triggered cell FDRE clocked by ap_clk  {rise@0.000ns fall@5.000ns period=10.000ns})
  Destination:            bd_0_i/hls_inst/inst/indvar_flatten_fu_68_reg[3]/D
                            (rising edge-triggered cell FDRE clocked by ap_clk  {rise@0.000ns fall@5.000ns period=10.000ns})
  Path Group:             ap_clk
  Path Type:              Hold (Min at Fast Process Corner)
  Requirement:            0.000ns  (ap_clk rise@0.000ns - ap_clk rise@0.000ns)
  Data Path Delay:        0.363ns  (logic 0.183ns (50.361%)  route 0.180ns (49.639%))
  Logic Levels:           1  (LUT5=1)
  Clock Path Skew:        0.022ns (DCD - SCD - CPR)
    Destination Clock Delay (DCD):    0.432ns
    Source Clock Delay      (SCD):    0.410ns
    Clock Pessimism Removal (CPR):    -0.000ns

    Location             Delay type                Incr(ns)  Path(ns)    Netlist Resource(s)
  -------------------------------------------------------------------    -------------------
                         (clock ap_clk rise edge)     0.000     0.000 r  
                                                      0.000     0.000 r  ap_clk (IN)
                         net (fo=41, unset)           0.410     0.410    bd_0_i/hls_inst/inst/ap_clk
    SLICE_X33Y73         FDRE                                         r  bd_0_i/hls_inst/inst/indvar_flatten_fu_68_reg[1]/C
  -------------------------------------------------------------------    -------------------
    SLICE_X33Y73         FDRE (Prop_fdre_C_Q)         0.141     0.551 r  bd_0_i/hls_inst/inst/indvar_flatten_fu_68_reg[1]/Q
                         net (fo=6, routed)           0.180     0.732    bd_0_i/hls_inst/inst/flow_control_loop_pipe_U/Q[1]
    SLICE_X33Y73         LUT5 (Prop_lut5_I3_O)        0.042     0.774 r  bd_0_i/hls_inst/inst/flow_control_loop_pipe_U/indvar_flatten_fu_68[3]_i_2/O
                         net (fo=1, routed)           0.000     0.774    bd_0_i/hls_inst/inst/flow_control_loop_pipe_U_n_4
    SLICE_X33Y73         FDRE                                         r  bd_0_i/hls_inst/inst/indvar_flatten_fu_68_reg[3]/D
  -------------------------------------------------------------------    -------------------

                         (clock ap_clk rise edge)     0.000     0.000 r  
                                                      0.000     0.000 r  ap_clk (IN)
                         net (fo=41, unset)           0.432     0.432    bd_0_i/hls_inst/inst/ap_clk
    SLICE_X33Y73         FDRE                                         r  bd_0_i/hls_inst/inst/indvar_flatten_fu_68_reg[3]/C
                         clock pessimism              0.000     0.432    
    SLICE_X33Y73         FDRE (Hold_fdre_C_D)         0.107     0.539    bd_0_i/hls_inst/inst/indvar_flatten_fu_68_reg[3]
  -------------------------------------------------------------------
                         required time                         -0.539    
                         arrival time                           0.774    
  -------------------------------------------------------------------
                         slack                                  0.235    

Slack (MET) :             0.235ns  (arrival time - required time)
  Source:                 bd_0_i/hls_inst/inst/indvar_flatten_fu_68_reg[0]/C
                            (rising edge-triggered cell FDRE clocked by ap_clk  {rise@0.000ns fall@5.000ns period=10.000ns})
  Destination:            bd_0_i/hls_inst/inst/icmp_ln37_reg_439_reg[0]/D
                            (rising edge-triggered cell FDRE clocked by ap_clk  {rise@0.000ns fall@5.000ns period=10.000ns})
  Path Group:             ap_clk
  Path Type:              Hold (Min at Fast Process Corner)
  Requirement:            0.000ns  (ap_clk rise@0.000ns - ap_clk rise@0.000ns)
  Data Path Delay:        0.378ns  (logic 0.186ns (49.197%)  route 0.192ns (50.803%))
  Logic Levels:           1  (LUT5=1)
  Clock Path Skew:        0.022ns (DCD - SCD - CPR)
    Destination Clock Delay (DCD):    0.432ns
    Source Clock Delay      (SCD):    0.410ns
    Clock Pessimism Removal (CPR):    -0.000ns

    Location             Delay type                Incr(ns)  Path(ns)    Netlist Resource(s)
  -------------------------------------------------------------------    -------------------
                         (clock ap_clk rise edge)     0.000     0.000 r  
                                                      0.000     0.000 r  ap_clk (IN)
                         net (fo=41, unset)           0.410     0.410    bd_0_i/hls_inst/inst/ap_clk
    SLICE_X33Y73         FDRE                                         r  bd_0_i/hls_inst/inst/indvar_flatten_fu_68_reg[0]/C
  -------------------------------------------------------------------    -------------------
    SLICE_X33Y73         FDRE (Prop_fdre_C_Q)         0.141     0.551 r  bd_0_i/hls_inst/inst/indvar_flatten_fu_68_reg[0]/Q
                         net (fo=7, routed)           0.192     0.743    bd_0_i/hls_inst/inst/flow_control_loop_pipe_U/Q[0]
    SLICE_X34Y73         LUT5 (Prop_lut5_I1_O)        0.045     0.788 r  bd_0_i/hls_inst/inst/flow_control_loop_pipe_U/icmp_ln37_reg_439[0]_i_1/O
                         net (fo=1, routed)           0.000     0.788    bd_0_i/hls_inst/inst/icmp_ln37_fu_182_p2
    SLICE_X34Y73         FDRE                                         r  bd_0_i/hls_inst/inst/icmp_ln37_reg_439_reg[0]/D
  -------------------------------------------------------------------    -------------------

                         (clock ap_clk rise edge)     0.000     0.000 r  
                                                      0.000     0.000 r  ap_clk (IN)
                         net (fo=41, unset)           0.432     0.432    bd_0_i/hls_inst/inst/ap_clk
    SLICE_X34Y73         FDRE                                         r  bd_0_i/hls_inst/inst/icmp_ln37_reg_439_reg[0]/C
                         clock pessimism              0.000     0.432    
    SLICE_X34Y73         FDRE (Hold_fdre_C_D)         0.121     0.553    bd_0_i/hls_inst/inst/icmp_ln37_reg_439_reg[0]
  -------------------------------------------------------------------
                         required time                         -0.553    
                         arrival time                           0.788    
  -------------------------------------------------------------------
                         slack                                  0.235    

Slack (MET) :             0.239ns  (arrival time - required time)
  Source:                 bd_0_i/hls_inst/inst/icmp_ln39_reg_450_reg[0]/C
                            (rising edge-triggered cell FDRE clocked by ap_clk  {rise@0.000ns fall@5.000ns period=10.000ns})
  Destination:            bd_0_i/hls_inst/inst/select_ln37_1_reg_473_reg[1]/D
                            (rising edge-triggered cell FDRE clocked by ap_clk  {rise@0.000ns fall@5.000ns period=10.000ns})
  Path Group:             ap_clk
  Path Type:              Hold (Min at Fast Process Corner)
  Requirement:            0.000ns  (ap_clk rise@0.000ns - ap_clk rise@0.000ns)
  Data Path Delay:        0.381ns  (logic 0.186ns (48.880%)  route 0.195ns (51.120%))
  Logic Levels:           1  (LUT3=1)
  Clock Path Skew:        0.022ns (DCD - SCD - CPR)
    Destination Clock Delay (DCD):    0.432ns
    Source Clock Delay      (SCD):    0.410ns
    Clock Pessimism Removal (CPR):    -0.000ns

    Location             Delay type                Incr(ns)  Path(ns)    Netlist Resource(s)
  -------------------------------------------------------------------    -------------------
                         (clock ap_clk rise edge)     0.000     0.000 r  
                                                      0.000     0.000 r  ap_clk (IN)
                         net (fo=41, unset)           0.410     0.410    bd_0_i/hls_inst/inst/ap_clk
    SLICE_X35Y74         FDRE                                         r  bd_0_i/hls_inst/inst/icmp_ln39_reg_450_reg[0]/C
  -------------------------------------------------------------------    -------------------
    SLICE_X35Y74         FDRE (Prop_fdre_C_Q)         0.141     0.551 r  bd_0_i/hls_inst/inst/icmp_ln39_reg_450_reg[0]/Q
                         net (fo=11, routed)          0.195     0.746    bd_0_i/hls_inst/inst/icmp_ln39_reg_450
    SLICE_X34Y74         LUT3 (Prop_lut3_I1_O)        0.045     0.791 r  bd_0_i/hls_inst/inst/a_address1[1]_INST_0/O
                         net (fo=2, routed)           0.000     0.791    bd_0_i/hls_inst/inst/a_address1[1]
    SLICE_X34Y74         FDRE                                         r  bd_0_i/hls_inst/inst/select_ln37_1_reg_473_reg[1]/D
  -------------------------------------------------------------------    -------------------

                         (clock ap_clk rise edge)     0.000     0.000 r  
                                                      0.000     0.000 r  ap_clk (IN)
                         net (fo=41, unset)           0.432     0.432    bd_0_i/hls_inst/inst/ap_clk
    SLICE_X34Y74         FDRE                                         r  bd_0_i/hls_inst/inst/select_ln37_1_reg_473_reg[1]/C
                         clock pessimism              0.000     0.432    
    SLICE_X34Y74         FDRE (Hold_fdre_C_D)         0.120     0.552    bd_0_i/hls_inst/inst/select_ln37_1_reg_473_reg[1]
  -------------------------------------------------------------------
                         required time                         -0.552    
                         arrival time                           0.791    
  -------------------------------------------------------------------
                         slack                                  0.239    

Slack (MET) :             0.242ns  (arrival time - required time)
  Source:                 bd_0_i/hls_inst/inst/icmp_ln39_reg_450_reg[0]/C
                            (rising edge-triggered cell FDRE clocked by ap_clk  {rise@0.000ns fall@5.000ns period=10.000ns})
  Destination:            bd_0_i/hls_inst/inst/select_ln37_2_reg_479_reg[1]/D
                            (rising edge-triggered cell FDRE clocked by ap_clk  {rise@0.000ns fall@5.000ns period=10.000ns})
  Path Group:             ap_clk
  Path Type:              Hold (Min at Fast Process Corner)
  Requirement:            0.000ns  (ap_clk rise@0.000ns - ap_clk rise@0.000ns)
  Data Path Delay:        0.385ns  (logic 0.186ns (48.372%)  route 0.199ns (51.628%))
  Logic Levels:           1  (LUT5=1)
  Clock Path Skew:        0.022ns (DCD - SCD - CPR)
    Destination Clock Delay (DCD):    0.432ns
    Source Clock Delay      (SCD):    0.410ns
    Clock Pessimism Removal (CPR):    -0.000ns

    Location             Delay type                Incr(ns)  Path(ns)    Netlist Resource(s)
  -------------------------------------------------------------------    -------------------
                         (clock ap_clk rise edge)     0.000     0.000 r  
                                                      0.000     0.000 r  ap_clk (IN)
                         net (fo=41, unset)           0.410     0.410    bd_0_i/hls_inst/inst/ap_clk
    SLICE_X35Y74         FDRE                                         r  bd_0_i/hls_inst/inst/icmp_ln39_reg_450_reg[0]/C
  -------------------------------------------------------------------    -------------------
    SLICE_X35Y74         FDRE (Prop_fdre_C_Q)         0.141     0.551 r  bd_0_i/hls_inst/inst/icmp_ln39_reg_450_reg[0]/Q
                         net (fo=11, routed)          0.199     0.750    bd_0_i/hls_inst/inst/icmp_ln39_reg_450
    SLICE_X34Y74         LUT5 (Prop_lut5_I3_O)        0.045     0.795 r  bd_0_i/hls_inst/inst/select_ln37_2_reg_479[1]_i_1/O
                         net (fo=1, routed)           0.000     0.795    bd_0_i/hls_inst/inst/select_ln37_2_reg_479[1]_i_1_n_2
    SLICE_X34Y74         FDRE                                         r  bd_0_i/hls_inst/inst/select_ln37_2_reg_479_reg[1]/D
  -------------------------------------------------------------------    -------------------

                         (clock ap_clk rise edge)     0.000     0.000 r  
                                                      0.000     0.000 r  ap_clk (IN)
                         net (fo=41, unset)           0.432     0.432    bd_0_i/hls_inst/inst/ap_clk
    SLICE_X34Y74         FDRE                                         r  bd_0_i/hls_inst/inst/select_ln37_2_reg_479_reg[1]/C
                         clock pessimism              0.000     0.432    
    SLICE_X34Y74         FDRE (Hold_fdre_C_D)         0.121     0.553    bd_0_i/hls_inst/inst/select_ln37_2_reg_479_reg[1]
  -------------------------------------------------------------------
                         required time                         -0.553    
                         arrival time                           0.795    
  -------------------------------------------------------------------
                         slack                                  0.242    

Slack (MET) :             0.249ns  (arrival time - required time)
  Source:                 bd_0_i/hls_inst/inst/j_fu_60_reg[0]/C
                            (rising edge-triggered cell FDRE clocked by ap_clk  {rise@0.000ns fall@5.000ns period=10.000ns})
  Destination:            bd_0_i/hls_inst/inst/icmp_ln39_reg_450_reg[0]/D
                            (rising edge-triggered cell FDRE clocked by ap_clk  {rise@0.000ns fall@5.000ns period=10.000ns})
  Path Group:             ap_clk
  Path Type:              Hold (Min at Fast Process Corner)
  Requirement:            0.000ns  (ap_clk rise@0.000ns - ap_clk rise@0.000ns)
  Data Path Delay:        0.362ns  (logic 0.186ns (51.320%)  route 0.176ns (48.680%))
  Logic Levels:           1  (LUT4=1)
  Clock Path Skew:        0.022ns (DCD - SCD - CPR)
    Destination Clock Delay (DCD):    0.432ns
    Source Clock Delay      (SCD):    0.410ns
    Clock Pessimism Removal (CPR):    -0.000ns

    Location             Delay type                Incr(ns)  Path(ns)    Netlist Resource(s)
  -------------------------------------------------------------------    -------------------
                         (clock ap_clk rise edge)     0.000     0.000 r  
                                                      0.000     0.000 r  ap_clk (IN)
                         net (fo=41, unset)           0.410     0.410    bd_0_i/hls_inst/inst/ap_clk
    SLICE_X35Y75         FDRE                                         r  bd_0_i/hls_inst/inst/j_fu_60_reg[0]/C
  -------------------------------------------------------------------    -------------------
    SLICE_X35Y75         FDRE (Prop_fdre_C_Q)         0.141     0.551 r  bd_0_i/hls_inst/inst/j_fu_60_reg[0]/Q
                         net (fo=4, routed)           0.176     0.728    bd_0_i/hls_inst/inst/flow_control_loop_pipe_U/icmp_ln39_reg_450_reg[0][0]
    SLICE_X35Y74         LUT4 (Prop_lut4_I1_O)        0.045     0.773 r  bd_0_i/hls_inst/inst/flow_control_loop_pipe_U/icmp_ln39_reg_450[0]_i_2/O
                         net (fo=1, routed)           0.000     0.773    bd_0_i/hls_inst/inst/p_0_in
    SLICE_X35Y74         FDRE                                         r  bd_0_i/hls_inst/inst/icmp_ln39_reg_450_reg[0]/D
  -------------------------------------------------------------------    -------------------

                         (clock ap_clk rise edge)     0.000     0.000 r  
                                                      0.000     0.000 r  ap_clk (IN)
                         net (fo=41, unset)           0.432     0.432    bd_0_i/hls_inst/inst/ap_clk
    SLICE_X35Y74         FDRE                                         r  bd_0_i/hls_inst/inst/icmp_ln39_reg_450_reg[0]/C
                         clock pessimism              0.000     0.432    
    SLICE_X35Y74         FDRE (Hold_fdre_C_D)         0.092     0.524    bd_0_i/hls_inst/inst/icmp_ln39_reg_450_reg[0]
  -------------------------------------------------------------------
                         required time                         -0.524    
                         arrival time                           0.773    
  -------------------------------------------------------------------
                         slack                                  0.249    





Pulse Width Checks
--------------------------------------------------------------------------------------
Clock Name:         ap_clk
Waveform(ns):       { 0.000 5.000 }
Period(ns):         10.000
Sources:            { ap_clk }

Check Type        Corner  Lib Pin      Reference Pin  Required(ns)  Actual(ns)  Slack(ns)  Location      Pin
Min Period        n/a     DSP48E1/CLK  n/a            3.884         10.000      6.116      DSP48_X2Y28   bd_0_i/hls_inst/inst/mac_muladd_8s_8s_16s_16_4_1_U2/matrixmul_mac_muladd_8s_8s_16s_16_4_1_DSP48_0_U/m_reg_reg/CLK
Min Period        n/a     DSP48E1/CLK  n/a            3.884         10.000      6.116      DSP48_X2Y29   bd_0_i/hls_inst/inst/mac_muladd_8s_8s_16s_16_4_1_U2/matrixmul_mac_muladd_8s_8s_16s_16_4_1_DSP48_0_U/p_reg_reg/CLK
Min Period        n/a     DSP48E1/CLK  n/a            2.154         10.000      7.846      DSP48_X2Y30   bd_0_i/hls_inst/inst/mac_muladd_8s_8s_16ns_16_4_1_U3/matrixmul_mac_muladd_8s_8s_16ns_16_4_1_DSP48_1_U/p_reg_reg/CLK
Min Period        n/a     FDRE/C       n/a            1.000         10.000      9.000      SLICE_X33Y74  bd_0_i/hls_inst/inst/add_ln37_reg_443_reg[0]/C
Min Period        n/a     FDRE/C       n/a            1.000         10.000      9.000      SLICE_X35Y74  bd_0_i/hls_inst/inst/add_ln37_reg_443_reg[1]/C
Min Period        n/a     FDRE/C       n/a            1.000         10.000      9.000      SLICE_X34Y73  bd_0_i/hls_inst/inst/add_ln41_reg_514_pp0_iter2_reg_reg[0]/C
Min Period        n/a     FDRE/C       n/a            1.000         10.000      9.000      SLICE_X35Y73  bd_0_i/hls_inst/inst/add_ln41_reg_514_pp0_iter2_reg_reg[1]/C
Min Period        n/a     FDRE/C       n/a            1.000         10.000      9.000      SLICE_X35Y73  bd_0_i/hls_inst/inst/add_ln41_reg_514_pp0_iter2_reg_reg[2]/C
Min Period        n/a     FDRE/C       n/a            1.000         10.000      9.000      SLICE_X34Y73  bd_0_i/hls_inst/inst/add_ln41_reg_514_pp0_iter2_reg_reg[3]/C
Min Period        n/a     FDRE/C       n/a            1.000         10.000      9.000      SLICE_X35Y73  bd_0_i/hls_inst/inst/add_ln41_reg_514_reg[0]/C
Low Pulse Width   Slow    FDRE/C       n/a            0.500         5.000       4.500      SLICE_X33Y74  bd_0_i/hls_inst/inst/add_ln37_reg_443_reg[0]/C
Low Pulse Width   Fast    FDRE/C       n/a            0.500         5.000       4.500      SLICE_X33Y74  bd_0_i/hls_inst/inst/add_ln37_reg_443_reg[0]/C
Low Pulse Width   Slow    FDRE/C       n/a            0.500         5.000       4.500      SLICE_X35Y74  bd_0_i/hls_inst/inst/add_ln37_reg_443_reg[1]/C
Low Pulse Width   Fast    FDRE/C       n/a            0.500         5.000       4.500      SLICE_X35Y74  bd_0_i/hls_inst/inst/add_ln37_reg_443_reg[1]/C
Low Pulse Width   Slow    FDRE/C       n/a            0.500         5.000       4.500      SLICE_X34Y73  bd_0_i/hls_inst/inst/add_ln41_reg_514_pp0_iter2_reg_reg[0]/C
Low Pulse Width   Fast    FDRE/C       n/a            0.500         5.000       4.500      SLICE_X34Y73  bd_0_i/hls_inst/inst/add_ln41_reg_514_pp0_iter2_reg_reg[0]/C
Low Pulse Width   Slow    FDRE/C       n/a            0.500         5.000       4.500      SLICE_X35Y73  bd_0_i/hls_inst/inst/add_ln41_reg_514_pp0_iter2_reg_reg[1]/C
Low Pulse Width   Fast    FDRE/C       n/a            0.500         5.000       4.500      SLICE_X35Y73  bd_0_i/hls_inst/inst/add_ln41_reg_514_pp0_iter2_reg_reg[1]/C
Low Pulse Width   Slow    FDRE/C       n/a            0.500         5.000       4.500      SLICE_X35Y73  bd_0_i/hls_inst/inst/add_ln41_reg_514_pp0_iter2_reg_reg[2]/C
Low Pulse Width   Fast    FDRE/C       n/a            0.500         5.000       4.500      SLICE_X35Y73  bd_0_i/hls_inst/inst/add_ln41_reg_514_pp0_iter2_reg_reg[2]/C
High Pulse Width  Slow    FDRE/C       n/a            0.500         5.000       4.500      SLICE_X33Y74  bd_0_i/hls_inst/inst/add_ln37_reg_443_reg[0]/C
High Pulse Width  Fast    FDRE/C       n/a            0.500         5.000       4.500      SLICE_X33Y74  bd_0_i/hls_inst/inst/add_ln37_reg_443_reg[0]/C
High Pulse Width  Slow    FDRE/C       n/a            0.500         5.000       4.500      SLICE_X35Y74  bd_0_i/hls_inst/inst/add_ln37_reg_443_reg[1]/C
High Pulse Width  Fast    FDRE/C       n/a            0.500         5.000       4.500      SLICE_X35Y74  bd_0_i/hls_inst/inst/add_ln37_reg_443_reg[1]/C
High Pulse Width  Slow    FDRE/C       n/a            0.500         5.000       4.500      SLICE_X34Y73  bd_0_i/hls_inst/inst/add_ln41_reg_514_pp0_iter2_reg_reg[0]/C
High Pulse Width  Fast    FDRE/C       n/a            0.500         5.000       4.500      SLICE_X34Y73  bd_0_i/hls_inst/inst/add_ln41_reg_514_pp0_iter2_reg_reg[0]/C
High Pulse Width  Slow    FDRE/C       n/a            0.500         5.000       4.500      SLICE_X35Y73  bd_0_i/hls_inst/inst/add_ln41_reg_514_pp0_iter2_reg_reg[1]/C
High Pulse Width  Fast    FDRE/C       n/a            0.500         5.000       4.500      SLICE_X35Y73  bd_0_i/hls_inst/inst/add_ln41_reg_514_pp0_iter2_reg_reg[1]/C
High Pulse Width  Slow    FDRE/C       n/a            0.500         5.000       4.500      SLICE_X35Y73  bd_0_i/hls_inst/inst/add_ln41_reg_514_pp0_iter2_reg_reg[2]/C
High Pulse Width  Fast    FDRE/C       n/a            0.500         5.000       4.500      SLICE_X35Y73  bd_0_i/hls_inst/inst/add_ln41_reg_514_pp0_iter2_reg_reg[2]/C



--------------------------------------------------------------------------------------
Path Group:  (none)
From Clock:  
  To Clock:  

Max Delay            10 Endpoints
Min Delay            10 Endpoints
--------------------------------------------------------------------------------------


Max Delay Paths
--------------------------------------------------------------------------------------
Slack:                    inf
  Source:                 ap_ctrl_start
                            (input port)
  Destination:            b_address1[1]
                            (output port)
  Path Group:             (none)
  Path Type:              Max at Slow Process Corner
  Data Path Delay:        2.099ns  (logic 0.153ns (7.289%)  route 1.946ns (92.711%))
  Logic Levels:           1  (LUT5=1)

    Location             Delay type                Incr(ns)  Path(ns)    Netlist Resource(s)
  -------------------------------------------------------------------    -------------------
                                                      0.000     0.000 r  ap_ctrl_start (IN)
                         net (fo=20, unset)           0.973     0.973    bd_0_i/hls_inst/inst/flow_control_loop_pipe_U/ap_start
    SLICE_X35Y74         LUT5 (Prop_lut5_I2_O)        0.153     1.126 r  bd_0_i/hls_inst/inst/flow_control_loop_pipe_U/b_address1[1]_INST_0/O
                         net (fo=0)                   0.973     2.099    b_address1[1]
                                                                      r  b_address1[1] (OUT)
  -------------------------------------------------------------------    -------------------

Slack:                    inf
  Source:                 ap_ctrl_start
                            (input port)
  Destination:            b_address1[2]
                            (output port)
  Path Group:             (none)
  Path Type:              Max at Slow Process Corner
  Data Path Delay:        2.099ns  (logic 0.153ns (7.289%)  route 1.946ns (92.711%))
  Logic Levels:           1  (LUT5=1)

    Location             Delay type                Incr(ns)  Path(ns)    Netlist Resource(s)
  -------------------------------------------------------------------    -------------------
                                                      0.000     0.000 r  ap_ctrl_start (IN)
                         net (fo=20, unset)           0.973     0.973    bd_0_i/hls_inst/inst/flow_control_loop_pipe_U/ap_start
    SLICE_X35Y74         LUT5 (Prop_lut5_I2_O)        0.153     1.126 r  bd_0_i/hls_inst/inst/flow_control_loop_pipe_U/b_address1[1]_INST_0/O
                         net (fo=0)                   0.973     2.099    b_address1[2]
                                                                      r  b_address1[2] (OUT)
  -------------------------------------------------------------------    -------------------

Slack:                    inf
  Source:                 ap_ctrl_start
                            (input port)
  Destination:            a_ce1
                            (output port)
  Path Group:             (none)
  Path Type:              Max at Slow Process Corner
  Data Path Delay:        2.098ns  (logic 0.152ns (7.245%)  route 1.946ns (92.755%))
  Logic Levels:           1  (LUT4=1)

    Location             Delay type                Incr(ns)  Path(ns)    Netlist Resource(s)
  -------------------------------------------------------------------    -------------------
                                                      0.000     0.000 r  ap_ctrl_start (IN)
                         net (fo=20, unset)           0.973     0.973    bd_0_i/hls_inst/inst/ap_start
    SLICE_X33Y76         LUT4 (Prop_lut4_I2_O)        0.152     1.125 r  bd_0_i/hls_inst/inst/a_ce1_INST_0/O
                         net (fo=0)                   0.973     2.098    a_ce1
                                                                      r  a_ce1 (OUT)
  -------------------------------------------------------------------    -------------------

Slack:                    inf
  Source:                 ap_ctrl_start
                            (input port)
  Destination:            b_address1[3]
                            (output port)
  Path Group:             (none)
  Path Type:              Max at Slow Process Corner
  Data Path Delay:        2.098ns  (logic 0.152ns (7.245%)  route 1.946ns (92.755%))
  Logic Levels:           1  (LUT5=1)

    Location             Delay type                Incr(ns)  Path(ns)    Netlist Resource(s)
  -------------------------------------------------------------------    -------------------
                                                      0.000     0.000 f  ap_ctrl_start (IN)
                         net (fo=20, unset)           0.973     0.973    bd_0_i/hls_inst/inst/flow_control_loop_pipe_U/ap_start
    SLICE_X35Y74         LUT5 (Prop_lut5_I2_O)        0.152     1.125 r  bd_0_i/hls_inst/inst/flow_control_loop_pipe_U/b_address1[3]_INST_0/O
                         net (fo=1, unset)            0.973     2.098    b_address1[3]
                                                                      r  b_address1[3] (OUT)
  -------------------------------------------------------------------    -------------------

Slack:                    inf
  Source:                 ap_ctrl_start
                            (input port)
  Destination:            a_ce0
                            (output port)
  Path Group:             (none)
  Path Type:              Max at Slow Process Corner
  Data Path Delay:        2.070ns  (logic 0.124ns (5.990%)  route 1.946ns (94.010%))
  Logic Levels:           1  (LUT5=1)

    Location             Delay type                Incr(ns)  Path(ns)    Netlist Resource(s)
  -------------------------------------------------------------------    -------------------
                                                      0.000     0.000 r  ap_ctrl_start (IN)
                         net (fo=20, unset)           0.973     0.973    bd_0_i/hls_inst/inst/ap_start
    SLICE_X35Y76         LUT5 (Prop_lut5_I1_O)        0.124     1.097 r  bd_0_i/hls_inst/inst/b_ce0_INST_0/O
                         net (fo=0)                   0.973     2.070    a_ce0
                                                                      r  a_ce0 (OUT)
  -------------------------------------------------------------------    -------------------

Slack:                    inf
  Source:                 ap_ctrl_start
                            (input port)
  Destination:            ap_ctrl_idle
                            (output port)
  Path Group:             (none)
  Path Type:              Max at Slow Process Corner
  Data Path Delay:        2.070ns  (logic 0.124ns (5.990%)  route 1.946ns (94.010%))
  Logic Levels:           1  (LUT5=1)

    Location             Delay type                Incr(ns)  Path(ns)    Netlist Resource(s)
  -------------------------------------------------------------------    -------------------
                                                      0.000     0.000 f  ap_ctrl_start (IN)
                         net (fo=20, unset)           0.973     0.973    bd_0_i/hls_inst/inst/ap_start
    SLICE_X36Y76         LUT5 (Prop_lut5_I0_O)        0.124     1.097 r  bd_0_i/hls_inst/inst/ap_idle_INST_0/O
                         net (fo=0)                   0.973     2.070    ap_ctrl_idle
                                                                      r  ap_ctrl_idle (OUT)
  -------------------------------------------------------------------    -------------------

Slack:                    inf
  Source:                 ap_ctrl_start
                            (input port)
  Destination:            ap_ctrl_ready
                            (output port)
  Path Group:             (none)
  Path Type:              Max at Slow Process Corner
  Data Path Delay:        2.070ns  (logic 0.124ns (5.990%)  route 1.946ns (94.010%))
  Logic Levels:           1  (LUT5=1)

    Location             Delay type                Incr(ns)  Path(ns)    Netlist Resource(s)
  -------------------------------------------------------------------    -------------------
                                                      0.000     0.000 r  ap_ctrl_start (IN)
                         net (fo=20, unset)           0.973     0.973    bd_0_i/hls_inst/inst/ap_start
    SLICE_X33Y76         LUT5 (Prop_lut5_I1_O)        0.124     1.097 r  bd_0_i/hls_inst/inst/ap_ready_INST_0/O
                         net (fo=0)                   0.973     2.070    ap_ctrl_ready
                                                                      r  ap_ctrl_ready (OUT)
  -------------------------------------------------------------------    -------------------

Slack:                    inf
  Source:                 ap_ctrl_start
                            (input port)
  Destination:            b_address1[0]
                            (output port)
  Path Group:             (none)
  Path Type:              Max at Slow Process Corner
  Data Path Delay:        2.070ns  (logic 0.124ns (5.990%)  route 1.946ns (94.010%))
  Logic Levels:           1  (LUT5=1)

    Location             Delay type                Incr(ns)  Path(ns)    Netlist Resource(s)
  -------------------------------------------------------------------    -------------------
                                                      0.000     0.000 f  ap_ctrl_start (IN)
                         net (fo=20, unset)           0.973     0.973    bd_0_i/hls_inst/inst/flow_control_loop_pipe_U/ap_start
    SLICE_X35Y74         LUT5 (Prop_lut5_I2_O)        0.124     1.097 r  bd_0_i/hls_inst/inst/flow_control_loop_pipe_U/b_address1[0]_INST_0/O
                         net (fo=1, unset)            0.973     2.070    b_address1[0]
                                                                      r  b_address1[0] (OUT)
  -------------------------------------------------------------------    -------------------

Slack:                    inf
  Source:                 ap_ctrl_start
                            (input port)
  Destination:            b_ce0
                            (output port)
  Path Group:             (none)
  Path Type:              Max at Slow Process Corner
  Data Path Delay:        2.070ns  (logic 0.124ns (5.990%)  route 1.946ns (94.010%))
  Logic Levels:           1  (LUT5=1)

    Location             Delay type                Incr(ns)  Path(ns)    Netlist Resource(s)
  -------------------------------------------------------------------    -------------------
                                                      0.000     0.000 r  ap_ctrl_start (IN)
                         net (fo=20, unset)           0.973     0.973    bd_0_i/hls_inst/inst/ap_start
    SLICE_X35Y76         LUT5 (Prop_lut5_I1_O)        0.124     1.097 r  bd_0_i/hls_inst/inst/b_ce0_INST_0/O
                         net (fo=0)                   0.973     2.070    b_ce0
                                                                      r  b_ce0 (OUT)
  -------------------------------------------------------------------    -------------------

Slack:                    inf
  Source:                 ap_ctrl_start
                            (input port)
  Destination:            b_ce1
                            (output port)
  Path Group:             (none)
  Path Type:              Max at Slow Process Corner
  Data Path Delay:        2.070ns  (logic 0.124ns (5.990%)  route 1.946ns (94.010%))
  Logic Levels:           1  (LUT2=1)

    Location             Delay type                Incr(ns)  Path(ns)    Netlist Resource(s)
  -------------------------------------------------------------------    -------------------
                                                      0.000     0.000 r  ap_ctrl_start (IN)
                         net (fo=20, unset)           0.973     0.973    bd_0_i/hls_inst/inst/flow_control_loop_pipe_U/ap_start
    SLICE_X33Y76         LUT2 (Prop_lut2_I0_O)        0.124     1.097 r  bd_0_i/hls_inst/inst/flow_control_loop_pipe_U/b_ce1_INST_0/O
                         net (fo=1, unset)            0.973     2.070    b_ce1
                                                                      r  b_ce1 (OUT)
  -------------------------------------------------------------------    -------------------





Min Delay Paths
--------------------------------------------------------------------------------------
Slack:                    inf
  Source:                 ap_ctrl_start
                            (input port)
  Destination:            b_address1[3]
                            (output port)
  Path Group:             (none)
  Path Type:              Min at Fast Process Corner
  Data Path Delay:        0.863ns  (logic 0.043ns (4.981%)  route 0.820ns (95.019%))
  Logic Levels:           1  (LUT5=1)

    Location             Delay type                Incr(ns)  Path(ns)    Netlist Resource(s)
  -------------------------------------------------------------------    -------------------
                                                      0.000     0.000 f  ap_ctrl_start (IN)
                         net (fo=20, unset)           0.410     0.410    bd_0_i/hls_inst/inst/flow_control_loop_pipe_U/ap_start
    SLICE_X35Y74         LUT5 (Prop_lut5_I2_O)        0.043     0.453 r  bd_0_i/hls_inst/inst/flow_control_loop_pipe_U/b_address1[3]_INST_0/O
                         net (fo=1, unset)            0.410     0.863    b_address1[3]
                                                                      r  b_address1[3] (OUT)
  -------------------------------------------------------------------    -------------------

Slack:                    inf
  Source:                 ap_ctrl_start
                            (input port)
  Destination:            a_ce1
                            (output port)
  Path Group:             (none)
  Path Type:              Min at Fast Process Corner
  Data Path Delay:        0.864ns  (logic 0.044ns (5.091%)  route 0.820ns (94.909%))
  Logic Levels:           1  (LUT4=1)

    Location             Delay type                Incr(ns)  Path(ns)    Netlist Resource(s)
  -------------------------------------------------------------------    -------------------
                                                      0.000     0.000 r  ap_ctrl_start (IN)
                         net (fo=20, unset)           0.410     0.410    bd_0_i/hls_inst/inst/ap_start
    SLICE_X33Y76         LUT4 (Prop_lut4_I2_O)        0.044     0.454 r  bd_0_i/hls_inst/inst/a_ce1_INST_0/O
                         net (fo=0)                   0.410     0.864    a_ce1
                                                                      r  a_ce1 (OUT)
  -------------------------------------------------------------------    -------------------

Slack:                    inf
  Source:                 ap_ctrl_start
                            (input port)
  Destination:            a_ce0
                            (output port)
  Path Group:             (none)
  Path Type:              Min at Fast Process Corner
  Data Path Delay:        0.865ns  (logic 0.045ns (5.201%)  route 0.820ns (94.799%))
  Logic Levels:           1  (LUT5=1)

    Location             Delay type                Incr(ns)  Path(ns)    Netlist Resource(s)
  -------------------------------------------------------------------    -------------------
                                                      0.000     0.000 r  ap_ctrl_start (IN)
                         net (fo=20, unset)           0.410     0.410    bd_0_i/hls_inst/inst/ap_start
    SLICE_X35Y76         LUT5 (Prop_lut5_I1_O)        0.045     0.455 r  bd_0_i/hls_inst/inst/b_ce0_INST_0/O
                         net (fo=0)                   0.410     0.865    a_ce0
                                                                      r  a_ce0 (OUT)
  -------------------------------------------------------------------    -------------------

Slack:                    inf
  Source:                 ap_ctrl_start
                            (input port)
  Destination:            ap_ctrl_idle
                            (output port)
  Path Group:             (none)
  Path Type:              Min at Fast Process Corner
  Data Path Delay:        0.865ns  (logic 0.045ns (5.201%)  route 0.820ns (94.799%))
  Logic Levels:           1  (LUT5=1)

    Location             Delay type                Incr(ns)  Path(ns)    Netlist Resource(s)
  -------------------------------------------------------------------    -------------------
                                                      0.000     0.000 f  ap_ctrl_start (IN)
                         net (fo=20, unset)           0.410     0.410    bd_0_i/hls_inst/inst/ap_start
    SLICE_X36Y76         LUT5 (Prop_lut5_I0_O)        0.045     0.455 r  bd_0_i/hls_inst/inst/ap_idle_INST_0/O
                         net (fo=0)                   0.410     0.865    ap_ctrl_idle
                                                                      r  ap_ctrl_idle (OUT)
  -------------------------------------------------------------------    -------------------

Slack:                    inf
  Source:                 ap_ctrl_start
                            (input port)
  Destination:            ap_ctrl_ready
                            (output port)
  Path Group:             (none)
  Path Type:              Min at Fast Process Corner
  Data Path Delay:        0.865ns  (logic 0.045ns (5.201%)  route 0.820ns (94.799%))
  Logic Levels:           1  (LUT5=1)

    Location             Delay type                Incr(ns)  Path(ns)    Netlist Resource(s)
  -------------------------------------------------------------------    -------------------
                                                      0.000     0.000 r  ap_ctrl_start (IN)
                         net (fo=20, unset)           0.410     0.410    bd_0_i/hls_inst/inst/ap_start
    SLICE_X33Y76         LUT5 (Prop_lut5_I1_O)        0.045     0.455 r  bd_0_i/hls_inst/inst/ap_ready_INST_0/O
                         net (fo=0)                   0.410     0.865    ap_ctrl_ready
                                                                      r  ap_ctrl_ready (OUT)
  -------------------------------------------------------------------    -------------------

Slack:                    inf
  Source:                 ap_ctrl_start
                            (input port)
  Destination:            b_address1[0]
                            (output port)
  Path Group:             (none)
  Path Type:              Min at Fast Process Corner
  Data Path Delay:        0.865ns  (logic 0.045ns (5.201%)  route 0.820ns (94.799%))
  Logic Levels:           1  (LUT5=1)

    Location             Delay type                Incr(ns)  Path(ns)    Netlist Resource(s)
  -------------------------------------------------------------------    -------------------
                                                      0.000     0.000 f  ap_ctrl_start (IN)
                         net (fo=20, unset)           0.410     0.410    bd_0_i/hls_inst/inst/flow_control_loop_pipe_U/ap_start
    SLICE_X35Y74         LUT5 (Prop_lut5_I2_O)        0.045     0.455 r  bd_0_i/hls_inst/inst/flow_control_loop_pipe_U/b_address1[0]_INST_0/O
                         net (fo=1, unset)            0.410     0.865    b_address1[0]
                                                                      r  b_address1[0] (OUT)
  -------------------------------------------------------------------    -------------------

Slack:                    inf
  Source:                 ap_ctrl_start
                            (input port)
  Destination:            b_address1[1]
                            (output port)
  Path Group:             (none)
  Path Type:              Min at Fast Process Corner
  Data Path Delay:        0.865ns  (logic 0.045ns (5.201%)  route 0.820ns (94.799%))
  Logic Levels:           1  (LUT5=1)

    Location             Delay type                Incr(ns)  Path(ns)    Netlist Resource(s)
  -------------------------------------------------------------------    -------------------
                                                      0.000     0.000 r  ap_ctrl_start (IN)
                         net (fo=20, unset)           0.410     0.410    bd_0_i/hls_inst/inst/flow_control_loop_pipe_U/ap_start
    SLICE_X35Y74         LUT5 (Prop_lut5_I2_O)        0.045     0.455 r  bd_0_i/hls_inst/inst/flow_control_loop_pipe_U/b_address1[1]_INST_0/O
                         net (fo=0)                   0.410     0.865    b_address1[1]
                                                                      r  b_address1[1] (OUT)
  -------------------------------------------------------------------    -------------------

Slack:                    inf
  Source:                 ap_ctrl_start
                            (input port)
  Destination:            b_address1[2]
                            (output port)
  Path Group:             (none)
  Path Type:              Min at Fast Process Corner
  Data Path Delay:        0.865ns  (logic 0.045ns (5.201%)  route 0.820ns (94.799%))
  Logic Levels:           1  (LUT5=1)

    Location             Delay type                Incr(ns)  Path(ns)    Netlist Resource(s)
  -------------------------------------------------------------------    -------------------
                                                      0.000     0.000 r  ap_ctrl_start (IN)
                         net (fo=20, unset)           0.410     0.410    bd_0_i/hls_inst/inst/flow_control_loop_pipe_U/ap_start
    SLICE_X35Y74         LUT5 (Prop_lut5_I2_O)        0.045     0.455 r  bd_0_i/hls_inst/inst/flow_control_loop_pipe_U/b_address1[1]_INST_0/O
                         net (fo=0)                   0.410     0.865    b_address1[2]
                                                                      r  b_address1[2] (OUT)
  -------------------------------------------------------------------    -------------------

Slack:                    inf
  Source:                 ap_ctrl_start
                            (input port)
  Destination:            b_ce0
                            (output port)
  Path Group:             (none)
  Path Type:              Min at Fast Process Corner
  Data Path Delay:        0.865ns  (logic 0.045ns (5.201%)  route 0.820ns (94.799%))
  Logic Levels:           1  (LUT5=1)

    Location             Delay type                Incr(ns)  Path(ns)    Netlist Resource(s)
  -------------------------------------------------------------------    -------------------
                                                      0.000     0.000 r  ap_ctrl_start (IN)
                         net (fo=20, unset)           0.410     0.410    bd_0_i/hls_inst/inst/ap_start
    SLICE_X35Y76         LUT5 (Prop_lut5_I1_O)        0.045     0.455 r  bd_0_i/hls_inst/inst/b_ce0_INST_0/O
                         net (fo=0)                   0.410     0.865    b_ce0
                                                                      r  b_ce0 (OUT)
  -------------------------------------------------------------------    -------------------

Slack:                    inf
  Source:                 ap_ctrl_start
                            (input port)
  Destination:            b_ce1
                            (output port)
  Path Group:             (none)
  Path Type:              Min at Fast Process Corner
  Data Path Delay:        0.865ns  (logic 0.045ns (5.201%)  route 0.820ns (94.799%))
  Logic Levels:           1  (LUT2=1)

    Location             Delay type                Incr(ns)  Path(ns)    Netlist Resource(s)
  -------------------------------------------------------------------    -------------------
                                                      0.000     0.000 r  ap_ctrl_start (IN)
                         net (fo=20, unset)           0.410     0.410    bd_0_i/hls_inst/inst/flow_control_loop_pipe_U/ap_start
    SLICE_X33Y76         LUT2 (Prop_lut2_I0_O)        0.045     0.455 r  bd_0_i/hls_inst/inst/flow_control_loop_pipe_U/b_ce1_INST_0/O
                         net (fo=1, unset)            0.410     0.865    b_ce1
                                                                      r  b_ce1 (OUT)
  -------------------------------------------------------------------    -------------------





--------------------------------------------------------------------------------------
Path Group:  (none)
From Clock:  ap_clk
  To Clock:  

Max Delay            44 Endpoints
Min Delay            44 Endpoints
--------------------------------------------------------------------------------------


Max Delay Paths
--------------------------------------------------------------------------------------
Slack:                    inf
  Source:                 bd_0_i/hls_inst/inst/ap_CS_fsm_reg[0]/C
                            (rising edge-triggered cell FDSE clocked by ap_clk  {rise@0.000ns fall@5.000ns period=10.000ns})
  Destination:            a_address0[3]
                            (output port)
  Path Group:             (none)
  Path Type:              Max at Slow Process Corner
  Data Path Delay:        4.648ns  (logic 1.022ns (21.989%)  route 3.626ns (78.011%))
  Logic Levels:           2  (LUT2=1 LUT5=1)
  Clock Uncertainty:      0.025ns  ((TSJ^2 + TIJ^2)^1/2 + DJ) / 2 + PE
    Total System Jitter     (TSJ):    0.050ns
    Total Input Jitter      (TIJ):    0.000ns
    Discrete Jitter          (DJ):    0.000ns
    Phase Error              (PE):    0.000ns

    Location             Delay type                Incr(ns)  Path(ns)    Netlist Resource(s)
  -------------------------------------------------------------------    -------------------
                         (clock ap_clk rise edge)     0.000     0.000 r  
                                                      0.000     0.000 r  ap_clk (IN)
                         net (fo=41, unset)           0.973     0.973    bd_0_i/hls_inst/inst/ap_clk
    SLICE_X34Y76         FDSE                                         r  bd_0_i/hls_inst/inst/ap_CS_fsm_reg[0]/C
  -------------------------------------------------------------------    -------------------
    SLICE_X34Y76         FDSE (Prop_fdse_C_Q)         0.518     1.491 r  bd_0_i/hls_inst/inst/ap_CS_fsm_reg[0]/Q
                         net (fo=44, routed)          1.754     3.245    bd_0_i/hls_inst/inst/ap_CS_fsm_pp0_stage0
    SLICE_X34Y75         LUT2 (Prop_lut2_I1_O)        0.150     3.395 r  bd_0_i/hls_inst/inst/a_address0[3]_INST_0_i_1/O
                         net (fo=3, routed)           0.899     4.294    bd_0_i/hls_inst/inst/reg_1511
    SLICE_X34Y74         LUT5 (Prop_lut5_I3_O)        0.354     4.648 r  bd_0_i/hls_inst/inst/a_address0[3]_INST_0/O
                         net (fo=0)                   0.973     5.621    a_address0[3]
                                                                      r  a_address0[3] (OUT)
  -------------------------------------------------------------------    -------------------

Slack:                    inf
  Source:                 bd_0_i/hls_inst/inst/ap_CS_fsm_reg[0]/C
                            (rising edge-triggered cell FDSE clocked by ap_clk  {rise@0.000ns fall@5.000ns period=10.000ns})
  Destination:            a_address0[2]
                            (output port)
  Path Group:             (none)
  Path Type:              Max at Slow Process Corner
  Data Path Delay:        4.530ns  (logic 0.996ns (21.987%)  route 3.534ns (78.013%))
  Logic Levels:           2  (LUT2=1 LUT6=1)
  Clock Uncertainty:      0.025ns  ((TSJ^2 + TIJ^2)^1/2 + DJ) / 2 + PE
    Total System Jitter     (TSJ):    0.050ns
    Total Input Jitter      (TIJ):    0.000ns
    Discrete Jitter          (DJ):    0.000ns
    Phase Error              (PE):    0.000ns

    Location             Delay type                Incr(ns)  Path(ns)    Netlist Resource(s)
  -------------------------------------------------------------------    -------------------
                         (clock ap_clk rise edge)     0.000     0.000 r  
                                                      0.000     0.000 r  ap_clk (IN)
                         net (fo=41, unset)           0.973     0.973    bd_0_i/hls_inst/inst/ap_clk
    SLICE_X34Y76         FDSE                                         r  bd_0_i/hls_inst/inst/ap_CS_fsm_reg[0]/C
  -------------------------------------------------------------------    -------------------
    SLICE_X34Y76         FDSE (Prop_fdse_C_Q)         0.518     1.491 r  bd_0_i/hls_inst/inst/ap_CS_fsm_reg[0]/Q
                         net (fo=44, routed)          1.754     3.245    bd_0_i/hls_inst/inst/ap_CS_fsm_pp0_stage0
    SLICE_X34Y75         LUT2 (Prop_lut2_I1_O)        0.150     3.395 r  bd_0_i/hls_inst/inst/a_address0[3]_INST_0_i_1/O
                         net (fo=3, routed)           0.807     4.202    bd_0_i/hls_inst/inst/reg_1511
    SLICE_X33Y74         LUT6 (Prop_lut6_I4_O)        0.328     4.530 r  bd_0_i/hls_inst/inst/a_address0[2]_INST_0/O
                         net (fo=0)                   0.973     5.503    a_address0[2]
                                                                      r  a_address0[2] (OUT)
  -------------------------------------------------------------------    -------------------

Slack:                    inf
  Source:                 bd_0_i/hls_inst/inst/ap_CS_fsm_reg[0]/C
                            (rising edge-triggered cell FDSE clocked by ap_clk  {rise@0.000ns fall@5.000ns period=10.000ns})
  Destination:            a_address0[1]
                            (output port)
  Path Group:             (none)
  Path Type:              Max at Slow Process Corner
  Data Path Delay:        4.251ns  (logic 0.996ns (23.430%)  route 3.255ns (76.570%))
  Logic Levels:           2  (LUT2=1 LUT6=1)
  Clock Uncertainty:      0.025ns  ((TSJ^2 + TIJ^2)^1/2 + DJ) / 2 + PE
    Total System Jitter     (TSJ):    0.050ns
    Total Input Jitter      (TIJ):    0.000ns
    Discrete Jitter          (DJ):    0.000ns
    Phase Error              (PE):    0.000ns

    Location             Delay type                Incr(ns)  Path(ns)    Netlist Resource(s)
  -------------------------------------------------------------------    -------------------
                         (clock ap_clk rise edge)     0.000     0.000 r  
                                                      0.000     0.000 r  ap_clk (IN)
                         net (fo=41, unset)           0.973     0.973    bd_0_i/hls_inst/inst/ap_clk
    SLICE_X34Y76         FDSE                                         r  bd_0_i/hls_inst/inst/ap_CS_fsm_reg[0]/C
  -------------------------------------------------------------------    -------------------
    SLICE_X34Y76         FDSE (Prop_fdse_C_Q)         0.518     1.491 r  bd_0_i/hls_inst/inst/ap_CS_fsm_reg[0]/Q
                         net (fo=44, routed)          1.754     3.245    bd_0_i/hls_inst/inst/ap_CS_fsm_pp0_stage0
    SLICE_X34Y75         LUT2 (Prop_lut2_I1_O)        0.150     3.395 r  bd_0_i/hls_inst/inst/a_address0[3]_INST_0_i_1/O
                         net (fo=3, routed)           0.528     3.923    bd_0_i/hls_inst/inst/reg_1511
    SLICE_X33Y74         LUT6 (Prop_lut6_I1_O)        0.328     4.251 r  bd_0_i/hls_inst/inst/a_address0[1]_INST_0/O
                         net (fo=0)                   0.973     5.224    a_address0[1]
                                                                      r  a_address0[1] (OUT)
  -------------------------------------------------------------------    -------------------

Slack:                    inf
  Source:                 bd_0_i/hls_inst/inst/ap_CS_fsm_reg[0]/C
                            (rising edge-triggered cell FDSE clocked by ap_clk  {rise@0.000ns fall@5.000ns period=10.000ns})
  Destination:            b_address0[1]
                            (output port)
  Path Group:             (none)
  Path Type:              Max at Slow Process Corner
  Data Path Delay:        3.723ns  (logic 0.670ns (17.994%)  route 3.053ns (82.006%))
  Logic Levels:           1  (LUT4=1)
  Clock Uncertainty:      0.025ns  ((TSJ^2 + TIJ^2)^1/2 + DJ) / 2 + PE
    Total System Jitter     (TSJ):    0.050ns
    Total Input Jitter      (TIJ):    0.000ns
    Discrete Jitter          (DJ):    0.000ns
    Phase Error              (PE):    0.000ns

    Location             Delay type                Incr(ns)  Path(ns)    Netlist Resource(s)
  -------------------------------------------------------------------    -------------------
                         (clock ap_clk rise edge)     0.000     0.000 r  
                                                      0.000     0.000 r  ap_clk (IN)
                         net (fo=41, unset)           0.973     0.973    bd_0_i/hls_inst/inst/ap_clk
    SLICE_X34Y76         FDSE                                         r  bd_0_i/hls_inst/inst/ap_CS_fsm_reg[0]/C
  -------------------------------------------------------------------    -------------------
    SLICE_X34Y76         FDSE (Prop_fdse_C_Q)         0.518     1.491 r  bd_0_i/hls_inst/inst/ap_CS_fsm_reg[0]/Q
                         net (fo=44, routed)          2.080     3.571    bd_0_i/hls_inst/inst/ap_CS_fsm_pp0_stage0
    SLICE_X35Y75         LUT4 (Prop_lut4_I1_O)        0.152     3.723 r  bd_0_i/hls_inst/inst/b_address0[1]_INST_0/O
                         net (fo=0)                   0.973     4.696    b_address0[1]
                                                                      r  b_address0[1] (OUT)
  -------------------------------------------------------------------    -------------------

Slack:                    inf
  Source:                 bd_0_i/hls_inst/inst/ap_CS_fsm_reg[0]/C
                            (rising edge-triggered cell FDSE clocked by ap_clk  {rise@0.000ns fall@5.000ns period=10.000ns})
  Destination:            b_address0[2]
                            (output port)
  Path Group:             (none)
  Path Type:              Max at Slow Process Corner
  Data Path Delay:        3.695ns  (logic 0.642ns (17.373%)  route 3.053ns (82.627%))
  Logic Levels:           1  (LUT4=1)
  Clock Uncertainty:      0.025ns  ((TSJ^2 + TIJ^2)^1/2 + DJ) / 2 + PE
    Total System Jitter     (TSJ):    0.050ns
    Total Input Jitter      (TIJ):    0.000ns
    Discrete Jitter          (DJ):    0.000ns
    Phase Error              (PE):    0.000ns

    Location             Delay type                Incr(ns)  Path(ns)    Netlist Resource(s)
  -------------------------------------------------------------------    -------------------
                         (clock ap_clk rise edge)     0.000     0.000 r  
                                                      0.000     0.000 r  ap_clk (IN)
                         net (fo=41, unset)           0.973     0.973    bd_0_i/hls_inst/inst/ap_clk
    SLICE_X34Y76         FDSE                                         r  bd_0_i/hls_inst/inst/ap_CS_fsm_reg[0]/C
  -------------------------------------------------------------------    -------------------
    SLICE_X34Y76         FDSE (Prop_fdse_C_Q)         0.518     1.491 f  bd_0_i/hls_inst/inst/ap_CS_fsm_reg[0]/Q
                         net (fo=44, routed)          2.080     3.571    bd_0_i/hls_inst/inst/ap_CS_fsm_pp0_stage0
    SLICE_X35Y75         LUT4 (Prop_lut4_I2_O)        0.124     3.695 r  bd_0_i/hls_inst/inst/b_address0[2]_INST_0/O
                         net (fo=0)                   0.973     4.668    b_address0[2]
                                                                      r  b_address0[2] (OUT)
  -------------------------------------------------------------------    -------------------

Slack:                    inf
  Source:                 bd_0_i/hls_inst/inst/ap_CS_fsm_reg[0]/C
                            (rising edge-triggered cell FDSE clocked by ap_clk  {rise@0.000ns fall@5.000ns period=10.000ns})
  Destination:            a_ce1
                            (output port)
  Path Group:             (none)
  Path Type:              Max at Slow Process Corner
  Data Path Delay:        3.567ns  (logic 0.670ns (18.783%)  route 2.897ns (81.217%))
  Logic Levels:           1  (LUT4=1)
  Clock Uncertainty:      0.025ns  ((TSJ^2 + TIJ^2)^1/2 + DJ) / 2 + PE
    Total System Jitter     (TSJ):    0.050ns
    Total Input Jitter      (TIJ):    0.000ns
    Discrete Jitter          (DJ):    0.000ns
    Phase Error              (PE):    0.000ns

    Location             Delay type                Incr(ns)  Path(ns)    Netlist Resource(s)
  -------------------------------------------------------------------    -------------------
                         (clock ap_clk rise edge)     0.000     0.000 r  
                                                      0.000     0.000 r  ap_clk (IN)
                         net (fo=41, unset)           0.973     0.973    bd_0_i/hls_inst/inst/ap_clk
    SLICE_X34Y76         FDSE                                         r  bd_0_i/hls_inst/inst/ap_CS_fsm_reg[0]/C
  -------------------------------------------------------------------    -------------------
    SLICE_X34Y76         FDSE (Prop_fdse_C_Q)         0.518     1.491 r  bd_0_i/hls_inst/inst/ap_CS_fsm_reg[0]/Q
                         net (fo=44, routed)          1.924     3.415    bd_0_i/hls_inst/inst/ap_CS_fsm_pp0_stage0
    SLICE_X33Y76         LUT4 (Prop_lut4_I1_O)        0.152     3.567 r  bd_0_i/hls_inst/inst/a_ce1_INST_0/O
                         net (fo=0)                   0.973     4.540    a_ce1
                                                                      r  a_ce1 (OUT)
  -------------------------------------------------------------------    -------------------

Slack:                    inf
  Source:                 bd_0_i/hls_inst/inst/ap_CS_fsm_reg[0]/C
                            (rising edge-triggered cell FDSE clocked by ap_clk  {rise@0.000ns fall@5.000ns period=10.000ns})
  Destination:            ap_ctrl_ready
                            (output port)
  Path Group:             (none)
  Path Type:              Max at Slow Process Corner
  Data Path Delay:        3.539ns  (logic 0.642ns (18.140%)  route 2.897ns (81.860%))
  Logic Levels:           1  (LUT5=1)
  Clock Uncertainty:      0.025ns  ((TSJ^2 + TIJ^2)^1/2 + DJ) / 2 + PE
    Total System Jitter     (TSJ):    0.050ns
    Total Input Jitter      (TIJ):    0.000ns
    Discrete Jitter          (DJ):    0.000ns
    Phase Error              (PE):    0.000ns

    Location             Delay type                Incr(ns)  Path(ns)    Netlist Resource(s)
  -------------------------------------------------------------------    -------------------
                         (clock ap_clk rise edge)     0.000     0.000 r  
                                                      0.000     0.000 r  ap_clk (IN)
                         net (fo=41, unset)           0.973     0.973    bd_0_i/hls_inst/inst/ap_clk
    SLICE_X34Y76         FDSE                                         r  bd_0_i/hls_inst/inst/ap_CS_fsm_reg[0]/C
  -------------------------------------------------------------------    -------------------
    SLICE_X34Y76         FDSE (Prop_fdse_C_Q)         0.518     1.491 r  bd_0_i/hls_inst/inst/ap_CS_fsm_reg[0]/Q
                         net (fo=44, routed)          1.924     3.415    bd_0_i/hls_inst/inst/ap_CS_fsm_pp0_stage0
    SLICE_X33Y76         LUT5 (Prop_lut5_I2_O)        0.124     3.539 r  bd_0_i/hls_inst/inst/ap_ready_INST_0/O
                         net (fo=0)                   0.973     4.512    ap_ctrl_ready
                                                                      r  ap_ctrl_ready (OUT)
  -------------------------------------------------------------------    -------------------

Slack:                    inf
  Source:                 bd_0_i/hls_inst/inst/ap_CS_fsm_reg[0]/C
                            (rising edge-triggered cell FDSE clocked by ap_clk  {rise@0.000ns fall@5.000ns period=10.000ns})
  Destination:            b_ce1
                            (output port)
  Path Group:             (none)
  Path Type:              Max at Slow Process Corner
  Data Path Delay:        3.374ns  (logic 0.642ns (19.027%)  route 2.732ns (80.973%))
  Logic Levels:           1  (LUT2=1)
  Clock Uncertainty:      0.025ns  ((TSJ^2 + TIJ^2)^1/2 + DJ) / 2 + PE
    Total System Jitter     (TSJ):    0.050ns
    Total Input Jitter      (TIJ):    0.000ns
    Discrete Jitter          (DJ):    0.000ns
    Phase Error              (PE):    0.000ns

    Location             Delay type                Incr(ns)  Path(ns)    Netlist Resource(s)
  -------------------------------------------------------------------    -------------------
                         (clock ap_clk rise edge)     0.000     0.000 r  
                                                      0.000     0.000 r  ap_clk (IN)
                         net (fo=41, unset)           0.973     0.973    bd_0_i/hls_inst/inst/ap_clk
    SLICE_X34Y76         FDSE                                         r  bd_0_i/hls_inst/inst/ap_CS_fsm_reg[0]/C
  -------------------------------------------------------------------    -------------------
    SLICE_X34Y76         FDSE (Prop_fdse_C_Q)         0.518     1.491 r  bd_0_i/hls_inst/inst/ap_CS_fsm_reg[0]/Q
                         net (fo=44, routed)          1.759     3.250    bd_0_i/hls_inst/inst/flow_control_loop_pipe_U/ap_loop_init_reg_0[0]
    SLICE_X33Y76         LUT2 (Prop_lut2_I1_O)        0.124     3.374 r  bd_0_i/hls_inst/inst/flow_control_loop_pipe_U/b_ce1_INST_0/O
                         net (fo=1, unset)            0.973     4.347    b_ce1
                                                                      r  b_ce1 (OUT)
  -------------------------------------------------------------------    -------------------

Slack:                    inf
  Source:                 bd_0_i/hls_inst/inst/ap_CS_fsm_reg[0]/C
                            (rising edge-triggered cell FDSE clocked by ap_clk  {rise@0.000ns fall@5.000ns period=10.000ns})
  Destination:            ap_ctrl_done
                            (output port)
  Path Group:             (none)
  Path Type:              Max at Slow Process Corner
  Data Path Delay:        3.176ns  (logic 0.671ns (21.130%)  route 2.505ns (78.869%))
  Logic Levels:           1  (LUT2=1)
  Clock Uncertainty:      0.025ns  ((TSJ^2 + TIJ^2)^1/2 + DJ) / 2 + PE
    Total System Jitter     (TSJ):    0.050ns
    Total Input Jitter      (TIJ):    0.000ns
    Discrete Jitter          (DJ):    0.000ns
    Phase Error              (PE):    0.000ns

    Location             Delay type                Incr(ns)  Path(ns)    Netlist Resource(s)
  -------------------------------------------------------------------    -------------------
                         (clock ap_clk rise edge)     0.000     0.000 r  
                                                      0.000     0.000 r  ap_clk (IN)
                         net (fo=41, unset)           0.973     0.973    bd_0_i/hls_inst/inst/ap_clk
    SLICE_X34Y76         FDSE                                         r  bd_0_i/hls_inst/inst/ap_CS_fsm_reg[0]/C
  -------------------------------------------------------------------    -------------------
    SLICE_X34Y76         FDSE (Prop_fdse_C_Q)         0.518     1.491 r  bd_0_i/hls_inst/inst/ap_CS_fsm_reg[0]/Q
                         net (fo=44, routed)          1.532     3.023    bd_0_i/hls_inst/inst/ap_CS_fsm_pp0_stage0
    SLICE_X35Y76         LUT2 (Prop_lut2_I1_O)        0.153     3.176 r  bd_0_i/hls_inst/inst/ap_done_INST_0/O
                         net (fo=0)                   0.973     4.149    ap_ctrl_done
                                                                      r  ap_ctrl_done (OUT)
  -------------------------------------------------------------------    -------------------

Slack:                    inf
  Source:                 bd_0_i/hls_inst/inst/ap_CS_fsm_reg[0]/C
                            (rising edge-triggered cell FDSE clocked by ap_clk  {rise@0.000ns fall@5.000ns period=10.000ns})
  Destination:            ap_ctrl_idle
                            (output port)
  Path Group:             (none)
  Path Type:              Max at Slow Process Corner
  Data Path Delay:        3.056ns  (logic 0.642ns (21.008%)  route 2.414ns (78.992%))
  Logic Levels:           1  (LUT5=1)
  Clock Uncertainty:      0.025ns  ((TSJ^2 + TIJ^2)^1/2 + DJ) / 2 + PE
    Total System Jitter     (TSJ):    0.050ns
    Total Input Jitter      (TIJ):    0.000ns
    Discrete Jitter          (DJ):    0.000ns
    Phase Error              (PE):    0.000ns

    Location             Delay type                Incr(ns)  Path(ns)    Netlist Resource(s)
  -------------------------------------------------------------------    -------------------
                         (clock ap_clk rise edge)     0.000     0.000 r  
                                                      0.000     0.000 r  ap_clk (IN)
                         net (fo=41, unset)           0.973     0.973    bd_0_i/hls_inst/inst/ap_clk
    SLICE_X34Y76         FDSE                                         r  bd_0_i/hls_inst/inst/ap_CS_fsm_reg[0]/C
  -------------------------------------------------------------------    -------------------
    SLICE_X34Y76         FDSE (Prop_fdse_C_Q)         0.518     1.491 r  bd_0_i/hls_inst/inst/ap_CS_fsm_reg[0]/Q
                         net (fo=44, routed)          1.441     2.932    bd_0_i/hls_inst/inst/ap_CS_fsm_pp0_stage0
    SLICE_X36Y76         LUT5 (Prop_lut5_I1_O)        0.124     3.056 r  bd_0_i/hls_inst/inst/ap_idle_INST_0/O
                         net (fo=0)                   0.973     4.029    ap_ctrl_idle
                                                                      r  ap_ctrl_idle (OUT)
  -------------------------------------------------------------------    -------------------





Min Delay Paths
--------------------------------------------------------------------------------------
Slack:                    inf
  Source:                 bd_0_i/hls_inst/inst/mac_muladd_8s_8s_16ns_16_4_1_U3/matrixmul_mac_muladd_8s_8s_16ns_16_4_1_DSP48_1_U/p_reg_reg/CLK
                            (rising edge-triggered cell DSP48E1 clocked by ap_clk  {rise@0.000ns fall@5.000ns period=10.000ns})
  Destination:            res_d0[0]
                            (output port)
  Path Group:             (none)
  Path Type:              Min at Fast Process Corner
  Data Path Delay:        0.536ns  (logic 0.126ns (23.501%)  route 0.410ns (76.499%))
  Logic Levels:           0  
  Clock Uncertainty:      0.025ns  ((TSJ^2 + TIJ^2)^1/2 + DJ) / 2 + PE
    Total System Jitter     (TSJ):    0.050ns
    Total Input Jitter      (TIJ):    0.000ns
    Discrete Jitter          (DJ):    0.000ns
    Phase Error              (PE):    0.000ns

    Location             Delay type                Incr(ns)  Path(ns)    Netlist Resource(s)
  -------------------------------------------------------------------    -------------------
                         (clock ap_clk rise edge)     0.000     0.000 r  
                                                      0.000     0.000 r  ap_clk (IN)
                         net (fo=41, unset)           0.410     0.410    bd_0_i/hls_inst/inst/mac_muladd_8s_8s_16ns_16_4_1_U3/matrixmul_mac_muladd_8s_8s_16ns_16_4_1_DSP48_1_U/ap_clk
    DSP48_X2Y30          DSP48E1                                      r  bd_0_i/hls_inst/inst/mac_muladd_8s_8s_16ns_16_4_1_U3/matrixmul_mac_muladd_8s_8s_16ns_16_4_1_DSP48_1_U/p_reg_reg/CLK
  -------------------------------------------------------------------    -------------------
    DSP48_X2Y30          DSP48E1 (Prop_dsp48e1_CLK_P[0])
                                                      0.126     0.536 r  bd_0_i/hls_inst/inst/mac_muladd_8s_8s_16ns_16_4_1_U3/matrixmul_mac_muladd_8s_8s_16ns_16_4_1_DSP48_1_U/p_reg_reg/P[0]
                         net (fo=0)                   0.410     0.946    res_d0[0]
                                                                      r  res_d0[0] (OUT)
  -------------------------------------------------------------------    -------------------

Slack:                    inf
  Source:                 bd_0_i/hls_inst/inst/mac_muladd_8s_8s_16ns_16_4_1_U3/matrixmul_mac_muladd_8s_8s_16ns_16_4_1_DSP48_1_U/p_reg_reg/CLK
                            (rising edge-triggered cell DSP48E1 clocked by ap_clk  {rise@0.000ns fall@5.000ns period=10.000ns})
  Destination:            res_d0[10]
                            (output port)
  Path Group:             (none)
  Path Type:              Min at Fast Process Corner
  Data Path Delay:        0.536ns  (logic 0.126ns (23.501%)  route 0.410ns (76.499%))
  Logic Levels:           0  
  Clock Uncertainty:      0.025ns  ((TSJ^2 + TIJ^2)^1/2 + DJ) / 2 + PE
    Total System Jitter     (TSJ):    0.050ns
    Total Input Jitter      (TIJ):    0.000ns
    Discrete Jitter          (DJ):    0.000ns
    Phase Error              (PE):    0.000ns

    Location             Delay type                Incr(ns)  Path(ns)    Netlist Resource(s)
  -------------------------------------------------------------------    -------------------
                         (clock ap_clk rise edge)     0.000     0.000 r  
                                                      0.000     0.000 r  ap_clk (IN)
                         net (fo=41, unset)           0.410     0.410    bd_0_i/hls_inst/inst/mac_muladd_8s_8s_16ns_16_4_1_U3/matrixmul_mac_muladd_8s_8s_16ns_16_4_1_DSP48_1_U/ap_clk
    DSP48_X2Y30          DSP48E1                                      r  bd_0_i/hls_inst/inst/mac_muladd_8s_8s_16ns_16_4_1_U3/matrixmul_mac_muladd_8s_8s_16ns_16_4_1_DSP48_1_U/p_reg_reg/CLK
  -------------------------------------------------------------------    -------------------
    DSP48_X2Y30          DSP48E1 (Prop_dsp48e1_CLK_P[10])
                                                      0.126     0.536 r  bd_0_i/hls_inst/inst/mac_muladd_8s_8s_16ns_16_4_1_U3/matrixmul_mac_muladd_8s_8s_16ns_16_4_1_DSP48_1_U/p_reg_reg/P[10]
                         net (fo=0)                   0.410     0.946    res_d0[10]
                                                                      r  res_d0[10] (OUT)
  -------------------------------------------------------------------    -------------------

Slack:                    inf
  Source:                 bd_0_i/hls_inst/inst/mac_muladd_8s_8s_16ns_16_4_1_U3/matrixmul_mac_muladd_8s_8s_16ns_16_4_1_DSP48_1_U/p_reg_reg/CLK
                            (rising edge-triggered cell DSP48E1 clocked by ap_clk  {rise@0.000ns fall@5.000ns period=10.000ns})
  Destination:            res_d0[11]
                            (output port)
  Path Group:             (none)
  Path Type:              Min at Fast Process Corner
  Data Path Delay:        0.536ns  (logic 0.126ns (23.501%)  route 0.410ns (76.499%))
  Logic Levels:           0  
  Clock Uncertainty:      0.025ns  ((TSJ^2 + TIJ^2)^1/2 + DJ) / 2 + PE
    Total System Jitter     (TSJ):    0.050ns
    Total Input Jitter      (TIJ):    0.000ns
    Discrete Jitter          (DJ):    0.000ns
    Phase Error              (PE):    0.000ns

    Location             Delay type                Incr(ns)  Path(ns)    Netlist Resource(s)
  -------------------------------------------------------------------    -------------------
                         (clock ap_clk rise edge)     0.000     0.000 r  
                                                      0.000     0.000 r  ap_clk (IN)
                         net (fo=41, unset)           0.410     0.410    bd_0_i/hls_inst/inst/mac_muladd_8s_8s_16ns_16_4_1_U3/matrixmul_mac_muladd_8s_8s_16ns_16_4_1_DSP48_1_U/ap_clk
    DSP48_X2Y30          DSP48E1                                      r  bd_0_i/hls_inst/inst/mac_muladd_8s_8s_16ns_16_4_1_U3/matrixmul_mac_muladd_8s_8s_16ns_16_4_1_DSP48_1_U/p_reg_reg/CLK
  -------------------------------------------------------------------    -------------------
    DSP48_X2Y30          DSP48E1 (Prop_dsp48e1_CLK_P[11])
                                                      0.126     0.536 r  bd_0_i/hls_inst/inst/mac_muladd_8s_8s_16ns_16_4_1_U3/matrixmul_mac_muladd_8s_8s_16ns_16_4_1_DSP48_1_U/p_reg_reg/P[11]
                         net (fo=0)                   0.410     0.946    res_d0[11]
                                                                      r  res_d0[11] (OUT)
  -------------------------------------------------------------------    -------------------

Slack:                    inf
  Source:                 bd_0_i/hls_inst/inst/mac_muladd_8s_8s_16ns_16_4_1_U3/matrixmul_mac_muladd_8s_8s_16ns_16_4_1_DSP48_1_U/p_reg_reg/CLK
                            (rising edge-triggered cell DSP48E1 clocked by ap_clk  {rise@0.000ns fall@5.000ns period=10.000ns})
  Destination:            res_d0[12]
                            (output port)
  Path Group:             (none)
  Path Type:              Min at Fast Process Corner
  Data Path Delay:        0.536ns  (logic 0.126ns (23.501%)  route 0.410ns (76.499%))
  Logic Levels:           0  
  Clock Uncertainty:      0.025ns  ((TSJ^2 + TIJ^2)^1/2 + DJ) / 2 + PE
    Total System Jitter     (TSJ):    0.050ns
    Total Input Jitter      (TIJ):    0.000ns
    Discrete Jitter          (DJ):    0.000ns
    Phase Error              (PE):    0.000ns

    Location             Delay type                Incr(ns)  Path(ns)    Netlist Resource(s)
  -------------------------------------------------------------------    -------------------
                         (clock ap_clk rise edge)     0.000     0.000 r  
                                                      0.000     0.000 r  ap_clk (IN)
                         net (fo=41, unset)           0.410     0.410    bd_0_i/hls_inst/inst/mac_muladd_8s_8s_16ns_16_4_1_U3/matrixmul_mac_muladd_8s_8s_16ns_16_4_1_DSP48_1_U/ap_clk
    DSP48_X2Y30          DSP48E1                                      r  bd_0_i/hls_inst/inst/mac_muladd_8s_8s_16ns_16_4_1_U3/matrixmul_mac_muladd_8s_8s_16ns_16_4_1_DSP48_1_U/p_reg_reg/CLK
  -------------------------------------------------------------------    -------------------
    DSP48_X2Y30          DSP48E1 (Prop_dsp48e1_CLK_P[12])
                                                      0.126     0.536 r  bd_0_i/hls_inst/inst/mac_muladd_8s_8s_16ns_16_4_1_U3/matrixmul_mac_muladd_8s_8s_16ns_16_4_1_DSP48_1_U/p_reg_reg/P[12]
                         net (fo=0)                   0.410     0.946    res_d0[12]
                                                                      r  res_d0[12] (OUT)
  -------------------------------------------------------------------    -------------------

Slack:                    inf
  Source:                 bd_0_i/hls_inst/inst/mac_muladd_8s_8s_16ns_16_4_1_U3/matrixmul_mac_muladd_8s_8s_16ns_16_4_1_DSP48_1_U/p_reg_reg/CLK
                            (rising edge-triggered cell DSP48E1 clocked by ap_clk  {rise@0.000ns fall@5.000ns period=10.000ns})
  Destination:            res_d0[13]
                            (output port)
  Path Group:             (none)
  Path Type:              Min at Fast Process Corner
  Data Path Delay:        0.536ns  (logic 0.126ns (23.501%)  route 0.410ns (76.499%))
  Logic Levels:           0  
  Clock Uncertainty:      0.025ns  ((TSJ^2 + TIJ^2)^1/2 + DJ) / 2 + PE
    Total System Jitter     (TSJ):    0.050ns
    Total Input Jitter      (TIJ):    0.000ns
    Discrete Jitter          (DJ):    0.000ns
    Phase Error              (PE):    0.000ns

    Location             Delay type                Incr(ns)  Path(ns)    Netlist Resource(s)
  -------------------------------------------------------------------    -------------------
                         (clock ap_clk rise edge)     0.000     0.000 r  
                                                      0.000     0.000 r  ap_clk (IN)
                         net (fo=41, unset)           0.410     0.410    bd_0_i/hls_inst/inst/mac_muladd_8s_8s_16ns_16_4_1_U3/matrixmul_mac_muladd_8s_8s_16ns_16_4_1_DSP48_1_U/ap_clk
    DSP48_X2Y30          DSP48E1                                      r  bd_0_i/hls_inst/inst/mac_muladd_8s_8s_16ns_16_4_1_U3/matrixmul_mac_muladd_8s_8s_16ns_16_4_1_DSP48_1_U/p_reg_reg/CLK
  -------------------------------------------------------------------    -------------------
    DSP48_X2Y30          DSP48E1 (Prop_dsp48e1_CLK_P[13])
                                                      0.126     0.536 r  bd_0_i/hls_inst/inst/mac_muladd_8s_8s_16ns_16_4_1_U3/matrixmul_mac_muladd_8s_8s_16ns_16_4_1_DSP48_1_U/p_reg_reg/P[13]
                         net (fo=0)                   0.410     0.946    res_d0[13]
                                                                      r  res_d0[13] (OUT)
  -------------------------------------------------------------------    -------------------

Slack:                    inf
  Source:                 bd_0_i/hls_inst/inst/mac_muladd_8s_8s_16ns_16_4_1_U3/matrixmul_mac_muladd_8s_8s_16ns_16_4_1_DSP48_1_U/p_reg_reg/CLK
                            (rising edge-triggered cell DSP48E1 clocked by ap_clk  {rise@0.000ns fall@5.000ns period=10.000ns})
  Destination:            res_d0[14]
                            (output port)
  Path Group:             (none)
  Path Type:              Min at Fast Process Corner
  Data Path Delay:        0.536ns  (logic 0.126ns (23.501%)  route 0.410ns (76.499%))
  Logic Levels:           0  
  Clock Uncertainty:      0.025ns  ((TSJ^2 + TIJ^2)^1/2 + DJ) / 2 + PE
    Total System Jitter     (TSJ):    0.050ns
    Total Input Jitter      (TIJ):    0.000ns
    Discrete Jitter          (DJ):    0.000ns
    Phase Error              (PE):    0.000ns

    Location             Delay type                Incr(ns)  Path(ns)    Netlist Resource(s)
  -------------------------------------------------------------------    -------------------
                         (clock ap_clk rise edge)     0.000     0.000 r  
                                                      0.000     0.000 r  ap_clk (IN)
                         net (fo=41, unset)           0.410     0.410    bd_0_i/hls_inst/inst/mac_muladd_8s_8s_16ns_16_4_1_U3/matrixmul_mac_muladd_8s_8s_16ns_16_4_1_DSP48_1_U/ap_clk
    DSP48_X2Y30          DSP48E1                                      r  bd_0_i/hls_inst/inst/mac_muladd_8s_8s_16ns_16_4_1_U3/matrixmul_mac_muladd_8s_8s_16ns_16_4_1_DSP48_1_U/p_reg_reg/CLK
  -------------------------------------------------------------------    -------------------
    DSP48_X2Y30          DSP48E1 (Prop_dsp48e1_CLK_P[14])
                                                      0.126     0.536 r  bd_0_i/hls_inst/inst/mac_muladd_8s_8s_16ns_16_4_1_U3/matrixmul_mac_muladd_8s_8s_16ns_16_4_1_DSP48_1_U/p_reg_reg/P[14]
                         net (fo=0)                   0.410     0.946    res_d0[14]
                                                                      r  res_d0[14] (OUT)
  -------------------------------------------------------------------    -------------------

Slack:                    inf
  Source:                 bd_0_i/hls_inst/inst/mac_muladd_8s_8s_16ns_16_4_1_U3/matrixmul_mac_muladd_8s_8s_16ns_16_4_1_DSP48_1_U/p_reg_reg/CLK
                            (rising edge-triggered cell DSP48E1 clocked by ap_clk  {rise@0.000ns fall@5.000ns period=10.000ns})
  Destination:            res_d0[15]
                            (output port)
  Path Group:             (none)
  Path Type:              Min at Fast Process Corner
  Data Path Delay:        0.536ns  (logic 0.126ns (23.501%)  route 0.410ns (76.499%))
  Logic Levels:           0  
  Clock Uncertainty:      0.025ns  ((TSJ^2 + TIJ^2)^1/2 + DJ) / 2 + PE
    Total System Jitter     (TSJ):    0.050ns
    Total Input Jitter      (TIJ):    0.000ns
    Discrete Jitter          (DJ):    0.000ns
    Phase Error              (PE):    0.000ns

    Location             Delay type                Incr(ns)  Path(ns)    Netlist Resource(s)
  -------------------------------------------------------------------    -------------------
                         (clock ap_clk rise edge)     0.000     0.000 r  
                                                      0.000     0.000 r  ap_clk (IN)
                         net (fo=41, unset)           0.410     0.410    bd_0_i/hls_inst/inst/mac_muladd_8s_8s_16ns_16_4_1_U3/matrixmul_mac_muladd_8s_8s_16ns_16_4_1_DSP48_1_U/ap_clk
    DSP48_X2Y30          DSP48E1                                      r  bd_0_i/hls_inst/inst/mac_muladd_8s_8s_16ns_16_4_1_U3/matrixmul_mac_muladd_8s_8s_16ns_16_4_1_DSP48_1_U/p_reg_reg/CLK
  -------------------------------------------------------------------    -------------------
    DSP48_X2Y30          DSP48E1 (Prop_dsp48e1_CLK_P[15])
                                                      0.126     0.536 r  bd_0_i/hls_inst/inst/mac_muladd_8s_8s_16ns_16_4_1_U3/matrixmul_mac_muladd_8s_8s_16ns_16_4_1_DSP48_1_U/p_reg_reg/P[15]
                         net (fo=0)                   0.410     0.946    res_d0[15]
                                                                      r  res_d0[15] (OUT)
  -------------------------------------------------------------------    -------------------

Slack:                    inf
  Source:                 bd_0_i/hls_inst/inst/mac_muladd_8s_8s_16ns_16_4_1_U3/matrixmul_mac_muladd_8s_8s_16ns_16_4_1_DSP48_1_U/p_reg_reg/CLK
                            (rising edge-triggered cell DSP48E1 clocked by ap_clk  {rise@0.000ns fall@5.000ns period=10.000ns})
  Destination:            res_d0[1]
                            (output port)
  Path Group:             (none)
  Path Type:              Min at Fast Process Corner
  Data Path Delay:        0.536ns  (logic 0.126ns (23.501%)  route 0.410ns (76.499%))
  Logic Levels:           0  
  Clock Uncertainty:      0.025ns  ((TSJ^2 + TIJ^2)^1/2 + DJ) / 2 + PE
    Total System Jitter     (TSJ):    0.050ns
    Total Input Jitter      (TIJ):    0.000ns
    Discrete Jitter          (DJ):    0.000ns
    Phase Error              (PE):    0.000ns

    Location             Delay type                Incr(ns)  Path(ns)    Netlist Resource(s)
  -------------------------------------------------------------------    -------------------
                         (clock ap_clk rise edge)     0.000     0.000 r  
                                                      0.000     0.000 r  ap_clk (IN)
                         net (fo=41, unset)           0.410     0.410    bd_0_i/hls_inst/inst/mac_muladd_8s_8s_16ns_16_4_1_U3/matrixmul_mac_muladd_8s_8s_16ns_16_4_1_DSP48_1_U/ap_clk
    DSP48_X2Y30          DSP48E1                                      r  bd_0_i/hls_inst/inst/mac_muladd_8s_8s_16ns_16_4_1_U3/matrixmul_mac_muladd_8s_8s_16ns_16_4_1_DSP48_1_U/p_reg_reg/CLK
  -------------------------------------------------------------------    -------------------
    DSP48_X2Y30          DSP48E1 (Prop_dsp48e1_CLK_P[1])
                                                      0.126     0.536 r  bd_0_i/hls_inst/inst/mac_muladd_8s_8s_16ns_16_4_1_U3/matrixmul_mac_muladd_8s_8s_16ns_16_4_1_DSP48_1_U/p_reg_reg/P[1]
                         net (fo=0)                   0.410     0.946    res_d0[1]
                                                                      r  res_d0[1] (OUT)
  -------------------------------------------------------------------    -------------------

Slack:                    inf
  Source:                 bd_0_i/hls_inst/inst/mac_muladd_8s_8s_16ns_16_4_1_U3/matrixmul_mac_muladd_8s_8s_16ns_16_4_1_DSP48_1_U/p_reg_reg/CLK
                            (rising edge-triggered cell DSP48E1 clocked by ap_clk  {rise@0.000ns fall@5.000ns period=10.000ns})
  Destination:            res_d0[2]
                            (output port)
  Path Group:             (none)
  Path Type:              Min at Fast Process Corner
  Data Path Delay:        0.536ns  (logic 0.126ns (23.501%)  route 0.410ns (76.499%))
  Logic Levels:           0  
  Clock Uncertainty:      0.025ns  ((TSJ^2 + TIJ^2)^1/2 + DJ) / 2 + PE
    Total System Jitter     (TSJ):    0.050ns
    Total Input Jitter      (TIJ):    0.000ns
    Discrete Jitter          (DJ):    0.000ns
    Phase Error              (PE):    0.000ns

    Location             Delay type                Incr(ns)  Path(ns)    Netlist Resource(s)
  -------------------------------------------------------------------    -------------------
                         (clock ap_clk rise edge)     0.000     0.000 r  
                                                      0.000     0.000 r  ap_clk (IN)
                         net (fo=41, unset)           0.410     0.410    bd_0_i/hls_inst/inst/mac_muladd_8s_8s_16ns_16_4_1_U3/matrixmul_mac_muladd_8s_8s_16ns_16_4_1_DSP48_1_U/ap_clk
    DSP48_X2Y30          DSP48E1                                      r  bd_0_i/hls_inst/inst/mac_muladd_8s_8s_16ns_16_4_1_U3/matrixmul_mac_muladd_8s_8s_16ns_16_4_1_DSP48_1_U/p_reg_reg/CLK
  -------------------------------------------------------------------    -------------------
    DSP48_X2Y30          DSP48E1 (Prop_dsp48e1_CLK_P[2])
                                                      0.126     0.536 r  bd_0_i/hls_inst/inst/mac_muladd_8s_8s_16ns_16_4_1_U3/matrixmul_mac_muladd_8s_8s_16ns_16_4_1_DSP48_1_U/p_reg_reg/P[2]
                         net (fo=0)                   0.410     0.946    res_d0[2]
                                                                      r  res_d0[2] (OUT)
  -------------------------------------------------------------------    -------------------

Slack:                    inf
  Source:                 bd_0_i/hls_inst/inst/mac_muladd_8s_8s_16ns_16_4_1_U3/matrixmul_mac_muladd_8s_8s_16ns_16_4_1_DSP48_1_U/p_reg_reg/CLK
                            (rising edge-triggered cell DSP48E1 clocked by ap_clk  {rise@0.000ns fall@5.000ns period=10.000ns})
  Destination:            res_d0[3]
                            (output port)
  Path Group:             (none)
  Path Type:              Min at Fast Process Corner
  Data Path Delay:        0.536ns  (logic 0.126ns (23.501%)  route 0.410ns (76.499%))
  Logic Levels:           0  
  Clock Uncertainty:      0.025ns  ((TSJ^2 + TIJ^2)^1/2 + DJ) / 2 + PE
    Total System Jitter     (TSJ):    0.050ns
    Total Input Jitter      (TIJ):    0.000ns
    Discrete Jitter          (DJ):    0.000ns
    Phase Error              (PE):    0.000ns

    Location             Delay type                Incr(ns)  Path(ns)    Netlist Resource(s)
  -------------------------------------------------------------------    -------------------
                         (clock ap_clk rise edge)     0.000     0.000 r  
                                                      0.000     0.000 r  ap_clk (IN)
                         net (fo=41, unset)           0.410     0.410    bd_0_i/hls_inst/inst/mac_muladd_8s_8s_16ns_16_4_1_U3/matrixmul_mac_muladd_8s_8s_16ns_16_4_1_DSP48_1_U/ap_clk
    DSP48_X2Y30          DSP48E1                                      r  bd_0_i/hls_inst/inst/mac_muladd_8s_8s_16ns_16_4_1_U3/matrixmul_mac_muladd_8s_8s_16ns_16_4_1_DSP48_1_U/p_reg_reg/CLK
  -------------------------------------------------------------------    -------------------
    DSP48_X2Y30          DSP48E1 (Prop_dsp48e1_CLK_P[3])
                                                      0.126     0.536 r  bd_0_i/hls_inst/inst/mac_muladd_8s_8s_16ns_16_4_1_U3/matrixmul_mac_muladd_8s_8s_16ns_16_4_1_DSP48_1_U/p_reg_reg/P[3]
                         net (fo=0)                   0.410     0.946    res_d0[3]
                                                                      r  res_d0[3] (OUT)
  -------------------------------------------------------------------    -------------------





--------------------------------------------------------------------------------------
Path Group:  (none)
From Clock:  
  To Clock:  ap_clk

Max Delay           187 Endpoints
Min Delay           187 Endpoints
--------------------------------------------------------------------------------------


Max Delay Paths
--------------------------------------------------------------------------------------
Slack:                    inf
  Source:                 ap_ctrl_start
                            (input port)
  Destination:            bd_0_i/hls_inst/inst/indvar_flatten_fu_68_reg[0]/CE
                            (rising edge-triggered cell FDRE clocked by ap_clk  {rise@0.000ns fall@5.000ns period=10.000ns})
  Path Group:             (none)
  Path Type:              Setup (Max at Slow Process Corner)
  Data Path Delay:        2.777ns  (logic 0.248ns (8.932%)  route 2.529ns (91.068%))
  Logic Levels:           2  (LUT2=1 LUT6=1)
  Clock Path Skew:        0.924ns (DCD - SCD + CPR)
    Destination Clock Delay (DCD):    0.924ns
    Source Clock Delay      (SCD):    0.000ns
    Clock Pessimism Removal (CPR):    0.000ns
  Clock Uncertainty:      0.025ns  ((TSJ^2 + TIJ^2)^1/2 + DJ) / 2 + PE
    Total System Jitter     (TSJ):    0.050ns
    Total Input Jitter      (TIJ):    0.000ns
    Discrete Jitter          (DJ):    0.000ns
    Phase Error              (PE):    0.000ns

    Location             Delay type                Incr(ns)  Path(ns)    Netlist Resource(s)
  -------------------------------------------------------------------    -------------------
                                                      0.000     0.000 r  ap_ctrl_start (IN)
                         net (fo=20, unset)           0.973     0.973    bd_0_i/hls_inst/inst/flow_control_loop_pipe_U/ap_start
    SLICE_X33Y76         LUT2 (Prop_lut2_I0_O)        0.124     1.097 r  bd_0_i/hls_inst/inst/flow_control_loop_pipe_U/b_ce1_INST_0/O
                         net (fo=1, routed)           0.968     2.065    bd_0_i/hls_inst/inst/flow_control_loop_pipe_U/b_ce1
    SLICE_X33Y73         LUT6 (Prop_lut6_I4_O)        0.124     2.189 r  bd_0_i/hls_inst/inst/flow_control_loop_pipe_U/indvar_flatten_fu_68[3]_i_1/O
                         net (fo=4, routed)           0.587     2.777    bd_0_i/hls_inst/inst/indvar_flatten_fu_68
    SLICE_X33Y73         FDRE                                         r  bd_0_i/hls_inst/inst/indvar_flatten_fu_68_reg[0]/CE
  -------------------------------------------------------------------    -------------------

                         (clock ap_clk rise edge)     0.000     0.000 r  
                                                      0.000     0.000 r  ap_clk (IN)
                         net (fo=41, unset)           0.924     0.924    bd_0_i/hls_inst/inst/ap_clk
    SLICE_X33Y73         FDRE                                         r  bd_0_i/hls_inst/inst/indvar_flatten_fu_68_reg[0]/C

Slack:                    inf
  Source:                 ap_ctrl_start
                            (input port)
  Destination:            bd_0_i/hls_inst/inst/indvar_flatten_fu_68_reg[1]/CE
                            (rising edge-triggered cell FDRE clocked by ap_clk  {rise@0.000ns fall@5.000ns period=10.000ns})
  Path Group:             (none)
  Path Type:              Setup (Max at Slow Process Corner)
  Data Path Delay:        2.777ns  (logic 0.248ns (8.932%)  route 2.529ns (91.068%))
  Logic Levels:           2  (LUT2=1 LUT6=1)
  Clock Path Skew:        0.924ns (DCD - SCD + CPR)
    Destination Clock Delay (DCD):    0.924ns
    Source Clock Delay      (SCD):    0.000ns
    Clock Pessimism Removal (CPR):    0.000ns
  Clock Uncertainty:      0.025ns  ((TSJ^2 + TIJ^2)^1/2 + DJ) / 2 + PE
    Total System Jitter     (TSJ):    0.050ns
    Total Input Jitter      (TIJ):    0.000ns
    Discrete Jitter          (DJ):    0.000ns
    Phase Error              (PE):    0.000ns

    Location             Delay type                Incr(ns)  Path(ns)    Netlist Resource(s)
  -------------------------------------------------------------------    -------------------
                                                      0.000     0.000 r  ap_ctrl_start (IN)
                         net (fo=20, unset)           0.973     0.973    bd_0_i/hls_inst/inst/flow_control_loop_pipe_U/ap_start
    SLICE_X33Y76         LUT2 (Prop_lut2_I0_O)        0.124     1.097 r  bd_0_i/hls_inst/inst/flow_control_loop_pipe_U/b_ce1_INST_0/O
                         net (fo=1, routed)           0.968     2.065    bd_0_i/hls_inst/inst/flow_control_loop_pipe_U/b_ce1
    SLICE_X33Y73         LUT6 (Prop_lut6_I4_O)        0.124     2.189 r  bd_0_i/hls_inst/inst/flow_control_loop_pipe_U/indvar_flatten_fu_68[3]_i_1/O
                         net (fo=4, routed)           0.587     2.777    bd_0_i/hls_inst/inst/indvar_flatten_fu_68
    SLICE_X33Y73         FDRE                                         r  bd_0_i/hls_inst/inst/indvar_flatten_fu_68_reg[1]/CE
  -------------------------------------------------------------------    -------------------

                         (clock ap_clk rise edge)     0.000     0.000 r  
                                                      0.000     0.000 r  ap_clk (IN)
                         net (fo=41, unset)           0.924     0.924    bd_0_i/hls_inst/inst/ap_clk
    SLICE_X33Y73         FDRE                                         r  bd_0_i/hls_inst/inst/indvar_flatten_fu_68_reg[1]/C

Slack:                    inf
  Source:                 ap_ctrl_start
                            (input port)
  Destination:            bd_0_i/hls_inst/inst/indvar_flatten_fu_68_reg[2]/CE
                            (rising edge-triggered cell FDRE clocked by ap_clk  {rise@0.000ns fall@5.000ns period=10.000ns})
  Path Group:             (none)
  Path Type:              Setup (Max at Slow Process Corner)
  Data Path Delay:        2.777ns  (logic 0.248ns (8.932%)  route 2.529ns (91.068%))
  Logic Levels:           2  (LUT2=1 LUT6=1)
  Clock Path Skew:        0.924ns (DCD - SCD + CPR)
    Destination Clock Delay (DCD):    0.924ns
    Source Clock Delay      (SCD):    0.000ns
    Clock Pessimism Removal (CPR):    0.000ns
  Clock Uncertainty:      0.025ns  ((TSJ^2 + TIJ^2)^1/2 + DJ) / 2 + PE
    Total System Jitter     (TSJ):    0.050ns
    Total Input Jitter      (TIJ):    0.000ns
    Discrete Jitter          (DJ):    0.000ns
    Phase Error              (PE):    0.000ns

    Location             Delay type                Incr(ns)  Path(ns)    Netlist Resource(s)
  -------------------------------------------------------------------    -------------------
                                                      0.000     0.000 r  ap_ctrl_start (IN)
                         net (fo=20, unset)           0.973     0.973    bd_0_i/hls_inst/inst/flow_control_loop_pipe_U/ap_start
    SLICE_X33Y76         LUT2 (Prop_lut2_I0_O)        0.124     1.097 r  bd_0_i/hls_inst/inst/flow_control_loop_pipe_U/b_ce1_INST_0/O
                         net (fo=1, routed)           0.968     2.065    bd_0_i/hls_inst/inst/flow_control_loop_pipe_U/b_ce1
    SLICE_X33Y73         LUT6 (Prop_lut6_I4_O)        0.124     2.189 r  bd_0_i/hls_inst/inst/flow_control_loop_pipe_U/indvar_flatten_fu_68[3]_i_1/O
                         net (fo=4, routed)           0.587     2.777    bd_0_i/hls_inst/inst/indvar_flatten_fu_68
    SLICE_X33Y73         FDRE                                         r  bd_0_i/hls_inst/inst/indvar_flatten_fu_68_reg[2]/CE
  -------------------------------------------------------------------    -------------------

                         (clock ap_clk rise edge)     0.000     0.000 r  
                                                      0.000     0.000 r  ap_clk (IN)
                         net (fo=41, unset)           0.924     0.924    bd_0_i/hls_inst/inst/ap_clk
    SLICE_X33Y73         FDRE                                         r  bd_0_i/hls_inst/inst/indvar_flatten_fu_68_reg[2]/C

Slack:                    inf
  Source:                 ap_ctrl_start
                            (input port)
  Destination:            bd_0_i/hls_inst/inst/indvar_flatten_fu_68_reg[3]/CE
                            (rising edge-triggered cell FDRE clocked by ap_clk  {rise@0.000ns fall@5.000ns period=10.000ns})
  Path Group:             (none)
  Path Type:              Setup (Max at Slow Process Corner)
  Data Path Delay:        2.777ns  (logic 0.248ns (8.932%)  route 2.529ns (91.068%))
  Logic Levels:           2  (LUT2=1 LUT6=1)
  Clock Path Skew:        0.924ns (DCD - SCD + CPR)
    Destination Clock Delay (DCD):    0.924ns
    Source Clock Delay      (SCD):    0.000ns
    Clock Pessimism Removal (CPR):    0.000ns
  Clock Uncertainty:      0.025ns  ((TSJ^2 + TIJ^2)^1/2 + DJ) / 2 + PE
    Total System Jitter     (TSJ):    0.050ns
    Total Input Jitter      (TIJ):    0.000ns
    Discrete Jitter          (DJ):    0.000ns
    Phase Error              (PE):    0.000ns

    Location             Delay type                Incr(ns)  Path(ns)    Netlist Resource(s)
  -------------------------------------------------------------------    -------------------
                                                      0.000     0.000 r  ap_ctrl_start (IN)
                         net (fo=20, unset)           0.973     0.973    bd_0_i/hls_inst/inst/flow_control_loop_pipe_U/ap_start
    SLICE_X33Y76         LUT2 (Prop_lut2_I0_O)        0.124     1.097 r  bd_0_i/hls_inst/inst/flow_control_loop_pipe_U/b_ce1_INST_0/O
                         net (fo=1, routed)           0.968     2.065    bd_0_i/hls_inst/inst/flow_control_loop_pipe_U/b_ce1
    SLICE_X33Y73         LUT6 (Prop_lut6_I4_O)        0.124     2.189 r  bd_0_i/hls_inst/inst/flow_control_loop_pipe_U/indvar_flatten_fu_68[3]_i_1/O
                         net (fo=4, routed)           0.587     2.777    bd_0_i/hls_inst/inst/indvar_flatten_fu_68
    SLICE_X33Y73         FDRE                                         r  bd_0_i/hls_inst/inst/indvar_flatten_fu_68_reg[3]/CE
  -------------------------------------------------------------------    -------------------

                         (clock ap_clk rise edge)     0.000     0.000 r  
                                                      0.000     0.000 r  ap_clk (IN)
                         net (fo=41, unset)           0.924     0.924    bd_0_i/hls_inst/inst/ap_clk
    SLICE_X33Y73         FDRE                                         r  bd_0_i/hls_inst/inst/indvar_flatten_fu_68_reg[3]/C

Slack:                    inf
  Source:                 ap_ctrl_start
                            (input port)
  Destination:            bd_0_i/hls_inst/inst/indvar_flatten_fu_68_reg[2]/D
                            (rising edge-triggered cell FDRE clocked by ap_clk  {rise@0.000ns fall@5.000ns period=10.000ns})
  Path Group:             (none)
  Path Type:              Setup (Max at Slow Process Corner)
  Data Path Delay:        2.605ns  (logic 0.274ns (10.520%)  route 2.331ns (89.480%))
  Logic Levels:           2  (LUT3=1 LUT4=1)
  Clock Path Skew:        0.924ns (DCD - SCD + CPR)
    Destination Clock Delay (DCD):    0.924ns
    Source Clock Delay      (SCD):    0.000ns
    Clock Pessimism Removal (CPR):    0.000ns
  Clock Uncertainty:      0.025ns  ((TSJ^2 + TIJ^2)^1/2 + DJ) / 2 + PE
    Total System Jitter     (TSJ):    0.050ns
    Total Input Jitter      (TIJ):    0.000ns
    Discrete Jitter          (DJ):    0.000ns
    Phase Error              (PE):    0.000ns

    Location             Delay type                Incr(ns)  Path(ns)    Netlist Resource(s)
  -------------------------------------------------------------------    -------------------
                                                      0.000     0.000 f  ap_ctrl_start (IN)
                         net (fo=20, unset)           0.973     0.973    bd_0_i/hls_inst/inst/flow_control_loop_pipe_U/ap_start
    SLICE_X35Y73         LUT3 (Prop_lut3_I2_O)        0.124     1.097 r  bd_0_i/hls_inst/inst/flow_control_loop_pipe_U/indvar_flatten_fu_68[3]_i_3/O
                         net (fo=6, routed)           0.732     1.829    bd_0_i/hls_inst/inst/flow_control_loop_pipe_U/indvar_flatten_fu_68[3]_i_3_n_2
    SLICE_X34Y73         LUT4 (Prop_lut4_I1_O)        0.150     1.979 r  bd_0_i/hls_inst/inst/flow_control_loop_pipe_U/indvar_flatten_fu_68[2]_i_1/O
                         net (fo=1, routed)           0.625     2.605    bd_0_i/hls_inst/inst/flow_control_loop_pipe_U_n_5
    SLICE_X33Y73         FDRE                                         r  bd_0_i/hls_inst/inst/indvar_flatten_fu_68_reg[2]/D
  -------------------------------------------------------------------    -------------------

                         (clock ap_clk rise edge)     0.000     0.000 r  
                                                      0.000     0.000 r  ap_clk (IN)
                         net (fo=41, unset)           0.924     0.924    bd_0_i/hls_inst/inst/ap_clk
    SLICE_X33Y73         FDRE                                         r  bd_0_i/hls_inst/inst/indvar_flatten_fu_68_reg[2]/C

Slack:                    inf
  Source:                 ap_ctrl_start
                            (input port)
  Destination:            bd_0_i/hls_inst/inst/add_ln37_reg_443_reg[1]/CE
                            (rising edge-triggered cell FDRE clocked by ap_clk  {rise@0.000ns fall@5.000ns period=10.000ns})
  Path Group:             (none)
  Path Type:              Setup (Max at Slow Process Corner)
  Data Path Delay:        2.476ns  (logic 0.248ns (10.018%)  route 2.228ns (89.982%))
  Logic Levels:           2  (LUT3=1 LUT6=1)
  Clock Path Skew:        0.924ns (DCD - SCD + CPR)
    Destination Clock Delay (DCD):    0.924ns
    Source Clock Delay      (SCD):    0.000ns
    Clock Pessimism Removal (CPR):    0.000ns
  Clock Uncertainty:      0.025ns  ((TSJ^2 + TIJ^2)^1/2 + DJ) / 2 + PE
    Total System Jitter     (TSJ):    0.050ns
    Total Input Jitter      (TIJ):    0.000ns
    Discrete Jitter          (DJ):    0.000ns
    Phase Error              (PE):    0.000ns

    Location             Delay type                Incr(ns)  Path(ns)    Netlist Resource(s)
  -------------------------------------------------------------------    -------------------
                                                      0.000     0.000 r  ap_ctrl_start (IN)
                         net (fo=20, unset)           0.973     0.973    bd_0_i/hls_inst/inst/flow_control_loop_pipe_U/ap_start
    SLICE_X35Y73         LUT3 (Prop_lut3_I2_O)        0.124     1.097 f  bd_0_i/hls_inst/inst/flow_control_loop_pipe_U/indvar_flatten_fu_68[3]_i_3/O
                         net (fo=6, routed)           0.693     1.790    bd_0_i/hls_inst/inst/flow_control_loop_pipe_U/indvar_flatten_fu_68[3]_i_3_n_2
    SLICE_X34Y73         LUT6 (Prop_lut6_I3_O)        0.124     1.914 r  bd_0_i/hls_inst/inst/flow_control_loop_pipe_U/icmp_ln39_reg_450[0]_i_1/O
                         net (fo=5, routed)           0.562     2.476    bd_0_i/hls_inst/inst/add_ln37_reg_4430
    SLICE_X35Y74         FDRE                                         r  bd_0_i/hls_inst/inst/add_ln37_reg_443_reg[1]/CE
  -------------------------------------------------------------------    -------------------

                         (clock ap_clk rise edge)     0.000     0.000 r  
                                                      0.000     0.000 r  ap_clk (IN)
                         net (fo=41, unset)           0.924     0.924    bd_0_i/hls_inst/inst/ap_clk
    SLICE_X35Y74         FDRE                                         r  bd_0_i/hls_inst/inst/add_ln37_reg_443_reg[1]/C

Slack:                    inf
  Source:                 ap_ctrl_start
                            (input port)
  Destination:            bd_0_i/hls_inst/inst/icmp_ln39_reg_450_reg[0]/CE
                            (rising edge-triggered cell FDRE clocked by ap_clk  {rise@0.000ns fall@5.000ns period=10.000ns})
  Path Group:             (none)
  Path Type:              Setup (Max at Slow Process Corner)
  Data Path Delay:        2.476ns  (logic 0.248ns (10.018%)  route 2.228ns (89.982%))
  Logic Levels:           2  (LUT3=1 LUT6=1)
  Clock Path Skew:        0.924ns (DCD - SCD + CPR)
    Destination Clock Delay (DCD):    0.924ns
    Source Clock Delay      (SCD):    0.000ns
    Clock Pessimism Removal (CPR):    0.000ns
  Clock Uncertainty:      0.025ns  ((TSJ^2 + TIJ^2)^1/2 + DJ) / 2 + PE
    Total System Jitter     (TSJ):    0.050ns
    Total Input Jitter      (TIJ):    0.000ns
    Discrete Jitter          (DJ):    0.000ns
    Phase Error              (PE):    0.000ns

    Location             Delay type                Incr(ns)  Path(ns)    Netlist Resource(s)
  -------------------------------------------------------------------    -------------------
                                                      0.000     0.000 r  ap_ctrl_start (IN)
                         net (fo=20, unset)           0.973     0.973    bd_0_i/hls_inst/inst/flow_control_loop_pipe_U/ap_start
    SLICE_X35Y73         LUT3 (Prop_lut3_I2_O)        0.124     1.097 f  bd_0_i/hls_inst/inst/flow_control_loop_pipe_U/indvar_flatten_fu_68[3]_i_3/O
                         net (fo=6, routed)           0.693     1.790    bd_0_i/hls_inst/inst/flow_control_loop_pipe_U/indvar_flatten_fu_68[3]_i_3_n_2
    SLICE_X34Y73         LUT6 (Prop_lut6_I3_O)        0.124     1.914 r  bd_0_i/hls_inst/inst/flow_control_loop_pipe_U/icmp_ln39_reg_450[0]_i_1/O
                         net (fo=5, routed)           0.562     2.476    bd_0_i/hls_inst/inst/add_ln37_reg_4430
    SLICE_X35Y74         FDRE                                         r  bd_0_i/hls_inst/inst/icmp_ln39_reg_450_reg[0]/CE
  -------------------------------------------------------------------    -------------------

                         (clock ap_clk rise edge)     0.000     0.000 r  
                                                      0.000     0.000 r  ap_clk (IN)
                         net (fo=41, unset)           0.924     0.924    bd_0_i/hls_inst/inst/ap_clk
    SLICE_X35Y74         FDRE                                         r  bd_0_i/hls_inst/inst/icmp_ln39_reg_450_reg[0]/C

Slack:                    inf
  Source:                 ap_ctrl_start
                            (input port)
  Destination:            bd_0_i/hls_inst/inst/select_ln37_reg_456_reg[0]/CE
                            (rising edge-triggered cell FDRE clocked by ap_clk  {rise@0.000ns fall@5.000ns period=10.000ns})
  Path Group:             (none)
  Path Type:              Setup (Max at Slow Process Corner)
  Data Path Delay:        2.476ns  (logic 0.248ns (10.018%)  route 2.228ns (89.982%))
  Logic Levels:           2  (LUT3=1 LUT6=1)
  Clock Path Skew:        0.924ns (DCD - SCD + CPR)
    Destination Clock Delay (DCD):    0.924ns
    Source Clock Delay      (SCD):    0.000ns
    Clock Pessimism Removal (CPR):    0.000ns
  Clock Uncertainty:      0.025ns  ((TSJ^2 + TIJ^2)^1/2 + DJ) / 2 + PE
    Total System Jitter     (TSJ):    0.050ns
    Total Input Jitter      (TIJ):    0.000ns
    Discrete Jitter          (DJ):    0.000ns
    Phase Error              (PE):    0.000ns

    Location             Delay type                Incr(ns)  Path(ns)    Netlist Resource(s)
  -------------------------------------------------------------------    -------------------
                                                      0.000     0.000 r  ap_ctrl_start (IN)
                         net (fo=20, unset)           0.973     0.973    bd_0_i/hls_inst/inst/flow_control_loop_pipe_U/ap_start
    SLICE_X35Y73         LUT3 (Prop_lut3_I2_O)        0.124     1.097 f  bd_0_i/hls_inst/inst/flow_control_loop_pipe_U/indvar_flatten_fu_68[3]_i_3/O
                         net (fo=6, routed)           0.693     1.790    bd_0_i/hls_inst/inst/flow_control_loop_pipe_U/indvar_flatten_fu_68[3]_i_3_n_2
    SLICE_X34Y73         LUT6 (Prop_lut6_I3_O)        0.124     1.914 r  bd_0_i/hls_inst/inst/flow_control_loop_pipe_U/icmp_ln39_reg_450[0]_i_1/O
                         net (fo=5, routed)           0.562     2.476    bd_0_i/hls_inst/inst/add_ln37_reg_4430
    SLICE_X35Y74         FDRE                                         r  bd_0_i/hls_inst/inst/select_ln37_reg_456_reg[0]/CE
  -------------------------------------------------------------------    -------------------

                         (clock ap_clk rise edge)     0.000     0.000 r  
                                                      0.000     0.000 r  ap_clk (IN)
                         net (fo=41, unset)           0.924     0.924    bd_0_i/hls_inst/inst/ap_clk
    SLICE_X35Y74         FDRE                                         r  bd_0_i/hls_inst/inst/select_ln37_reg_456_reg[0]/C

Slack:                    inf
  Source:                 ap_ctrl_start
                            (input port)
  Destination:            bd_0_i/hls_inst/inst/select_ln37_reg_456_reg[1]/CE
                            (rising edge-triggered cell FDRE clocked by ap_clk  {rise@0.000ns fall@5.000ns period=10.000ns})
  Path Group:             (none)
  Path Type:              Setup (Max at Slow Process Corner)
  Data Path Delay:        2.476ns  (logic 0.248ns (10.018%)  route 2.228ns (89.982%))
  Logic Levels:           2  (LUT3=1 LUT6=1)
  Clock Path Skew:        0.924ns (DCD - SCD + CPR)
    Destination Clock Delay (DCD):    0.924ns
    Source Clock Delay      (SCD):    0.000ns
    Clock Pessimism Removal (CPR):    0.000ns
  Clock Uncertainty:      0.025ns  ((TSJ^2 + TIJ^2)^1/2 + DJ) / 2 + PE
    Total System Jitter     (TSJ):    0.050ns
    Total Input Jitter      (TIJ):    0.000ns
    Discrete Jitter          (DJ):    0.000ns
    Phase Error              (PE):    0.000ns

    Location             Delay type                Incr(ns)  Path(ns)    Netlist Resource(s)
  -------------------------------------------------------------------    -------------------
                                                      0.000     0.000 r  ap_ctrl_start (IN)
                         net (fo=20, unset)           0.973     0.973    bd_0_i/hls_inst/inst/flow_control_loop_pipe_U/ap_start
    SLICE_X35Y73         LUT3 (Prop_lut3_I2_O)        0.124     1.097 f  bd_0_i/hls_inst/inst/flow_control_loop_pipe_U/indvar_flatten_fu_68[3]_i_3/O
                         net (fo=6, routed)           0.693     1.790    bd_0_i/hls_inst/inst/flow_control_loop_pipe_U/indvar_flatten_fu_68[3]_i_3_n_2
    SLICE_X34Y73         LUT6 (Prop_lut6_I3_O)        0.124     1.914 r  bd_0_i/hls_inst/inst/flow_control_loop_pipe_U/icmp_ln39_reg_450[0]_i_1/O
                         net (fo=5, routed)           0.562     2.476    bd_0_i/hls_inst/inst/add_ln37_reg_4430
    SLICE_X35Y74         FDRE                                         r  bd_0_i/hls_inst/inst/select_ln37_reg_456_reg[1]/CE
  -------------------------------------------------------------------    -------------------

                         (clock ap_clk rise edge)     0.000     0.000 r  
                                                      0.000     0.000 r  ap_clk (IN)
                         net (fo=41, unset)           0.924     0.924    bd_0_i/hls_inst/inst/ap_clk
    SLICE_X35Y74         FDRE                                         r  bd_0_i/hls_inst/inst/select_ln37_reg_456_reg[1]/C

Slack:                    inf
  Source:                 ap_ctrl_start
                            (input port)
  Destination:            bd_0_i/hls_inst/inst/add_ln37_reg_443_reg[0]/CE
                            (rising edge-triggered cell FDRE clocked by ap_clk  {rise@0.000ns fall@5.000ns period=10.000ns})
  Path Group:             (none)
  Path Type:              Setup (Max at Slow Process Corner)
  Data Path Delay:        2.459ns  (logic 0.248ns (10.085%)  route 2.211ns (89.915%))
  Logic Levels:           2  (LUT3=1 LUT6=1)
  Clock Path Skew:        0.924ns (DCD - SCD + CPR)
    Destination Clock Delay (DCD):    0.924ns
    Source Clock Delay      (SCD):    0.000ns
    Clock Pessimism Removal (CPR):    0.000ns
  Clock Uncertainty:      0.025ns  ((TSJ^2 + TIJ^2)^1/2 + DJ) / 2 + PE
    Total System Jitter     (TSJ):    0.050ns
    Total Input Jitter      (TIJ):    0.000ns
    Discrete Jitter          (DJ):    0.000ns
    Phase Error              (PE):    0.000ns

    Location             Delay type                Incr(ns)  Path(ns)    Netlist Resource(s)
  -------------------------------------------------------------------    -------------------
                                                      0.000     0.000 r  ap_ctrl_start (IN)
                         net (fo=20, unset)           0.973     0.973    bd_0_i/hls_inst/inst/flow_control_loop_pipe_U/ap_start
    SLICE_X35Y73         LUT3 (Prop_lut3_I2_O)        0.124     1.097 f  bd_0_i/hls_inst/inst/flow_control_loop_pipe_U/indvar_flatten_fu_68[3]_i_3/O
                         net (fo=6, routed)           0.693     1.790    bd_0_i/hls_inst/inst/flow_control_loop_pipe_U/indvar_flatten_fu_68[3]_i_3_n_2
    SLICE_X34Y73         LUT6 (Prop_lut6_I3_O)        0.124     1.914 r  bd_0_i/hls_inst/inst/flow_control_loop_pipe_U/icmp_ln39_reg_450[0]_i_1/O
                         net (fo=5, routed)           0.545     2.459    bd_0_i/hls_inst/inst/add_ln37_reg_4430
    SLICE_X33Y74         FDRE                                         r  bd_0_i/hls_inst/inst/add_ln37_reg_443_reg[0]/CE
  -------------------------------------------------------------------    -------------------

                         (clock ap_clk rise edge)     0.000     0.000 r  
                                                      0.000     0.000 r  ap_clk (IN)
                         net (fo=41, unset)           0.924     0.924    bd_0_i/hls_inst/inst/ap_clk
    SLICE_X33Y74         FDRE                                         r  bd_0_i/hls_inst/inst/add_ln37_reg_443_reg[0]/C





Min Delay Paths
--------------------------------------------------------------------------------------
Slack:                    inf
  Source:                 ap_rst
                            (input port)
  Destination:            bd_0_i/hls_inst/inst/ap_CS_fsm_reg[0]/S
                            (rising edge-triggered cell FDSE clocked by ap_clk  {rise@0.000ns fall@5.000ns period=10.000ns})
  Path Group:             (none)
  Path Type:              Hold (Min at Fast Process Corner)
  Data Path Delay:        0.410ns  (logic 0.000ns (0.000%)  route 0.410ns (100.000%))
  Logic Levels:           0  
  Clock Path Skew:        0.432ns (DCD - SCD - CPR)
    Destination Clock Delay (DCD):    0.432ns
    Source Clock Delay      (SCD):    0.000ns
    Clock Pessimism Removal (CPR):    -0.000ns

    Location             Delay type                Incr(ns)  Path(ns)    Netlist Resource(s)
  -------------------------------------------------------------------    -------------------
                                                      0.000     0.000 r  ap_rst (IN)
                         net (fo=6, unset)            0.410     0.410    bd_0_i/hls_inst/inst/ap_rst
    SLICE_X34Y76         FDSE                                         r  bd_0_i/hls_inst/inst/ap_CS_fsm_reg[0]/S
  -------------------------------------------------------------------    -------------------

                         (clock ap_clk rise edge)     0.000     0.000 r  
                                                      0.000     0.000 r  ap_clk (IN)
                         net (fo=41, unset)           0.432     0.432    bd_0_i/hls_inst/inst/ap_clk
    SLICE_X34Y76         FDSE                                         r  bd_0_i/hls_inst/inst/ap_CS_fsm_reg[0]/C

Slack:                    inf
  Source:                 ap_rst
                            (input port)
  Destination:            bd_0_i/hls_inst/inst/ap_CS_fsm_reg[1]/R
                            (rising edge-triggered cell FDRE clocked by ap_clk  {rise@0.000ns fall@5.000ns period=10.000ns})
  Path Group:             (none)
  Path Type:              Hold (Min at Fast Process Corner)
  Data Path Delay:        0.410ns  (logic 0.000ns (0.000%)  route 0.410ns (100.000%))
  Logic Levels:           0  
  Clock Path Skew:        0.432ns (DCD - SCD - CPR)
    Destination Clock Delay (DCD):    0.432ns
    Source Clock Delay      (SCD):    0.000ns
    Clock Pessimism Removal (CPR):    -0.000ns

    Location             Delay type                Incr(ns)  Path(ns)    Netlist Resource(s)
  -------------------------------------------------------------------    -------------------
                                                      0.000     0.000 r  ap_rst (IN)
                         net (fo=6, unset)            0.410     0.410    bd_0_i/hls_inst/inst/ap_rst
    SLICE_X34Y76         FDRE                                         r  bd_0_i/hls_inst/inst/ap_CS_fsm_reg[1]/R
  -------------------------------------------------------------------    -------------------

                         (clock ap_clk rise edge)     0.000     0.000 r  
                                                      0.000     0.000 r  ap_clk (IN)
                         net (fo=41, unset)           0.432     0.432    bd_0_i/hls_inst/inst/ap_clk
    SLICE_X34Y76         FDRE                                         r  bd_0_i/hls_inst/inst/ap_CS_fsm_reg[1]/C

Slack:                    inf
  Source:                 ap_rst
                            (input port)
  Destination:            bd_0_i/hls_inst/inst/ap_enable_reg_pp0_iter0_reg_reg/R
                            (rising edge-triggered cell FDRE clocked by ap_clk  {rise@0.000ns fall@5.000ns period=10.000ns})
  Path Group:             (none)
  Path Type:              Hold (Min at Fast Process Corner)
  Data Path Delay:        0.410ns  (logic 0.000ns (0.000%)  route 0.410ns (100.000%))
  Logic Levels:           0  
  Clock Path Skew:        0.432ns (DCD - SCD - CPR)
    Destination Clock Delay (DCD):    0.432ns
    Source Clock Delay      (SCD):    0.000ns
    Clock Pessimism Removal (CPR):    -0.000ns

    Location             Delay type                Incr(ns)  Path(ns)    Netlist Resource(s)
  -------------------------------------------------------------------    -------------------
                                                      0.000     0.000 r  ap_rst (IN)
                         net (fo=6, unset)            0.410     0.410    bd_0_i/hls_inst/inst/ap_rst
    SLICE_X34Y76         FDRE                                         r  bd_0_i/hls_inst/inst/ap_enable_reg_pp0_iter0_reg_reg/R
  -------------------------------------------------------------------    -------------------

                         (clock ap_clk rise edge)     0.000     0.000 r  
                                                      0.000     0.000 r  ap_clk (IN)
                         net (fo=41, unset)           0.432     0.432    bd_0_i/hls_inst/inst/ap_clk
    SLICE_X34Y76         FDRE                                         r  bd_0_i/hls_inst/inst/ap_enable_reg_pp0_iter0_reg_reg/C

Slack:                    inf
  Source:                 ap_rst
                            (input port)
  Destination:            bd_0_i/hls_inst/inst/ap_enable_reg_pp0_iter2_reg/R
                            (rising edge-triggered cell FDRE clocked by ap_clk  {rise@0.000ns fall@5.000ns period=10.000ns})
  Path Group:             (none)
  Path Type:              Hold (Min at Fast Process Corner)
  Data Path Delay:        0.410ns  (logic 0.000ns (0.000%)  route 0.410ns (100.000%))
  Logic Levels:           0  
  Clock Path Skew:        0.432ns (DCD - SCD - CPR)
    Destination Clock Delay (DCD):    0.432ns
    Source Clock Delay      (SCD):    0.000ns
    Clock Pessimism Removal (CPR):    -0.000ns

    Location             Delay type                Incr(ns)  Path(ns)    Netlist Resource(s)
  -------------------------------------------------------------------    -------------------
                                                      0.000     0.000 r  ap_rst (IN)
                         net (fo=6, unset)            0.410     0.410    bd_0_i/hls_inst/inst/ap_rst
    SLICE_X34Y75         FDRE                                         r  bd_0_i/hls_inst/inst/ap_enable_reg_pp0_iter2_reg/R
  -------------------------------------------------------------------    -------------------

                         (clock ap_clk rise edge)     0.000     0.000 r  
                                                      0.000     0.000 r  ap_clk (IN)
                         net (fo=41, unset)           0.432     0.432    bd_0_i/hls_inst/inst/ap_clk
    SLICE_X34Y75         FDRE                                         r  bd_0_i/hls_inst/inst/ap_enable_reg_pp0_iter2_reg/C

Slack:                    inf
  Source:                 a_q0[0]
                            (input port)
  Destination:            bd_0_i/hls_inst/inst/mac_muladd_8s_8s_16s_16_4_1_U2/matrixmul_mac_muladd_8s_8s_16s_16_4_1_DSP48_0_U/m_reg_reg/B[0]
                            (rising edge-triggered cell DSP48E1 clocked by ap_clk  {rise@0.000ns fall@5.000ns period=10.000ns})
  Path Group:             (none)
  Path Type:              Hold (Min at Fast Process Corner)
  Data Path Delay:        0.410ns  (logic 0.000ns (0.000%)  route 0.410ns (100.000%))
  Logic Levels:           0  
  Clock Path Skew:        0.432ns (DCD - SCD - CPR)
    Destination Clock Delay (DCD):    0.432ns
    Source Clock Delay      (SCD):    0.000ns
    Clock Pessimism Removal (CPR):    -0.000ns

    Location             Delay type                Incr(ns)  Path(ns)    Netlist Resource(s)
  -------------------------------------------------------------------    -------------------
                                                      0.000     0.000 r  a_q0[0] (IN)
                         net (fo=1, unset)            0.410     0.410    bd_0_i/hls_inst/inst/mac_muladd_8s_8s_16s_16_4_1_U2/matrixmul_mac_muladd_8s_8s_16s_16_4_1_DSP48_0_U/a_q0[0]
    DSP48_X2Y28          DSP48E1                                      r  bd_0_i/hls_inst/inst/mac_muladd_8s_8s_16s_16_4_1_U2/matrixmul_mac_muladd_8s_8s_16s_16_4_1_DSP48_0_U/m_reg_reg/B[0]
  -------------------------------------------------------------------    -------------------

                         (clock ap_clk rise edge)     0.000     0.000 r  
                                                      0.000     0.000 r  ap_clk (IN)
                         net (fo=41, unset)           0.432     0.432    bd_0_i/hls_inst/inst/mac_muladd_8s_8s_16s_16_4_1_U2/matrixmul_mac_muladd_8s_8s_16s_16_4_1_DSP48_0_U/ap_clk
    DSP48_X2Y28          DSP48E1                                      r  bd_0_i/hls_inst/inst/mac_muladd_8s_8s_16s_16_4_1_U2/matrixmul_mac_muladd_8s_8s_16s_16_4_1_DSP48_0_U/m_reg_reg/CLK

Slack:                    inf
  Source:                 a_q0[7]
                            (input port)
  Destination:            bd_0_i/hls_inst/inst/mac_muladd_8s_8s_16s_16_4_1_U2/matrixmul_mac_muladd_8s_8s_16s_16_4_1_DSP48_0_U/m_reg_reg/B[10]
                            (rising edge-triggered cell DSP48E1 clocked by ap_clk  {rise@0.000ns fall@5.000ns period=10.000ns})
  Path Group:             (none)
  Path Type:              Hold (Min at Fast Process Corner)
  Data Path Delay:        0.410ns  (logic 0.000ns (0.000%)  route 0.410ns (100.000%))
  Logic Levels:           0  
  Clock Path Skew:        0.432ns (DCD - SCD - CPR)
    Destination Clock Delay (DCD):    0.432ns
    Source Clock Delay      (SCD):    0.000ns
    Clock Pessimism Removal (CPR):    -0.000ns

    Location             Delay type                Incr(ns)  Path(ns)    Netlist Resource(s)
  -------------------------------------------------------------------    -------------------
                                                      0.000     0.000 r  a_q0[7] (IN)
                         net (fo=11, unset)           0.410     0.410    bd_0_i/hls_inst/inst/mac_muladd_8s_8s_16s_16_4_1_U2/matrixmul_mac_muladd_8s_8s_16s_16_4_1_DSP48_0_U/a_q0[7]
    DSP48_X2Y28          DSP48E1                                      r  bd_0_i/hls_inst/inst/mac_muladd_8s_8s_16s_16_4_1_U2/matrixmul_mac_muladd_8s_8s_16s_16_4_1_DSP48_0_U/m_reg_reg/B[10]
  -------------------------------------------------------------------    -------------------

                         (clock ap_clk rise edge)     0.000     0.000 r  
                                                      0.000     0.000 r  ap_clk (IN)
                         net (fo=41, unset)           0.432     0.432    bd_0_i/hls_inst/inst/mac_muladd_8s_8s_16s_16_4_1_U2/matrixmul_mac_muladd_8s_8s_16s_16_4_1_DSP48_0_U/ap_clk
    DSP48_X2Y28          DSP48E1                                      r  bd_0_i/hls_inst/inst/mac_muladd_8s_8s_16s_16_4_1_U2/matrixmul_mac_muladd_8s_8s_16s_16_4_1_DSP48_0_U/m_reg_reg/CLK

Slack:                    inf
  Source:                 a_q0[7]
                            (input port)
  Destination:            bd_0_i/hls_inst/inst/mac_muladd_8s_8s_16s_16_4_1_U2/matrixmul_mac_muladd_8s_8s_16s_16_4_1_DSP48_0_U/m_reg_reg/B[11]
                            (rising edge-triggered cell DSP48E1 clocked by ap_clk  {rise@0.000ns fall@5.000ns period=10.000ns})
  Path Group:             (none)
  Path Type:              Hold (Min at Fast Process Corner)
  Data Path Delay:        0.410ns  (logic 0.000ns (0.000%)  route 0.410ns (100.000%))
  Logic Levels:           0  
  Clock Path Skew:        0.432ns (DCD - SCD - CPR)
    Destination Clock Delay (DCD):    0.432ns
    Source Clock Delay      (SCD):    0.000ns
    Clock Pessimism Removal (CPR):    -0.000ns

    Location             Delay type                Incr(ns)  Path(ns)    Netlist Resource(s)
  -------------------------------------------------------------------    -------------------
                                                      0.000     0.000 r  a_q0[7] (IN)
                         net (fo=11, unset)           0.410     0.410    bd_0_i/hls_inst/inst/mac_muladd_8s_8s_16s_16_4_1_U2/matrixmul_mac_muladd_8s_8s_16s_16_4_1_DSP48_0_U/a_q0[7]
    DSP48_X2Y28          DSP48E1                                      r  bd_0_i/hls_inst/inst/mac_muladd_8s_8s_16s_16_4_1_U2/matrixmul_mac_muladd_8s_8s_16s_16_4_1_DSP48_0_U/m_reg_reg/B[11]
  -------------------------------------------------------------------    -------------------

                         (clock ap_clk rise edge)     0.000     0.000 r  
                                                      0.000     0.000 r  ap_clk (IN)
                         net (fo=41, unset)           0.432     0.432    bd_0_i/hls_inst/inst/mac_muladd_8s_8s_16s_16_4_1_U2/matrixmul_mac_muladd_8s_8s_16s_16_4_1_DSP48_0_U/ap_clk
    DSP48_X2Y28          DSP48E1                                      r  bd_0_i/hls_inst/inst/mac_muladd_8s_8s_16s_16_4_1_U2/matrixmul_mac_muladd_8s_8s_16s_16_4_1_DSP48_0_U/m_reg_reg/CLK

Slack:                    inf
  Source:                 a_q0[7]
                            (input port)
  Destination:            bd_0_i/hls_inst/inst/mac_muladd_8s_8s_16s_16_4_1_U2/matrixmul_mac_muladd_8s_8s_16s_16_4_1_DSP48_0_U/m_reg_reg/B[12]
                            (rising edge-triggered cell DSP48E1 clocked by ap_clk  {rise@0.000ns fall@5.000ns period=10.000ns})
  Path Group:             (none)
  Path Type:              Hold (Min at Fast Process Corner)
  Data Path Delay:        0.410ns  (logic 0.000ns (0.000%)  route 0.410ns (100.000%))
  Logic Levels:           0  
  Clock Path Skew:        0.432ns (DCD - SCD - CPR)
    Destination Clock Delay (DCD):    0.432ns
    Source Clock Delay      (SCD):    0.000ns
    Clock Pessimism Removal (CPR):    -0.000ns

    Location             Delay type                Incr(ns)  Path(ns)    Netlist Resource(s)
  -------------------------------------------------------------------    -------------------
                                                      0.000     0.000 r  a_q0[7] (IN)
                         net (fo=11, unset)           0.410     0.410    bd_0_i/hls_inst/inst/mac_muladd_8s_8s_16s_16_4_1_U2/matrixmul_mac_muladd_8s_8s_16s_16_4_1_DSP48_0_U/a_q0[7]
    DSP48_X2Y28          DSP48E1                                      r  bd_0_i/hls_inst/inst/mac_muladd_8s_8s_16s_16_4_1_U2/matrixmul_mac_muladd_8s_8s_16s_16_4_1_DSP48_0_U/m_reg_reg/B[12]
  -------------------------------------------------------------------    -------------------

                         (clock ap_clk rise edge)     0.000     0.000 r  
                                                      0.000     0.000 r  ap_clk (IN)
                         net (fo=41, unset)           0.432     0.432    bd_0_i/hls_inst/inst/mac_muladd_8s_8s_16s_16_4_1_U2/matrixmul_mac_muladd_8s_8s_16s_16_4_1_DSP48_0_U/ap_clk
    DSP48_X2Y28          DSP48E1                                      r  bd_0_i/hls_inst/inst/mac_muladd_8s_8s_16s_16_4_1_U2/matrixmul_mac_muladd_8s_8s_16s_16_4_1_DSP48_0_U/m_reg_reg/CLK

Slack:                    inf
  Source:                 a_q0[7]
                            (input port)
  Destination:            bd_0_i/hls_inst/inst/mac_muladd_8s_8s_16s_16_4_1_U2/matrixmul_mac_muladd_8s_8s_16s_16_4_1_DSP48_0_U/m_reg_reg/B[13]
                            (rising edge-triggered cell DSP48E1 clocked by ap_clk  {rise@0.000ns fall@5.000ns period=10.000ns})
  Path Group:             (none)
  Path Type:              Hold (Min at Fast Process Corner)
  Data Path Delay:        0.410ns  (logic 0.000ns (0.000%)  route 0.410ns (100.000%))
  Logic Levels:           0  
  Clock Path Skew:        0.432ns (DCD - SCD - CPR)
    Destination Clock Delay (DCD):    0.432ns
    Source Clock Delay      (SCD):    0.000ns
    Clock Pessimism Removal (CPR):    -0.000ns

    Location             Delay type                Incr(ns)  Path(ns)    Netlist Resource(s)
  -------------------------------------------------------------------    -------------------
                                                      0.000     0.000 r  a_q0[7] (IN)
                         net (fo=11, unset)           0.410     0.410    bd_0_i/hls_inst/inst/mac_muladd_8s_8s_16s_16_4_1_U2/matrixmul_mac_muladd_8s_8s_16s_16_4_1_DSP48_0_U/a_q0[7]
    DSP48_X2Y28          DSP48E1                                      r  bd_0_i/hls_inst/inst/mac_muladd_8s_8s_16s_16_4_1_U2/matrixmul_mac_muladd_8s_8s_16s_16_4_1_DSP48_0_U/m_reg_reg/B[13]
  -------------------------------------------------------------------    -------------------

                         (clock ap_clk rise edge)     0.000     0.000 r  
                                                      0.000     0.000 r  ap_clk (IN)
                         net (fo=41, unset)           0.432     0.432    bd_0_i/hls_inst/inst/mac_muladd_8s_8s_16s_16_4_1_U2/matrixmul_mac_muladd_8s_8s_16s_16_4_1_DSP48_0_U/ap_clk
    DSP48_X2Y28          DSP48E1                                      r  bd_0_i/hls_inst/inst/mac_muladd_8s_8s_16s_16_4_1_U2/matrixmul_mac_muladd_8s_8s_16s_16_4_1_DSP48_0_U/m_reg_reg/CLK

Slack:                    inf
  Source:                 a_q0[7]
                            (input port)
  Destination:            bd_0_i/hls_inst/inst/mac_muladd_8s_8s_16s_16_4_1_U2/matrixmul_mac_muladd_8s_8s_16s_16_4_1_DSP48_0_U/m_reg_reg/B[14]
                            (rising edge-triggered cell DSP48E1 clocked by ap_clk  {rise@0.000ns fall@5.000ns period=10.000ns})
  Path Group:             (none)
  Path Type:              Hold (Min at Fast Process Corner)
  Data Path Delay:        0.410ns  (logic 0.000ns (0.000%)  route 0.410ns (100.000%))
  Logic Levels:           0  
  Clock Path Skew:        0.432ns (DCD - SCD - CPR)
    Destination Clock Delay (DCD):    0.432ns
    Source Clock Delay      (SCD):    0.000ns
    Clock Pessimism Removal (CPR):    -0.000ns

    Location             Delay type                Incr(ns)  Path(ns)    Netlist Resource(s)
  -------------------------------------------------------------------    -------------------
                                                      0.000     0.000 r  a_q0[7] (IN)
                         net (fo=11, unset)           0.410     0.410    bd_0_i/hls_inst/inst/mac_muladd_8s_8s_16s_16_4_1_U2/matrixmul_mac_muladd_8s_8s_16s_16_4_1_DSP48_0_U/a_q0[7]
    DSP48_X2Y28          DSP48E1                                      r  bd_0_i/hls_inst/inst/mac_muladd_8s_8s_16s_16_4_1_U2/matrixmul_mac_muladd_8s_8s_16s_16_4_1_DSP48_0_U/m_reg_reg/B[14]
  -------------------------------------------------------------------    -------------------

                         (clock ap_clk rise edge)     0.000     0.000 r  
                                                      0.000     0.000 r  ap_clk (IN)
                         net (fo=41, unset)           0.432     0.432    bd_0_i/hls_inst/inst/mac_muladd_8s_8s_16s_16_4_1_U2/matrixmul_mac_muladd_8s_8s_16s_16_4_1_DSP48_0_U/ap_clk
    DSP48_X2Y28          DSP48E1                                      r  bd_0_i/hls_inst/inst/mac_muladd_8s_8s_16s_16_4_1_U2/matrixmul_mac_muladd_8s_8s_16s_16_4_1_DSP48_0_U/m_reg_reg/CLK





