

================================================================
== Vitis HLS Report for 'Loop_Col_DCT_Loop_proc'
================================================================
* Date:           Sun Dec  1 14:18:48 2024

* Version:        2023.1 (Build 3854077 on May  4 2023)
* Project:        lab3
* Solution:       solution7 (Vivado IP Flow Target)
* Product family: zynq
* Target device:  xc7z020-clg484-1


================================================================
== Performance Estimates
================================================================
+ Timing: 
    * Summary: 
    +--------+----------+----------+------------+
    |  Clock |  Target  | Estimated| Uncertainty|
    +--------+----------+----------+------------+
    |ap_clk  |  10.00 ns|  6.383 ns|     2.70 ns|
    +--------+----------+----------+------------+

+ Latency: 
    * Summary: 
    +---------+---------+----------+----------+-----+-----+---------+
    |  Latency (cycles) |  Latency (absolute) |  Interval | Pipeline|
    |   min   |   max   |    min   |    max   | min | max |   Type  |
    +---------+---------+----------+----------+-----+-----+---------+
    |       72|       72|  0.720 us|  0.720 us|   72|   72|       no|
    +---------+---------+----------+----------+-----+-----+---------+

    + Detail: 
        * Instance: 
        N/A

        * Loop: 
        +-------------------------------+---------+---------+----------+-----------+-----------+------+----------+
        |                               |  Latency (cycles) | Iteration|  Initiation Interval  | Trip |          |
        |           Loop Name           |   min   |   max   |  Latency |  achieved |   target  | Count| Pipelined|
        +-------------------------------+---------+---------+----------+-----------+-----------+------+----------+
        |- Col_DCT_Loop_DCT_Outer_Loop  |       70|       70|         8|          1|          1|    64|       yes|
        +-------------------------------+---------+---------+----------+-----------+-----------+------+----------+

============================================================
+ Verbose Summary: Synthesis Manager
============================================================
InlineROM: 1
ExposeGlobal: 0
============================================================
+ Verbose Summary: CDFG Model
============================================================
IsTopModel: 0
ResetActiveHigh: 1
IsCombinational: 2
IsDatapathOnly: 0
HasWiredReturn: 1
HasMFsm: 2
HasVarLatency: 1
IsPipeline: 0
IsRtlPipelined: 0
IsInstanceOverlapped: 0
IsDontTouch: 0
HasImplIP: 0
IsGatedGlobalClock: 0

+ Individual pipeline summary: 
  * Pipeline-0: initiation interval (II) = 1, depth = 8


============================================================
+ Verbose Summary: Schedule
============================================================
* Number of FSM states : 8
* Pipeline : 1
  Pipeline-0 : II = 1, D = 8, States = { 1 2 3 4 5 6 7 8 }
* Dataflow Pipeline: 0

* FSM state transitions: 
1 --> 2 
2 --> 3 
3 --> 4 
4 --> 5 
5 --> 6 
6 --> 7 
7 --> 8 
8 --> 

* FSM state operations: 

State 1 <SV = 0> <Delay = 6.08>
ST_1 : Operation 11 [1/1] (0.00ns)   --->   "%k = alloca i32 1"   --->   Operation 11 'alloca' 'k' <Predicate = true> <Delay = 0.00>
ST_1 : Operation 12 [1/1] (0.00ns)   --->   "%i = alloca i32 1"   --->   Operation 12 'alloca' 'i' <Predicate = true> <Delay = 0.00>
ST_1 : Operation 13 [1/1] (0.00ns)   --->   "%indvar_flatten = alloca i32 1"   --->   Operation 13 'alloca' 'indvar_flatten' <Predicate = true> <Delay = 0.00>
ST_1 : Operation 14 [1/1] (1.58ns)   --->   "%store_ln0 = store i7 0, i7 %indvar_flatten"   --->   Operation 14 'store' 'store_ln0' <Predicate = true> <Delay = 1.58>
ST_1 : Operation 15 [1/1] (1.58ns)   --->   "%store_ln0 = store i4 0, i4 %i"   --->   Operation 15 'store' 'store_ln0' <Predicate = true> <Delay = 1.58>
ST_1 : Operation 16 [1/1] (1.58ns)   --->   "%store_ln0 = store i4 0, i4 %k"   --->   Operation 16 'store' 'store_ln0' <Predicate = true> <Delay = 1.58>
ST_1 : Operation 17 [1/1] (0.00ns)   --->   "%br_ln0 = br void %for.inc.i"   --->   Operation 17 'br' 'br_ln0' <Predicate = true> <Delay = 0.00>
ST_1 : Operation 18 [1/1] (0.00ns)   --->   "%indvar_flatten_load = load i7 %indvar_flatten" [../xup_high_level_synthesis_design_flow-main/source/lab3/dct.c:69->../xup_high_level_synthesis_design_flow-main/source/lab3/dct.c:113]   --->   Operation 18 'load' 'indvar_flatten_load' <Predicate = true> <Delay = 0.00>
ST_1 : Operation 19 [1/1] (1.87ns)   --->   "%icmp_ln69 = icmp_eq  i7 %indvar_flatten_load, i7 64" [../xup_high_level_synthesis_design_flow-main/source/lab3/dct.c:69->../xup_high_level_synthesis_design_flow-main/source/lab3/dct.c:113]   --->   Operation 19 'icmp' 'icmp_ln69' <Predicate = true> <Delay = 1.87> <CoreInst = "Cmp">   --->   Core 9 'Cmp' <Latency = 0> <II = 1> <Delay = 1.87> <FuncUnit> <Opcode : 'icmp'> <InPorts = 2> <OutPorts = 1>
ST_1 : Operation 20 [1/1] (1.87ns)   --->   "%add_ln69_1 = add i7 %indvar_flatten_load, i7 1" [../xup_high_level_synthesis_design_flow-main/source/lab3/dct.c:69->../xup_high_level_synthesis_design_flow-main/source/lab3/dct.c:113]   --->   Operation 20 'add' 'add_ln69_1' <Predicate = true> <Delay = 1.87> <CoreInst = "Adder">   --->   Core 1 'Adder' <Latency = 0> <II = 1> <Delay = 1.87> <FuncUnit> <Opcode : 'add' 'sub'> <InPorts = 2> <OutPorts = 1>
ST_1 : Operation 21 [1/1] (0.00ns)   --->   "%br_ln69 = br i1 %icmp_ln69, void %dct_1d.exit, void %for.cond36.i.exitStub" [../xup_high_level_synthesis_design_flow-main/source/lab3/dct.c:69->../xup_high_level_synthesis_design_flow-main/source/lab3/dct.c:113]   --->   Operation 21 'br' 'br_ln69' <Predicate = true> <Delay = 0.00>
ST_1 : Operation 22 [1/1] (0.00ns)   --->   "%k_load = load i4 %k" [../xup_high_level_synthesis_design_flow-main/source/lab3/dct.c:39->../xup_high_level_synthesis_design_flow-main/source/lab3/dct.c:70->../xup_high_level_synthesis_design_flow-main/source/lab3/dct.c:113]   --->   Operation 22 'load' 'k_load' <Predicate = (!icmp_ln69)> <Delay = 0.00>
ST_1 : Operation 23 [1/1] (0.00ns)   --->   "%i_load = load i4 %i" [../xup_high_level_synthesis_design_flow-main/source/lab3/dct.c:69->../xup_high_level_synthesis_design_flow-main/source/lab3/dct.c:113]   --->   Operation 23 'load' 'i_load' <Predicate = (!icmp_ln69)> <Delay = 0.00>
ST_1 : Operation 24 [1/1] (1.73ns)   --->   "%add_ln69 = add i4 %i_load, i4 1" [../xup_high_level_synthesis_design_flow-main/source/lab3/dct.c:69->../xup_high_level_synthesis_design_flow-main/source/lab3/dct.c:113]   --->   Operation 24 'add' 'add_ln69' <Predicate = (!icmp_ln69)> <Delay = 1.73> <CoreInst = "Adder">   --->   Core 1 'Adder' <Latency = 0> <II = 1> <Delay = 1.73> <FuncUnit> <Opcode : 'add' 'sub'> <InPorts = 2> <OutPorts = 1>
ST_1 : Operation 25 [1/1] (1.73ns)   --->   "%icmp_ln39 = icmp_eq  i4 %k_load, i4 8" [../xup_high_level_synthesis_design_flow-main/source/lab3/dct.c:39->../xup_high_level_synthesis_design_flow-main/source/lab3/dct.c:70->../xup_high_level_synthesis_design_flow-main/source/lab3/dct.c:113]   --->   Operation 25 'icmp' 'icmp_ln39' <Predicate = (!icmp_ln69)> <Delay = 1.73> <CoreInst = "Cmp">   --->   Core 9 'Cmp' <Latency = 0> <II = 1> <Delay = 1.73> <FuncUnit> <Opcode : 'icmp'> <InPorts = 2> <OutPorts = 1>
ST_1 : Operation 26 [1/1] (1.02ns)   --->   "%select_ln54 = select i1 %icmp_ln39, i4 0, i4 %k_load" [../xup_high_level_synthesis_design_flow-main/source/lab3/dct.c:54->../xup_high_level_synthesis_design_flow-main/source/lab3/dct.c:113]   --->   Operation 26 'select' 'select_ln54' <Predicate = (!icmp_ln69)> <Delay = 1.02> <CoreInst = "Sel">   --->   Core 73 'Sel' <Latency = 0> <II = 1> <Delay = 1.02> <FuncUnit> <Opcode : 'select'> <InPorts = 3> <OutPorts = 1>
ST_1 : Operation 27 [1/1] (1.02ns)   --->   "%select_ln54_4 = select i1 %icmp_ln39, i4 %add_ln69, i4 %i_load" [../xup_high_level_synthesis_design_flow-main/source/lab3/dct.c:54->../xup_high_level_synthesis_design_flow-main/source/lab3/dct.c:113]   --->   Operation 27 'select' 'select_ln54_4' <Predicate = (!icmp_ln69)> <Delay = 1.02> <CoreInst = "Sel">   --->   Core 73 'Sel' <Latency = 0> <II = 1> <Delay = 1.02> <FuncUnit> <Opcode : 'select'> <InPorts = 3> <OutPorts = 1>
ST_1 : Operation 28 [1/1] (0.00ns)   --->   "%trunc_ln45 = trunc i4 %select_ln54_4" [../xup_high_level_synthesis_design_flow-main/source/lab3/dct.c:45->../xup_high_level_synthesis_design_flow-main/source/lab3/dct.c:70->../xup_high_level_synthesis_design_flow-main/source/lab3/dct.c:113]   --->   Operation 28 'trunc' 'trunc_ln45' <Predicate = (!icmp_ln69)> <Delay = 0.00>
ST_1 : Operation 29 [1/1] (0.00ns)   --->   "%zext_ln54 = zext i4 %select_ln54_4" [../xup_high_level_synthesis_design_flow-main/source/lab3/dct.c:54->../xup_high_level_synthesis_design_flow-main/source/lab3/dct.c:113]   --->   Operation 29 'zext' 'zext_ln54' <Predicate = (!icmp_ln69)> <Delay = 0.00>
ST_1 : Operation 30 [1/1] (0.00ns)   --->   "%col_inbuf_7_addr = getelementptr i16 %col_inbuf_7, i64 0, i64 %zext_ln54" [../xup_high_level_synthesis_design_flow-main/source/lab3/dct.c:70->../xup_high_level_synthesis_design_flow-main/source/lab3/dct.c:113]   --->   Operation 30 'getelementptr' 'col_inbuf_7_addr' <Predicate = (!icmp_ln69)> <Delay = 0.00>
ST_1 : Operation 31 [2/2] (2.32ns)   --->   "%col_inbuf_7_load = load i3 %col_inbuf_7_addr" [../xup_high_level_synthesis_design_flow-main/source/lab3/dct.c:54->../xup_high_level_synthesis_design_flow-main/source/lab3/dct.c:113]   --->   Operation 31 'load' 'col_inbuf_7_load' <Predicate = (!icmp_ln69)> <Delay = 2.32> <CoreInst = "RAM">   --->   Core 82 'RAM' <Latency = 1> <II = 1> <Delay = 2.32> <Storage> <Opcode : 'load' 'store'> <Ports = 2> <Width = 16> <Depth = 8> <RAM>
ST_1 : Operation 32 [1/1] (0.00ns)   --->   "%zext_ln39 = zext i4 %select_ln54" [../xup_high_level_synthesis_design_flow-main/source/lab3/dct.c:39->../xup_high_level_synthesis_design_flow-main/source/lab3/dct.c:70->../xup_high_level_synthesis_design_flow-main/source/lab3/dct.c:113]   --->   Operation 32 'zext' 'zext_ln39' <Predicate = (!icmp_ln69)> <Delay = 0.00>
ST_1 : Operation 33 [1/1] (0.00ns)   --->   "%dct_1d_dct_coeff_table_7_addr = getelementptr i15 %dct_1d_dct_coeff_table_7, i64 0, i64 %zext_ln39" [../xup_high_level_synthesis_design_flow-main/source/lab3/dct.c:42->../xup_high_level_synthesis_design_flow-main/source/lab3/dct.c:70->../xup_high_level_synthesis_design_flow-main/source/lab3/dct.c:113]   --->   Operation 33 'getelementptr' 'dct_1d_dct_coeff_table_7_addr' <Predicate = (!icmp_ln69)> <Delay = 0.00>
ST_1 : Operation 34 [2/2] (2.32ns)   --->   "%coeff_14 = load i3 %dct_1d_dct_coeff_table_7_addr" [../xup_high_level_synthesis_design_flow-main/source/lab3/dct.c:42->../xup_high_level_synthesis_design_flow-main/source/lab3/dct.c:70->../xup_high_level_synthesis_design_flow-main/source/lab3/dct.c:113]   --->   Operation 34 'load' 'coeff_14' <Predicate = (!icmp_ln69)> <Delay = 2.32> <CoreInst = "ROM">   --->   Core 95 'ROM' <Latency = 1> <II = 1> <Delay = 2.32> <Storage> <Opcode : 'load'> <Ports = 0> <Width = 15> <Depth = 8> <ROM>
ST_1 : Operation 35 [1/1] (1.73ns)   --->   "%add_ln39 = add i4 %select_ln54, i4 1" [../xup_high_level_synthesis_design_flow-main/source/lab3/dct.c:39->../xup_high_level_synthesis_design_flow-main/source/lab3/dct.c:70->../xup_high_level_synthesis_design_flow-main/source/lab3/dct.c:113]   --->   Operation 35 'add' 'add_ln39' <Predicate = (!icmp_ln69)> <Delay = 1.73> <CoreInst = "Adder">   --->   Core 1 'Adder' <Latency = 0> <II = 1> <Delay = 1.73> <FuncUnit> <Opcode : 'add' 'sub'> <InPorts = 2> <OutPorts = 1>
ST_1 : Operation 36 [1/1] (1.58ns)   --->   "%store_ln39 = store i7 %add_ln69_1, i7 %indvar_flatten" [../xup_high_level_synthesis_design_flow-main/source/lab3/dct.c:39->../xup_high_level_synthesis_design_flow-main/source/lab3/dct.c:70->../xup_high_level_synthesis_design_flow-main/source/lab3/dct.c:113]   --->   Operation 36 'store' 'store_ln39' <Predicate = (!icmp_ln69)> <Delay = 1.58>
ST_1 : Operation 37 [1/1] (1.58ns)   --->   "%store_ln39 = store i4 %select_ln54_4, i4 %i" [../xup_high_level_synthesis_design_flow-main/source/lab3/dct.c:39->../xup_high_level_synthesis_design_flow-main/source/lab3/dct.c:70->../xup_high_level_synthesis_design_flow-main/source/lab3/dct.c:113]   --->   Operation 37 'store' 'store_ln39' <Predicate = (!icmp_ln69)> <Delay = 1.58>
ST_1 : Operation 38 [1/1] (1.58ns)   --->   "%store_ln39 = store i4 %add_ln39, i4 %k" [../xup_high_level_synthesis_design_flow-main/source/lab3/dct.c:39->../xup_high_level_synthesis_design_flow-main/source/lab3/dct.c:70->../xup_high_level_synthesis_design_flow-main/source/lab3/dct.c:113]   --->   Operation 38 'store' 'store_ln39' <Predicate = (!icmp_ln69)> <Delay = 1.58>

State 2 <SV = 1> <Delay = 3.37>
ST_2 : Operation 39 [1/1] (0.00ns)   --->   "%col_inbuf_4_addr = getelementptr i16 %col_inbuf_4, i64 0, i64 %zext_ln54" [../xup_high_level_synthesis_design_flow-main/source/lab3/dct.c:70->../xup_high_level_synthesis_design_flow-main/source/lab3/dct.c:113]   --->   Operation 39 'getelementptr' 'col_inbuf_4_addr' <Predicate = true> <Delay = 0.00>
ST_2 : Operation 40 [2/2] (2.32ns)   --->   "%col_inbuf_4_load = load i3 %col_inbuf_4_addr" [../xup_high_level_synthesis_design_flow-main/source/lab3/dct.c:54->../xup_high_level_synthesis_design_flow-main/source/lab3/dct.c:113]   --->   Operation 40 'load' 'col_inbuf_4_load' <Predicate = true> <Delay = 2.32> <CoreInst = "RAM">   --->   Core 82 'RAM' <Latency = 1> <II = 1> <Delay = 2.32> <Storage> <Opcode : 'load' 'store'> <Ports = 2> <Width = 16> <Depth = 8> <RAM>
ST_2 : Operation 41 [1/1] (0.00ns)   --->   "%col_inbuf_5_addr = getelementptr i16 %col_inbuf_5, i64 0, i64 %zext_ln54" [../xup_high_level_synthesis_design_flow-main/source/lab3/dct.c:70->../xup_high_level_synthesis_design_flow-main/source/lab3/dct.c:113]   --->   Operation 41 'getelementptr' 'col_inbuf_5_addr' <Predicate = true> <Delay = 0.00>
ST_2 : Operation 42 [2/2] (2.32ns)   --->   "%col_inbuf_5_load = load i3 %col_inbuf_5_addr" [../xup_high_level_synthesis_design_flow-main/source/lab3/dct.c:54->../xup_high_level_synthesis_design_flow-main/source/lab3/dct.c:113]   --->   Operation 42 'load' 'col_inbuf_5_load' <Predicate = true> <Delay = 2.32> <CoreInst = "RAM">   --->   Core 82 'RAM' <Latency = 1> <II = 1> <Delay = 2.32> <Storage> <Opcode : 'load' 'store'> <Ports = 2> <Width = 16> <Depth = 8> <RAM>
ST_2 : Operation 43 [1/1] (0.00ns)   --->   "%col_inbuf_6_addr = getelementptr i16 %col_inbuf_6, i64 0, i64 %zext_ln54" [../xup_high_level_synthesis_design_flow-main/source/lab3/dct.c:70->../xup_high_level_synthesis_design_flow-main/source/lab3/dct.c:113]   --->   Operation 43 'getelementptr' 'col_inbuf_6_addr' <Predicate = true> <Delay = 0.00>
ST_2 : Operation 44 [2/2] (2.32ns)   --->   "%col_inbuf_6_load = load i3 %col_inbuf_6_addr" [../xup_high_level_synthesis_design_flow-main/source/lab3/dct.c:54->../xup_high_level_synthesis_design_flow-main/source/lab3/dct.c:113]   --->   Operation 44 'load' 'col_inbuf_6_load' <Predicate = true> <Delay = 2.32> <CoreInst = "RAM">   --->   Core 82 'RAM' <Latency = 1> <II = 1> <Delay = 2.32> <Storage> <Opcode : 'load' 'store'> <Ports = 2> <Width = 16> <Depth = 8> <RAM>
ST_2 : Operation 45 [1/2] (2.32ns)   --->   "%col_inbuf_7_load = load i3 %col_inbuf_7_addr" [../xup_high_level_synthesis_design_flow-main/source/lab3/dct.c:54->../xup_high_level_synthesis_design_flow-main/source/lab3/dct.c:113]   --->   Operation 45 'load' 'col_inbuf_7_load' <Predicate = true> <Delay = 2.32> <CoreInst = "RAM">   --->   Core 82 'RAM' <Latency = 1> <II = 1> <Delay = 2.32> <Storage> <Opcode : 'load' 'store'> <Ports = 2> <Width = 16> <Depth = 8> <RAM>
ST_2 : Operation 46 [1/1] (0.00ns)   --->   "%sext_ln54_14 = sext i16 %col_inbuf_7_load" [../xup_high_level_synthesis_design_flow-main/source/lab3/dct.c:54->../xup_high_level_synthesis_design_flow-main/source/lab3/dct.c:113]   --->   Operation 46 'sext' 'sext_ln54_14' <Predicate = true> <Delay = 0.00>
ST_2 : Operation 47 [1/1] (0.00ns)   --->   "%dct_1d_dct_coeff_table_0_addr = getelementptr i14 %dct_1d_dct_coeff_table_0, i64 0, i64 %zext_ln39" [../xup_high_level_synthesis_design_flow-main/source/lab3/dct.c:42->../xup_high_level_synthesis_design_flow-main/source/lab3/dct.c:70->../xup_high_level_synthesis_design_flow-main/source/lab3/dct.c:113]   --->   Operation 47 'getelementptr' 'dct_1d_dct_coeff_table_0_addr' <Predicate = true> <Delay = 0.00>
ST_2 : Operation 48 [2/2] (2.32ns)   --->   "%coeff = load i3 %dct_1d_dct_coeff_table_0_addr" [../xup_high_level_synthesis_design_flow-main/source/lab3/dct.c:42->../xup_high_level_synthesis_design_flow-main/source/lab3/dct.c:70->../xup_high_level_synthesis_design_flow-main/source/lab3/dct.c:113]   --->   Operation 48 'load' 'coeff' <Predicate = true> <Delay = 2.32> <CoreInst = "ROM">   --->   Core 95 'ROM' <Latency = 1> <II = 1> <Delay = 2.32> <Storage> <Opcode : 'load'> <Ports = 0> <Width = 14> <Depth = 8> <ROM>
ST_2 : Operation 49 [1/1] (0.00ns)   --->   "%dct_1d_dct_coeff_table_1_addr = getelementptr i15 %dct_1d_dct_coeff_table_1, i64 0, i64 %zext_ln39" [../xup_high_level_synthesis_design_flow-main/source/lab3/dct.c:42->../xup_high_level_synthesis_design_flow-main/source/lab3/dct.c:70->../xup_high_level_synthesis_design_flow-main/source/lab3/dct.c:113]   --->   Operation 49 'getelementptr' 'dct_1d_dct_coeff_table_1_addr' <Predicate = true> <Delay = 0.00>
ST_2 : Operation 50 [2/2] (2.32ns)   --->   "%coeff_8 = load i3 %dct_1d_dct_coeff_table_1_addr" [../xup_high_level_synthesis_design_flow-main/source/lab3/dct.c:42->../xup_high_level_synthesis_design_flow-main/source/lab3/dct.c:70->../xup_high_level_synthesis_design_flow-main/source/lab3/dct.c:113]   --->   Operation 50 'load' 'coeff_8' <Predicate = true> <Delay = 2.32> <CoreInst = "ROM">   --->   Core 95 'ROM' <Latency = 1> <II = 1> <Delay = 2.32> <Storage> <Opcode : 'load'> <Ports = 0> <Width = 15> <Depth = 8> <ROM>
ST_2 : Operation 51 [1/1] (0.00ns)   --->   "%dct_1d_dct_coeff_table_2_addr = getelementptr i15 %dct_1d_dct_coeff_table_2, i64 0, i64 %zext_ln39" [../xup_high_level_synthesis_design_flow-main/source/lab3/dct.c:42->../xup_high_level_synthesis_design_flow-main/source/lab3/dct.c:70->../xup_high_level_synthesis_design_flow-main/source/lab3/dct.c:113]   --->   Operation 51 'getelementptr' 'dct_1d_dct_coeff_table_2_addr' <Predicate = true> <Delay = 0.00>
ST_2 : Operation 52 [2/2] (2.32ns)   --->   "%coeff_9 = load i3 %dct_1d_dct_coeff_table_2_addr" [../xup_high_level_synthesis_design_flow-main/source/lab3/dct.c:42->../xup_high_level_synthesis_design_flow-main/source/lab3/dct.c:70->../xup_high_level_synthesis_design_flow-main/source/lab3/dct.c:113]   --->   Operation 52 'load' 'coeff_9' <Predicate = true> <Delay = 2.32> <CoreInst = "ROM">   --->   Core 95 'ROM' <Latency = 1> <II = 1> <Delay = 2.32> <Storage> <Opcode : 'load'> <Ports = 0> <Width = 15> <Depth = 8> <ROM>
ST_2 : Operation 53 [1/1] (0.00ns)   --->   "%dct_1d_dct_coeff_table_3_addr = getelementptr i15 %dct_1d_dct_coeff_table_3, i64 0, i64 %zext_ln39" [../xup_high_level_synthesis_design_flow-main/source/lab3/dct.c:42->../xup_high_level_synthesis_design_flow-main/source/lab3/dct.c:70->../xup_high_level_synthesis_design_flow-main/source/lab3/dct.c:113]   --->   Operation 53 'getelementptr' 'dct_1d_dct_coeff_table_3_addr' <Predicate = true> <Delay = 0.00>
ST_2 : Operation 54 [2/2] (2.32ns)   --->   "%coeff_10 = load i3 %dct_1d_dct_coeff_table_3_addr" [../xup_high_level_synthesis_design_flow-main/source/lab3/dct.c:42->../xup_high_level_synthesis_design_flow-main/source/lab3/dct.c:70->../xup_high_level_synthesis_design_flow-main/source/lab3/dct.c:113]   --->   Operation 54 'load' 'coeff_10' <Predicate = true> <Delay = 2.32> <CoreInst = "ROM">   --->   Core 95 'ROM' <Latency = 1> <II = 1> <Delay = 2.32> <Storage> <Opcode : 'load'> <Ports = 0> <Width = 15> <Depth = 8> <ROM>
ST_2 : Operation 55 [1/1] (0.00ns)   --->   "%dct_1d_dct_coeff_table_4_addr = getelementptr i15 %dct_1d_dct_coeff_table_4, i64 0, i64 %zext_ln39" [../xup_high_level_synthesis_design_flow-main/source/lab3/dct.c:42->../xup_high_level_synthesis_design_flow-main/source/lab3/dct.c:70->../xup_high_level_synthesis_design_flow-main/source/lab3/dct.c:113]   --->   Operation 55 'getelementptr' 'dct_1d_dct_coeff_table_4_addr' <Predicate = true> <Delay = 0.00>
ST_2 : Operation 56 [2/2] (2.32ns)   --->   "%coeff_11 = load i3 %dct_1d_dct_coeff_table_4_addr" [../xup_high_level_synthesis_design_flow-main/source/lab3/dct.c:42->../xup_high_level_synthesis_design_flow-main/source/lab3/dct.c:70->../xup_high_level_synthesis_design_flow-main/source/lab3/dct.c:113]   --->   Operation 56 'load' 'coeff_11' <Predicate = true> <Delay = 2.32> <CoreInst = "ROM">   --->   Core 95 'ROM' <Latency = 1> <II = 1> <Delay = 2.32> <Storage> <Opcode : 'load'> <Ports = 0> <Width = 15> <Depth = 8> <ROM>
ST_2 : Operation 57 [1/1] (0.00ns)   --->   "%dct_1d_dct_coeff_table_5_addr = getelementptr i15 %dct_1d_dct_coeff_table_5, i64 0, i64 %zext_ln39" [../xup_high_level_synthesis_design_flow-main/source/lab3/dct.c:42->../xup_high_level_synthesis_design_flow-main/source/lab3/dct.c:70->../xup_high_level_synthesis_design_flow-main/source/lab3/dct.c:113]   --->   Operation 57 'getelementptr' 'dct_1d_dct_coeff_table_5_addr' <Predicate = true> <Delay = 0.00>
ST_2 : Operation 58 [2/2] (2.32ns)   --->   "%coeff_12 = load i3 %dct_1d_dct_coeff_table_5_addr" [../xup_high_level_synthesis_design_flow-main/source/lab3/dct.c:42->../xup_high_level_synthesis_design_flow-main/source/lab3/dct.c:70->../xup_high_level_synthesis_design_flow-main/source/lab3/dct.c:113]   --->   Operation 58 'load' 'coeff_12' <Predicate = true> <Delay = 2.32> <CoreInst = "ROM">   --->   Core 95 'ROM' <Latency = 1> <II = 1> <Delay = 2.32> <Storage> <Opcode : 'load'> <Ports = 0> <Width = 15> <Depth = 8> <ROM>
ST_2 : Operation 59 [1/1] (0.00ns)   --->   "%dct_1d_dct_coeff_table_6_addr = getelementptr i15 %dct_1d_dct_coeff_table_6, i64 0, i64 %zext_ln39" [../xup_high_level_synthesis_design_flow-main/source/lab3/dct.c:42->../xup_high_level_synthesis_design_flow-main/source/lab3/dct.c:70->../xup_high_level_synthesis_design_flow-main/source/lab3/dct.c:113]   --->   Operation 59 'getelementptr' 'dct_1d_dct_coeff_table_6_addr' <Predicate = true> <Delay = 0.00>
ST_2 : Operation 60 [2/2] (2.32ns)   --->   "%coeff_13 = load i3 %dct_1d_dct_coeff_table_6_addr" [../xup_high_level_synthesis_design_flow-main/source/lab3/dct.c:42->../xup_high_level_synthesis_design_flow-main/source/lab3/dct.c:70->../xup_high_level_synthesis_design_flow-main/source/lab3/dct.c:113]   --->   Operation 60 'load' 'coeff_13' <Predicate = true> <Delay = 2.32> <CoreInst = "ROM">   --->   Core 95 'ROM' <Latency = 1> <II = 1> <Delay = 2.32> <Storage> <Opcode : 'load'> <Ports = 0> <Width = 15> <Depth = 8> <ROM>
ST_2 : Operation 61 [1/2] (2.32ns)   --->   "%coeff_14 = load i3 %dct_1d_dct_coeff_table_7_addr" [../xup_high_level_synthesis_design_flow-main/source/lab3/dct.c:42->../xup_high_level_synthesis_design_flow-main/source/lab3/dct.c:70->../xup_high_level_synthesis_design_flow-main/source/lab3/dct.c:113]   --->   Operation 61 'load' 'coeff_14' <Predicate = true> <Delay = 2.32> <CoreInst = "ROM">   --->   Core 95 'ROM' <Latency = 1> <II = 1> <Delay = 2.32> <Storage> <Opcode : 'load'> <Ports = 0> <Width = 15> <Depth = 8> <ROM>
ST_2 : Operation 62 [1/1] (0.00ns)   --->   "%sext_ln45_12 = sext i15 %coeff_14" [../xup_high_level_synthesis_design_flow-main/source/lab3/dct.c:45->../xup_high_level_synthesis_design_flow-main/source/lab3/dct.c:70->../xup_high_level_synthesis_design_flow-main/source/lab3/dct.c:113]   --->   Operation 62 'sext' 'sext_ln45_12' <Predicate = true> <Delay = 0.00>
ST_2 : Operation 63 [3/3] (1.05ns) (grouped into DSP with root node add_ln45_11)   --->   "%mul_ln45_8 = mul i29 %sext_ln54_14, i29 %sext_ln45_12" [../xup_high_level_synthesis_design_flow-main/source/lab3/dct.c:45->../xup_high_level_synthesis_design_flow-main/source/lab3/dct.c:70->../xup_high_level_synthesis_design_flow-main/source/lab3/dct.c:113]   --->   Operation 63 'mul' 'mul_ln45_8' <Predicate = true> <Delay = 1.05> <CoreInst = "DSP48">   --->   Core 119 'DSP48' <Latency = 3> <II = 1> <Delay = 2.15> <IPBlock> <Opcode : '<invalid operator> ' 'mul' 'add' 'sub' 'select'> <InPorts = 0> <OutPorts = 1> <Sync> <CReg>

State 3 <SV = 2> <Delay = 3.37>
ST_3 : Operation 64 [1/1] (0.00ns)   --->   "%tmp_3 = bitconcatenate i6 @_ssdm_op_BitConcatenate.i6.i3.i3, i3 %trunc_ln45, i3 0" [../xup_high_level_synthesis_design_flow-main/source/lab3/dct.c:45->../xup_high_level_synthesis_design_flow-main/source/lab3/dct.c:70->../xup_high_level_synthesis_design_flow-main/source/lab3/dct.c:113]   --->   Operation 64 'bitconcatenate' 'tmp_3' <Predicate = true> <Delay = 0.00>
ST_3 : Operation 65 [1/1] (0.00ns)   --->   "%col_inbuf_addr = getelementptr i16 %col_inbuf, i64 0, i64 %zext_ln54" [../xup_high_level_synthesis_design_flow-main/source/lab3/dct.c:70->../xup_high_level_synthesis_design_flow-main/source/lab3/dct.c:113]   --->   Operation 65 'getelementptr' 'col_inbuf_addr' <Predicate = true> <Delay = 0.00>
ST_3 : Operation 66 [2/2] (2.32ns)   --->   "%col_inbuf_load = load i3 %col_inbuf_addr" [../xup_high_level_synthesis_design_flow-main/source/lab3/dct.c:54->../xup_high_level_synthesis_design_flow-main/source/lab3/dct.c:113]   --->   Operation 66 'load' 'col_inbuf_load' <Predicate = true> <Delay = 2.32> <CoreInst = "RAM">   --->   Core 82 'RAM' <Latency = 1> <II = 1> <Delay = 2.32> <Storage> <Opcode : 'load' 'store'> <Ports = 2> <Width = 16> <Depth = 8> <RAM>
ST_3 : Operation 67 [1/1] (0.00ns)   --->   "%col_inbuf_1_addr = getelementptr i16 %col_inbuf_1, i64 0, i64 %zext_ln54" [../xup_high_level_synthesis_design_flow-main/source/lab3/dct.c:70->../xup_high_level_synthesis_design_flow-main/source/lab3/dct.c:113]   --->   Operation 67 'getelementptr' 'col_inbuf_1_addr' <Predicate = true> <Delay = 0.00>
ST_3 : Operation 68 [2/2] (2.32ns)   --->   "%col_inbuf_1_load = load i3 %col_inbuf_1_addr" [../xup_high_level_synthesis_design_flow-main/source/lab3/dct.c:54->../xup_high_level_synthesis_design_flow-main/source/lab3/dct.c:113]   --->   Operation 68 'load' 'col_inbuf_1_load' <Predicate = true> <Delay = 2.32> <CoreInst = "RAM">   --->   Core 82 'RAM' <Latency = 1> <II = 1> <Delay = 2.32> <Storage> <Opcode : 'load' 'store'> <Ports = 2> <Width = 16> <Depth = 8> <RAM>
ST_3 : Operation 69 [1/1] (0.00ns)   --->   "%col_inbuf_2_addr = getelementptr i16 %col_inbuf_2, i64 0, i64 %zext_ln54" [../xup_high_level_synthesis_design_flow-main/source/lab3/dct.c:70->../xup_high_level_synthesis_design_flow-main/source/lab3/dct.c:113]   --->   Operation 69 'getelementptr' 'col_inbuf_2_addr' <Predicate = true> <Delay = 0.00>
ST_3 : Operation 70 [2/2] (2.32ns)   --->   "%col_inbuf_2_load = load i3 %col_inbuf_2_addr" [../xup_high_level_synthesis_design_flow-main/source/lab3/dct.c:54->../xup_high_level_synthesis_design_flow-main/source/lab3/dct.c:113]   --->   Operation 70 'load' 'col_inbuf_2_load' <Predicate = true> <Delay = 2.32> <CoreInst = "RAM">   --->   Core 82 'RAM' <Latency = 1> <II = 1> <Delay = 2.32> <Storage> <Opcode : 'load' 'store'> <Ports = 2> <Width = 16> <Depth = 8> <RAM>
ST_3 : Operation 71 [1/1] (0.00ns)   --->   "%col_inbuf_3_addr = getelementptr i16 %col_inbuf_3, i64 0, i64 %zext_ln54" [../xup_high_level_synthesis_design_flow-main/source/lab3/dct.c:70->../xup_high_level_synthesis_design_flow-main/source/lab3/dct.c:113]   --->   Operation 71 'getelementptr' 'col_inbuf_3_addr' <Predicate = true> <Delay = 0.00>
ST_3 : Operation 72 [2/2] (2.32ns)   --->   "%col_inbuf_3_load = load i3 %col_inbuf_3_addr" [../xup_high_level_synthesis_design_flow-main/source/lab3/dct.c:54->../xup_high_level_synthesis_design_flow-main/source/lab3/dct.c:113]   --->   Operation 72 'load' 'col_inbuf_3_load' <Predicate = true> <Delay = 2.32> <CoreInst = "RAM">   --->   Core 82 'RAM' <Latency = 1> <II = 1> <Delay = 2.32> <Storage> <Opcode : 'load' 'store'> <Ports = 2> <Width = 16> <Depth = 8> <RAM>
ST_3 : Operation 73 [1/2] (2.32ns)   --->   "%col_inbuf_4_load = load i3 %col_inbuf_4_addr" [../xup_high_level_synthesis_design_flow-main/source/lab3/dct.c:54->../xup_high_level_synthesis_design_flow-main/source/lab3/dct.c:113]   --->   Operation 73 'load' 'col_inbuf_4_load' <Predicate = true> <Delay = 2.32> <CoreInst = "RAM">   --->   Core 82 'RAM' <Latency = 1> <II = 1> <Delay = 2.32> <Storage> <Opcode : 'load' 'store'> <Ports = 2> <Width = 16> <Depth = 8> <RAM>
ST_3 : Operation 74 [1/2] (2.32ns)   --->   "%col_inbuf_5_load = load i3 %col_inbuf_5_addr" [../xup_high_level_synthesis_design_flow-main/source/lab3/dct.c:54->../xup_high_level_synthesis_design_flow-main/source/lab3/dct.c:113]   --->   Operation 74 'load' 'col_inbuf_5_load' <Predicate = true> <Delay = 2.32> <CoreInst = "RAM">   --->   Core 82 'RAM' <Latency = 1> <II = 1> <Delay = 2.32> <Storage> <Opcode : 'load' 'store'> <Ports = 2> <Width = 16> <Depth = 8> <RAM>
ST_3 : Operation 75 [1/1] (0.00ns)   --->   "%sext_ln54_12 = sext i16 %col_inbuf_5_load" [../xup_high_level_synthesis_design_flow-main/source/lab3/dct.c:54->../xup_high_level_synthesis_design_flow-main/source/lab3/dct.c:113]   --->   Operation 75 'sext' 'sext_ln54_12' <Predicate = true> <Delay = 0.00>
ST_3 : Operation 76 [1/2] (2.32ns)   --->   "%col_inbuf_6_load = load i3 %col_inbuf_6_addr" [../xup_high_level_synthesis_design_flow-main/source/lab3/dct.c:54->../xup_high_level_synthesis_design_flow-main/source/lab3/dct.c:113]   --->   Operation 76 'load' 'col_inbuf_6_load' <Predicate = true> <Delay = 2.32> <CoreInst = "RAM">   --->   Core 82 'RAM' <Latency = 1> <II = 1> <Delay = 2.32> <Storage> <Opcode : 'load' 'store'> <Ports = 2> <Width = 16> <Depth = 8> <RAM>
ST_3 : Operation 77 [1/1] (0.00ns)   --->   "%sext_ln54_13 = sext i16 %col_inbuf_6_load" [../xup_high_level_synthesis_design_flow-main/source/lab3/dct.c:54->../xup_high_level_synthesis_design_flow-main/source/lab3/dct.c:113]   --->   Operation 77 'sext' 'sext_ln54_13' <Predicate = true> <Delay = 0.00>
ST_3 : Operation 78 [1/1] (0.00ns)   --->   "%zext_ln45_3 = zext i4 %select_ln54" [../xup_high_level_synthesis_design_flow-main/source/lab3/dct.c:45->../xup_high_level_synthesis_design_flow-main/source/lab3/dct.c:70->../xup_high_level_synthesis_design_flow-main/source/lab3/dct.c:113]   --->   Operation 78 'zext' 'zext_ln45_3' <Predicate = true> <Delay = 0.00>
ST_3 : Operation 79 [1/1] (1.82ns)   --->   "%add_ln45_15 = add i6 %tmp_3, i6 %zext_ln45_3" [../xup_high_level_synthesis_design_flow-main/source/lab3/dct.c:45->../xup_high_level_synthesis_design_flow-main/source/lab3/dct.c:70->../xup_high_level_synthesis_design_flow-main/source/lab3/dct.c:113]   --->   Operation 79 'add' 'add_ln45_15' <Predicate = true> <Delay = 1.82> <CoreInst = "Adder">   --->   Core 1 'Adder' <Latency = 0> <II = 1> <Delay = 1.82> <FuncUnit> <Opcode : 'add' 'sub'> <InPorts = 2> <OutPorts = 1>
ST_3 : Operation 80 [1/2] (2.32ns)   --->   "%coeff = load i3 %dct_1d_dct_coeff_table_0_addr" [../xup_high_level_synthesis_design_flow-main/source/lab3/dct.c:42->../xup_high_level_synthesis_design_flow-main/source/lab3/dct.c:70->../xup_high_level_synthesis_design_flow-main/source/lab3/dct.c:113]   --->   Operation 80 'load' 'coeff' <Predicate = true> <Delay = 2.32> <CoreInst = "ROM">   --->   Core 95 'ROM' <Latency = 1> <II = 1> <Delay = 2.32> <Storage> <Opcode : 'load'> <Ports = 0> <Width = 14> <Depth = 8> <ROM>
ST_3 : Operation 81 [1/2] (2.32ns)   --->   "%coeff_8 = load i3 %dct_1d_dct_coeff_table_1_addr" [../xup_high_level_synthesis_design_flow-main/source/lab3/dct.c:42->../xup_high_level_synthesis_design_flow-main/source/lab3/dct.c:70->../xup_high_level_synthesis_design_flow-main/source/lab3/dct.c:113]   --->   Operation 81 'load' 'coeff_8' <Predicate = true> <Delay = 2.32> <CoreInst = "ROM">   --->   Core 95 'ROM' <Latency = 1> <II = 1> <Delay = 2.32> <Storage> <Opcode : 'load'> <Ports = 0> <Width = 15> <Depth = 8> <ROM>
ST_3 : Operation 82 [1/2] (2.32ns)   --->   "%coeff_9 = load i3 %dct_1d_dct_coeff_table_2_addr" [../xup_high_level_synthesis_design_flow-main/source/lab3/dct.c:42->../xup_high_level_synthesis_design_flow-main/source/lab3/dct.c:70->../xup_high_level_synthesis_design_flow-main/source/lab3/dct.c:113]   --->   Operation 82 'load' 'coeff_9' <Predicate = true> <Delay = 2.32> <CoreInst = "ROM">   --->   Core 95 'ROM' <Latency = 1> <II = 1> <Delay = 2.32> <Storage> <Opcode : 'load'> <Ports = 0> <Width = 15> <Depth = 8> <ROM>
ST_3 : Operation 83 [1/2] (2.32ns)   --->   "%coeff_10 = load i3 %dct_1d_dct_coeff_table_3_addr" [../xup_high_level_synthesis_design_flow-main/source/lab3/dct.c:42->../xup_high_level_synthesis_design_flow-main/source/lab3/dct.c:70->../xup_high_level_synthesis_design_flow-main/source/lab3/dct.c:113]   --->   Operation 83 'load' 'coeff_10' <Predicate = true> <Delay = 2.32> <CoreInst = "ROM">   --->   Core 95 'ROM' <Latency = 1> <II = 1> <Delay = 2.32> <Storage> <Opcode : 'load'> <Ports = 0> <Width = 15> <Depth = 8> <ROM>
ST_3 : Operation 84 [1/2] (2.32ns)   --->   "%coeff_11 = load i3 %dct_1d_dct_coeff_table_4_addr" [../xup_high_level_synthesis_design_flow-main/source/lab3/dct.c:42->../xup_high_level_synthesis_design_flow-main/source/lab3/dct.c:70->../xup_high_level_synthesis_design_flow-main/source/lab3/dct.c:113]   --->   Operation 84 'load' 'coeff_11' <Predicate = true> <Delay = 2.32> <CoreInst = "ROM">   --->   Core 95 'ROM' <Latency = 1> <II = 1> <Delay = 2.32> <Storage> <Opcode : 'load'> <Ports = 0> <Width = 15> <Depth = 8> <ROM>
ST_3 : Operation 85 [1/2] (2.32ns)   --->   "%coeff_12 = load i3 %dct_1d_dct_coeff_table_5_addr" [../xup_high_level_synthesis_design_flow-main/source/lab3/dct.c:42->../xup_high_level_synthesis_design_flow-main/source/lab3/dct.c:70->../xup_high_level_synthesis_design_flow-main/source/lab3/dct.c:113]   --->   Operation 85 'load' 'coeff_12' <Predicate = true> <Delay = 2.32> <CoreInst = "ROM">   --->   Core 95 'ROM' <Latency = 1> <II = 1> <Delay = 2.32> <Storage> <Opcode : 'load'> <Ports = 0> <Width = 15> <Depth = 8> <ROM>
ST_3 : Operation 86 [1/1] (0.00ns)   --->   "%sext_ln45_10 = sext i15 %coeff_12" [../xup_high_level_synthesis_design_flow-main/source/lab3/dct.c:45->../xup_high_level_synthesis_design_flow-main/source/lab3/dct.c:70->../xup_high_level_synthesis_design_flow-main/source/lab3/dct.c:113]   --->   Operation 86 'sext' 'sext_ln45_10' <Predicate = true> <Delay = 0.00>
ST_3 : Operation 87 [1/2] (2.32ns)   --->   "%coeff_13 = load i3 %dct_1d_dct_coeff_table_6_addr" [../xup_high_level_synthesis_design_flow-main/source/lab3/dct.c:42->../xup_high_level_synthesis_design_flow-main/source/lab3/dct.c:70->../xup_high_level_synthesis_design_flow-main/source/lab3/dct.c:113]   --->   Operation 87 'load' 'coeff_13' <Predicate = true> <Delay = 2.32> <CoreInst = "ROM">   --->   Core 95 'ROM' <Latency = 1> <II = 1> <Delay = 2.32> <Storage> <Opcode : 'load'> <Ports = 0> <Width = 15> <Depth = 8> <ROM>
ST_3 : Operation 88 [1/1] (0.00ns)   --->   "%sext_ln45_11 = sext i15 %coeff_13" [../xup_high_level_synthesis_design_flow-main/source/lab3/dct.c:45->../xup_high_level_synthesis_design_flow-main/source/lab3/dct.c:70->../xup_high_level_synthesis_design_flow-main/source/lab3/dct.c:113]   --->   Operation 88 'sext' 'sext_ln45_11' <Predicate = true> <Delay = 0.00>
ST_3 : Operation 89 [2/3] (1.05ns) (grouped into DSP with root node add_ln45_11)   --->   "%mul_ln45_8 = mul i29 %sext_ln54_14, i29 %sext_ln45_12" [../xup_high_level_synthesis_design_flow-main/source/lab3/dct.c:45->../xup_high_level_synthesis_design_flow-main/source/lab3/dct.c:70->../xup_high_level_synthesis_design_flow-main/source/lab3/dct.c:113]   --->   Operation 89 'mul' 'mul_ln45_8' <Predicate = true> <Delay = 1.05> <CoreInst = "DSP48">   --->   Core 119 'DSP48' <Latency = 3> <II = 1> <Delay = 2.15> <IPBlock> <Opcode : '<invalid operator> ' 'mul' 'add' 'sub' 'select'> <InPorts = 0> <OutPorts = 1> <Sync> <CReg>
ST_3 : Operation 90 [3/3] (1.05ns) (grouped into DSP with root node add_ln45_12)   --->   "%mul_ln45_10 = mul i29 %sext_ln54_13, i29 %sext_ln45_11" [../xup_high_level_synthesis_design_flow-main/source/lab3/dct.c:45->../xup_high_level_synthesis_design_flow-main/source/lab3/dct.c:70->../xup_high_level_synthesis_design_flow-main/source/lab3/dct.c:113]   --->   Operation 90 'mul' 'mul_ln45_10' <Predicate = true> <Delay = 1.05> <CoreInst = "DSP48">   --->   Core 119 'DSP48' <Latency = 3> <II = 1> <Delay = 2.15> <IPBlock> <Opcode : '<invalid operator> ' 'mul' 'add' 'sub' 'select'> <InPorts = 0> <OutPorts = 1> <Sync> <CReg>
ST_3 : Operation 91 [3/3] (1.05ns) (grouped into DSP with root node add_ln45_10)   --->   "%mul_ln45_14 = mul i29 %sext_ln54_12, i29 %sext_ln45_10" [../xup_high_level_synthesis_design_flow-main/source/lab3/dct.c:45->../xup_high_level_synthesis_design_flow-main/source/lab3/dct.c:70->../xup_high_level_synthesis_design_flow-main/source/lab3/dct.c:113]   --->   Operation 91 'mul' 'mul_ln45_14' <Predicate = true> <Delay = 1.05> <CoreInst = "DSP48">   --->   Core 119 'DSP48' <Latency = 3> <II = 1> <Delay = 2.15> <IPBlock> <Opcode : '<invalid operator> ' 'mul' 'add' 'sub' 'select'> <InPorts = 0> <OutPorts = 1> <Sync> <CReg>

State 4 <SV = 3> <Delay = 5.58>
ST_4 : Operation 92 [1/2] (2.32ns)   --->   "%col_inbuf_load = load i3 %col_inbuf_addr" [../xup_high_level_synthesis_design_flow-main/source/lab3/dct.c:54->../xup_high_level_synthesis_design_flow-main/source/lab3/dct.c:113]   --->   Operation 92 'load' 'col_inbuf_load' <Predicate = true> <Delay = 2.32> <CoreInst = "RAM">   --->   Core 82 'RAM' <Latency = 1> <II = 1> <Delay = 2.32> <Storage> <Opcode : 'load' 'store'> <Ports = 2> <Width = 16> <Depth = 8> <RAM>
ST_4 : Operation 93 [1/2] (2.32ns)   --->   "%col_inbuf_1_load = load i3 %col_inbuf_1_addr" [../xup_high_level_synthesis_design_flow-main/source/lab3/dct.c:54->../xup_high_level_synthesis_design_flow-main/source/lab3/dct.c:113]   --->   Operation 93 'load' 'col_inbuf_1_load' <Predicate = true> <Delay = 2.32> <CoreInst = "RAM">   --->   Core 82 'RAM' <Latency = 1> <II = 1> <Delay = 2.32> <Storage> <Opcode : 'load' 'store'> <Ports = 2> <Width = 16> <Depth = 8> <RAM>
ST_4 : Operation 94 [1/1] (0.00ns)   --->   "%sext_ln54_8 = sext i16 %col_inbuf_1_load" [../xup_high_level_synthesis_design_flow-main/source/lab3/dct.c:54->../xup_high_level_synthesis_design_flow-main/source/lab3/dct.c:113]   --->   Operation 94 'sext' 'sext_ln54_8' <Predicate = true> <Delay = 0.00>
ST_4 : Operation 95 [1/2] (2.32ns)   --->   "%col_inbuf_2_load = load i3 %col_inbuf_2_addr" [../xup_high_level_synthesis_design_flow-main/source/lab3/dct.c:54->../xup_high_level_synthesis_design_flow-main/source/lab3/dct.c:113]   --->   Operation 95 'load' 'col_inbuf_2_load' <Predicate = true> <Delay = 2.32> <CoreInst = "RAM">   --->   Core 82 'RAM' <Latency = 1> <II = 1> <Delay = 2.32> <Storage> <Opcode : 'load' 'store'> <Ports = 2> <Width = 16> <Depth = 8> <RAM>
ST_4 : Operation 96 [1/2] (2.32ns)   --->   "%col_inbuf_3_load = load i3 %col_inbuf_3_addr" [../xup_high_level_synthesis_design_flow-main/source/lab3/dct.c:54->../xup_high_level_synthesis_design_flow-main/source/lab3/dct.c:113]   --->   Operation 96 'load' 'col_inbuf_3_load' <Predicate = true> <Delay = 2.32> <CoreInst = "RAM">   --->   Core 82 'RAM' <Latency = 1> <II = 1> <Delay = 2.32> <Storage> <Opcode : 'load' 'store'> <Ports = 2> <Width = 16> <Depth = 8> <RAM>
ST_4 : Operation 97 [1/1] (0.00ns)   --->   "%sext_ln54_10 = sext i16 %col_inbuf_3_load" [../xup_high_level_synthesis_design_flow-main/source/lab3/dct.c:54->../xup_high_level_synthesis_design_flow-main/source/lab3/dct.c:113]   --->   Operation 97 'sext' 'sext_ln54_10' <Predicate = true> <Delay = 0.00>
ST_4 : Operation 98 [1/1] (0.00ns)   --->   "%sext_ln54_11 = sext i16 %col_inbuf_4_load" [../xup_high_level_synthesis_design_flow-main/source/lab3/dct.c:54->../xup_high_level_synthesis_design_flow-main/source/lab3/dct.c:113]   --->   Operation 98 'sext' 'sext_ln54_11' <Predicate = true> <Delay = 0.00>
ST_4 : Operation 99 [1/1] (0.00ns)   --->   "%sext_ln45 = sext i15 %coeff_8" [../xup_high_level_synthesis_design_flow-main/source/lab3/dct.c:45->../xup_high_level_synthesis_design_flow-main/source/lab3/dct.c:70->../xup_high_level_synthesis_design_flow-main/source/lab3/dct.c:113]   --->   Operation 99 'sext' 'sext_ln45' <Predicate = true> <Delay = 0.00>
ST_4 : Operation 100 [1/1] (0.00ns)   --->   "%sext_ln45_8 = sext i15 %coeff_10" [../xup_high_level_synthesis_design_flow-main/source/lab3/dct.c:45->../xup_high_level_synthesis_design_flow-main/source/lab3/dct.c:70->../xup_high_level_synthesis_design_flow-main/source/lab3/dct.c:113]   --->   Operation 100 'sext' 'sext_ln45_8' <Predicate = true> <Delay = 0.00>
ST_4 : Operation 101 [1/1] (0.00ns)   --->   "%sext_ln45_9 = sext i15 %coeff_11" [../xup_high_level_synthesis_design_flow-main/source/lab3/dct.c:45->../xup_high_level_synthesis_design_flow-main/source/lab3/dct.c:70->../xup_high_level_synthesis_design_flow-main/source/lab3/dct.c:113]   --->   Operation 101 'sext' 'sext_ln45_9' <Predicate = true> <Delay = 0.00>
ST_4 : Operation 102 [3/3] (1.05ns) (grouped into DSP with root node add_ln45)   --->   "%mul_ln45 = mul i29 %sext_ln54_8, i29 %sext_ln45" [../xup_high_level_synthesis_design_flow-main/source/lab3/dct.c:45->../xup_high_level_synthesis_design_flow-main/source/lab3/dct.c:70->../xup_high_level_synthesis_design_flow-main/source/lab3/dct.c:113]   --->   Operation 102 'mul' 'mul_ln45' <Predicate = true> <Delay = 1.05> <CoreInst = "DSP48">   --->   Core 119 'DSP48' <Latency = 3> <II = 1> <Delay = 2.15> <IPBlock> <Opcode : '<invalid operator> ' 'mul' 'add' 'sub' 'select'> <InPorts = 0> <OutPorts = 1> <Sync> <CReg>
ST_4 : Operation 103 [1/3] (0.00ns) (grouped into DSP with root node add_ln45_11)   --->   "%mul_ln45_8 = mul i29 %sext_ln54_14, i29 %sext_ln45_12" [../xup_high_level_synthesis_design_flow-main/source/lab3/dct.c:45->../xup_high_level_synthesis_design_flow-main/source/lab3/dct.c:70->../xup_high_level_synthesis_design_flow-main/source/lab3/dct.c:113]   --->   Operation 103 'mul' 'mul_ln45_8' <Predicate = true> <Delay = 0.00> <CoreInst = "DSP48">   --->   Core 119 'DSP48' <Latency = 3> <II = 1> <Delay = 2.15> <IPBlock> <Opcode : '<invalid operator> ' 'mul' 'add' 'sub' 'select'> <InPorts = 0> <OutPorts = 1> <Sync> <CReg>
ST_4 : Operation 104 [2/3] (1.05ns) (grouped into DSP with root node add_ln45_12)   --->   "%mul_ln45_10 = mul i29 %sext_ln54_13, i29 %sext_ln45_11" [../xup_high_level_synthesis_design_flow-main/source/lab3/dct.c:45->../xup_high_level_synthesis_design_flow-main/source/lab3/dct.c:70->../xup_high_level_synthesis_design_flow-main/source/lab3/dct.c:113]   --->   Operation 104 'mul' 'mul_ln45_10' <Predicate = true> <Delay = 1.05> <CoreInst = "DSP48">   --->   Core 119 'DSP48' <Latency = 3> <II = 1> <Delay = 2.15> <IPBlock> <Opcode : '<invalid operator> ' 'mul' 'add' 'sub' 'select'> <InPorts = 0> <OutPorts = 1> <Sync> <CReg>
ST_4 : Operation 105 [1/1] (5.58ns)   --->   "%mul_ln45_11 = mul i29 %sext_ln54_11, i29 %sext_ln45_9" [../xup_high_level_synthesis_design_flow-main/source/lab3/dct.c:45->../xup_high_level_synthesis_design_flow-main/source/lab3/dct.c:70->../xup_high_level_synthesis_design_flow-main/source/lab3/dct.c:113]   --->   Operation 105 'mul' 'mul_ln45_11' <Predicate = true> <Delay = 5.58> <CoreInst = "Multiplier">   --->   Core 3 'Multiplier' <Latency = 0> <II = 1> <Delay = 5.58> <FuncUnit> <Opcode : 'mul'> <InPorts = 2> <OutPorts = 1>
ST_4 : Operation 106 [3/3] (1.05ns) (grouped into DSP with root node add_ln45_8)   --->   "%mul_ln45_12 = mul i29 %sext_ln54_10, i29 %sext_ln45_8" [../xup_high_level_synthesis_design_flow-main/source/lab3/dct.c:45->../xup_high_level_synthesis_design_flow-main/source/lab3/dct.c:70->../xup_high_level_synthesis_design_flow-main/source/lab3/dct.c:113]   --->   Operation 106 'mul' 'mul_ln45_12' <Predicate = true> <Delay = 1.05> <CoreInst = "DSP48">   --->   Core 119 'DSP48' <Latency = 3> <II = 1> <Delay = 2.15> <IPBlock> <Opcode : '<invalid operator> ' 'mul' 'add' 'sub' 'select'> <InPorts = 0> <OutPorts = 1> <Sync> <CReg>
ST_4 : Operation 107 [2/3] (1.05ns) (grouped into DSP with root node add_ln45_10)   --->   "%mul_ln45_14 = mul i29 %sext_ln54_12, i29 %sext_ln45_10" [../xup_high_level_synthesis_design_flow-main/source/lab3/dct.c:45->../xup_high_level_synthesis_design_flow-main/source/lab3/dct.c:70->../xup_high_level_synthesis_design_flow-main/source/lab3/dct.c:113]   --->   Operation 107 'mul' 'mul_ln45_14' <Predicate = true> <Delay = 1.05> <CoreInst = "DSP48">   --->   Core 119 'DSP48' <Latency = 3> <II = 1> <Delay = 2.15> <IPBlock> <Opcode : '<invalid operator> ' 'mul' 'add' 'sub' 'select'> <InPorts = 0> <OutPorts = 1> <Sync> <CReg>
ST_4 : Operation 108 [2/2] (2.10ns) (root node of the DSP)   --->   "%add_ln45_11 = add i29 %mul_ln45_8, i29 4096" [../xup_high_level_synthesis_design_flow-main/source/lab3/dct.c:45->../xup_high_level_synthesis_design_flow-main/source/lab3/dct.c:70->../xup_high_level_synthesis_design_flow-main/source/lab3/dct.c:113]   --->   Operation 108 'add' 'add_ln45_11' <Predicate = true> <Delay = 2.10> <CoreInst = "DSP48">   --->   Core 119 'DSP48' <Latency = 3> <II = 1> <Delay = 2.15> <IPBlock> <Opcode : '<invalid operator> ' 'mul' 'add' 'sub' 'select'> <InPorts = 0> <OutPorts = 1> <Sync> <CReg>

State 5 <SV = 4> <Delay = 5.58>
ST_5 : Operation 109 [1/1] (0.00ns)   --->   "%sext_ln54 = sext i16 %col_inbuf_load" [../xup_high_level_synthesis_design_flow-main/source/lab3/dct.c:54->../xup_high_level_synthesis_design_flow-main/source/lab3/dct.c:113]   --->   Operation 109 'sext' 'sext_ln54' <Predicate = true> <Delay = 0.00>
ST_5 : Operation 110 [1/1] (0.00ns)   --->   "%sext_ln54_9 = sext i16 %col_inbuf_2_load" [../xup_high_level_synthesis_design_flow-main/source/lab3/dct.c:54->../xup_high_level_synthesis_design_flow-main/source/lab3/dct.c:113]   --->   Operation 110 'sext' 'sext_ln54_9' <Predicate = true> <Delay = 0.00>
ST_5 : Operation 111 [1/1] (0.00ns)   --->   "%zext_ln45 = zext i14 %coeff" [../xup_high_level_synthesis_design_flow-main/source/lab3/dct.c:45->../xup_high_level_synthesis_design_flow-main/source/lab3/dct.c:70->../xup_high_level_synthesis_design_flow-main/source/lab3/dct.c:113]   --->   Operation 111 'zext' 'zext_ln45' <Predicate = true> <Delay = 0.00>
ST_5 : Operation 112 [1/1] (0.00ns)   --->   "%sext_ln45_7 = sext i15 %coeff_9" [../xup_high_level_synthesis_design_flow-main/source/lab3/dct.c:45->../xup_high_level_synthesis_design_flow-main/source/lab3/dct.c:70->../xup_high_level_synthesis_design_flow-main/source/lab3/dct.c:113]   --->   Operation 112 'sext' 'sext_ln45_7' <Predicate = true> <Delay = 0.00>
ST_5 : Operation 113 [2/3] (1.05ns) (grouped into DSP with root node add_ln45)   --->   "%mul_ln45 = mul i29 %sext_ln54_8, i29 %sext_ln45" [../xup_high_level_synthesis_design_flow-main/source/lab3/dct.c:45->../xup_high_level_synthesis_design_flow-main/source/lab3/dct.c:70->../xup_high_level_synthesis_design_flow-main/source/lab3/dct.c:113]   --->   Operation 113 'mul' 'mul_ln45' <Predicate = true> <Delay = 1.05> <CoreInst = "DSP48">   --->   Core 119 'DSP48' <Latency = 3> <II = 1> <Delay = 2.15> <IPBlock> <Opcode : '<invalid operator> ' 'mul' 'add' 'sub' 'select'> <InPorts = 0> <OutPorts = 1> <Sync> <CReg>
ST_5 : Operation 114 [1/1] (5.58ns)   --->   "%mul_ln45_9 = mul i29 %sext_ln54, i29 %zext_ln45" [../xup_high_level_synthesis_design_flow-main/source/lab3/dct.c:45->../xup_high_level_synthesis_design_flow-main/source/lab3/dct.c:70->../xup_high_level_synthesis_design_flow-main/source/lab3/dct.c:113]   --->   Operation 114 'mul' 'mul_ln45_9' <Predicate = true> <Delay = 5.58> <CoreInst = "Multiplier">   --->   Core 3 'Multiplier' <Latency = 0> <II = 1> <Delay = 5.58> <FuncUnit> <Opcode : 'mul'> <InPorts = 2> <OutPorts = 1>
ST_5 : Operation 115 [1/3] (0.00ns) (grouped into DSP with root node add_ln45_12)   --->   "%mul_ln45_10 = mul i29 %sext_ln54_13, i29 %sext_ln45_11" [../xup_high_level_synthesis_design_flow-main/source/lab3/dct.c:45->../xup_high_level_synthesis_design_flow-main/source/lab3/dct.c:70->../xup_high_level_synthesis_design_flow-main/source/lab3/dct.c:113]   --->   Operation 115 'mul' 'mul_ln45_10' <Predicate = true> <Delay = 0.00> <CoreInst = "DSP48">   --->   Core 119 'DSP48' <Latency = 3> <II = 1> <Delay = 2.15> <IPBlock> <Opcode : '<invalid operator> ' 'mul' 'add' 'sub' 'select'> <InPorts = 0> <OutPorts = 1> <Sync> <CReg>
ST_5 : Operation 116 [2/3] (1.05ns) (grouped into DSP with root node add_ln45_8)   --->   "%mul_ln45_12 = mul i29 %sext_ln54_10, i29 %sext_ln45_8" [../xup_high_level_synthesis_design_flow-main/source/lab3/dct.c:45->../xup_high_level_synthesis_design_flow-main/source/lab3/dct.c:70->../xup_high_level_synthesis_design_flow-main/source/lab3/dct.c:113]   --->   Operation 116 'mul' 'mul_ln45_12' <Predicate = true> <Delay = 1.05> <CoreInst = "DSP48">   --->   Core 119 'DSP48' <Latency = 3> <II = 1> <Delay = 2.15> <IPBlock> <Opcode : '<invalid operator> ' 'mul' 'add' 'sub' 'select'> <InPorts = 0> <OutPorts = 1> <Sync> <CReg>
ST_5 : Operation 117 [1/1] (5.58ns)   --->   "%mul_ln45_13 = mul i29 %sext_ln54_9, i29 %sext_ln45_7" [../xup_high_level_synthesis_design_flow-main/source/lab3/dct.c:45->../xup_high_level_synthesis_design_flow-main/source/lab3/dct.c:70->../xup_high_level_synthesis_design_flow-main/source/lab3/dct.c:113]   --->   Operation 117 'mul' 'mul_ln45_13' <Predicate = true> <Delay = 5.58> <CoreInst = "Multiplier">   --->   Core 3 'Multiplier' <Latency = 0> <II = 1> <Delay = 5.58> <FuncUnit> <Opcode : 'mul'> <InPorts = 2> <OutPorts = 1>
ST_5 : Operation 118 [1/3] (0.00ns) (grouped into DSP with root node add_ln45_10)   --->   "%mul_ln45_14 = mul i29 %sext_ln54_12, i29 %sext_ln45_10" [../xup_high_level_synthesis_design_flow-main/source/lab3/dct.c:45->../xup_high_level_synthesis_design_flow-main/source/lab3/dct.c:70->../xup_high_level_synthesis_design_flow-main/source/lab3/dct.c:113]   --->   Operation 118 'mul' 'mul_ln45_14' <Predicate = true> <Delay = 0.00> <CoreInst = "DSP48">   --->   Core 119 'DSP48' <Latency = 3> <II = 1> <Delay = 2.15> <IPBlock> <Opcode : '<invalid operator> ' 'mul' 'add' 'sub' 'select'> <InPorts = 0> <OutPorts = 1> <Sync> <CReg>
ST_5 : Operation 119 [2/2] (2.10ns) (root node of the DSP)   --->   "%add_ln45_10 = add i29 %mul_ln45_11, i29 %mul_ln45_14" [../xup_high_level_synthesis_design_flow-main/source/lab3/dct.c:45->../xup_high_level_synthesis_design_flow-main/source/lab3/dct.c:70->../xup_high_level_synthesis_design_flow-main/source/lab3/dct.c:113]   --->   Operation 119 'add' 'add_ln45_10' <Predicate = true> <Delay = 2.10> <CoreInst = "DSP48">   --->   Core 119 'DSP48' <Latency = 3> <II = 1> <Delay = 2.15> <IPBlock> <Opcode : '<invalid operator> ' 'mul' 'add' 'sub' 'select'> <InPorts = 0> <OutPorts = 1> <Sync> <CReg>
ST_5 : Operation 120 [1/2] (2.10ns) (root node of the DSP)   --->   "%add_ln45_11 = add i29 %mul_ln45_8, i29 4096" [../xup_high_level_synthesis_design_flow-main/source/lab3/dct.c:45->../xup_high_level_synthesis_design_flow-main/source/lab3/dct.c:70->../xup_high_level_synthesis_design_flow-main/source/lab3/dct.c:113]   --->   Operation 120 'add' 'add_ln45_11' <Predicate = true> <Delay = 2.10> <CoreInst = "DSP48">   --->   Core 119 'DSP48' <Latency = 3> <II = 1> <Delay = 2.15> <IPBlock> <Opcode : '<invalid operator> ' 'mul' 'add' 'sub' 'select'> <InPorts = 0> <OutPorts = 1> <Sync> <CReg>
ST_5 : Operation 121 [2/2] (2.10ns) (root node of the DSP)   --->   "%add_ln45_12 = add i29 %add_ln45_11, i29 %mul_ln45_10" [../xup_high_level_synthesis_design_flow-main/source/lab3/dct.c:45->../xup_high_level_synthesis_design_flow-main/source/lab3/dct.c:70->../xup_high_level_synthesis_design_flow-main/source/lab3/dct.c:113]   --->   Operation 121 'add' 'add_ln45_12' <Predicate = true> <Delay = 2.10> <CoreInst = "DSP48">   --->   Core 119 'DSP48' <Latency = 3> <II = 1> <Delay = 2.15> <IPBlock> <Opcode : '<invalid operator> ' 'mul' 'add' 'sub' 'select'> <InPorts = 0> <OutPorts = 1> <Sync> <CReg>

State 6 <SV = 5> <Delay = 4.56>
ST_6 : Operation 122 [1/3] (0.00ns) (grouped into DSP with root node add_ln45)   --->   "%mul_ln45 = mul i29 %sext_ln54_8, i29 %sext_ln45" [../xup_high_level_synthesis_design_flow-main/source/lab3/dct.c:45->../xup_high_level_synthesis_design_flow-main/source/lab3/dct.c:70->../xup_high_level_synthesis_design_flow-main/source/lab3/dct.c:113]   --->   Operation 122 'mul' 'mul_ln45' <Predicate = true> <Delay = 0.00> <CoreInst = "DSP48">   --->   Core 119 'DSP48' <Latency = 3> <II = 1> <Delay = 2.15> <IPBlock> <Opcode : '<invalid operator> ' 'mul' 'add' 'sub' 'select'> <InPorts = 0> <OutPorts = 1> <Sync> <CReg>
ST_6 : Operation 123 [1/3] (0.00ns) (grouped into DSP with root node add_ln45_8)   --->   "%mul_ln45_12 = mul i29 %sext_ln54_10, i29 %sext_ln45_8" [../xup_high_level_synthesis_design_flow-main/source/lab3/dct.c:45->../xup_high_level_synthesis_design_flow-main/source/lab3/dct.c:70->../xup_high_level_synthesis_design_flow-main/source/lab3/dct.c:113]   --->   Operation 123 'mul' 'mul_ln45_12' <Predicate = true> <Delay = 0.00> <CoreInst = "DSP48">   --->   Core 119 'DSP48' <Latency = 3> <II = 1> <Delay = 2.15> <IPBlock> <Opcode : '<invalid operator> ' 'mul' 'add' 'sub' 'select'> <InPorts = 0> <OutPorts = 1> <Sync> <CReg>
ST_6 : Operation 124 [2/2] (2.10ns) (root node of the DSP)   --->   "%add_ln45 = add i29 %mul_ln45_9, i29 %mul_ln45" [../xup_high_level_synthesis_design_flow-main/source/lab3/dct.c:45->../xup_high_level_synthesis_design_flow-main/source/lab3/dct.c:70->../xup_high_level_synthesis_design_flow-main/source/lab3/dct.c:113]   --->   Operation 124 'add' 'add_ln45' <Predicate = true> <Delay = 2.10> <CoreInst = "DSP48">   --->   Core 119 'DSP48' <Latency = 3> <II = 1> <Delay = 2.15> <IPBlock> <Opcode : '<invalid operator> ' 'mul' 'add' 'sub' 'select'> <InPorts = 0> <OutPorts = 1> <Sync> <CReg>
ST_6 : Operation 125 [2/2] (2.10ns) (root node of the DSP)   --->   "%add_ln45_8 = add i29 %mul_ln45_13, i29 %mul_ln45_12" [../xup_high_level_synthesis_design_flow-main/source/lab3/dct.c:45->../xup_high_level_synthesis_design_flow-main/source/lab3/dct.c:70->../xup_high_level_synthesis_design_flow-main/source/lab3/dct.c:113]   --->   Operation 125 'add' 'add_ln45_8' <Predicate = true> <Delay = 2.10> <CoreInst = "DSP48">   --->   Core 119 'DSP48' <Latency = 3> <II = 1> <Delay = 2.15> <IPBlock> <Opcode : '<invalid operator> ' 'mul' 'add' 'sub' 'select'> <InPorts = 0> <OutPorts = 1> <Sync> <CReg>
ST_6 : Operation 126 [1/2] (2.10ns) (root node of the DSP)   --->   "%add_ln45_10 = add i29 %mul_ln45_11, i29 %mul_ln45_14" [../xup_high_level_synthesis_design_flow-main/source/lab3/dct.c:45->../xup_high_level_synthesis_design_flow-main/source/lab3/dct.c:70->../xup_high_level_synthesis_design_flow-main/source/lab3/dct.c:113]   --->   Operation 126 'add' 'add_ln45_10' <Predicate = true> <Delay = 2.10> <CoreInst = "DSP48">   --->   Core 119 'DSP48' <Latency = 3> <II = 1> <Delay = 2.15> <IPBlock> <Opcode : '<invalid operator> ' 'mul' 'add' 'sub' 'select'> <InPorts = 0> <OutPorts = 1> <Sync> <CReg>
ST_6 : Operation 127 [1/2] (2.10ns) (root node of the DSP)   --->   "%add_ln45_12 = add i29 %add_ln45_11, i29 %mul_ln45_10" [../xup_high_level_synthesis_design_flow-main/source/lab3/dct.c:45->../xup_high_level_synthesis_design_flow-main/source/lab3/dct.c:70->../xup_high_level_synthesis_design_flow-main/source/lab3/dct.c:113]   --->   Operation 127 'add' 'add_ln45_12' <Predicate = true> <Delay = 2.10> <CoreInst = "DSP48">   --->   Core 119 'DSP48' <Latency = 3> <II = 1> <Delay = 2.15> <IPBlock> <Opcode : '<invalid operator> ' 'mul' 'add' 'sub' 'select'> <InPorts = 0> <OutPorts = 1> <Sync> <CReg>
ST_6 : Operation 128 [1/1] (2.46ns)   --->   "%add_ln45_13 = add i29 %add_ln45_12, i29 %add_ln45_10" [../xup_high_level_synthesis_design_flow-main/source/lab3/dct.c:45->../xup_high_level_synthesis_design_flow-main/source/lab3/dct.c:70->../xup_high_level_synthesis_design_flow-main/source/lab3/dct.c:113]   --->   Operation 128 'add' 'add_ln45_13' <Predicate = true> <Delay = 2.46> <CoreInst = "Adder">   --->   Core 1 'Adder' <Latency = 0> <II = 1> <Delay = 2.46> <FuncUnit> <Opcode : 'add' 'sub'> <InPorts = 2> <OutPorts = 1>

State 7 <SV = 6> <Delay = 6.38>
ST_7 : Operation 129 [1/2] (2.10ns) (root node of the DSP)   --->   "%add_ln45 = add i29 %mul_ln45_9, i29 %mul_ln45" [../xup_high_level_synthesis_design_flow-main/source/lab3/dct.c:45->../xup_high_level_synthesis_design_flow-main/source/lab3/dct.c:70->../xup_high_level_synthesis_design_flow-main/source/lab3/dct.c:113]   --->   Operation 129 'add' 'add_ln45' <Predicate = true> <Delay = 2.10> <CoreInst = "DSP48">   --->   Core 119 'DSP48' <Latency = 3> <II = 1> <Delay = 2.15> <IPBlock> <Opcode : '<invalid operator> ' 'mul' 'add' 'sub' 'select'> <InPorts = 0> <OutPorts = 1> <Sync> <CReg>
ST_7 : Operation 130 [1/2] (2.10ns) (root node of the DSP)   --->   "%add_ln45_8 = add i29 %mul_ln45_13, i29 %mul_ln45_12" [../xup_high_level_synthesis_design_flow-main/source/lab3/dct.c:45->../xup_high_level_synthesis_design_flow-main/source/lab3/dct.c:70->../xup_high_level_synthesis_design_flow-main/source/lab3/dct.c:113]   --->   Operation 130 'add' 'add_ln45_8' <Predicate = true> <Delay = 2.10> <CoreInst = "DSP48">   --->   Core 119 'DSP48' <Latency = 3> <II = 1> <Delay = 2.15> <IPBlock> <Opcode : '<invalid operator> ' 'mul' 'add' 'sub' 'select'> <InPorts = 0> <OutPorts = 1> <Sync> <CReg>
ST_7 : Operation 131 [1/1] (0.00ns) (grouped into TernaryAdder)   --->   "%add_ln45_9 = add i29 %add_ln45_8, i29 %add_ln45" [../xup_high_level_synthesis_design_flow-main/source/lab3/dct.c:45->../xup_high_level_synthesis_design_flow-main/source/lab3/dct.c:70->../xup_high_level_synthesis_design_flow-main/source/lab3/dct.c:113]   --->   Operation 131 'add' 'add_ln45_9' <Predicate = true> <Delay = 0.00> <CoreInst = "TAddSub">   --->   Core 10 'TAddSub' <Latency = 0> <II = 1> <Delay = 2.14> <IPBlock> <Opcode : '<invalid operator> ' 'add' 'sub'> <InPorts = 3> <OutPorts = 1> <Sync> <CReg>
ST_7 : Operation 132 [1/1] (4.28ns) (root node of TernaryAdder)   --->   "%add_ln45_14 = add i29 %add_ln45_13, i29 %add_ln45_9" [../xup_high_level_synthesis_design_flow-main/source/lab3/dct.c:45->../xup_high_level_synthesis_design_flow-main/source/lab3/dct.c:70->../xup_high_level_synthesis_design_flow-main/source/lab3/dct.c:113]   --->   Operation 132 'add' 'add_ln45_14' <Predicate = true> <Delay = 4.28> <CoreInst = "TAddSub">   --->   Core 10 'TAddSub' <Latency = 0> <II = 1> <Delay = 2.14> <IPBlock> <Opcode : '<invalid operator> ' 'add' 'sub'> <InPorts = 3> <OutPorts = 1> <Sync> <CReg>
ST_7 : Operation 133 [1/1] (0.00ns)   --->   "%trunc_ln = partselect i16 @_ssdm_op_PartSelect.i16.i29.i32.i32, i29 %add_ln45_14, i32 13, i32 28" [../xup_high_level_synthesis_design_flow-main/source/lab3/dct.c:45->../xup_high_level_synthesis_design_flow-main/source/lab3/dct.c:70->../xup_high_level_synthesis_design_flow-main/source/lab3/dct.c:113]   --->   Operation 133 'partselect' 'trunc_ln' <Predicate = true> <Delay = 0.00>
ST_7 : Operation 142 [1/1] (0.00ns)   --->   "%ret_ln0 = ret"   --->   Operation 142 'ret' 'ret_ln0' <Predicate = (icmp_ln69)> <Delay = 0.00>

State 8 <SV = 7> <Delay = 3.25>
ST_8 : Operation 134 [1/1] (0.00ns)   --->   "%specloopname_ln0 = specloopname void @_ssdm_op_SpecLoopName, void @Col_DCT_Loop_DCT_Outer_Loop_str"   --->   Operation 134 'specloopname' 'specloopname_ln0' <Predicate = true> <Delay = 0.00>
ST_8 : Operation 135 [1/1] (0.00ns)   --->   "%speclooptripcount_ln0 = speclooptripcount void @_ssdm_op_SpecLoopTripCount, i64 64, i64 64, i64 64"   --->   Operation 135 'speclooptripcount' 'speclooptripcount_ln0' <Predicate = true> <Delay = 0.00>
ST_8 : Operation 136 [1/1] (0.00ns)   --->   "%zext_ln45_4 = zext i6 %add_ln45_15" [../xup_high_level_synthesis_design_flow-main/source/lab3/dct.c:45->../xup_high_level_synthesis_design_flow-main/source/lab3/dct.c:70->../xup_high_level_synthesis_design_flow-main/source/lab3/dct.c:113]   --->   Operation 136 'zext' 'zext_ln45_4' <Predicate = true> <Delay = 0.00>
ST_8 : Operation 137 [1/1] (0.00ns)   --->   "%col_outbuf_addr = getelementptr i16 %col_outbuf, i64 0, i64 %zext_ln45_4" [../xup_high_level_synthesis_design_flow-main/source/lab3/dct.c:45->../xup_high_level_synthesis_design_flow-main/source/lab3/dct.c:70->../xup_high_level_synthesis_design_flow-main/source/lab3/dct.c:113]   --->   Operation 137 'getelementptr' 'col_outbuf_addr' <Predicate = true> <Delay = 0.00>
ST_8 : Operation 138 [1/1] (0.00ns)   --->   "%specpipeline_ln12 = specpipeline void @_ssdm_op_SpecPipeline, i32 4294967295, i32 0, i32 0, i32 0, void @empty_0" [F:/Education/FPGA_Labs/Labs_2/lab3/lab3/solution7/directives.tcl:12->../xup_high_level_synthesis_design_flow-main/source/lab3/dct.c:70->../xup_high_level_synthesis_design_flow-main/source/lab3/dct.c:113]   --->   Operation 138 'specpipeline' 'specpipeline_ln12' <Predicate = true> <Delay = 0.00>
ST_8 : Operation 139 [1/1] (0.00ns)   --->   "%specloopname_ln39 = specloopname void @_ssdm_op_SpecLoopName, void @empty_6" [../xup_high_level_synthesis_design_flow-main/source/lab3/dct.c:39->../xup_high_level_synthesis_design_flow-main/source/lab3/dct.c:70->../xup_high_level_synthesis_design_flow-main/source/lab3/dct.c:113]   --->   Operation 139 'specloopname' 'specloopname_ln39' <Predicate = true> <Delay = 0.00>
ST_8 : Operation 140 [1/1] (3.25ns)   --->   "%store_ln45 = store i16 %trunc_ln, i6 %col_outbuf_addr" [../xup_high_level_synthesis_design_flow-main/source/lab3/dct.c:45->../xup_high_level_synthesis_design_flow-main/source/lab3/dct.c:70->../xup_high_level_synthesis_design_flow-main/source/lab3/dct.c:113]   --->   Operation 140 'store' 'store_ln45' <Predicate = true> <Delay = 3.25> <CoreInst = "RAM">   --->   Core 82 'RAM' <Latency = 1> <II = 1> <Delay = 3.25> <Storage> <Opcode : 'load' 'store'> <Ports = 2> <Width = 16> <Depth = 64> <RAM>
ST_8 : Operation 141 [1/1] (0.00ns)   --->   "%br_ln39 = br void %for.inc.i" [../xup_high_level_synthesis_design_flow-main/source/lab3/dct.c:39->../xup_high_level_synthesis_design_flow-main/source/lab3/dct.c:70->../xup_high_level_synthesis_design_flow-main/source/lab3/dct.c:113]   --->   Operation 141 'br' 'br_ln39' <Predicate = true> <Delay = 0.00>


============================================================
+ Verbose Summary: Binding
============================================================
STG Binding: 
---------------- STG Properties BEGIN ----------------
- Is combinational: 0
- Is one-state seq: 0
- Is datapath-only: 0
- Is pipelined: 0
- Is top level: 0
Port [ Return ] is wired: 1; IO mode=ap_ctrl_hs:ce=0
Port [ col_inbuf]:  wired=1; compound=1; hidden=0; nouse=0; global=0; static=0; extern=0; dir=0; type=1; pingpong=1; private_global=0; MemPort=[13]; IO mode=ap_memory:ce=0
Port [ col_inbuf_1]:  wired=1; compound=1; hidden=0; nouse=0; global=0; static=0; extern=0; dir=0; type=1; pingpong=1; private_global=0; MemPort=[13]; IO mode=ap_memory:ce=0
Port [ col_inbuf_2]:  wired=1; compound=1; hidden=0; nouse=0; global=0; static=0; extern=0; dir=0; type=1; pingpong=1; private_global=0; MemPort=[13]; IO mode=ap_memory:ce=0
Port [ col_inbuf_3]:  wired=1; compound=1; hidden=0; nouse=0; global=0; static=0; extern=0; dir=0; type=1; pingpong=1; private_global=0; MemPort=[13]; IO mode=ap_memory:ce=0
Port [ col_inbuf_4]:  wired=1; compound=1; hidden=0; nouse=0; global=0; static=0; extern=0; dir=0; type=1; pingpong=1; private_global=0; MemPort=[13]; IO mode=ap_memory:ce=0
Port [ col_inbuf_5]:  wired=1; compound=1; hidden=0; nouse=0; global=0; static=0; extern=0; dir=0; type=1; pingpong=1; private_global=0; MemPort=[13]; IO mode=ap_memory:ce=0
Port [ col_inbuf_6]:  wired=1; compound=1; hidden=0; nouse=0; global=0; static=0; extern=0; dir=0; type=1; pingpong=1; private_global=0; MemPort=[13]; IO mode=ap_memory:ce=0
Port [ col_inbuf_7]:  wired=1; compound=1; hidden=0; nouse=0; global=0; static=0; extern=0; dir=0; type=1; pingpong=1; private_global=0; MemPort=[13]; IO mode=ap_memory:ce=0
Port [ col_outbuf]:  wired=1; compound=1; hidden=0; nouse=0; global=0; static=0; extern=0; dir=1; type=1; pingpong=1; private_global=0; MemPort=[03]; IO mode=ap_memory:ce=0
Port [ dct_1d_dct_coeff_table_0]:  wired=0; compound=1; hidden=1; nouse=0; global=1; static=1; extern=0; dir=0; type=1; pingpong=0; private_global=0; MemPort=[1]; IO mode=ap_memory:ce=0
Port [ dct_1d_dct_coeff_table_1]:  wired=0; compound=1; hidden=1; nouse=0; global=1; static=1; extern=0; dir=0; type=1; pingpong=0; private_global=0; MemPort=[1]; IO mode=ap_memory:ce=0
Port [ dct_1d_dct_coeff_table_2]:  wired=0; compound=1; hidden=1; nouse=0; global=1; static=1; extern=0; dir=0; type=1; pingpong=0; private_global=0; MemPort=[1]; IO mode=ap_memory:ce=0
Port [ dct_1d_dct_coeff_table_3]:  wired=0; compound=1; hidden=1; nouse=0; global=1; static=1; extern=0; dir=0; type=1; pingpong=0; private_global=0; MemPort=[1]; IO mode=ap_memory:ce=0
Port [ dct_1d_dct_coeff_table_4]:  wired=0; compound=1; hidden=1; nouse=0; global=1; static=1; extern=0; dir=0; type=1; pingpong=0; private_global=0; MemPort=[1]; IO mode=ap_memory:ce=0
Port [ dct_1d_dct_coeff_table_5]:  wired=0; compound=1; hidden=1; nouse=0; global=1; static=1; extern=0; dir=0; type=1; pingpong=0; private_global=0; MemPort=[1]; IO mode=ap_memory:ce=0
Port [ dct_1d_dct_coeff_table_6]:  wired=0; compound=1; hidden=1; nouse=0; global=1; static=1; extern=0; dir=0; type=1; pingpong=0; private_global=0; MemPort=[1]; IO mode=ap_memory:ce=0
Port [ dct_1d_dct_coeff_table_7]:  wired=0; compound=1; hidden=1; nouse=0; global=1; static=1; extern=0; dir=0; type=1; pingpong=0; private_global=0; MemPort=[1]; IO mode=ap_memory:ce=0
---------------- STG Properties END ------------------

---------------- Datapath Model BEGIN ----------------

<LifeTime>
<method=bitvector/>
k                             (alloca           ) [ 010000000]
i                             (alloca           ) [ 010000000]
indvar_flatten                (alloca           ) [ 010000000]
store_ln0                     (store            ) [ 000000000]
store_ln0                     (store            ) [ 000000000]
store_ln0                     (store            ) [ 000000000]
br_ln0                        (br               ) [ 000000000]
indvar_flatten_load           (load             ) [ 000000000]
icmp_ln69                     (icmp             ) [ 011111110]
add_ln69_1                    (add              ) [ 000000000]
br_ln69                       (br               ) [ 000000000]
k_load                        (load             ) [ 000000000]
i_load                        (load             ) [ 000000000]
add_ln69                      (add              ) [ 000000000]
icmp_ln39                     (icmp             ) [ 000000000]
select_ln54                   (select           ) [ 011100000]
select_ln54_4                 (select           ) [ 000000000]
trunc_ln45                    (trunc            ) [ 011100000]
zext_ln54                     (zext             ) [ 011100000]
col_inbuf_7_addr              (getelementptr    ) [ 011000000]
zext_ln39                     (zext             ) [ 011000000]
dct_1d_dct_coeff_table_7_addr (getelementptr    ) [ 011000000]
add_ln39                      (add              ) [ 000000000]
store_ln39                    (store            ) [ 000000000]
store_ln39                    (store            ) [ 000000000]
store_ln39                    (store            ) [ 000000000]
col_inbuf_4_addr              (getelementptr    ) [ 010100000]
col_inbuf_5_addr              (getelementptr    ) [ 010100000]
col_inbuf_6_addr              (getelementptr    ) [ 010100000]
col_inbuf_7_load              (load             ) [ 000000000]
sext_ln54_14                  (sext             ) [ 010110000]
dct_1d_dct_coeff_table_0_addr (getelementptr    ) [ 010100000]
dct_1d_dct_coeff_table_1_addr (getelementptr    ) [ 010100000]
dct_1d_dct_coeff_table_2_addr (getelementptr    ) [ 010100000]
dct_1d_dct_coeff_table_3_addr (getelementptr    ) [ 010100000]
dct_1d_dct_coeff_table_4_addr (getelementptr    ) [ 010100000]
dct_1d_dct_coeff_table_5_addr (getelementptr    ) [ 010100000]
dct_1d_dct_coeff_table_6_addr (getelementptr    ) [ 010100000]
coeff_14                      (load             ) [ 000000000]
sext_ln45_12                  (sext             ) [ 010110000]
tmp_3                         (bitconcatenate   ) [ 000000000]
col_inbuf_addr                (getelementptr    ) [ 010010000]
col_inbuf_1_addr              (getelementptr    ) [ 010010000]
col_inbuf_2_addr              (getelementptr    ) [ 010010000]
col_inbuf_3_addr              (getelementptr    ) [ 010010000]
col_inbuf_4_load              (load             ) [ 010010000]
col_inbuf_5_load              (load             ) [ 000000000]
sext_ln54_12                  (sext             ) [ 010011000]
col_inbuf_6_load              (load             ) [ 000000000]
sext_ln54_13                  (sext             ) [ 010011000]
zext_ln45_3                   (zext             ) [ 000000000]
add_ln45_15                   (add              ) [ 010011111]
coeff                         (load             ) [ 010011000]
coeff_8                       (load             ) [ 010010000]
coeff_9                       (load             ) [ 010011000]
coeff_10                      (load             ) [ 010010000]
coeff_11                      (load             ) [ 010010000]
coeff_12                      (load             ) [ 000000000]
sext_ln45_10                  (sext             ) [ 010011000]
coeff_13                      (load             ) [ 000000000]
sext_ln45_11                  (sext             ) [ 010011000]
col_inbuf_load                (load             ) [ 010001000]
col_inbuf_1_load              (load             ) [ 000000000]
sext_ln54_8                   (sext             ) [ 010001100]
col_inbuf_2_load              (load             ) [ 010001000]
col_inbuf_3_load              (load             ) [ 000000000]
sext_ln54_10                  (sext             ) [ 010001100]
sext_ln54_11                  (sext             ) [ 000000000]
sext_ln45                     (sext             ) [ 010001100]
sext_ln45_8                   (sext             ) [ 010001100]
sext_ln45_9                   (sext             ) [ 000000000]
mul_ln45_8                    (mul              ) [ 010001000]
mul_ln45_11                   (mul              ) [ 010001100]
sext_ln54                     (sext             ) [ 000000000]
sext_ln54_9                   (sext             ) [ 000000000]
zext_ln45                     (zext             ) [ 000000000]
sext_ln45_7                   (sext             ) [ 000000000]
mul_ln45_9                    (mul              ) [ 010000110]
mul_ln45_10                   (mul              ) [ 010000100]
mul_ln45_13                   (mul              ) [ 010000110]
mul_ln45_14                   (mul              ) [ 010000100]
add_ln45_11                   (add              ) [ 010000100]
mul_ln45                      (mul              ) [ 010000010]
mul_ln45_12                   (mul              ) [ 010000010]
add_ln45_10                   (add              ) [ 000000000]
add_ln45_12                   (add              ) [ 000000000]
add_ln45_13                   (add              ) [ 010000010]
add_ln45                      (add              ) [ 000000000]
add_ln45_8                    (add              ) [ 000000000]
add_ln45_9                    (add              ) [ 000000000]
add_ln45_14                   (add              ) [ 000000000]
trunc_ln                      (partselect       ) [ 010000001]
specloopname_ln0              (specloopname     ) [ 000000000]
speclooptripcount_ln0         (speclooptripcount) [ 000000000]
zext_ln45_4                   (zext             ) [ 000000000]
col_outbuf_addr               (getelementptr    ) [ 000000000]
specpipeline_ln12             (specpipeline     ) [ 000000000]
specloopname_ln39             (specloopname     ) [ 000000000]
store_ln45                    (store            ) [ 000000000]
br_ln39                       (br               ) [ 000000000]
ret_ln0                       (ret              ) [ 000000000]
</LifeTime>

<model>

<comp_list>
<comp id="0" class="1000" name="col_inbuf">
<pin_list>
<pin id="1" dir="1" index="0" bw="1" slack="0"/>
</pin_list>
<bind>
<StgValue><ssdm name="col_inbuf"/><MemPortTyVec>1 3 </MemPortTyVec>
</StgValue>
</bind>
</comp>

<comp id="2" class="1000" name="col_inbuf_1">
<pin_list>
<pin id="3" dir="1" index="0" bw="1" slack="0"/>
</pin_list>
<bind>
<StgValue><ssdm name="col_inbuf_1"/><MemPortTyVec>1 3 </MemPortTyVec>
</StgValue>
</bind>
</comp>

<comp id="4" class="1000" name="col_inbuf_2">
<pin_list>
<pin id="5" dir="1" index="0" bw="1" slack="0"/>
</pin_list>
<bind>
<StgValue><ssdm name="col_inbuf_2"/><MemPortTyVec>1 3 </MemPortTyVec>
</StgValue>
</bind>
</comp>

<comp id="6" class="1000" name="col_inbuf_3">
<pin_list>
<pin id="7" dir="1" index="0" bw="1" slack="0"/>
</pin_list>
<bind>
<StgValue><ssdm name="col_inbuf_3"/><MemPortTyVec>1 3 </MemPortTyVec>
</StgValue>
</bind>
</comp>

<comp id="8" class="1000" name="col_inbuf_4">
<pin_list>
<pin id="9" dir="1" index="0" bw="1" slack="0"/>
</pin_list>
<bind>
<StgValue><ssdm name="col_inbuf_4"/><MemPortTyVec>1 3 </MemPortTyVec>
</StgValue>
</bind>
</comp>

<comp id="10" class="1000" name="col_inbuf_5">
<pin_list>
<pin id="11" dir="1" index="0" bw="1" slack="0"/>
</pin_list>
<bind>
<StgValue><ssdm name="col_inbuf_5"/><MemPortTyVec>1 3 </MemPortTyVec>
</StgValue>
</bind>
</comp>

<comp id="12" class="1000" name="col_inbuf_6">
<pin_list>
<pin id="13" dir="1" index="0" bw="1" slack="0"/>
</pin_list>
<bind>
<StgValue><ssdm name="col_inbuf_6"/><MemPortTyVec>1 3 </MemPortTyVec>
</StgValue>
</bind>
</comp>

<comp id="14" class="1000" name="col_inbuf_7">
<pin_list>
<pin id="15" dir="1" index="0" bw="1" slack="0"/>
</pin_list>
<bind>
<StgValue><ssdm name="col_inbuf_7"/><MemPortTyVec>1 3 </MemPortTyVec>
</StgValue>
</bind>
</comp>

<comp id="16" class="1000" name="col_outbuf">
<pin_list>
<pin id="17" dir="1" index="0" bw="1" slack="0"/>
</pin_list>
<bind>
<StgValue><ssdm name="col_outbuf"/><MemPortTyVec>0 3 </MemPortTyVec>
</StgValue>
</bind>
</comp>

<comp id="18" class="1000" name="dct_1d_dct_coeff_table_0">
<pin_list>
<pin id="19" dir="1" index="0" bw="1" slack="0"/>
</pin_list>
<bind>
<StgValue><ssdm name="dct_1d_dct_coeff_table_0"/><MemPortTyVec>1 </MemPortTyVec>
</StgValue>
</bind>
</comp>

<comp id="20" class="1000" name="dct_1d_dct_coeff_table_1">
<pin_list>
<pin id="21" dir="1" index="0" bw="1" slack="0"/>
</pin_list>
<bind>
<StgValue><ssdm name="dct_1d_dct_coeff_table_1"/><MemPortTyVec>1 </MemPortTyVec>
</StgValue>
</bind>
</comp>

<comp id="22" class="1000" name="dct_1d_dct_coeff_table_2">
<pin_list>
<pin id="23" dir="1" index="0" bw="1" slack="0"/>
</pin_list>
<bind>
<StgValue><ssdm name="dct_1d_dct_coeff_table_2"/><MemPortTyVec>1 </MemPortTyVec>
</StgValue>
</bind>
</comp>

<comp id="24" class="1000" name="dct_1d_dct_coeff_table_3">
<pin_list>
<pin id="25" dir="1" index="0" bw="1" slack="0"/>
</pin_list>
<bind>
<StgValue><ssdm name="dct_1d_dct_coeff_table_3"/><MemPortTyVec>1 </MemPortTyVec>
</StgValue>
</bind>
</comp>

<comp id="26" class="1000" name="dct_1d_dct_coeff_table_4">
<pin_list>
<pin id="27" dir="1" index="0" bw="1" slack="0"/>
</pin_list>
<bind>
<StgValue><ssdm name="dct_1d_dct_coeff_table_4"/><MemPortTyVec>1 </MemPortTyVec>
</StgValue>
</bind>
</comp>

<comp id="28" class="1000" name="dct_1d_dct_coeff_table_5">
<pin_list>
<pin id="29" dir="1" index="0" bw="1" slack="0"/>
</pin_list>
<bind>
<StgValue><ssdm name="dct_1d_dct_coeff_table_5"/><MemPortTyVec>1 </MemPortTyVec>
</StgValue>
</bind>
</comp>

<comp id="30" class="1000" name="dct_1d_dct_coeff_table_6">
<pin_list>
<pin id="31" dir="1" index="0" bw="1" slack="0"/>
</pin_list>
<bind>
<StgValue><ssdm name="dct_1d_dct_coeff_table_6"/><MemPortTyVec>1 </MemPortTyVec>
</StgValue>
</bind>
</comp>

<comp id="32" class="1000" name="dct_1d_dct_coeff_table_7">
<pin_list>
<pin id="33" dir="1" index="0" bw="1" slack="0"/>
</pin_list>
<bind>
<StgValue><ssdm name="dct_1d_dct_coeff_table_7"/><MemPortTyVec>1 </MemPortTyVec>
</StgValue>
</bind>
</comp>

<comp id="34" class="1001" name="const_34">
<pin_list>
<pin id="35" dir="1" index="0" bw="1" slack="0"/>
</pin_list>
<bind>
<StgValue><ssdm name=""/></StgValue>
</bind>
</comp>

<comp id="36" class="1001" name="const_36">
<pin_list>
<pin id="37" dir="1" index="0" bw="1" slack="0"/>
</pin_list>
<bind>
<StgValue><ssdm name=""/></StgValue>
</bind>
</comp>

<comp id="38" class="1001" name="const_38">
<pin_list>
<pin id="39" dir="1" index="0" bw="1" slack="0"/>
</pin_list>
<bind>
<StgValue><ssdm name=""/></StgValue>
</bind>
</comp>

<comp id="40" class="1001" name="const_40">
<pin_list>
<pin id="41" dir="1" index="0" bw="1" slack="0"/>
</pin_list>
<bind>
<StgValue><ssdm name=""/></StgValue>
</bind>
</comp>

<comp id="42" class="1001" name="const_42">
<pin_list>
<pin id="43" dir="1" index="0" bw="1" slack="0"/>
</pin_list>
<bind>
<StgValue><ssdm name=""/></StgValue>
</bind>
</comp>

<comp id="44" class="1001" name="const_44">
<pin_list>
<pin id="45" dir="1" index="0" bw="1" slack="0"/>
</pin_list>
<bind>
<StgValue><ssdm name=""/></StgValue>
</bind>
</comp>

<comp id="46" class="1001" name="const_46">
<pin_list>
<pin id="47" dir="1" index="0" bw="1" slack="0"/>
</pin_list>
<bind>
<StgValue><ssdm name=""/></StgValue>
</bind>
</comp>

<comp id="48" class="1001" name="const_48">
<pin_list>
<pin id="49" dir="1" index="0" bw="1" slack="0"/>
</pin_list>
<bind>
<StgValue><ssdm name=""/></StgValue>
</bind>
</comp>

<comp id="50" class="1001" name="const_50">
<pin_list>
<pin id="51" dir="1" index="0" bw="1" slack="0"/>
</pin_list>
<bind>
<StgValue><ssdm name="_ssdm_op_BitConcatenate.i6.i3.i3"/></StgValue>
</bind>
</comp>

<comp id="52" class="1001" name="const_52">
<pin_list>
<pin id="53" dir="1" index="0" bw="1" slack="0"/>
</pin_list>
<bind>
<StgValue><ssdm name=""/></StgValue>
</bind>
</comp>

<comp id="54" class="1001" name="const_54">
<pin_list>
<pin id="55" dir="1" index="0" bw="1" slack="0"/>
</pin_list>
<bind>
<StgValue><ssdm name=""/></StgValue>
</bind>
</comp>

<comp id="56" class="1001" name="const_56">
<pin_list>
<pin id="57" dir="1" index="0" bw="1" slack="0"/>
</pin_list>
<bind>
<StgValue><ssdm name="_ssdm_op_PartSelect.i16.i29.i32.i32"/></StgValue>
</bind>
</comp>

<comp id="58" class="1001" name="const_58">
<pin_list>
<pin id="59" dir="1" index="0" bw="1" slack="0"/>
</pin_list>
<bind>
<StgValue><ssdm name=""/></StgValue>
</bind>
</comp>

<comp id="60" class="1001" name="const_60">
<pin_list>
<pin id="61" dir="1" index="0" bw="1" slack="0"/>
</pin_list>
<bind>
<StgValue><ssdm name=""/></StgValue>
</bind>
</comp>

<comp id="62" class="1001" name="const_62">
<pin_list>
<pin id="63" dir="1" index="0" bw="1" slack="2147483647"/>
</pin_list>
<bind>
<StgValue><ssdm name="_ssdm_op_SpecLoopName"/></StgValue>
</bind>
</comp>

<comp id="64" class="1001" name="const_64">
<pin_list>
<pin id="65" dir="1" index="0" bw="1" slack="2147483647"/>
</pin_list>
<bind>
<StgValue><ssdm name="Col_DCT_Loop_DCT_Outer_Loop_str"/></StgValue>
</bind>
</comp>

<comp id="66" class="1001" name="const_66">
<pin_list>
<pin id="67" dir="1" index="0" bw="1" slack="2147483647"/>
</pin_list>
<bind>
<StgValue><ssdm name="_ssdm_op_SpecLoopTripCount"/></StgValue>
</bind>
</comp>

<comp id="68" class="1001" name="const_68">
<pin_list>
<pin id="69" dir="1" index="0" bw="1" slack="2147483647"/>
</pin_list>
<bind>
<StgValue><ssdm name=""/></StgValue>
</bind>
</comp>

<comp id="70" class="1001" name="const_70">
<pin_list>
<pin id="71" dir="1" index="0" bw="1" slack="2147483647"/>
</pin_list>
<bind>
<StgValue><ssdm name="_ssdm_op_SpecPipeline"/></StgValue>
</bind>
</comp>

<comp id="72" class="1001" name="const_72">
<pin_list>
<pin id="73" dir="1" index="0" bw="1" slack="2147483647"/>
</pin_list>
<bind>
<StgValue><ssdm name=""/></StgValue>
</bind>
</comp>

<comp id="74" class="1001" name="const_74">
<pin_list>
<pin id="75" dir="1" index="0" bw="1" slack="2147483647"/>
</pin_list>
<bind>
<StgValue><ssdm name=""/></StgValue>
</bind>
</comp>

<comp id="76" class="1001" name="const_76">
<pin_list>
<pin id="77" dir="1" index="0" bw="1" slack="2147483647"/>
</pin_list>
<bind>
<StgValue><ssdm name="empty_0"/></StgValue>
</bind>
</comp>

<comp id="78" class="1001" name="const_78">
<pin_list>
<pin id="79" dir="1" index="0" bw="1" slack="2147483647"/>
</pin_list>
<bind>
<StgValue><ssdm name="empty_6"/></StgValue>
</bind>
</comp>

<comp id="80" class="1004" name="k_fu_80">
<pin_list>
<pin id="81" dir="0" index="0" bw="1" slack="0"/>
<pin id="82" dir="1" index="1" bw="4" slack="0"/>
</pin_list>
<bind>
<opcode="alloca(26) " fcode="alloca"/>
<opset="k/1 "/>
</bind>
</comp>

<comp id="84" class="1004" name="i_fu_84">
<pin_list>
<pin id="85" dir="0" index="0" bw="1" slack="0"/>
<pin id="86" dir="1" index="1" bw="4" slack="0"/>
</pin_list>
<bind>
<opcode="alloca(26) " fcode="alloca"/>
<opset="i/1 "/>
</bind>
</comp>

<comp id="88" class="1004" name="indvar_flatten_fu_88">
<pin_list>
<pin id="89" dir="0" index="0" bw="1" slack="0"/>
<pin id="90" dir="1" index="1" bw="7" slack="0"/>
</pin_list>
<bind>
<opcode="alloca(26) " fcode="alloca"/>
<opset="indvar_flatten/1 "/>
</bind>
</comp>

<comp id="92" class="1004" name="col_inbuf_7_addr_gep_fu_92">
<pin_list>
<pin id="93" dir="0" index="0" bw="16" slack="0"/>
<pin id="94" dir="0" index="1" bw="1" slack="0"/>
<pin id="95" dir="0" index="2" bw="4" slack="0"/>
<pin id="96" dir="1" index="3" bw="3" slack="0"/>
</pin_list>
<bind>
<opcode="getelementptr(29) " fcode="getelementptr"/>
<opset="col_inbuf_7_addr/1 "/>
</bind>
</comp>

<comp id="99" class="1004" name="grp_access_fu_99">
<pin_list>
<pin id="100" dir="0" index="0" bw="3" slack="0"/>
<pin id="101" dir="0" index="1" bw="16" slack="2147483647"/>
<pin id="102" dir="0" index="2" bw="0" slack="2147483647"/>
<pin id="103" dir="1" index="3" bw="16" slack="0"/>
</pin_list>
<bind>
<opcode="load(27) " fcode="load"/>
<opset="col_inbuf_7_load/1 "/>
</bind>
</comp>

<comp id="105" class="1004" name="dct_1d_dct_coeff_table_7_addr_gep_fu_105">
<pin_list>
<pin id="106" dir="0" index="0" bw="15" slack="0"/>
<pin id="107" dir="0" index="1" bw="1" slack="0"/>
<pin id="108" dir="0" index="2" bw="4" slack="0"/>
<pin id="109" dir="1" index="3" bw="3" slack="0"/>
</pin_list>
<bind>
<opcode="getelementptr(29) " fcode="getelementptr"/>
<opset="dct_1d_dct_coeff_table_7_addr/1 "/>
</bind>
</comp>

<comp id="112" class="1004" name="grp_access_fu_112">
<pin_list>
<pin id="113" dir="0" index="0" bw="3" slack="0"/>
<pin id="114" dir="0" index="1" bw="15" slack="2147483647"/>
<pin id="115" dir="0" index="2" bw="0" slack="2147483647"/>
<pin id="116" dir="1" index="3" bw="15" slack="0"/>
</pin_list>
<bind>
<opcode="load(27) " fcode="load"/>
<opset="coeff_14/1 "/>
</bind>
</comp>

<comp id="118" class="1004" name="col_inbuf_4_addr_gep_fu_118">
<pin_list>
<pin id="119" dir="0" index="0" bw="16" slack="0"/>
<pin id="120" dir="0" index="1" bw="1" slack="0"/>
<pin id="121" dir="0" index="2" bw="4" slack="1"/>
<pin id="122" dir="1" index="3" bw="3" slack="0"/>
</pin_list>
<bind>
<opcode="getelementptr(29) " fcode="getelementptr"/>
<opset="col_inbuf_4_addr/2 "/>
</bind>
</comp>

<comp id="125" class="1004" name="grp_access_fu_125">
<pin_list>
<pin id="126" dir="0" index="0" bw="3" slack="0"/>
<pin id="127" dir="0" index="1" bw="16" slack="2147483647"/>
<pin id="128" dir="0" index="2" bw="0" slack="2147483647"/>
<pin id="129" dir="1" index="3" bw="16" slack="1"/>
</pin_list>
<bind>
<opcode="load(27) " fcode="load"/>
<opset="col_inbuf_4_load/2 "/>
</bind>
</comp>

<comp id="131" class="1004" name="col_inbuf_5_addr_gep_fu_131">
<pin_list>
<pin id="132" dir="0" index="0" bw="16" slack="0"/>
<pin id="133" dir="0" index="1" bw="1" slack="0"/>
<pin id="134" dir="0" index="2" bw="4" slack="1"/>
<pin id="135" dir="1" index="3" bw="3" slack="0"/>
</pin_list>
<bind>
<opcode="getelementptr(29) " fcode="getelementptr"/>
<opset="col_inbuf_5_addr/2 "/>
</bind>
</comp>

<comp id="138" class="1004" name="grp_access_fu_138">
<pin_list>
<pin id="139" dir="0" index="0" bw="3" slack="0"/>
<pin id="140" dir="0" index="1" bw="16" slack="2147483647"/>
<pin id="141" dir="0" index="2" bw="0" slack="2147483647"/>
<pin id="142" dir="1" index="3" bw="16" slack="0"/>
</pin_list>
<bind>
<opcode="load(27) " fcode="load"/>
<opset="col_inbuf_5_load/2 "/>
</bind>
</comp>

<comp id="144" class="1004" name="col_inbuf_6_addr_gep_fu_144">
<pin_list>
<pin id="145" dir="0" index="0" bw="16" slack="0"/>
<pin id="146" dir="0" index="1" bw="1" slack="0"/>
<pin id="147" dir="0" index="2" bw="4" slack="1"/>
<pin id="148" dir="1" index="3" bw="3" slack="0"/>
</pin_list>
<bind>
<opcode="getelementptr(29) " fcode="getelementptr"/>
<opset="col_inbuf_6_addr/2 "/>
</bind>
</comp>

<comp id="151" class="1004" name="grp_access_fu_151">
<pin_list>
<pin id="152" dir="0" index="0" bw="3" slack="0"/>
<pin id="153" dir="0" index="1" bw="16" slack="2147483647"/>
<pin id="154" dir="0" index="2" bw="0" slack="2147483647"/>
<pin id="155" dir="1" index="3" bw="16" slack="0"/>
</pin_list>
<bind>
<opcode="load(27) " fcode="load"/>
<opset="col_inbuf_6_load/2 "/>
</bind>
</comp>

<comp id="157" class="1004" name="dct_1d_dct_coeff_table_0_addr_gep_fu_157">
<pin_list>
<pin id="158" dir="0" index="0" bw="14" slack="0"/>
<pin id="159" dir="0" index="1" bw="1" slack="0"/>
<pin id="160" dir="0" index="2" bw="4" slack="1"/>
<pin id="161" dir="1" index="3" bw="3" slack="0"/>
</pin_list>
<bind>
<opcode="getelementptr(29) " fcode="getelementptr"/>
<opset="dct_1d_dct_coeff_table_0_addr/2 "/>
</bind>
</comp>

<comp id="164" class="1004" name="grp_access_fu_164">
<pin_list>
<pin id="165" dir="0" index="0" bw="3" slack="0"/>
<pin id="166" dir="0" index="1" bw="14" slack="2147483647"/>
<pin id="167" dir="0" index="2" bw="0" slack="2147483647"/>
<pin id="168" dir="1" index="3" bw="14" slack="2"/>
</pin_list>
<bind>
<opcode="load(27) " fcode="load"/>
<opset="coeff/2 "/>
</bind>
</comp>

<comp id="170" class="1004" name="dct_1d_dct_coeff_table_1_addr_gep_fu_170">
<pin_list>
<pin id="171" dir="0" index="0" bw="15" slack="0"/>
<pin id="172" dir="0" index="1" bw="1" slack="0"/>
<pin id="173" dir="0" index="2" bw="4" slack="1"/>
<pin id="174" dir="1" index="3" bw="3" slack="0"/>
</pin_list>
<bind>
<opcode="getelementptr(29) " fcode="getelementptr"/>
<opset="dct_1d_dct_coeff_table_1_addr/2 "/>
</bind>
</comp>

<comp id="177" class="1004" name="grp_access_fu_177">
<pin_list>
<pin id="178" dir="0" index="0" bw="3" slack="0"/>
<pin id="179" dir="0" index="1" bw="15" slack="2147483647"/>
<pin id="180" dir="0" index="2" bw="0" slack="2147483647"/>
<pin id="181" dir="1" index="3" bw="15" slack="1"/>
</pin_list>
<bind>
<opcode="load(27) " fcode="load"/>
<opset="coeff_8/2 "/>
</bind>
</comp>

<comp id="183" class="1004" name="dct_1d_dct_coeff_table_2_addr_gep_fu_183">
<pin_list>
<pin id="184" dir="0" index="0" bw="15" slack="0"/>
<pin id="185" dir="0" index="1" bw="1" slack="0"/>
<pin id="186" dir="0" index="2" bw="4" slack="1"/>
<pin id="187" dir="1" index="3" bw="3" slack="0"/>
</pin_list>
<bind>
<opcode="getelementptr(29) " fcode="getelementptr"/>
<opset="dct_1d_dct_coeff_table_2_addr/2 "/>
</bind>
</comp>

<comp id="190" class="1004" name="grp_access_fu_190">
<pin_list>
<pin id="191" dir="0" index="0" bw="3" slack="0"/>
<pin id="192" dir="0" index="1" bw="15" slack="2147483647"/>
<pin id="193" dir="0" index="2" bw="0" slack="2147483647"/>
<pin id="194" dir="1" index="3" bw="15" slack="2"/>
</pin_list>
<bind>
<opcode="load(27) " fcode="load"/>
<opset="coeff_9/2 "/>
</bind>
</comp>

<comp id="196" class="1004" name="dct_1d_dct_coeff_table_3_addr_gep_fu_196">
<pin_list>
<pin id="197" dir="0" index="0" bw="15" slack="0"/>
<pin id="198" dir="0" index="1" bw="1" slack="0"/>
<pin id="199" dir="0" index="2" bw="4" slack="1"/>
<pin id="200" dir="1" index="3" bw="3" slack="0"/>
</pin_list>
<bind>
<opcode="getelementptr(29) " fcode="getelementptr"/>
<opset="dct_1d_dct_coeff_table_3_addr/2 "/>
</bind>
</comp>

<comp id="203" class="1004" name="grp_access_fu_203">
<pin_list>
<pin id="204" dir="0" index="0" bw="3" slack="0"/>
<pin id="205" dir="0" index="1" bw="15" slack="2147483647"/>
<pin id="206" dir="0" index="2" bw="0" slack="2147483647"/>
<pin id="207" dir="1" index="3" bw="15" slack="1"/>
</pin_list>
<bind>
<opcode="load(27) " fcode="load"/>
<opset="coeff_10/2 "/>
</bind>
</comp>

<comp id="209" class="1004" name="dct_1d_dct_coeff_table_4_addr_gep_fu_209">
<pin_list>
<pin id="210" dir="0" index="0" bw="15" slack="0"/>
<pin id="211" dir="0" index="1" bw="1" slack="0"/>
<pin id="212" dir="0" index="2" bw="4" slack="1"/>
<pin id="213" dir="1" index="3" bw="3" slack="0"/>
</pin_list>
<bind>
<opcode="getelementptr(29) " fcode="getelementptr"/>
<opset="dct_1d_dct_coeff_table_4_addr/2 "/>
</bind>
</comp>

<comp id="216" class="1004" name="grp_access_fu_216">
<pin_list>
<pin id="217" dir="0" index="0" bw="3" slack="0"/>
<pin id="218" dir="0" index="1" bw="15" slack="2147483647"/>
<pin id="219" dir="0" index="2" bw="0" slack="2147483647"/>
<pin id="220" dir="1" index="3" bw="15" slack="1"/>
</pin_list>
<bind>
<opcode="load(27) " fcode="load"/>
<opset="coeff_11/2 "/>
</bind>
</comp>

<comp id="222" class="1004" name="dct_1d_dct_coeff_table_5_addr_gep_fu_222">
<pin_list>
<pin id="223" dir="0" index="0" bw="15" slack="0"/>
<pin id="224" dir="0" index="1" bw="1" slack="0"/>
<pin id="225" dir="0" index="2" bw="4" slack="1"/>
<pin id="226" dir="1" index="3" bw="3" slack="0"/>
</pin_list>
<bind>
<opcode="getelementptr(29) " fcode="getelementptr"/>
<opset="dct_1d_dct_coeff_table_5_addr/2 "/>
</bind>
</comp>

<comp id="229" class="1004" name="grp_access_fu_229">
<pin_list>
<pin id="230" dir="0" index="0" bw="3" slack="0"/>
<pin id="231" dir="0" index="1" bw="15" slack="2147483647"/>
<pin id="232" dir="0" index="2" bw="0" slack="2147483647"/>
<pin id="233" dir="1" index="3" bw="15" slack="0"/>
</pin_list>
<bind>
<opcode="load(27) " fcode="load"/>
<opset="coeff_12/2 "/>
</bind>
</comp>

<comp id="235" class="1004" name="dct_1d_dct_coeff_table_6_addr_gep_fu_235">
<pin_list>
<pin id="236" dir="0" index="0" bw="15" slack="0"/>
<pin id="237" dir="0" index="1" bw="1" slack="0"/>
<pin id="238" dir="0" index="2" bw="4" slack="1"/>
<pin id="239" dir="1" index="3" bw="3" slack="0"/>
</pin_list>
<bind>
<opcode="getelementptr(29) " fcode="getelementptr"/>
<opset="dct_1d_dct_coeff_table_6_addr/2 "/>
</bind>
</comp>

<comp id="242" class="1004" name="grp_access_fu_242">
<pin_list>
<pin id="243" dir="0" index="0" bw="3" slack="0"/>
<pin id="244" dir="0" index="1" bw="15" slack="2147483647"/>
<pin id="245" dir="0" index="2" bw="0" slack="2147483647"/>
<pin id="246" dir="1" index="3" bw="15" slack="0"/>
</pin_list>
<bind>
<opcode="load(27) " fcode="load"/>
<opset="coeff_13/2 "/>
</bind>
</comp>

<comp id="248" class="1004" name="col_inbuf_addr_gep_fu_248">
<pin_list>
<pin id="249" dir="0" index="0" bw="16" slack="0"/>
<pin id="250" dir="0" index="1" bw="1" slack="0"/>
<pin id="251" dir="0" index="2" bw="4" slack="2"/>
<pin id="252" dir="1" index="3" bw="3" slack="0"/>
</pin_list>
<bind>
<opcode="getelementptr(29) " fcode="getelementptr"/>
<opset="col_inbuf_addr/3 "/>
</bind>
</comp>

<comp id="255" class="1004" name="grp_access_fu_255">
<pin_list>
<pin id="256" dir="0" index="0" bw="3" slack="0"/>
<pin id="257" dir="0" index="1" bw="16" slack="2147483647"/>
<pin id="258" dir="0" index="2" bw="0" slack="2147483647"/>
<pin id="259" dir="1" index="3" bw="16" slack="1"/>
</pin_list>
<bind>
<opcode="load(27) " fcode="load"/>
<opset="col_inbuf_load/3 "/>
</bind>
</comp>

<comp id="261" class="1004" name="col_inbuf_1_addr_gep_fu_261">
<pin_list>
<pin id="262" dir="0" index="0" bw="16" slack="0"/>
<pin id="263" dir="0" index="1" bw="1" slack="0"/>
<pin id="264" dir="0" index="2" bw="4" slack="2"/>
<pin id="265" dir="1" index="3" bw="3" slack="0"/>
</pin_list>
<bind>
<opcode="getelementptr(29) " fcode="getelementptr"/>
<opset="col_inbuf_1_addr/3 "/>
</bind>
</comp>

<comp id="268" class="1004" name="grp_access_fu_268">
<pin_list>
<pin id="269" dir="0" index="0" bw="3" slack="0"/>
<pin id="270" dir="0" index="1" bw="16" slack="2147483647"/>
<pin id="271" dir="0" index="2" bw="0" slack="2147483647"/>
<pin id="272" dir="1" index="3" bw="16" slack="0"/>
</pin_list>
<bind>
<opcode="load(27) " fcode="load"/>
<opset="col_inbuf_1_load/3 "/>
</bind>
</comp>

<comp id="274" class="1004" name="col_inbuf_2_addr_gep_fu_274">
<pin_list>
<pin id="275" dir="0" index="0" bw="16" slack="0"/>
<pin id="276" dir="0" index="1" bw="1" slack="0"/>
<pin id="277" dir="0" index="2" bw="4" slack="2"/>
<pin id="278" dir="1" index="3" bw="3" slack="0"/>
</pin_list>
<bind>
<opcode="getelementptr(29) " fcode="getelementptr"/>
<opset="col_inbuf_2_addr/3 "/>
</bind>
</comp>

<comp id="281" class="1004" name="grp_access_fu_281">
<pin_list>
<pin id="282" dir="0" index="0" bw="3" slack="0"/>
<pin id="283" dir="0" index="1" bw="16" slack="2147483647"/>
<pin id="284" dir="0" index="2" bw="0" slack="2147483647"/>
<pin id="285" dir="1" index="3" bw="16" slack="1"/>
</pin_list>
<bind>
<opcode="load(27) " fcode="load"/>
<opset="col_inbuf_2_load/3 "/>
</bind>
</comp>

<comp id="287" class="1004" name="col_inbuf_3_addr_gep_fu_287">
<pin_list>
<pin id="288" dir="0" index="0" bw="16" slack="0"/>
<pin id="289" dir="0" index="1" bw="1" slack="0"/>
<pin id="290" dir="0" index="2" bw="4" slack="2"/>
<pin id="291" dir="1" index="3" bw="3" slack="0"/>
</pin_list>
<bind>
<opcode="getelementptr(29) " fcode="getelementptr"/>
<opset="col_inbuf_3_addr/3 "/>
</bind>
</comp>

<comp id="294" class="1004" name="grp_access_fu_294">
<pin_list>
<pin id="295" dir="0" index="0" bw="3" slack="0"/>
<pin id="296" dir="0" index="1" bw="16" slack="2147483647"/>
<pin id="297" dir="0" index="2" bw="0" slack="2147483647"/>
<pin id="298" dir="1" index="3" bw="16" slack="0"/>
</pin_list>
<bind>
<opcode="load(27) " fcode="load"/>
<opset="col_inbuf_3_load/3 "/>
</bind>
</comp>

<comp id="300" class="1004" name="col_outbuf_addr_gep_fu_300">
<pin_list>
<pin id="301" dir="0" index="0" bw="16" slack="0"/>
<pin id="302" dir="0" index="1" bw="1" slack="0"/>
<pin id="303" dir="0" index="2" bw="6" slack="0"/>
<pin id="304" dir="1" index="3" bw="6" slack="0"/>
</pin_list>
<bind>
<opcode="getelementptr(29) " fcode="getelementptr"/>
<opset="col_outbuf_addr/8 "/>
</bind>
</comp>

<comp id="307" class="1004" name="store_ln45_access_fu_307">
<pin_list>
<pin id="308" dir="0" index="0" bw="6" slack="0"/>
<pin id="309" dir="0" index="1" bw="16" slack="1"/>
<pin id="310" dir="0" index="2" bw="0" slack="2147483647"/>
<pin id="311" dir="1" index="3" bw="16" slack="2147483647"/>
</pin_list>
<bind>
<opcode="store(28) " fcode="store"/>
<opset="store_ln45/8 "/>
</bind>
</comp>

<comp id="313" class="1004" name="store_ln0_store_fu_313">
<pin_list>
<pin id="314" dir="0" index="0" bw="1" slack="0"/>
<pin id="315" dir="0" index="1" bw="7" slack="0"/>
<pin id="316" dir="1" index="2" bw="0" slack="2147483647"/>
</pin_list>
<bind>
<opcode="store(28) " fcode="store"/>
<opset="store_ln0/1 "/>
</bind>
</comp>

<comp id="318" class="1004" name="store_ln0_store_fu_318">
<pin_list>
<pin id="319" dir="0" index="0" bw="1" slack="0"/>
<pin id="320" dir="0" index="1" bw="4" slack="0"/>
<pin id="321" dir="1" index="2" bw="0" slack="2147483647"/>
</pin_list>
<bind>
<opcode="store(28) " fcode="store"/>
<opset="store_ln0/1 "/>
</bind>
</comp>

<comp id="323" class="1004" name="store_ln0_store_fu_323">
<pin_list>
<pin id="324" dir="0" index="0" bw="1" slack="0"/>
<pin id="325" dir="0" index="1" bw="4" slack="0"/>
<pin id="326" dir="1" index="2" bw="0" slack="2147483647"/>
</pin_list>
<bind>
<opcode="store(28) " fcode="store"/>
<opset="store_ln0/1 "/>
</bind>
</comp>

<comp id="328" class="1004" name="indvar_flatten_load_load_fu_328">
<pin_list>
<pin id="329" dir="0" index="0" bw="7" slack="0"/>
<pin id="330" dir="1" index="1" bw="7" slack="0"/>
</pin_list>
<bind>
<opcode="load(27) " fcode="load"/>
<opset="indvar_flatten_load/1 "/>
</bind>
</comp>

<comp id="331" class="1004" name="icmp_ln69_fu_331">
<pin_list>
<pin id="332" dir="0" index="0" bw="7" slack="0"/>
<pin id="333" dir="0" index="1" bw="7" slack="0"/>
<pin id="334" dir="1" index="2" bw="1" slack="6"/>
</pin_list>
<bind>
<opcode="icmp(45) " fcode="icmp"/>
<opset="icmp_ln69/1 "/>
</bind>
</comp>

<comp id="337" class="1004" name="add_ln69_1_fu_337">
<pin_list>
<pin id="338" dir="0" index="0" bw="7" slack="0"/>
<pin id="339" dir="0" index="1" bw="1" slack="0"/>
<pin id="340" dir="1" index="2" bw="7" slack="0"/>
</pin_list>
<bind>
<opcode="add(8) " fcode="add"/>
<opset="add_ln69_1/1 "/>
</bind>
</comp>

<comp id="343" class="1004" name="k_load_load_fu_343">
<pin_list>
<pin id="344" dir="0" index="0" bw="4" slack="0"/>
<pin id="345" dir="1" index="1" bw="4" slack="0"/>
</pin_list>
<bind>
<opcode="load(27) " fcode="load"/>
<opset="k_load/1 "/>
</bind>
</comp>

<comp id="346" class="1004" name="i_load_load_fu_346">
<pin_list>
<pin id="347" dir="0" index="0" bw="4" slack="0"/>
<pin id="348" dir="1" index="1" bw="4" slack="0"/>
</pin_list>
<bind>
<opcode="load(27) " fcode="load"/>
<opset="i_load/1 "/>
</bind>
</comp>

<comp id="349" class="1004" name="add_ln69_fu_349">
<pin_list>
<pin id="350" dir="0" index="0" bw="4" slack="0"/>
<pin id="351" dir="0" index="1" bw="1" slack="0"/>
<pin id="352" dir="1" index="2" bw="4" slack="0"/>
</pin_list>
<bind>
<opcode="add(8) " fcode="add"/>
<opset="add_ln69/1 "/>
</bind>
</comp>

<comp id="355" class="1004" name="icmp_ln39_fu_355">
<pin_list>
<pin id="356" dir="0" index="0" bw="4" slack="0"/>
<pin id="357" dir="0" index="1" bw="4" slack="0"/>
<pin id="358" dir="1" index="2" bw="1" slack="0"/>
</pin_list>
<bind>
<opcode="icmp(45) " fcode="icmp"/>
<opset="icmp_ln39/1 "/>
</bind>
</comp>

<comp id="361" class="1004" name="select_ln54_fu_361">
<pin_list>
<pin id="362" dir="0" index="0" bw="1" slack="0"/>
<pin id="363" dir="0" index="1" bw="1" slack="0"/>
<pin id="364" dir="0" index="2" bw="4" slack="0"/>
<pin id="365" dir="1" index="3" bw="4" slack="0"/>
</pin_list>
<bind>
<opcode="select(49) " fcode="select"/>
<opset="select_ln54/1 "/>
</bind>
</comp>

<comp id="369" class="1004" name="select_ln54_4_fu_369">
<pin_list>
<pin id="370" dir="0" index="0" bw="1" slack="0"/>
<pin id="371" dir="0" index="1" bw="4" slack="0"/>
<pin id="372" dir="0" index="2" bw="4" slack="0"/>
<pin id="373" dir="1" index="3" bw="4" slack="0"/>
</pin_list>
<bind>
<opcode="select(49) " fcode="select"/>
<opset="select_ln54_4/1 "/>
</bind>
</comp>

<comp id="377" class="1004" name="trunc_ln45_fu_377">
<pin_list>
<pin id="378" dir="0" index="0" bw="4" slack="0"/>
<pin id="379" dir="1" index="1" bw="3" slack="2"/>
</pin_list>
<bind>
<opcode="trunc(33) " fcode="trunc"/>
<opset="trunc_ln45/1 "/>
</bind>
</comp>

<comp id="381" class="1004" name="zext_ln54_fu_381">
<pin_list>
<pin id="382" dir="0" index="0" bw="4" slack="0"/>
<pin id="383" dir="1" index="1" bw="64" slack="0"/>
</pin_list>
<bind>
<opcode="zext(34) " fcode="zext"/>
<opset="zext_ln54/1 "/>
</bind>
</comp>

<comp id="386" class="1004" name="zext_ln39_fu_386">
<pin_list>
<pin id="387" dir="0" index="0" bw="4" slack="0"/>
<pin id="388" dir="1" index="1" bw="64" slack="0"/>
</pin_list>
<bind>
<opcode="zext(34) " fcode="zext"/>
<opset="zext_ln39/1 "/>
</bind>
</comp>

<comp id="391" class="1004" name="add_ln39_fu_391">
<pin_list>
<pin id="392" dir="0" index="0" bw="4" slack="0"/>
<pin id="393" dir="0" index="1" bw="1" slack="0"/>
<pin id="394" dir="1" index="2" bw="4" slack="0"/>
</pin_list>
<bind>
<opcode="add(8) " fcode="add"/>
<opset="add_ln39/1 "/>
</bind>
</comp>

<comp id="397" class="1004" name="store_ln39_store_fu_397">
<pin_list>
<pin id="398" dir="0" index="0" bw="7" slack="0"/>
<pin id="399" dir="0" index="1" bw="7" slack="0"/>
<pin id="400" dir="1" index="2" bw="0" slack="2147483647"/>
</pin_list>
<bind>
<opcode="store(28) " fcode="store"/>
<opset="store_ln39/1 "/>
</bind>
</comp>

<comp id="402" class="1004" name="store_ln39_store_fu_402">
<pin_list>
<pin id="403" dir="0" index="0" bw="4" slack="0"/>
<pin id="404" dir="0" index="1" bw="4" slack="0"/>
<pin id="405" dir="1" index="2" bw="0" slack="2147483647"/>
</pin_list>
<bind>
<opcode="store(28) " fcode="store"/>
<opset="store_ln39/1 "/>
</bind>
</comp>

<comp id="407" class="1004" name="store_ln39_store_fu_407">
<pin_list>
<pin id="408" dir="0" index="0" bw="4" slack="0"/>
<pin id="409" dir="0" index="1" bw="4" slack="0"/>
<pin id="410" dir="1" index="2" bw="0" slack="2147483647"/>
</pin_list>
<bind>
<opcode="store(28) " fcode="store"/>
<opset="store_ln39/1 "/>
</bind>
</comp>

<comp id="412" class="1004" name="sext_ln54_14_fu_412">
<pin_list>
<pin id="413" dir="0" index="0" bw="16" slack="0"/>
<pin id="414" dir="1" index="1" bw="29" slack="0"/>
</pin_list>
<bind>
<opcode="sext(35) " fcode="sext"/>
<opset="sext_ln54_14/2 "/>
</bind>
</comp>

<comp id="416" class="1004" name="sext_ln45_12_fu_416">
<pin_list>
<pin id="417" dir="0" index="0" bw="15" slack="0"/>
<pin id="418" dir="1" index="1" bw="29" slack="0"/>
</pin_list>
<bind>
<opcode="sext(35) " fcode="sext"/>
<opset="sext_ln45_12/2 "/>
</bind>
</comp>

<comp id="420" class="1004" name="tmp_3_fu_420">
<pin_list>
<pin id="421" dir="0" index="0" bw="6" slack="0"/>
<pin id="422" dir="0" index="1" bw="3" slack="2"/>
<pin id="423" dir="0" index="2" bw="1" slack="0"/>
<pin id="424" dir="1" index="3" bw="6" slack="0"/>
</pin_list>
<bind>
<opcode="bitconcatenate(1004) " fcode="bitconcatenate"/>
<opset="tmp_3/3 "/>
</bind>
</comp>

<comp id="427" class="1004" name="sext_ln54_12_fu_427">
<pin_list>
<pin id="428" dir="0" index="0" bw="16" slack="0"/>
<pin id="429" dir="1" index="1" bw="29" slack="0"/>
</pin_list>
<bind>
<opcode="sext(35) " fcode="sext"/>
<opset="sext_ln54_12/3 "/>
</bind>
</comp>

<comp id="431" class="1004" name="sext_ln54_13_fu_431">
<pin_list>
<pin id="432" dir="0" index="0" bw="16" slack="0"/>
<pin id="433" dir="1" index="1" bw="29" slack="0"/>
</pin_list>
<bind>
<opcode="sext(35) " fcode="sext"/>
<opset="sext_ln54_13/3 "/>
</bind>
</comp>

<comp id="435" class="1004" name="zext_ln45_3_fu_435">
<pin_list>
<pin id="436" dir="0" index="0" bw="4" slack="2"/>
<pin id="437" dir="1" index="1" bw="6" slack="0"/>
</pin_list>
<bind>
<opcode="zext(34) " fcode="zext"/>
<opset="zext_ln45_3/3 "/>
</bind>
</comp>

<comp id="438" class="1004" name="add_ln45_15_fu_438">
<pin_list>
<pin id="439" dir="0" index="0" bw="6" slack="0"/>
<pin id="440" dir="0" index="1" bw="4" slack="0"/>
<pin id="441" dir="1" index="2" bw="6" slack="5"/>
</pin_list>
<bind>
<opcode="add(8) " fcode="add"/>
<opset="add_ln45_15/3 "/>
</bind>
</comp>

<comp id="444" class="1004" name="sext_ln45_10_fu_444">
<pin_list>
<pin id="445" dir="0" index="0" bw="15" slack="0"/>
<pin id="446" dir="1" index="1" bw="29" slack="0"/>
</pin_list>
<bind>
<opcode="sext(35) " fcode="sext"/>
<opset="sext_ln45_10/3 "/>
</bind>
</comp>

<comp id="448" class="1004" name="sext_ln45_11_fu_448">
<pin_list>
<pin id="449" dir="0" index="0" bw="15" slack="0"/>
<pin id="450" dir="1" index="1" bw="29" slack="0"/>
</pin_list>
<bind>
<opcode="sext(35) " fcode="sext"/>
<opset="sext_ln45_11/3 "/>
</bind>
</comp>

<comp id="452" class="1004" name="sext_ln54_8_fu_452">
<pin_list>
<pin id="453" dir="0" index="0" bw="16" slack="0"/>
<pin id="454" dir="1" index="1" bw="29" slack="0"/>
</pin_list>
<bind>
<opcode="sext(35) " fcode="sext"/>
<opset="sext_ln54_8/4 "/>
</bind>
</comp>

<comp id="456" class="1004" name="sext_ln54_10_fu_456">
<pin_list>
<pin id="457" dir="0" index="0" bw="16" slack="0"/>
<pin id="458" dir="1" index="1" bw="29" slack="0"/>
</pin_list>
<bind>
<opcode="sext(35) " fcode="sext"/>
<opset="sext_ln54_10/4 "/>
</bind>
</comp>

<comp id="460" class="1004" name="sext_ln54_11_fu_460">
<pin_list>
<pin id="461" dir="0" index="0" bw="16" slack="1"/>
<pin id="462" dir="1" index="1" bw="29" slack="0"/>
</pin_list>
<bind>
<opcode="sext(35) " fcode="sext"/>
<opset="sext_ln54_11/4 "/>
</bind>
</comp>

<comp id="463" class="1004" name="sext_ln45_fu_463">
<pin_list>
<pin id="464" dir="0" index="0" bw="15" slack="1"/>
<pin id="465" dir="1" index="1" bw="29" slack="0"/>
</pin_list>
<bind>
<opcode="sext(35) " fcode="sext"/>
<opset="sext_ln45/4 "/>
</bind>
</comp>

<comp id="466" class="1004" name="sext_ln45_8_fu_466">
<pin_list>
<pin id="467" dir="0" index="0" bw="15" slack="1"/>
<pin id="468" dir="1" index="1" bw="29" slack="0"/>
</pin_list>
<bind>
<opcode="sext(35) " fcode="sext"/>
<opset="sext_ln45_8/4 "/>
</bind>
</comp>

<comp id="469" class="1004" name="sext_ln45_9_fu_469">
<pin_list>
<pin id="470" dir="0" index="0" bw="15" slack="1"/>
<pin id="471" dir="1" index="1" bw="29" slack="0"/>
</pin_list>
<bind>
<opcode="sext(35) " fcode="sext"/>
<opset="sext_ln45_9/4 "/>
</bind>
</comp>

<comp id="472" class="1004" name="mul_ln45_11_fu_472">
<pin_list>
<pin id="473" dir="0" index="0" bw="16" slack="0"/>
<pin id="474" dir="0" index="1" bw="15" slack="0"/>
<pin id="475" dir="1" index="2" bw="29" slack="1"/>
</pin_list>
<bind>
<opcode="mul(12) " fcode="mul"/>
<opset="mul_ln45_11/4 "/>
</bind>
</comp>

<comp id="478" class="1004" name="sext_ln54_fu_478">
<pin_list>
<pin id="479" dir="0" index="0" bw="16" slack="1"/>
<pin id="480" dir="1" index="1" bw="29" slack="0"/>
</pin_list>
<bind>
<opcode="sext(35) " fcode="sext"/>
<opset="sext_ln54/5 "/>
</bind>
</comp>

<comp id="481" class="1004" name="sext_ln54_9_fu_481">
<pin_list>
<pin id="482" dir="0" index="0" bw="16" slack="1"/>
<pin id="483" dir="1" index="1" bw="29" slack="0"/>
</pin_list>
<bind>
<opcode="sext(35) " fcode="sext"/>
<opset="sext_ln54_9/5 "/>
</bind>
</comp>

<comp id="484" class="1004" name="zext_ln45_fu_484">
<pin_list>
<pin id="485" dir="0" index="0" bw="14" slack="2"/>
<pin id="486" dir="1" index="1" bw="29" slack="0"/>
</pin_list>
<bind>
<opcode="zext(34) " fcode="zext"/>
<opset="zext_ln45/5 "/>
</bind>
</comp>

<comp id="487" class="1004" name="sext_ln45_7_fu_487">
<pin_list>
<pin id="488" dir="0" index="0" bw="15" slack="2"/>
<pin id="489" dir="1" index="1" bw="29" slack="0"/>
</pin_list>
<bind>
<opcode="sext(35) " fcode="sext"/>
<opset="sext_ln45_7/5 "/>
</bind>
</comp>

<comp id="490" class="1004" name="mul_ln45_9_fu_490">
<pin_list>
<pin id="491" dir="0" index="0" bw="16" slack="0"/>
<pin id="492" dir="0" index="1" bw="14" slack="0"/>
<pin id="493" dir="1" index="2" bw="29" slack="1"/>
</pin_list>
<bind>
<opcode="mul(12) " fcode="mul"/>
<opset="mul_ln45_9/5 "/>
</bind>
</comp>

<comp id="496" class="1004" name="mul_ln45_13_fu_496">
<pin_list>
<pin id="497" dir="0" index="0" bw="16" slack="0"/>
<pin id="498" dir="0" index="1" bw="15" slack="0"/>
<pin id="499" dir="1" index="2" bw="29" slack="1"/>
</pin_list>
<bind>
<opcode="mul(12) " fcode="mul"/>
<opset="mul_ln45_13/5 "/>
</bind>
</comp>

<comp id="502" class="1004" name="add_ln45_13_fu_502">
<pin_list>
<pin id="503" dir="0" index="0" bw="29" slack="0"/>
<pin id="504" dir="0" index="1" bw="29" slack="0"/>
<pin id="505" dir="1" index="2" bw="29" slack="1"/>
</pin_list>
<bind>
<opcode="add(8) " fcode="add"/>
<opset="add_ln45_13/6 "/>
</bind>
</comp>

<comp id="506" class="1004" name="add_ln45_9_fu_506">
<pin_list>
<pin id="507" dir="0" index="0" bw="29" slack="0"/>
<pin id="508" dir="0" index="1" bw="29" slack="0"/>
<pin id="509" dir="1" index="2" bw="29" slack="0"/>
</pin_list>
<bind>
<opcode="add(8) " fcode="add"/>
<opset="add_ln45_9/7 "/>
</bind>
</comp>

<comp id="510" class="1004" name="add_ln45_14_fu_510">
<pin_list>
<pin id="511" dir="0" index="0" bw="29" slack="1"/>
<pin id="512" dir="0" index="1" bw="29" slack="0"/>
<pin id="513" dir="1" index="2" bw="29" slack="0"/>
</pin_list>
<bind>
<opcode="add(8) " fcode="add"/>
<opset="add_ln45_14/7 "/>
</bind>
</comp>

<comp id="515" class="1004" name="trunc_ln_fu_515">
<pin_list>
<pin id="516" dir="0" index="0" bw="16" slack="0"/>
<pin id="517" dir="0" index="1" bw="29" slack="0"/>
<pin id="518" dir="0" index="2" bw="5" slack="0"/>
<pin id="519" dir="0" index="3" bw="6" slack="0"/>
<pin id="520" dir="1" index="4" bw="16" slack="1"/>
</pin_list>
<bind>
<opcode="partselect(1002) " fcode="partselect"/>
<opset="trunc_ln/7 "/>
</bind>
</comp>

<comp id="525" class="1004" name="zext_ln45_4_fu_525">
<pin_list>
<pin id="526" dir="0" index="0" bw="6" slack="5"/>
<pin id="527" dir="1" index="1" bw="64" slack="0"/>
</pin_list>
<bind>
<opcode="zext(34) " fcode="zext"/>
<opset="zext_ln45_4/8 "/>
</bind>
</comp>

<comp id="529" class="1007" name="grp_fu_529">
<pin_list>
<pin id="530" dir="0" index="0" bw="16" slack="0"/>
<pin id="531" dir="0" index="1" bw="15" slack="0"/>
<pin id="532" dir="0" index="2" bw="13" slack="0"/>
<pin id="533" dir="1" index="3" bw="29" slack="0"/>
</pin_list>
<bind>
<opcode="muladd(1172) " fcode="muladd"/>
<opset="mul_ln45_8/2 add_ln45_11/4 "/>
</bind>
</comp>

<comp id="537" class="1007" name="grp_fu_537">
<pin_list>
<pin id="538" dir="0" index="0" bw="16" slack="0"/>
<pin id="539" dir="0" index="1" bw="15" slack="0"/>
<pin id="540" dir="0" index="2" bw="29" slack="0"/>
<pin id="541" dir="1" index="3" bw="29" slack="0"/>
</pin_list>
<bind>
<opcode="muladd(1172) " fcode="muladd"/>
<opset="mul_ln45_10/3 add_ln45_12/5 "/>
</bind>
</comp>

<comp id="546" class="1007" name="grp_fu_546">
<pin_list>
<pin id="547" dir="0" index="0" bw="16" slack="0"/>
<pin id="548" dir="0" index="1" bw="15" slack="0"/>
<pin id="549" dir="0" index="2" bw="29" slack="2147483647"/>
<pin id="550" dir="1" index="3" bw="29" slack="0"/>
</pin_list>
<bind>
<opcode="muladd(1172) " fcode="muladd"/>
<opset="mul_ln45_14/3 add_ln45_10/5 "/>
</bind>
</comp>

<comp id="554" class="1007" name="grp_fu_554">
<pin_list>
<pin id="555" dir="0" index="0" bw="16" slack="0"/>
<pin id="556" dir="0" index="1" bw="15" slack="0"/>
<pin id="557" dir="0" index="2" bw="29" slack="2147483647"/>
<pin id="558" dir="1" index="3" bw="29" slack="0"/>
</pin_list>
<bind>
<opcode="muladd(1172) " fcode="muladd"/>
<opset="mul_ln45/4 add_ln45/6 "/>
</bind>
</comp>

<comp id="562" class="1007" name="grp_fu_562">
<pin_list>
<pin id="563" dir="0" index="0" bw="16" slack="0"/>
<pin id="564" dir="0" index="1" bw="15" slack="0"/>
<pin id="565" dir="0" index="2" bw="29" slack="2147483647"/>
<pin id="566" dir="1" index="3" bw="29" slack="0"/>
</pin_list>
<bind>
<opcode="muladd(1172) " fcode="muladd"/>
<opset="mul_ln45_12/4 add_ln45_8/6 "/>
</bind>
</comp>

<comp id="570" class="1005" name="k_reg_570">
<pin_list>
<pin id="571" dir="0" index="0" bw="4" slack="0"/>
<pin id="572" dir="1" index="1" bw="4" slack="0"/>
</pin_list>
<bind>
<opset="k "/>
</bind>
</comp>

<comp id="577" class="1005" name="i_reg_577">
<pin_list>
<pin id="578" dir="0" index="0" bw="4" slack="0"/>
<pin id="579" dir="1" index="1" bw="4" slack="0"/>
</pin_list>
<bind>
<opset="i "/>
</bind>
</comp>

<comp id="584" class="1005" name="indvar_flatten_reg_584">
<pin_list>
<pin id="585" dir="0" index="0" bw="7" slack="0"/>
<pin id="586" dir="1" index="1" bw="7" slack="0"/>
</pin_list>
<bind>
<opset="indvar_flatten "/>
</bind>
</comp>

<comp id="591" class="1005" name="icmp_ln69_reg_591">
<pin_list>
<pin id="592" dir="0" index="0" bw="1" slack="6"/>
<pin id="593" dir="1" index="1" bw="1" slack="2147483647"/>
</pin_list>
<bind>
<opset="icmp_ln69 "/>
</bind>
</comp>

<comp id="595" class="1005" name="select_ln54_reg_595">
<pin_list>
<pin id="596" dir="0" index="0" bw="4" slack="2"/>
<pin id="597" dir="1" index="1" bw="4" slack="2"/>
</pin_list>
<bind>
<opset="select_ln54 "/>
</bind>
</comp>

<comp id="600" class="1005" name="trunc_ln45_reg_600">
<pin_list>
<pin id="601" dir="0" index="0" bw="3" slack="2"/>
<pin id="602" dir="1" index="1" bw="3" slack="2"/>
</pin_list>
<bind>
<opset="trunc_ln45 "/>
</bind>
</comp>

<comp id="605" class="1005" name="zext_ln54_reg_605">
<pin_list>
<pin id="606" dir="0" index="0" bw="64" slack="1"/>
<pin id="607" dir="1" index="1" bw="64" slack="1"/>
</pin_list>
<bind>
<opset="zext_ln54 "/>
</bind>
</comp>

<comp id="616" class="1005" name="col_inbuf_7_addr_reg_616">
<pin_list>
<pin id="617" dir="0" index="0" bw="3" slack="1"/>
<pin id="618" dir="1" index="1" bw="3" slack="1"/>
</pin_list>
<bind>
<opset="col_inbuf_7_addr "/>
</bind>
</comp>

<comp id="621" class="1005" name="zext_ln39_reg_621">
<pin_list>
<pin id="622" dir="0" index="0" bw="64" slack="1"/>
<pin id="623" dir="1" index="1" bw="64" slack="1"/>
</pin_list>
<bind>
<opset="zext_ln39 "/>
</bind>
</comp>

<comp id="632" class="1005" name="dct_1d_dct_coeff_table_7_addr_reg_632">
<pin_list>
<pin id="633" dir="0" index="0" bw="3" slack="1"/>
<pin id="634" dir="1" index="1" bw="3" slack="1"/>
</pin_list>
<bind>
<opset="dct_1d_dct_coeff_table_7_addr "/>
</bind>
</comp>

<comp id="637" class="1005" name="col_inbuf_4_addr_reg_637">
<pin_list>
<pin id="638" dir="0" index="0" bw="3" slack="1"/>
<pin id="639" dir="1" index="1" bw="3" slack="1"/>
</pin_list>
<bind>
<opset="col_inbuf_4_addr "/>
</bind>
</comp>

<comp id="642" class="1005" name="col_inbuf_5_addr_reg_642">
<pin_list>
<pin id="643" dir="0" index="0" bw="3" slack="1"/>
<pin id="644" dir="1" index="1" bw="3" slack="1"/>
</pin_list>
<bind>
<opset="col_inbuf_5_addr "/>
</bind>
</comp>

<comp id="647" class="1005" name="col_inbuf_6_addr_reg_647">
<pin_list>
<pin id="648" dir="0" index="0" bw="3" slack="1"/>
<pin id="649" dir="1" index="1" bw="3" slack="1"/>
</pin_list>
<bind>
<opset="col_inbuf_6_addr "/>
</bind>
</comp>

<comp id="652" class="1005" name="sext_ln54_14_reg_652">
<pin_list>
<pin id="653" dir="0" index="0" bw="29" slack="1"/>
<pin id="654" dir="1" index="1" bw="29" slack="1"/>
</pin_list>
<bind>
<opset="sext_ln54_14 "/>
</bind>
</comp>

<comp id="657" class="1005" name="dct_1d_dct_coeff_table_0_addr_reg_657">
<pin_list>
<pin id="658" dir="0" index="0" bw="3" slack="1"/>
<pin id="659" dir="1" index="1" bw="3" slack="1"/>
</pin_list>
<bind>
<opset="dct_1d_dct_coeff_table_0_addr "/>
</bind>
</comp>

<comp id="662" class="1005" name="dct_1d_dct_coeff_table_1_addr_reg_662">
<pin_list>
<pin id="663" dir="0" index="0" bw="3" slack="1"/>
<pin id="664" dir="1" index="1" bw="3" slack="1"/>
</pin_list>
<bind>
<opset="dct_1d_dct_coeff_table_1_addr "/>
</bind>
</comp>

<comp id="667" class="1005" name="dct_1d_dct_coeff_table_2_addr_reg_667">
<pin_list>
<pin id="668" dir="0" index="0" bw="3" slack="1"/>
<pin id="669" dir="1" index="1" bw="3" slack="1"/>
</pin_list>
<bind>
<opset="dct_1d_dct_coeff_table_2_addr "/>
</bind>
</comp>

<comp id="672" class="1005" name="dct_1d_dct_coeff_table_3_addr_reg_672">
<pin_list>
<pin id="673" dir="0" index="0" bw="3" slack="1"/>
<pin id="674" dir="1" index="1" bw="3" slack="1"/>
</pin_list>
<bind>
<opset="dct_1d_dct_coeff_table_3_addr "/>
</bind>
</comp>

<comp id="677" class="1005" name="dct_1d_dct_coeff_table_4_addr_reg_677">
<pin_list>
<pin id="678" dir="0" index="0" bw="3" slack="1"/>
<pin id="679" dir="1" index="1" bw="3" slack="1"/>
</pin_list>
<bind>
<opset="dct_1d_dct_coeff_table_4_addr "/>
</bind>
</comp>

<comp id="682" class="1005" name="dct_1d_dct_coeff_table_5_addr_reg_682">
<pin_list>
<pin id="683" dir="0" index="0" bw="3" slack="1"/>
<pin id="684" dir="1" index="1" bw="3" slack="1"/>
</pin_list>
<bind>
<opset="dct_1d_dct_coeff_table_5_addr "/>
</bind>
</comp>

<comp id="687" class="1005" name="dct_1d_dct_coeff_table_6_addr_reg_687">
<pin_list>
<pin id="688" dir="0" index="0" bw="3" slack="1"/>
<pin id="689" dir="1" index="1" bw="3" slack="1"/>
</pin_list>
<bind>
<opset="dct_1d_dct_coeff_table_6_addr "/>
</bind>
</comp>

<comp id="692" class="1005" name="sext_ln45_12_reg_692">
<pin_list>
<pin id="693" dir="0" index="0" bw="29" slack="1"/>
<pin id="694" dir="1" index="1" bw="29" slack="1"/>
</pin_list>
<bind>
<opset="sext_ln45_12 "/>
</bind>
</comp>

<comp id="697" class="1005" name="col_inbuf_addr_reg_697">
<pin_list>
<pin id="698" dir="0" index="0" bw="3" slack="1"/>
<pin id="699" dir="1" index="1" bw="3" slack="1"/>
</pin_list>
<bind>
<opset="col_inbuf_addr "/>
</bind>
</comp>

<comp id="702" class="1005" name="col_inbuf_1_addr_reg_702">
<pin_list>
<pin id="703" dir="0" index="0" bw="3" slack="1"/>
<pin id="704" dir="1" index="1" bw="3" slack="1"/>
</pin_list>
<bind>
<opset="col_inbuf_1_addr "/>
</bind>
</comp>

<comp id="707" class="1005" name="col_inbuf_2_addr_reg_707">
<pin_list>
<pin id="708" dir="0" index="0" bw="3" slack="1"/>
<pin id="709" dir="1" index="1" bw="3" slack="1"/>
</pin_list>
<bind>
<opset="col_inbuf_2_addr "/>
</bind>
</comp>

<comp id="712" class="1005" name="col_inbuf_3_addr_reg_712">
<pin_list>
<pin id="713" dir="0" index="0" bw="3" slack="1"/>
<pin id="714" dir="1" index="1" bw="3" slack="1"/>
</pin_list>
<bind>
<opset="col_inbuf_3_addr "/>
</bind>
</comp>

<comp id="717" class="1005" name="col_inbuf_4_load_reg_717">
<pin_list>
<pin id="718" dir="0" index="0" bw="16" slack="1"/>
<pin id="719" dir="1" index="1" bw="16" slack="1"/>
</pin_list>
<bind>
<opset="col_inbuf_4_load "/>
</bind>
</comp>

<comp id="722" class="1005" name="sext_ln54_12_reg_722">
<pin_list>
<pin id="723" dir="0" index="0" bw="29" slack="1"/>
<pin id="724" dir="1" index="1" bw="29" slack="1"/>
</pin_list>
<bind>
<opset="sext_ln54_12 "/>
</bind>
</comp>

<comp id="727" class="1005" name="sext_ln54_13_reg_727">
<pin_list>
<pin id="728" dir="0" index="0" bw="29" slack="1"/>
<pin id="729" dir="1" index="1" bw="29" slack="1"/>
</pin_list>
<bind>
<opset="sext_ln54_13 "/>
</bind>
</comp>

<comp id="732" class="1005" name="add_ln45_15_reg_732">
<pin_list>
<pin id="733" dir="0" index="0" bw="6" slack="5"/>
<pin id="734" dir="1" index="1" bw="6" slack="5"/>
</pin_list>
<bind>
<opset="add_ln45_15 "/>
</bind>
</comp>

<comp id="737" class="1005" name="coeff_reg_737">
<pin_list>
<pin id="738" dir="0" index="0" bw="14" slack="2"/>
<pin id="739" dir="1" index="1" bw="14" slack="2"/>
</pin_list>
<bind>
<opset="coeff "/>
</bind>
</comp>

<comp id="742" class="1005" name="coeff_8_reg_742">
<pin_list>
<pin id="743" dir="0" index="0" bw="15" slack="1"/>
<pin id="744" dir="1" index="1" bw="15" slack="1"/>
</pin_list>
<bind>
<opset="coeff_8 "/>
</bind>
</comp>

<comp id="747" class="1005" name="coeff_9_reg_747">
<pin_list>
<pin id="748" dir="0" index="0" bw="15" slack="2"/>
<pin id="749" dir="1" index="1" bw="15" slack="2"/>
</pin_list>
<bind>
<opset="coeff_9 "/>
</bind>
</comp>

<comp id="752" class="1005" name="coeff_10_reg_752">
<pin_list>
<pin id="753" dir="0" index="0" bw="15" slack="1"/>
<pin id="754" dir="1" index="1" bw="15" slack="1"/>
</pin_list>
<bind>
<opset="coeff_10 "/>
</bind>
</comp>

<comp id="757" class="1005" name="coeff_11_reg_757">
<pin_list>
<pin id="758" dir="0" index="0" bw="15" slack="1"/>
<pin id="759" dir="1" index="1" bw="15" slack="1"/>
</pin_list>
<bind>
<opset="coeff_11 "/>
</bind>
</comp>

<comp id="762" class="1005" name="sext_ln45_10_reg_762">
<pin_list>
<pin id="763" dir="0" index="0" bw="29" slack="1"/>
<pin id="764" dir="1" index="1" bw="29" slack="1"/>
</pin_list>
<bind>
<opset="sext_ln45_10 "/>
</bind>
</comp>

<comp id="767" class="1005" name="sext_ln45_11_reg_767">
<pin_list>
<pin id="768" dir="0" index="0" bw="29" slack="1"/>
<pin id="769" dir="1" index="1" bw="29" slack="1"/>
</pin_list>
<bind>
<opset="sext_ln45_11 "/>
</bind>
</comp>

<comp id="772" class="1005" name="col_inbuf_load_reg_772">
<pin_list>
<pin id="773" dir="0" index="0" bw="16" slack="1"/>
<pin id="774" dir="1" index="1" bw="16" slack="1"/>
</pin_list>
<bind>
<opset="col_inbuf_load "/>
</bind>
</comp>

<comp id="777" class="1005" name="sext_ln54_8_reg_777">
<pin_list>
<pin id="778" dir="0" index="0" bw="29" slack="1"/>
<pin id="779" dir="1" index="1" bw="29" slack="1"/>
</pin_list>
<bind>
<opset="sext_ln54_8 "/>
</bind>
</comp>

<comp id="782" class="1005" name="col_inbuf_2_load_reg_782">
<pin_list>
<pin id="783" dir="0" index="0" bw="16" slack="1"/>
<pin id="784" dir="1" index="1" bw="16" slack="1"/>
</pin_list>
<bind>
<opset="col_inbuf_2_load "/>
</bind>
</comp>

<comp id="787" class="1005" name="sext_ln54_10_reg_787">
<pin_list>
<pin id="788" dir="0" index="0" bw="29" slack="1"/>
<pin id="789" dir="1" index="1" bw="29" slack="1"/>
</pin_list>
<bind>
<opset="sext_ln54_10 "/>
</bind>
</comp>

<comp id="792" class="1005" name="sext_ln45_reg_792">
<pin_list>
<pin id="793" dir="0" index="0" bw="29" slack="1"/>
<pin id="794" dir="1" index="1" bw="29" slack="1"/>
</pin_list>
<bind>
<opset="sext_ln45 "/>
</bind>
</comp>

<comp id="797" class="1005" name="sext_ln45_8_reg_797">
<pin_list>
<pin id="798" dir="0" index="0" bw="29" slack="1"/>
<pin id="799" dir="1" index="1" bw="29" slack="1"/>
</pin_list>
<bind>
<opset="sext_ln45_8 "/>
</bind>
</comp>

<comp id="802" class="1005" name="mul_ln45_11_reg_802">
<pin_list>
<pin id="803" dir="0" index="0" bw="29" slack="1"/>
<pin id="804" dir="1" index="1" bw="29" slack="1"/>
</pin_list>
<bind>
<opset="mul_ln45_11 "/>
</bind>
</comp>

<comp id="807" class="1005" name="mul_ln45_9_reg_807">
<pin_list>
<pin id="808" dir="0" index="0" bw="29" slack="1"/>
<pin id="809" dir="1" index="1" bw="29" slack="1"/>
</pin_list>
<bind>
<opset="mul_ln45_9 "/>
</bind>
</comp>

<comp id="812" class="1005" name="mul_ln45_13_reg_812">
<pin_list>
<pin id="813" dir="0" index="0" bw="29" slack="1"/>
<pin id="814" dir="1" index="1" bw="29" slack="1"/>
</pin_list>
<bind>
<opset="mul_ln45_13 "/>
</bind>
</comp>

<comp id="817" class="1005" name="add_ln45_11_reg_817">
<pin_list>
<pin id="818" dir="0" index="0" bw="29" slack="1"/>
<pin id="819" dir="1" index="1" bw="29" slack="1"/>
</pin_list>
<bind>
<opset="add_ln45_11 "/>
</bind>
</comp>

<comp id="822" class="1005" name="add_ln45_13_reg_822">
<pin_list>
<pin id="823" dir="0" index="0" bw="29" slack="1"/>
<pin id="824" dir="1" index="1" bw="29" slack="1"/>
</pin_list>
<bind>
<opset="add_ln45_13 "/>
</bind>
</comp>

<comp id="827" class="1005" name="trunc_ln_reg_827">
<pin_list>
<pin id="828" dir="0" index="0" bw="16" slack="1"/>
<pin id="829" dir="1" index="1" bw="16" slack="1"/>
</pin_list>
<bind>
<opset="trunc_ln "/>
</bind>
</comp>

</comp_list>

<net_list>
<net id="83"><net_src comp="34" pin="0"/><net_sink comp="80" pin=0"/></net>

<net id="87"><net_src comp="34" pin="0"/><net_sink comp="84" pin=0"/></net>

<net id="91"><net_src comp="34" pin="0"/><net_sink comp="88" pin=0"/></net>

<net id="97"><net_src comp="14" pin="0"/><net_sink comp="92" pin=0"/></net>

<net id="98"><net_src comp="48" pin="0"/><net_sink comp="92" pin=1"/></net>

<net id="104"><net_src comp="92" pin="3"/><net_sink comp="99" pin=0"/></net>

<net id="110"><net_src comp="32" pin="0"/><net_sink comp="105" pin=0"/></net>

<net id="111"><net_src comp="48" pin="0"/><net_sink comp="105" pin=1"/></net>

<net id="117"><net_src comp="105" pin="3"/><net_sink comp="112" pin=0"/></net>

<net id="123"><net_src comp="8" pin="0"/><net_sink comp="118" pin=0"/></net>

<net id="124"><net_src comp="48" pin="0"/><net_sink comp="118" pin=1"/></net>

<net id="130"><net_src comp="118" pin="3"/><net_sink comp="125" pin=0"/></net>

<net id="136"><net_src comp="10" pin="0"/><net_sink comp="131" pin=0"/></net>

<net id="137"><net_src comp="48" pin="0"/><net_sink comp="131" pin=1"/></net>

<net id="143"><net_src comp="131" pin="3"/><net_sink comp="138" pin=0"/></net>

<net id="149"><net_src comp="12" pin="0"/><net_sink comp="144" pin=0"/></net>

<net id="150"><net_src comp="48" pin="0"/><net_sink comp="144" pin=1"/></net>

<net id="156"><net_src comp="144" pin="3"/><net_sink comp="151" pin=0"/></net>

<net id="162"><net_src comp="18" pin="0"/><net_sink comp="157" pin=0"/></net>

<net id="163"><net_src comp="48" pin="0"/><net_sink comp="157" pin=1"/></net>

<net id="169"><net_src comp="157" pin="3"/><net_sink comp="164" pin=0"/></net>

<net id="175"><net_src comp="20" pin="0"/><net_sink comp="170" pin=0"/></net>

<net id="176"><net_src comp="48" pin="0"/><net_sink comp="170" pin=1"/></net>

<net id="182"><net_src comp="170" pin="3"/><net_sink comp="177" pin=0"/></net>

<net id="188"><net_src comp="22" pin="0"/><net_sink comp="183" pin=0"/></net>

<net id="189"><net_src comp="48" pin="0"/><net_sink comp="183" pin=1"/></net>

<net id="195"><net_src comp="183" pin="3"/><net_sink comp="190" pin=0"/></net>

<net id="201"><net_src comp="24" pin="0"/><net_sink comp="196" pin=0"/></net>

<net id="202"><net_src comp="48" pin="0"/><net_sink comp="196" pin=1"/></net>

<net id="208"><net_src comp="196" pin="3"/><net_sink comp="203" pin=0"/></net>

<net id="214"><net_src comp="26" pin="0"/><net_sink comp="209" pin=0"/></net>

<net id="215"><net_src comp="48" pin="0"/><net_sink comp="209" pin=1"/></net>

<net id="221"><net_src comp="209" pin="3"/><net_sink comp="216" pin=0"/></net>

<net id="227"><net_src comp="28" pin="0"/><net_sink comp="222" pin=0"/></net>

<net id="228"><net_src comp="48" pin="0"/><net_sink comp="222" pin=1"/></net>

<net id="234"><net_src comp="222" pin="3"/><net_sink comp="229" pin=0"/></net>

<net id="240"><net_src comp="30" pin="0"/><net_sink comp="235" pin=0"/></net>

<net id="241"><net_src comp="48" pin="0"/><net_sink comp="235" pin=1"/></net>

<net id="247"><net_src comp="235" pin="3"/><net_sink comp="242" pin=0"/></net>

<net id="253"><net_src comp="0" pin="0"/><net_sink comp="248" pin=0"/></net>

<net id="254"><net_src comp="48" pin="0"/><net_sink comp="248" pin=1"/></net>

<net id="260"><net_src comp="248" pin="3"/><net_sink comp="255" pin=0"/></net>

<net id="266"><net_src comp="2" pin="0"/><net_sink comp="261" pin=0"/></net>

<net id="267"><net_src comp="48" pin="0"/><net_sink comp="261" pin=1"/></net>

<net id="273"><net_src comp="261" pin="3"/><net_sink comp="268" pin=0"/></net>

<net id="279"><net_src comp="4" pin="0"/><net_sink comp="274" pin=0"/></net>

<net id="280"><net_src comp="48" pin="0"/><net_sink comp="274" pin=1"/></net>

<net id="286"><net_src comp="274" pin="3"/><net_sink comp="281" pin=0"/></net>

<net id="292"><net_src comp="6" pin="0"/><net_sink comp="287" pin=0"/></net>

<net id="293"><net_src comp="48" pin="0"/><net_sink comp="287" pin=1"/></net>

<net id="299"><net_src comp="287" pin="3"/><net_sink comp="294" pin=0"/></net>

<net id="305"><net_src comp="16" pin="0"/><net_sink comp="300" pin=0"/></net>

<net id="306"><net_src comp="48" pin="0"/><net_sink comp="300" pin=1"/></net>

<net id="312"><net_src comp="300" pin="3"/><net_sink comp="307" pin=0"/></net>

<net id="317"><net_src comp="36" pin="0"/><net_sink comp="313" pin=0"/></net>

<net id="322"><net_src comp="38" pin="0"/><net_sink comp="318" pin=0"/></net>

<net id="327"><net_src comp="38" pin="0"/><net_sink comp="323" pin=0"/></net>

<net id="335"><net_src comp="328" pin="1"/><net_sink comp="331" pin=0"/></net>

<net id="336"><net_src comp="40" pin="0"/><net_sink comp="331" pin=1"/></net>

<net id="341"><net_src comp="328" pin="1"/><net_sink comp="337" pin=0"/></net>

<net id="342"><net_src comp="42" pin="0"/><net_sink comp="337" pin=1"/></net>

<net id="353"><net_src comp="346" pin="1"/><net_sink comp="349" pin=0"/></net>

<net id="354"><net_src comp="44" pin="0"/><net_sink comp="349" pin=1"/></net>

<net id="359"><net_src comp="343" pin="1"/><net_sink comp="355" pin=0"/></net>

<net id="360"><net_src comp="46" pin="0"/><net_sink comp="355" pin=1"/></net>

<net id="366"><net_src comp="355" pin="2"/><net_sink comp="361" pin=0"/></net>

<net id="367"><net_src comp="38" pin="0"/><net_sink comp="361" pin=1"/></net>

<net id="368"><net_src comp="343" pin="1"/><net_sink comp="361" pin=2"/></net>

<net id="374"><net_src comp="355" pin="2"/><net_sink comp="369" pin=0"/></net>

<net id="375"><net_src comp="349" pin="2"/><net_sink comp="369" pin=1"/></net>

<net id="376"><net_src comp="346" pin="1"/><net_sink comp="369" pin=2"/></net>

<net id="380"><net_src comp="369" pin="3"/><net_sink comp="377" pin=0"/></net>

<net id="384"><net_src comp="369" pin="3"/><net_sink comp="381" pin=0"/></net>

<net id="385"><net_src comp="381" pin="1"/><net_sink comp="92" pin=2"/></net>

<net id="389"><net_src comp="361" pin="3"/><net_sink comp="386" pin=0"/></net>

<net id="390"><net_src comp="386" pin="1"/><net_sink comp="105" pin=2"/></net>

<net id="395"><net_src comp="361" pin="3"/><net_sink comp="391" pin=0"/></net>

<net id="396"><net_src comp="44" pin="0"/><net_sink comp="391" pin=1"/></net>

<net id="401"><net_src comp="337" pin="2"/><net_sink comp="397" pin=0"/></net>

<net id="406"><net_src comp="369" pin="3"/><net_sink comp="402" pin=0"/></net>

<net id="411"><net_src comp="391" pin="2"/><net_sink comp="407" pin=0"/></net>

<net id="415"><net_src comp="99" pin="3"/><net_sink comp="412" pin=0"/></net>

<net id="419"><net_src comp="112" pin="3"/><net_sink comp="416" pin=0"/></net>

<net id="425"><net_src comp="50" pin="0"/><net_sink comp="420" pin=0"/></net>

<net id="426"><net_src comp="52" pin="0"/><net_sink comp="420" pin=2"/></net>

<net id="430"><net_src comp="138" pin="3"/><net_sink comp="427" pin=0"/></net>

<net id="434"><net_src comp="151" pin="3"/><net_sink comp="431" pin=0"/></net>

<net id="442"><net_src comp="420" pin="3"/><net_sink comp="438" pin=0"/></net>

<net id="443"><net_src comp="435" pin="1"/><net_sink comp="438" pin=1"/></net>

<net id="447"><net_src comp="229" pin="3"/><net_sink comp="444" pin=0"/></net>

<net id="451"><net_src comp="242" pin="3"/><net_sink comp="448" pin=0"/></net>

<net id="455"><net_src comp="268" pin="3"/><net_sink comp="452" pin=0"/></net>

<net id="459"><net_src comp="294" pin="3"/><net_sink comp="456" pin=0"/></net>

<net id="476"><net_src comp="460" pin="1"/><net_sink comp="472" pin=0"/></net>

<net id="477"><net_src comp="469" pin="1"/><net_sink comp="472" pin=1"/></net>

<net id="494"><net_src comp="478" pin="1"/><net_sink comp="490" pin=0"/></net>

<net id="495"><net_src comp="484" pin="1"/><net_sink comp="490" pin=1"/></net>

<net id="500"><net_src comp="481" pin="1"/><net_sink comp="496" pin=0"/></net>

<net id="501"><net_src comp="487" pin="1"/><net_sink comp="496" pin=1"/></net>

<net id="514"><net_src comp="506" pin="2"/><net_sink comp="510" pin=1"/></net>

<net id="521"><net_src comp="56" pin="0"/><net_sink comp="515" pin=0"/></net>

<net id="522"><net_src comp="510" pin="2"/><net_sink comp="515" pin=1"/></net>

<net id="523"><net_src comp="58" pin="0"/><net_sink comp="515" pin=2"/></net>

<net id="524"><net_src comp="60" pin="0"/><net_sink comp="515" pin=3"/></net>

<net id="528"><net_src comp="525" pin="1"/><net_sink comp="300" pin=2"/></net>

<net id="534"><net_src comp="412" pin="1"/><net_sink comp="529" pin=0"/></net>

<net id="535"><net_src comp="416" pin="1"/><net_sink comp="529" pin=1"/></net>

<net id="536"><net_src comp="54" pin="0"/><net_sink comp="529" pin=2"/></net>

<net id="542"><net_src comp="431" pin="1"/><net_sink comp="537" pin=0"/></net>

<net id="543"><net_src comp="448" pin="1"/><net_sink comp="537" pin=1"/></net>

<net id="544"><net_src comp="529" pin="3"/><net_sink comp="537" pin=2"/></net>

<net id="545"><net_src comp="537" pin="3"/><net_sink comp="502" pin=0"/></net>

<net id="551"><net_src comp="427" pin="1"/><net_sink comp="546" pin=0"/></net>

<net id="552"><net_src comp="444" pin="1"/><net_sink comp="546" pin=1"/></net>

<net id="553"><net_src comp="546" pin="3"/><net_sink comp="502" pin=1"/></net>

<net id="559"><net_src comp="452" pin="1"/><net_sink comp="554" pin=0"/></net>

<net id="560"><net_src comp="463" pin="1"/><net_sink comp="554" pin=1"/></net>

<net id="561"><net_src comp="554" pin="3"/><net_sink comp="506" pin=1"/></net>

<net id="567"><net_src comp="456" pin="1"/><net_sink comp="562" pin=0"/></net>

<net id="568"><net_src comp="466" pin="1"/><net_sink comp="562" pin=1"/></net>

<net id="569"><net_src comp="562" pin="3"/><net_sink comp="506" pin=0"/></net>

<net id="573"><net_src comp="80" pin="1"/><net_sink comp="570" pin=0"/></net>

<net id="574"><net_src comp="570" pin="1"/><net_sink comp="323" pin=1"/></net>

<net id="575"><net_src comp="570" pin="1"/><net_sink comp="343" pin=0"/></net>

<net id="576"><net_src comp="570" pin="1"/><net_sink comp="407" pin=1"/></net>

<net id="580"><net_src comp="84" pin="1"/><net_sink comp="577" pin=0"/></net>

<net id="581"><net_src comp="577" pin="1"/><net_sink comp="318" pin=1"/></net>

<net id="582"><net_src comp="577" pin="1"/><net_sink comp="346" pin=0"/></net>

<net id="583"><net_src comp="577" pin="1"/><net_sink comp="402" pin=1"/></net>

<net id="587"><net_src comp="88" pin="1"/><net_sink comp="584" pin=0"/></net>

<net id="588"><net_src comp="584" pin="1"/><net_sink comp="313" pin=1"/></net>

<net id="589"><net_src comp="584" pin="1"/><net_sink comp="328" pin=0"/></net>

<net id="590"><net_src comp="584" pin="1"/><net_sink comp="397" pin=1"/></net>

<net id="594"><net_src comp="331" pin="2"/><net_sink comp="591" pin=0"/></net>

<net id="598"><net_src comp="361" pin="3"/><net_sink comp="595" pin=0"/></net>

<net id="599"><net_src comp="595" pin="1"/><net_sink comp="435" pin=0"/></net>

<net id="603"><net_src comp="377" pin="1"/><net_sink comp="600" pin=0"/></net>

<net id="604"><net_src comp="600" pin="1"/><net_sink comp="420" pin=1"/></net>

<net id="608"><net_src comp="381" pin="1"/><net_sink comp="605" pin=0"/></net>

<net id="609"><net_src comp="605" pin="1"/><net_sink comp="118" pin=2"/></net>

<net id="610"><net_src comp="605" pin="1"/><net_sink comp="131" pin=2"/></net>

<net id="611"><net_src comp="605" pin="1"/><net_sink comp="144" pin=2"/></net>

<net id="612"><net_src comp="605" pin="1"/><net_sink comp="248" pin=2"/></net>

<net id="613"><net_src comp="605" pin="1"/><net_sink comp="261" pin=2"/></net>

<net id="614"><net_src comp="605" pin="1"/><net_sink comp="274" pin=2"/></net>

<net id="615"><net_src comp="605" pin="1"/><net_sink comp="287" pin=2"/></net>

<net id="619"><net_src comp="92" pin="3"/><net_sink comp="616" pin=0"/></net>

<net id="620"><net_src comp="616" pin="1"/><net_sink comp="99" pin=0"/></net>

<net id="624"><net_src comp="386" pin="1"/><net_sink comp="621" pin=0"/></net>

<net id="625"><net_src comp="621" pin="1"/><net_sink comp="157" pin=2"/></net>

<net id="626"><net_src comp="621" pin="1"/><net_sink comp="170" pin=2"/></net>

<net id="627"><net_src comp="621" pin="1"/><net_sink comp="183" pin=2"/></net>

<net id="628"><net_src comp="621" pin="1"/><net_sink comp="196" pin=2"/></net>

<net id="629"><net_src comp="621" pin="1"/><net_sink comp="209" pin=2"/></net>

<net id="630"><net_src comp="621" pin="1"/><net_sink comp="222" pin=2"/></net>

<net id="631"><net_src comp="621" pin="1"/><net_sink comp="235" pin=2"/></net>

<net id="635"><net_src comp="105" pin="3"/><net_sink comp="632" pin=0"/></net>

<net id="636"><net_src comp="632" pin="1"/><net_sink comp="112" pin=0"/></net>

<net id="640"><net_src comp="118" pin="3"/><net_sink comp="637" pin=0"/></net>

<net id="641"><net_src comp="637" pin="1"/><net_sink comp="125" pin=0"/></net>

<net id="645"><net_src comp="131" pin="3"/><net_sink comp="642" pin=0"/></net>

<net id="646"><net_src comp="642" pin="1"/><net_sink comp="138" pin=0"/></net>

<net id="650"><net_src comp="144" pin="3"/><net_sink comp="647" pin=0"/></net>

<net id="651"><net_src comp="647" pin="1"/><net_sink comp="151" pin=0"/></net>

<net id="655"><net_src comp="412" pin="1"/><net_sink comp="652" pin=0"/></net>

<net id="656"><net_src comp="652" pin="1"/><net_sink comp="529" pin=0"/></net>

<net id="660"><net_src comp="157" pin="3"/><net_sink comp="657" pin=0"/></net>

<net id="661"><net_src comp="657" pin="1"/><net_sink comp="164" pin=0"/></net>

<net id="665"><net_src comp="170" pin="3"/><net_sink comp="662" pin=0"/></net>

<net id="666"><net_src comp="662" pin="1"/><net_sink comp="177" pin=0"/></net>

<net id="670"><net_src comp="183" pin="3"/><net_sink comp="667" pin=0"/></net>

<net id="671"><net_src comp="667" pin="1"/><net_sink comp="190" pin=0"/></net>

<net id="675"><net_src comp="196" pin="3"/><net_sink comp="672" pin=0"/></net>

<net id="676"><net_src comp="672" pin="1"/><net_sink comp="203" pin=0"/></net>

<net id="680"><net_src comp="209" pin="3"/><net_sink comp="677" pin=0"/></net>

<net id="681"><net_src comp="677" pin="1"/><net_sink comp="216" pin=0"/></net>

<net id="685"><net_src comp="222" pin="3"/><net_sink comp="682" pin=0"/></net>

<net id="686"><net_src comp="682" pin="1"/><net_sink comp="229" pin=0"/></net>

<net id="690"><net_src comp="235" pin="3"/><net_sink comp="687" pin=0"/></net>

<net id="691"><net_src comp="687" pin="1"/><net_sink comp="242" pin=0"/></net>

<net id="695"><net_src comp="416" pin="1"/><net_sink comp="692" pin=0"/></net>

<net id="696"><net_src comp="692" pin="1"/><net_sink comp="529" pin=1"/></net>

<net id="700"><net_src comp="248" pin="3"/><net_sink comp="697" pin=0"/></net>

<net id="701"><net_src comp="697" pin="1"/><net_sink comp="255" pin=0"/></net>

<net id="705"><net_src comp="261" pin="3"/><net_sink comp="702" pin=0"/></net>

<net id="706"><net_src comp="702" pin="1"/><net_sink comp="268" pin=0"/></net>

<net id="710"><net_src comp="274" pin="3"/><net_sink comp="707" pin=0"/></net>

<net id="711"><net_src comp="707" pin="1"/><net_sink comp="281" pin=0"/></net>

<net id="715"><net_src comp="287" pin="3"/><net_sink comp="712" pin=0"/></net>

<net id="716"><net_src comp="712" pin="1"/><net_sink comp="294" pin=0"/></net>

<net id="720"><net_src comp="125" pin="3"/><net_sink comp="717" pin=0"/></net>

<net id="721"><net_src comp="717" pin="1"/><net_sink comp="460" pin=0"/></net>

<net id="725"><net_src comp="427" pin="1"/><net_sink comp="722" pin=0"/></net>

<net id="726"><net_src comp="722" pin="1"/><net_sink comp="546" pin=0"/></net>

<net id="730"><net_src comp="431" pin="1"/><net_sink comp="727" pin=0"/></net>

<net id="731"><net_src comp="727" pin="1"/><net_sink comp="537" pin=0"/></net>

<net id="735"><net_src comp="438" pin="2"/><net_sink comp="732" pin=0"/></net>

<net id="736"><net_src comp="732" pin="1"/><net_sink comp="525" pin=0"/></net>

<net id="740"><net_src comp="164" pin="3"/><net_sink comp="737" pin=0"/></net>

<net id="741"><net_src comp="737" pin="1"/><net_sink comp="484" pin=0"/></net>

<net id="745"><net_src comp="177" pin="3"/><net_sink comp="742" pin=0"/></net>

<net id="746"><net_src comp="742" pin="1"/><net_sink comp="463" pin=0"/></net>

<net id="750"><net_src comp="190" pin="3"/><net_sink comp="747" pin=0"/></net>

<net id="751"><net_src comp="747" pin="1"/><net_sink comp="487" pin=0"/></net>

<net id="755"><net_src comp="203" pin="3"/><net_sink comp="752" pin=0"/></net>

<net id="756"><net_src comp="752" pin="1"/><net_sink comp="466" pin=0"/></net>

<net id="760"><net_src comp="216" pin="3"/><net_sink comp="757" pin=0"/></net>

<net id="761"><net_src comp="757" pin="1"/><net_sink comp="469" pin=0"/></net>

<net id="765"><net_src comp="444" pin="1"/><net_sink comp="762" pin=0"/></net>

<net id="766"><net_src comp="762" pin="1"/><net_sink comp="546" pin=1"/></net>

<net id="770"><net_src comp="448" pin="1"/><net_sink comp="767" pin=0"/></net>

<net id="771"><net_src comp="767" pin="1"/><net_sink comp="537" pin=1"/></net>

<net id="775"><net_src comp="255" pin="3"/><net_sink comp="772" pin=0"/></net>

<net id="776"><net_src comp="772" pin="1"/><net_sink comp="478" pin=0"/></net>

<net id="780"><net_src comp="452" pin="1"/><net_sink comp="777" pin=0"/></net>

<net id="781"><net_src comp="777" pin="1"/><net_sink comp="554" pin=0"/></net>

<net id="785"><net_src comp="281" pin="3"/><net_sink comp="782" pin=0"/></net>

<net id="786"><net_src comp="782" pin="1"/><net_sink comp="481" pin=0"/></net>

<net id="790"><net_src comp="456" pin="1"/><net_sink comp="787" pin=0"/></net>

<net id="791"><net_src comp="787" pin="1"/><net_sink comp="562" pin=0"/></net>

<net id="795"><net_src comp="463" pin="1"/><net_sink comp="792" pin=0"/></net>

<net id="796"><net_src comp="792" pin="1"/><net_sink comp="554" pin=1"/></net>

<net id="800"><net_src comp="466" pin="1"/><net_sink comp="797" pin=0"/></net>

<net id="801"><net_src comp="797" pin="1"/><net_sink comp="562" pin=1"/></net>

<net id="805"><net_src comp="472" pin="2"/><net_sink comp="802" pin=0"/></net>

<net id="806"><net_src comp="802" pin="1"/><net_sink comp="546" pin=0"/></net>

<net id="810"><net_src comp="490" pin="2"/><net_sink comp="807" pin=0"/></net>

<net id="811"><net_src comp="807" pin="1"/><net_sink comp="554" pin=0"/></net>

<net id="815"><net_src comp="496" pin="2"/><net_sink comp="812" pin=0"/></net>

<net id="816"><net_src comp="812" pin="1"/><net_sink comp="562" pin=0"/></net>

<net id="820"><net_src comp="529" pin="3"/><net_sink comp="817" pin=0"/></net>

<net id="821"><net_src comp="817" pin="1"/><net_sink comp="537" pin=0"/></net>

<net id="825"><net_src comp="502" pin="2"/><net_sink comp="822" pin=0"/></net>

<net id="826"><net_src comp="822" pin="1"/><net_sink comp="510" pin=0"/></net>

<net id="830"><net_src comp="515" pin="4"/><net_sink comp="827" pin=0"/></net>

<net id="831"><net_src comp="827" pin="1"/><net_sink comp="307" pin=1"/></net>

</net_list>

</model> 
---------------- Datapath Model END ------------------

* FSMD analyzer results:
  - Output states:
	Port: col_outbuf | {8 }
 - Input state : 
	Port: Loop_Col_DCT_Loop_proc : col_inbuf | {3 4 }
	Port: Loop_Col_DCT_Loop_proc : col_inbuf_1 | {3 4 }
	Port: Loop_Col_DCT_Loop_proc : col_inbuf_2 | {3 4 }
	Port: Loop_Col_DCT_Loop_proc : col_inbuf_3 | {3 4 }
	Port: Loop_Col_DCT_Loop_proc : col_inbuf_4 | {2 3 }
	Port: Loop_Col_DCT_Loop_proc : col_inbuf_5 | {2 3 }
	Port: Loop_Col_DCT_Loop_proc : col_inbuf_6 | {2 3 }
	Port: Loop_Col_DCT_Loop_proc : col_inbuf_7 | {1 2 }
	Port: Loop_Col_DCT_Loop_proc : dct_1d_dct_coeff_table_0 | {2 3 }
	Port: Loop_Col_DCT_Loop_proc : dct_1d_dct_coeff_table_1 | {2 3 }
	Port: Loop_Col_DCT_Loop_proc : dct_1d_dct_coeff_table_2 | {2 3 }
	Port: Loop_Col_DCT_Loop_proc : dct_1d_dct_coeff_table_3 | {2 3 }
	Port: Loop_Col_DCT_Loop_proc : dct_1d_dct_coeff_table_4 | {2 3 }
	Port: Loop_Col_DCT_Loop_proc : dct_1d_dct_coeff_table_5 | {2 3 }
	Port: Loop_Col_DCT_Loop_proc : dct_1d_dct_coeff_table_6 | {2 3 }
	Port: Loop_Col_DCT_Loop_proc : dct_1d_dct_coeff_table_7 | {1 2 }
  - Chain level:
	State 1
		store_ln0 : 1
		store_ln0 : 1
		store_ln0 : 1
		indvar_flatten_load : 1
		icmp_ln69 : 2
		add_ln69_1 : 2
		br_ln69 : 3
		k_load : 1
		i_load : 1
		add_ln69 : 2
		icmp_ln39 : 2
		select_ln54 : 3
		select_ln54_4 : 3
		trunc_ln45 : 4
		zext_ln54 : 4
		col_inbuf_7_addr : 5
		col_inbuf_7_load : 6
		zext_ln39 : 4
		dct_1d_dct_coeff_table_7_addr : 5
		coeff_14 : 6
		add_ln39 : 4
		store_ln39 : 3
		store_ln39 : 4
		store_ln39 : 5
	State 2
		col_inbuf_4_load : 1
		col_inbuf_5_load : 1
		col_inbuf_6_load : 1
		sext_ln54_14 : 1
		coeff : 1
		coeff_8 : 1
		coeff_9 : 1
		coeff_10 : 1
		coeff_11 : 1
		coeff_12 : 1
		coeff_13 : 1
		sext_ln45_12 : 1
		mul_ln45_8 : 2
	State 3
		col_inbuf_load : 1
		col_inbuf_1_load : 1
		col_inbuf_2_load : 1
		col_inbuf_3_load : 1
		sext_ln54_12 : 1
		sext_ln54_13 : 1
		add_ln45_15 : 1
		sext_ln45_10 : 1
		sext_ln45_11 : 1
		mul_ln45_10 : 2
		mul_ln45_14 : 2
	State 4
		sext_ln54_8 : 1
		sext_ln54_10 : 1
		mul_ln45 : 2
		mul_ln45_11 : 1
		mul_ln45_12 : 2
		add_ln45_11 : 1
	State 5
		mul_ln45_9 : 1
		mul_ln45_13 : 1
		add_ln45_10 : 1
		add_ln45_12 : 1
	State 6
		add_ln45 : 1
		add_ln45_8 : 1
		add_ln45_13 : 1
	State 7
		add_ln45_9 : 1
		add_ln45_14 : 2
		trunc_ln : 3
	State 8
		col_outbuf_addr : 1
		store_ln45 : 2


============================================================
+ Verbose Summary: Datapath Resource usage 
============================================================

* Functional unit list:
|----------|----------------------|---------|---------|---------|
| Operation|    Functional Unit   |   DSP   |    FF   |   LUT   |
|----------|----------------------|---------|---------|---------|
|          |   add_ln69_1_fu_337  |    0    |    0    |    14   |
|          |    add_ln69_fu_349   |    0    |    0    |    13   |
|          |    add_ln39_fu_391   |    0    |    0    |    13   |
|    add   |  add_ln45_15_fu_438  |    0    |    0    |    14   |
|          |  add_ln45_13_fu_502  |    0    |    0    |    36   |
|          |   add_ln45_9_fu_506  |    0    |    0    |    29   |
|          |  add_ln45_14_fu_510  |    0    |    0    |    29   |
|----------|----------------------|---------|---------|---------|
|   icmp   |   icmp_ln69_fu_331   |    0    |    0    |    14   |
|          |   icmp_ln39_fu_355   |    0    |    0    |    13   |
|----------|----------------------|---------|---------|---------|
|          |  mul_ln45_11_fu_472  |    1    |    0    |    6    |
|    mul   |   mul_ln45_9_fu_490  |    1    |    0    |    6    |
|          |  mul_ln45_13_fu_496  |    1    |    0    |    6    |
|----------|----------------------|---------|---------|---------|
|  select  |  select_ln54_fu_361  |    0    |    0    |    4    |
|          | select_ln54_4_fu_369 |    0    |    0    |    4    |
|----------|----------------------|---------|---------|---------|
|          |      grp_fu_529      |    1    |    0    |    0    |
|          |      grp_fu_537      |    1    |    0    |    0    |
|  muladd  |      grp_fu_546      |    1    |    0    |    0    |
|          |      grp_fu_554      |    1    |    0    |    0    |
|          |      grp_fu_562      |    1    |    0    |    0    |
|----------|----------------------|---------|---------|---------|
|   trunc  |   trunc_ln45_fu_377  |    0    |    0    |    0    |
|----------|----------------------|---------|---------|---------|
|          |   zext_ln54_fu_381   |    0    |    0    |    0    |
|          |   zext_ln39_fu_386   |    0    |    0    |    0    |
|   zext   |  zext_ln45_3_fu_435  |    0    |    0    |    0    |
|          |   zext_ln45_fu_484   |    0    |    0    |    0    |
|          |  zext_ln45_4_fu_525  |    0    |    0    |    0    |
|----------|----------------------|---------|---------|---------|
|          |  sext_ln54_14_fu_412 |    0    |    0    |    0    |
|          |  sext_ln45_12_fu_416 |    0    |    0    |    0    |
|          |  sext_ln54_12_fu_427 |    0    |    0    |    0    |
|          |  sext_ln54_13_fu_431 |    0    |    0    |    0    |
|          |  sext_ln45_10_fu_444 |    0    |    0    |    0    |
|          |  sext_ln45_11_fu_448 |    0    |    0    |    0    |
|          |  sext_ln54_8_fu_452  |    0    |    0    |    0    |
|   sext   |  sext_ln54_10_fu_456 |    0    |    0    |    0    |
|          |  sext_ln54_11_fu_460 |    0    |    0    |    0    |
|          |   sext_ln45_fu_463   |    0    |    0    |    0    |
|          |  sext_ln45_8_fu_466  |    0    |    0    |    0    |
|          |  sext_ln45_9_fu_469  |    0    |    0    |    0    |
|          |   sext_ln54_fu_478   |    0    |    0    |    0    |
|          |  sext_ln54_9_fu_481  |    0    |    0    |    0    |
|          |  sext_ln45_7_fu_487  |    0    |    0    |    0    |
|----------|----------------------|---------|---------|---------|
|bitconcatenate|     tmp_3_fu_420     |    0    |    0    |    0    |
|----------|----------------------|---------|---------|---------|
|partselect|    trunc_ln_fu_515   |    0    |    0    |    0    |
|----------|----------------------|---------|---------|---------|
|   Total  |                      |    8    |    0    |   201   |
|----------|----------------------|---------|---------|---------|

Memories:
N/A

* Register list:
+-------------------------------------+--------+
|                                     |   FF   |
+-------------------------------------+--------+
|         add_ln45_11_reg_817         |   29   |
|         add_ln45_13_reg_822         |   29   |
|         add_ln45_15_reg_732         |    6   |
|           coeff_10_reg_752          |   15   |
|           coeff_11_reg_757          |   15   |
|           coeff_8_reg_742           |   15   |
|           coeff_9_reg_747           |   15   |
|            coeff_reg_737            |   14   |
|       col_inbuf_1_addr_reg_702      |    3   |
|       col_inbuf_2_addr_reg_707      |    3   |
|       col_inbuf_2_load_reg_782      |   16   |
|       col_inbuf_3_addr_reg_712      |    3   |
|       col_inbuf_4_addr_reg_637      |    3   |
|       col_inbuf_4_load_reg_717      |   16   |
|       col_inbuf_5_addr_reg_642      |    3   |
|       col_inbuf_6_addr_reg_647      |    3   |
|       col_inbuf_7_addr_reg_616      |    3   |
|        col_inbuf_addr_reg_697       |    3   |
|        col_inbuf_load_reg_772       |   16   |
|dct_1d_dct_coeff_table_0_addr_reg_657|    3   |
|dct_1d_dct_coeff_table_1_addr_reg_662|    3   |
|dct_1d_dct_coeff_table_2_addr_reg_667|    3   |
|dct_1d_dct_coeff_table_3_addr_reg_672|    3   |
|dct_1d_dct_coeff_table_4_addr_reg_677|    3   |
|dct_1d_dct_coeff_table_5_addr_reg_682|    3   |
|dct_1d_dct_coeff_table_6_addr_reg_687|    3   |
|dct_1d_dct_coeff_table_7_addr_reg_632|    3   |
|              i_reg_577              |    4   |
|          icmp_ln69_reg_591          |    1   |
|        indvar_flatten_reg_584       |    7   |
|              k_reg_570              |    4   |
|         mul_ln45_11_reg_802         |   29   |
|         mul_ln45_13_reg_812         |   29   |
|          mul_ln45_9_reg_807         |   29   |
|         select_ln54_reg_595         |    4   |
|         sext_ln45_10_reg_762        |   29   |
|         sext_ln45_11_reg_767        |   29   |
|         sext_ln45_12_reg_692        |   29   |
|         sext_ln45_8_reg_797         |   29   |
|          sext_ln45_reg_792          |   29   |
|         sext_ln54_10_reg_787        |   29   |
|         sext_ln54_12_reg_722        |   29   |
|         sext_ln54_13_reg_727        |   29   |
|         sext_ln54_14_reg_652        |   29   |
|         sext_ln54_8_reg_777         |   29   |
|          trunc_ln45_reg_600         |    3   |
|           trunc_ln_reg_827          |   16   |
|          zext_ln39_reg_621          |   64   |
|          zext_ln54_reg_605          |   64   |
+-------------------------------------+--------+
|                Total                |   778  |
+-------------------------------------+--------+

* Multiplexer (MUX) list: 
|-------------------|------|------|------|--------||---------||---------|
|        Comp       |  Pin | Size |  BW  | S x BW ||  Delay  ||   LUT   |
|-------------------|------|------|------|--------||---------||---------|
|  grp_access_fu_99 |  p0  |   2  |   3  |    6   ||    9    |
| grp_access_fu_112 |  p0  |   2  |   3  |    6   ||    9    |
| grp_access_fu_125 |  p0  |   2  |   3  |    6   ||    9    |
| grp_access_fu_138 |  p0  |   2  |   3  |    6   ||    9    |
| grp_access_fu_151 |  p0  |   2  |   3  |    6   ||    9    |
| grp_access_fu_164 |  p0  |   2  |   3  |    6   ||    9    |
| grp_access_fu_177 |  p0  |   2  |   3  |    6   ||    9    |
| grp_access_fu_190 |  p0  |   2  |   3  |    6   ||    9    |
| grp_access_fu_203 |  p0  |   2  |   3  |    6   ||    9    |
| grp_access_fu_216 |  p0  |   2  |   3  |    6   ||    9    |
| grp_access_fu_229 |  p0  |   2  |   3  |    6   ||    9    |
| grp_access_fu_242 |  p0  |   2  |   3  |    6   ||    9    |
| grp_access_fu_255 |  p0  |   2  |   3  |    6   ||    9    |
| grp_access_fu_268 |  p0  |   2  |   3  |    6   ||    9    |
| grp_access_fu_281 |  p0  |   2  |   3  |    6   ||    9    |
| grp_access_fu_294 |  p0  |   2  |   3  |    6   ||    9    |
|     grp_fu_529    |  p0  |   2  |  16  |   32   ||    9    |
|     grp_fu_529    |  p1  |   2  |  15  |   30   ||    9    |
|     grp_fu_537    |  p0  |   3  |  16  |   48   ||    14   |
|     grp_fu_537    |  p1  |   2  |  15  |   30   ||    9    |
|     grp_fu_546    |  p0  |   3  |  16  |   48   ||    14   |
|     grp_fu_546    |  p1  |   2  |  15  |   30   ||    9    |
|     grp_fu_554    |  p0  |   3  |  16  |   48   ||    14   |
|     grp_fu_554    |  p1  |   2  |  15  |   30   ||    9    |
|     grp_fu_562    |  p0  |   3  |  16  |   48   ||    14   |
|     grp_fu_562    |  p1  |   2  |  15  |   30   ||    9    |
|-------------------|------|------|------|--------||---------||---------|
|       Total       |      |      |      |   470  || 41.7652 ||   254   |
|-------------------|------|------|------|--------||---------||---------|



* Summary:
+-----------+--------+--------+--------+--------+
|           |   DSP  |  Delay |   FF   |   LUT  |
+-----------+--------+--------+--------+--------+
|  Function |    8   |    -   |    0   |   201  |
|   Memory  |    -   |    -   |    -   |    -   |
|Multiplexer|    -   |   41   |    -   |   254  |
|  Register |    -   |    -   |   778  |    -   |
+-----------+--------+--------+--------+--------+
|   Total   |    8   |   41   |   778  |   455  |
+-----------+--------+--------+--------+--------+
