==============================================================
Vitis HLS - High-Level Synthesis from C, C++ and OpenCL v2023.1 (64-bit)
Tool Version Limit: 2023.05
Copyright 1986-2022 Xilinx, Inc. All Rights Reserved.
Copyright 2022-2023 Advanced Micro Devices, Inc. All Rights Reserved.

==============================================================
INFO: [SYN 201-201] Setting up clock 'default' with a period of 10ns.
INFO: [HLS 200-1611] Setting target device to 'xc7z020-clg484-1'
INFO: [HLS 200-1505] Using flow_target 'vivado'
INFO: [HLS 200-1464] Running solution command: config_cosim -tool=xsim
INFO: [HLS 200-1464] Running solution command: config_export -format=ip_catalog
INFO: [HLS 200-1464] Running solution command: config_export -rtl=verilog
INFO: [HLS 200-1510] Running: set_part xc7z020clg484-1 
INFO: [HLS 200-1510] Running: create_clock -period 10 -name default 
INFO: [HLS 200-1510] Running: config_cosim -tool xsim 
INFO: [HLS 200-1510] Running: config_export -format ip_catalog -rtl verilog 
INFO: [HLS 200-1510] Running: source ./fir/iz_solution1/directives.tcl
INFO: [HLS 200-1510] Running: set_directive_top -name fir fir 
INFO: [HLS 200-1510] Running: set_directive_interface -mode s_axilite -bundle fir_io fir 
INFO: [HLS 200-1510] Running: csim_design -setup -quiet 
INFO: [SIM 211-2] *************** CSIM start ***************
INFO: [SIM 211-4] CSIM will launch GCC as the compiler.
INFO: [HLS 200-2036] Building debug C Simulation binaries
ERROR: [SIM 211-100] CSim file generation failed: compilation error(s).
INFO: [SIM 211-3] *************** CSIM finish ***************
INFO: [HLS 200-111] Finished Command csim_design CPU user time: 1 seconds. CPU system time: 0 seconds. Elapsed time: 7.235 seconds; current allocated memory: 0.348 MB.
==============================================================
Vitis HLS - High-Level Synthesis from C, C++ and OpenCL v2023.1 (64-bit)
Tool Version Limit: 2023.05
Copyright 1986-2022 Xilinx, Inc. All Rights Reserved.
Copyright 2022-2023 Advanced Micro Devices, Inc. All Rights Reserved.

==============================================================
INFO: [SYN 201-201] Setting up clock 'default' with a period of 10ns.
INFO: [HLS 200-1611] Setting target device to 'xc7z020-clg484-1'
INFO: [HLS 200-1505] Using flow_target 'vivado'
INFO: [HLS 200-1464] Running solution command: config_cosim -tool=xsim
INFO: [HLS 200-1464] Running solution command: config_export -format=ip_catalog
INFO: [HLS 200-1464] Running solution command: config_export -rtl=verilog
INFO: [HLS 200-1510] Running: set_part xc7z020clg484-1 
INFO: [HLS 200-1510] Running: create_clock -period 10 -name default 
INFO: [HLS 200-1510] Running: config_cosim -tool xsim 
INFO: [HLS 200-1510] Running: config_export -format ip_catalog -rtl verilog 
INFO: [HLS 200-1510] Running: source ./fir/iz_solution1/directives.tcl
INFO: [HLS 200-1510] Running: set_directive_top -name fir fir 
INFO: [HLS 200-1510] Running: set_directive_interface -mode s_axilite -bundle fir_io fir 
INFO: [HLS 200-1510] Running: csim_design -clean -setup -quiet 
INFO: [SIM 211-2] *************** CSIM start ***************
INFO: [SIM 211-4] CSIM will launch GCC as the compiler.
INFO: [HLS 200-2036] Building debug C Simulation binaries
ERROR: [SIM 211-100] CSim file generation failed: compilation error(s).
INFO: [SIM 211-3] *************** CSIM finish ***************
INFO: [HLS 200-111] Finished Command csim_design CPU user time: 0 seconds. CPU system time: 1 seconds. Elapsed time: 7.126 seconds; current allocated memory: 0.379 MB.
==============================================================
Vitis HLS - High-Level Synthesis from C, C++ and OpenCL v2023.1 (64-bit)
Tool Version Limit: 2023.05
Copyright 1986-2022 Xilinx, Inc. All Rights Reserved.
Copyright 2022-2023 Advanced Micro Devices, Inc. All Rights Reserved.

==============================================================
INFO: [SYN 201-201] Setting up clock 'default' with a period of 10ns.
INFO: [HLS 200-1611] Setting target device to 'xc7z020-clg484-1'
INFO: [HLS 200-1505] Using flow_target 'vivado'
INFO: [HLS 200-1464] Running solution command: config_cosim -tool=xsim
INFO: [HLS 200-1464] Running solution command: config_export -format=ip_catalog
INFO: [HLS 200-1464] Running solution command: config_export -rtl=verilog
INFO: [HLS 200-1510] Running: set_part xc7z020clg484-1 
INFO: [HLS 200-1510] Running: create_clock -period 10 -name default 
INFO: [HLS 200-1510] Running: config_cosim -tool xsim 
INFO: [HLS 200-1510] Running: config_export -format ip_catalog -rtl verilog 
INFO: [HLS 200-1510] Running: source ./fir/iz_solution1/directives.tcl
INFO: [HLS 200-1510] Running: set_directive_top -name fir fir 
INFO: [HLS 200-1510] Running: set_directive_interface -mode s_axilite -bundle fir_io fir 
INFO: [HLS 200-1510] Running: csim_design -clean -setup -quiet 
INFO: [SIM 211-2] *************** CSIM start ***************
INFO: [SIM 211-4] CSIM will launch GCC as the compiler.
INFO: [HLS 200-2036] Building debug C Simulation binaries
ERROR: [SIM 211-100] CSim file generation failed: compilation error(s).
INFO: [SIM 211-3] *************** CSIM finish ***************
INFO: [HLS 200-111] Finished Command csim_design CPU user time: 0 seconds. CPU system time: 1 seconds. Elapsed time: 6.91 seconds; current allocated memory: 0.293 MB.
==============================================================
Vitis HLS - High-Level Synthesis from C, C++ and OpenCL v2023.1 (64-bit)
Tool Version Limit: 2023.05
Copyright 1986-2022 Xilinx, Inc. All Rights Reserved.
Copyright 2022-2023 Advanced Micro Devices, Inc. All Rights Reserved.

==============================================================
INFO: [SYN 201-201] Setting up clock 'default' with a period of 10ns.
INFO: [HLS 200-1611] Setting target device to 'xc7z020-clg484-1'
INFO: [HLS 200-1505] Using flow_target 'vivado'
INFO: [HLS 200-1464] Running solution command: config_cosim -tool=xsim
INFO: [HLS 200-1464] Running solution command: config_export -format=ip_catalog
INFO: [HLS 200-1464] Running solution command: config_export -rtl=verilog
INFO: [HLS 200-1510] Running: set_part xc7z020clg484-1 
INFO: [HLS 200-1510] Running: create_clock -period 10 -name default 
INFO: [HLS 200-1510] Running: config_cosim -tool xsim 
INFO: [HLS 200-1510] Running: config_export -format ip_catalog -rtl verilog 
INFO: [HLS 200-1510] Running: source ./fir/iz_solution1/directives.tcl
INFO: [HLS 200-1510] Running: set_directive_top -name fir fir 
INFO: [HLS 200-1510] Running: set_directive_interface -mode s_axilite -bundle fir_io fir 
INFO: [HLS 200-1510] Running: csim_design -clean -setup -quiet 
INFO: [SIM 211-2] *************** CSIM start ***************
INFO: [SIM 211-4] CSIM will launch GCC as the compiler.
INFO: [HLS 200-2036] Building debug C Simulation binaries
ERROR: [SIM 211-100] CSim file generation failed: compilation error(s).
INFO: [SIM 211-3] *************** CSIM finish ***************
INFO: [HLS 200-111] Finished Command csim_design CPU user time: 1 seconds. CPU system time: 0 seconds. Elapsed time: 7.36 seconds; current allocated memory: 0.293 MB.
==============================================================
Vitis HLS - High-Level Synthesis from C, C++ and OpenCL v2023.1 (64-bit)
Tool Version Limit: 2023.05
Copyright 1986-2022 Xilinx, Inc. All Rights Reserved.
Copyright 2022-2023 Advanced Micro Devices, Inc. All Rights Reserved.

==============================================================
INFO: [SYN 201-201] Setting up clock 'default' with a period of 10ns.
INFO: [HLS 200-1611] Setting target device to 'xc7z020-clg484-1'
INFO: [HLS 200-1505] Using flow_target 'vivado'
INFO: [HLS 200-1464] Running solution command: config_cosim -tool=xsim
INFO: [HLS 200-1464] Running solution command: config_export -format=ip_catalog
INFO: [HLS 200-1464] Running solution command: config_export -rtl=verilog
INFO: [HLS 200-1510] Running: set_part xc7z020clg484-1 
INFO: [HLS 200-1510] Running: create_clock -period 10 -name default 
INFO: [HLS 200-1510] Running: config_cosim -tool xsim 
INFO: [HLS 200-1510] Running: config_export -format ip_catalog -rtl verilog 
INFO: [HLS 200-1510] Running: source ./fir/iz_solution1/directives.tcl
INFO: [HLS 200-1510] Running: set_directive_top -name fir fir 
INFO: [HLS 200-1510] Running: set_directive_interface -mode s_axilite -bundle fir_io fir 
INFO: [HLS 200-1510] Running: csim_design -clean -setup -quiet 
INFO: [SIM 211-2] *************** CSIM start ***************
INFO: [SIM 211-4] CSIM will launch GCC as the compiler.
INFO: [HLS 200-2036] Building debug C Simulation binaries
ERROR: [SIM 211-100] CSim file generation failed: compilation error(s).
INFO: [SIM 211-3] *************** CSIM finish ***************
INFO: [HLS 200-111] Finished Command csim_design CPU user time: 1 seconds. CPU system time: 0 seconds. Elapsed time: 7.803 seconds; current allocated memory: 0.391 MB.
==============================================================
Vitis HLS - High-Level Synthesis from C, C++ and OpenCL v2023.1 (64-bit)
Tool Version Limit: 2023.05
Copyright 1986-2022 Xilinx, Inc. All Rights Reserved.
Copyright 2022-2023 Advanced Micro Devices, Inc. All Rights Reserved.

==============================================================
INFO: [SYN 201-201] Setting up clock 'default' with a period of 10ns.
INFO: [HLS 200-1611] Setting target device to 'xc7z020-clg484-1'
INFO: [HLS 200-1505] Using flow_target 'vivado'
INFO: [HLS 200-1464] Running solution command: config_cosim -tool=xsim
INFO: [HLS 200-1464] Running solution command: config_export -format=ip_catalog
INFO: [HLS 200-1464] Running solution command: config_export -rtl=verilog
INFO: [HLS 200-1510] Running: set_part xc7z020clg484-1 
INFO: [HLS 200-1510] Running: create_clock -period 10 -name default 
INFO: [HLS 200-1510] Running: config_cosim -tool xsim 
INFO: [HLS 200-1510] Running: config_export -format ip_catalog -rtl verilog 
INFO: [HLS 200-1510] Running: source ./fir/iz_solution1/directives.tcl
INFO: [HLS 200-1510] Running: set_directive_top -name fir fir 
INFO: [HLS 200-1510] Running: set_directive_interface -mode s_axilite -bundle fir_io fir 
INFO: [HLS 200-1510] Running: csim_design -clean -setup -quiet 
INFO: [SIM 211-2] *************** CSIM start ***************
INFO: [SIM 211-4] CSIM will launch GCC as the compiler.
INFO: [HLS 200-2036] Building debug C Simulation binaries
ERROR: [SIM 211-100] CSim file generation failed: compilation error(s).
INFO: [SIM 211-3] *************** CSIM finish ***************
INFO: [HLS 200-111] Finished Command csim_design CPU user time: 1 seconds. CPU system time: 1 seconds. Elapsed time: 7.31 seconds; current allocated memory: 0.371 MB.
==============================================================
Vitis HLS - High-Level Synthesis from C, C++ and OpenCL v2023.1 (64-bit)
Tool Version Limit: 2023.05
Copyright 1986-2022 Xilinx, Inc. All Rights Reserved.
Copyright 2022-2023 Advanced Micro Devices, Inc. All Rights Reserved.

==============================================================
INFO: [SYN 201-201] Setting up clock 'default' with a period of 10ns.
INFO: [HLS 200-1611] Setting target device to 'xc7z020-clg484-1'
INFO: [HLS 200-1505] Using flow_target 'vivado'
INFO: [HLS 200-1464] Running solution command: config_cosim -tool=xsim
INFO: [HLS 200-1464] Running solution command: config_export -format=ip_catalog
INFO: [HLS 200-1464] Running solution command: config_export -rtl=verilog
INFO: [HLS 200-1510] Running: set_part xc7z020clg484-1 
INFO: [HLS 200-1510] Running: create_clock -period 10 -name default 
INFO: [HLS 200-1510] Running: config_cosim -tool xsim 
INFO: [HLS 200-1510] Running: config_export -format ip_catalog -rtl verilog 
INFO: [HLS 200-1510] Running: source ./fir/iz_solution1/directives.tcl
INFO: [HLS 200-1510] Running: set_directive_top -name fir fir 
INFO: [HLS 200-1510] Running: set_directive_interface -mode s_axilite -bundle fir_io fir 
INFO: [HLS 200-1510] Running: csim_design -clean -setup -quiet 
INFO: [SIM 211-2] *************** CSIM start ***************
INFO: [SIM 211-4] CSIM will launch GCC as the compiler.
INFO: [HLS 200-2036] Building debug C Simulation binaries
ERROR: [SIM 211-100] CSim file generation failed: compilation error(s).
INFO: [SIM 211-3] *************** CSIM finish ***************
INFO: [HLS 200-111] Finished Command csim_design CPU user time: 1 seconds. CPU system time: 0 seconds. Elapsed time: 6.805 seconds; current allocated memory: 0.312 MB.
==============================================================
Vitis HLS - High-Level Synthesis from C, C++ and OpenCL v2023.1 (64-bit)
Tool Version Limit: 2023.05
Copyright 1986-2022 Xilinx, Inc. All Rights Reserved.
Copyright 2022-2023 Advanced Micro Devices, Inc. All Rights Reserved.

==============================================================
INFO: [SYN 201-201] Setting up clock 'default' with a period of 10ns.
INFO: [HLS 200-1611] Setting target device to 'xc7z020-clg484-1'
INFO: [HLS 200-1505] Using flow_target 'vivado'
INFO: [HLS 200-1464] Running solution command: config_cosim -tool=xsim
INFO: [HLS 200-1464] Running solution command: config_export -format=ip_catalog
INFO: [HLS 200-1464] Running solution command: config_export -rtl=verilog
INFO: [HLS 200-1510] Running: set_part xc7z020clg484-1 
INFO: [HLS 200-1510] Running: create_clock -period 10 -name default 
INFO: [HLS 200-1510] Running: config_cosim -tool xsim 
INFO: [HLS 200-1510] Running: config_export -format ip_catalog -rtl verilog 
INFO: [HLS 200-1510] Running: source ./fir/iz_solution1/directives.tcl
INFO: [HLS 200-1510] Running: set_directive_top -name fir fir 
INFO: [HLS 200-1510] Running: set_directive_interface -mode s_axilite -bundle fir_io fir 
INFO: [HLS 200-1510] Running: csim_design -clean -setup -quiet 
INFO: [SIM 211-2] *************** CSIM start ***************
INFO: [SIM 211-4] CSIM will launch GCC as the compiler.
INFO: [HLS 200-2036] Building debug C Simulation binaries
INFO: [HLS 200-2035] Skipping execution of C Simulation due to 'setup' option
INFO: [SIM 211-1] CSim file generation done with 0 errors.
INFO: [SIM 211-3] *************** CSIM finish ***************
INFO: [HLS 200-111] Finished Command csim_design CPU user time: 0 seconds. CPU system time: 0 seconds. Elapsed time: 7.972 seconds; current allocated memory: 0.293 MB.
==============================================================
Vitis HLS - High-Level Synthesis from C, C++ and OpenCL v2023.1 (64-bit)
Tool Version Limit: 2023.05
Copyright 1986-2022 Xilinx, Inc. All Rights Reserved.
Copyright 2022-2023 Advanced Micro Devices, Inc. All Rights Reserved.

==============================================================
INFO: [SYN 201-201] Setting up clock 'default' with a period of 10ns.
INFO: [HLS 200-1611] Setting target device to 'xc7z020-clg484-1'
INFO: [HLS 200-1505] Using flow_target 'vivado'
INFO: [HLS 200-1464] Running solution command: config_cosim -tool=xsim
INFO: [HLS 200-1464] Running solution command: config_export -format=ip_catalog
INFO: [HLS 200-1464] Running solution command: config_export -rtl=verilog
INFO: [HLS 200-1510] Running: set_part xc7z020clg484-1 
INFO: [HLS 200-1510] Running: create_clock -period 10 -name default 
INFO: [HLS 200-1510] Running: config_cosim -tool xsim 
INFO: [HLS 200-1510] Running: config_export -format ip_catalog -rtl verilog 
INFO: [HLS 200-1510] Running: source ./fir/iz_solution1/directives.tcl
INFO: [HLS 200-1510] Running: set_directive_top -name fir fir 
INFO: [HLS 200-1510] Running: set_directive_interface -mode s_axilite -bundle fir_io fir 
INFO: [HLS 200-1510] Running: csim_design -clean -setup -quiet 
INFO: [SIM 211-2] *************** CSIM start ***************
INFO: [SIM 211-4] CSIM will launch GCC as the compiler.
INFO: [HLS 200-2036] Building debug C Simulation binaries
ERROR: [SIM 211-100] CSim file generation failed: compilation error(s).
INFO: [SIM 211-3] *************** CSIM finish ***************
INFO: [HLS 200-111] Finished Command csim_design CPU user time: 1 seconds. CPU system time: 0 seconds. Elapsed time: 3.988 seconds; current allocated memory: 0.289 MB.
==============================================================
Vitis HLS - High-Level Synthesis from C, C++ and OpenCL v2023.1 (64-bit)
Tool Version Limit: 2023.05
Copyright 1986-2022 Xilinx, Inc. All Rights Reserved.
Copyright 2022-2023 Advanced Micro Devices, Inc. All Rights Reserved.

==============================================================
INFO: [SYN 201-201] Setting up clock 'default' with a period of 10ns.
INFO: [HLS 200-1611] Setting target device to 'xc7z020-clg484-1'
INFO: [HLS 200-1505] Using flow_target 'vivado'
INFO: [HLS 200-1464] Running solution command: config_cosim -tool=xsim
INFO: [HLS 200-1464] Running solution command: config_export -format=ip_catalog
INFO: [HLS 200-1464] Running solution command: config_export -rtl=verilog
INFO: [HLS 200-1510] Running: set_part xc7z020clg484-1 
INFO: [HLS 200-1510] Running: create_clock -period 10 -name default 
INFO: [HLS 200-1510] Running: config_cosim -tool xsim 
INFO: [HLS 200-1510] Running: config_export -format ip_catalog -rtl verilog 
INFO: [HLS 200-1510] Running: source ./fir/iz_solution1/directives.tcl
INFO: [HLS 200-1510] Running: set_directive_top -name fir fir 
INFO: [HLS 200-1510] Running: set_directive_interface -mode s_axilite -bundle fir_io fir 
INFO: [HLS 200-1510] Running: csim_design -clean -setup -quiet 
INFO: [SIM 211-2] *************** CSIM start ***************
INFO: [SIM 211-4] CSIM will launch GCC as the compiler.
INFO: [HLS 200-2036] Building debug C Simulation binaries
ERROR: [SIM 211-100] CSim file generation failed: compilation error(s).
INFO: [SIM 211-3] *************** CSIM finish ***************
INFO: [HLS 200-111] Finished Command csim_design CPU user time: 1 seconds. CPU system time: 0 seconds. Elapsed time: 7.577 seconds; current allocated memory: 0.359 MB.
==============================================================
Vitis HLS - High-Level Synthesis from C, C++ and OpenCL v2023.1 (64-bit)
Tool Version Limit: 2023.05
Copyright 1986-2022 Xilinx, Inc. All Rights Reserved.
Copyright 2022-2023 Advanced Micro Devices, Inc. All Rights Reserved.

==============================================================
INFO: [SYN 201-201] Setting up clock 'default' with a period of 10ns.
INFO: [HLS 200-1611] Setting target device to 'xc7z020-clg484-1'
INFO: [HLS 200-1505] Using flow_target 'vivado'
INFO: [HLS 200-1464] Running solution command: config_cosim -tool=xsim
INFO: [HLS 200-1464] Running solution command: config_export -format=ip_catalog
INFO: [HLS 200-1464] Running solution command: config_export -rtl=verilog
INFO: [HLS 200-1510] Running: set_part xc7z020clg484-1 
INFO: [HLS 200-1510] Running: create_clock -period 10 -name default 
INFO: [HLS 200-1510] Running: config_cosim -tool xsim 
INFO: [HLS 200-1510] Running: config_export -format ip_catalog -rtl verilog 
INFO: [HLS 200-1510] Running: source ./fir/iz_solution1/directives.tcl
INFO: [HLS 200-1510] Running: set_directive_top -name fir fir 
INFO: [HLS 200-1510] Running: set_directive_interface -mode s_axilite -bundle fir_io fir 
INFO: [HLS 200-1510] Running: csim_design -clean -setup -quiet 
INFO: [SIM 211-2] *************** CSIM start ***************
INFO: [SIM 211-4] CSIM will launch GCC as the compiler.
INFO: [HLS 200-2036] Building debug C Simulation binaries
INFO: [HLS 200-2035] Skipping execution of C Simulation due to 'setup' option
INFO: [SIM 211-1] CSim file generation done with 0 errors.
INFO: [SIM 211-3] *************** CSIM finish ***************
INFO: [HLS 200-111] Finished Command csim_design CPU user time: 1 seconds. CPU system time: 1 seconds. Elapsed time: 6.184 seconds; current allocated memory: 0.371 MB.
==============================================================
Vitis HLS - High-Level Synthesis from C, C++ and OpenCL v2023.1 (64-bit)
Tool Version Limit: 2023.05
Copyright 1986-2022 Xilinx, Inc. All Rights Reserved.
Copyright 2022-2023 Advanced Micro Devices, Inc. All Rights Reserved.

==============================================================
INFO: [SYN 201-201] Setting up clock 'default' with a period of 10ns.
INFO: [HLS 200-1611] Setting target device to 'xc7z020-clg484-1'
INFO: [HLS 200-1505] Using flow_target 'vivado'
INFO: [HLS 200-1464] Running solution command: config_cosim -tool=xsim
INFO: [HLS 200-1464] Running solution command: config_export -format=ip_catalog
INFO: [HLS 200-1464] Running solution command: config_export -rtl=verilog
INFO: [HLS 200-1510] Running: set_part xc7z020clg484-1 
INFO: [HLS 200-1510] Running: create_clock -period 10 -name default 
INFO: [HLS 200-1510] Running: config_cosim -tool xsim 
INFO: [HLS 200-1510] Running: config_export -format ip_catalog -rtl verilog 
INFO: [HLS 200-1510] Running: source ./fir/iz_solution1/directives.tcl
INFO: [HLS 200-1510] Running: set_directive_top -name fir fir 
INFO: [HLS 200-1510] Running: set_directive_interface -mode s_axilite -bundle fir_io fir 
INFO: [HLS 200-1510] Running: csim_design -clean -setup -quiet 
INFO: [SIM 211-2] *************** CSIM start ***************
INFO: [SIM 211-4] CSIM will launch GCC as the compiler.
INFO: [HLS 200-2036] Building debug C Simulation binaries
ERROR: [SIM 211-100] CSim file generation failed: compilation error(s).
INFO: [SIM 211-3] *************** CSIM finish ***************
INFO: [HLS 200-111] Finished Command csim_design CPU user time: 1 seconds. CPU system time: 0 seconds. Elapsed time: 3.866 seconds; current allocated memory: 0.508 MB.
==============================================================
Vitis HLS - High-Level Synthesis from C, C++ and OpenCL v2023.1 (64-bit)
Tool Version Limit: 2023.05
Copyright 1986-2022 Xilinx, Inc. All Rights Reserved.
Copyright 2022-2023 Advanced Micro Devices, Inc. All Rights Reserved.

==============================================================
INFO: [SYN 201-201] Setting up clock 'default' with a period of 10ns.
INFO: [HLS 200-1611] Setting target device to 'xc7z020-clg484-1'
INFO: [HLS 200-1505] Using flow_target 'vivado'
INFO: [HLS 200-1464] Running solution command: config_cosim -tool=xsim
INFO: [HLS 200-1464] Running solution command: config_export -format=ip_catalog
INFO: [HLS 200-1464] Running solution command: config_export -rtl=verilog
INFO: [HLS 200-1510] Running: set_part xc7z020clg484-1 
INFO: [HLS 200-1510] Running: create_clock -period 10 -name default 
INFO: [HLS 200-1510] Running: config_cosim -tool xsim 
INFO: [HLS 200-1510] Running: config_export -format ip_catalog -rtl verilog 
INFO: [HLS 200-1510] Running: source ./fir/iz_solution1/directives.tcl
INFO: [HLS 200-1510] Running: set_directive_top -name fir fir 
INFO: [HLS 200-1510] Running: set_directive_interface -mode s_axilite -bundle fir_io fir 
INFO: [HLS 200-1510] Running: csim_design -clean -setup -quiet 
INFO: [SIM 211-2] *************** CSIM start ***************
INFO: [SIM 211-4] CSIM will launch GCC as the compiler.
INFO: [HLS 200-2036] Building debug C Simulation binaries
INFO: [HLS 200-2035] Skipping execution of C Simulation due to 'setup' option
INFO: [SIM 211-1] CSim file generation done with 0 errors.
INFO: [SIM 211-3] *************** CSIM finish ***************
INFO: [HLS 200-111] Finished Command csim_design CPU user time: 1 seconds. CPU system time: 0 seconds. Elapsed time: 6.969 seconds; current allocated memory: 0.305 MB.
==============================================================
Vitis HLS - High-Level Synthesis from C, C++ and OpenCL v2023.1 (64-bit)
Tool Version Limit: 2023.05
Copyright 1986-2022 Xilinx, Inc. All Rights Reserved.
Copyright 2022-2023 Advanced Micro Devices, Inc. All Rights Reserved.

==============================================================
INFO: [SYN 201-201] Setting up clock 'default' with a period of 10ns.
INFO: [HLS 200-1611] Setting target device to 'xc7z020-clg484-1'
INFO: [HLS 200-1505] Using flow_target 'vivado'
INFO: [HLS 200-1464] Running solution command: config_cosim -tool=xsim
INFO: [HLS 200-1464] Running solution command: config_export -format=ip_catalog
INFO: [HLS 200-1464] Running solution command: config_export -rtl=verilog
INFO: [HLS 200-1510] Running: set_part xc7z020clg484-1 
INFO: [HLS 200-1510] Running: create_clock -period 10 -name default 
INFO: [HLS 200-1510] Running: config_cosim -tool xsim 
INFO: [HLS 200-1510] Running: config_export -format ip_catalog -rtl verilog 
INFO: [HLS 200-1510] Running: source ./fir/iz_solution1/directives.tcl
INFO: [HLS 200-1510] Running: set_directive_top -name fir fir 
INFO: [HLS 200-1510] Running: set_directive_interface -mode s_axilite -bundle fir_io fir 
INFO: [HLS 200-1510] Running: csim_design -quiet 
INFO: [SIM 211-2] *************** CSIM start ***************
INFO: [SIM 211-4] CSIM will launch GCC as the compiler.
INFO: [HLS 200-2036] Building debug C Simulation binaries
INFO: [SIM 211-1] CSim done with 0 errors.
INFO: [SIM 211-3] *************** CSIM finish ***************
INFO: [HLS 200-111] Finished Command csim_design CPU user time: 0 seconds. CPU system time: 1 seconds. Elapsed time: 7.954 seconds; current allocated memory: 0.492 MB.
==============================================================
Vitis HLS - High-Level Synthesis from C, C++ and OpenCL v2023.1 (64-bit)
Tool Version Limit: 2023.05
Copyright 1986-2022 Xilinx, Inc. All Rights Reserved.
Copyright 2022-2023 Advanced Micro Devices, Inc. All Rights Reserved.

==============================================================
INFO: [SYN 201-201] Setting up clock 'default' with a period of 10ns.
INFO: [HLS 200-1611] Setting target device to 'xc7z020-clg484-1'
INFO: [HLS 200-1505] Using flow_target 'vivado'
INFO: [HLS 200-1464] Running solution command: config_cosim -tool=xsim
INFO: [HLS 200-1464] Running solution command: config_export -format=ip_catalog
INFO: [HLS 200-1464] Running solution command: config_export -rtl=verilog
INFO: [HLS 200-1510] Running: set_part xc7z020clg484-1 
INFO: [HLS 200-1510] Running: create_clock -period 10 -name default 
INFO: [HLS 200-1510] Running: config_cosim -tool xsim 
INFO: [HLS 200-1510] Running: config_export -format ip_catalog -rtl verilog 
INFO: [HLS 200-1510] Running: source ./fir/iz_solution1/directives.tcl
INFO: [HLS 200-1510] Running: set_directive_top -name fir fir 
INFO: [HLS 200-1510] Running: set_directive_interface -mode s_axilite -bundle fir_io fir 
INFO: [HLS 200-1510] Running: csynth_design 
WARNING: [HLS 200-40] Skipped source file 'fir_coef.dat'. Source files must have extensions .c, .C, .cc, .cpp, .c++, .cp, or .cxx.
WARNING: [HLS 200-40] Skipped source file 'fir_coef_2.dat'. Source files must have extensions .c, .C, .cc, .cpp, .c++, .cp, or .cxx.
INFO: [HLS 200-111] Finished File checks and directory preparation: CPU user time: 0 seconds. CPU system time: 0 seconds. Elapsed time: 0.092 seconds; current allocated memory: 533.430 MB.
INFO: [HLS 200-10] Analyzing design file '../xup_high_level_synthesis_design_flow-main/source/lab4/fir.cpp' ... 
WARNING: [HLS 207-943] This header file cannot be used in a C++ design. C-synthesis will fail.  (F:/Xilinx/Vitis/Vitis_HLS/2023.1/common/technology/autopilot\legacy/ap_cint.h:14:2)
ERROR: [HLS 207-812] 'fir_coef_2.dat' file not found (../xup_high_level_synthesis_design_flow-main/source/lab4/fir.cpp:17:14)
INFO: [HLS 200-111] Finished Command csynth_design CPU user time: 0 seconds. CPU system time: 0 seconds. Elapsed time: 1.134 seconds; current allocated memory: 0.578 MB.
==============================================================
Vitis HLS - High-Level Synthesis from C, C++ and OpenCL v2023.1 (64-bit)
Tool Version Limit: 2023.05
Copyright 1986-2022 Xilinx, Inc. All Rights Reserved.
Copyright 2022-2023 Advanced Micro Devices, Inc. All Rights Reserved.

==============================================================
INFO: [SYN 201-201] Setting up clock 'default' with a period of 10ns.
INFO: [HLS 200-1611] Setting target device to 'xc7z020-clg484-1'
INFO: [HLS 200-1505] Using flow_target 'vivado'
INFO: [HLS 200-1464] Running solution command: config_cosim -tool=xsim
INFO: [HLS 200-1464] Running solution command: config_export -format=ip_catalog
INFO: [HLS 200-1464] Running solution command: config_export -rtl=verilog
INFO: [HLS 200-1510] Running: set_part xc7z020clg484-1 
INFO: [HLS 200-1510] Running: create_clock -period 10 -name default 
INFO: [HLS 200-1510] Running: config_cosim -tool xsim 
INFO: [HLS 200-1510] Running: config_export -format ip_catalog -rtl verilog 
INFO: [HLS 200-1510] Running: source ./fir/iz_solution1/directives.tcl
INFO: [HLS 200-1510] Running: set_directive_top -name fir fir 
INFO: [HLS 200-1510] Running: set_directive_interface -mode s_axilite -bundle fir_io fir 
INFO: [HLS 200-1510] Running: csynth_design 
WARNING: [HLS 200-40] Skipped source file 'fir_coef.dat'. Source files must have extensions .c, .C, .cc, .cpp, .c++, .cp, or .cxx.
WARNING: [HLS 200-40] Cannot find source file fir_coef_2.dat; skipping it.
INFO: [HLS 200-111] Finished File checks and directory preparation: CPU user time: 1 seconds. CPU system time: 1 seconds. Elapsed time: 0.084 seconds; current allocated memory: 533.602 MB.
INFO: [HLS 200-10] Analyzing design file '../xup_high_level_synthesis_design_flow-main/source/lab4/fir.cpp' ... 
WARNING: [HLS 207-943] This header file cannot be used in a C++ design. C-synthesis will fail.  (F:/Xilinx/Vitis/Vitis_HLS/2023.1/common/technology/autopilot\legacy/ap_cint.h:14:2)
INFO: [HLS 200-111] Finished Source Code Analysis and Preprocessing: CPU user time: 0 seconds. CPU system time: 0 seconds. Elapsed time: 1.746 seconds; current allocated memory: 535.164 MB.
INFO: [HLS 200-777] Using interface defaults for 'Vivado' flow target.
WARNING: [HLS 214-167] The program may have out of bound array access (../xup_high_level_synthesis_design_flow-main/source/lab4/fir.cpp:28:37)
INFO: [HLS 200-111] Finished Compiling Optimization and Transform: CPU user time: 0 seconds. CPU system time: 0 seconds. Elapsed time: 3.184 seconds; current allocated memory: 536.348 MB.
INFO: [HLS 200-111] Finished Checking Pragmas: CPU user time: 0 seconds. CPU system time: 0 seconds. Elapsed time: 0.002 seconds; current allocated memory: 536.348 MB.
INFO: [HLS 200-10] Starting code transformations ...
INFO: [HLS 200-111] Finished Standard Transforms: CPU user time: 0 seconds. CPU system time: 0 seconds. Elapsed time: 0.316 seconds; current allocated memory: 541.535 MB.
INFO: [HLS 200-10] Checking synthesizability ...
INFO: [HLS 200-111] Finished Checking Synthesizability: CPU user time: 0 seconds. CPU system time: 0 seconds. Elapsed time: 0.042 seconds; current allocated memory: 542.992 MB.
INFO: [XFORM 203-510] Pipelining loop 'loop' (../xup_high_level_synthesis_design_flow-main/source/lab4/fir.cpp:27) in function 'fir' automatically.
INFO: [HLS 200-111] Finished Loop, function and other optimizations: CPU user time: 0 seconds. CPU system time: 0 seconds. Elapsed time: 0.112 seconds; current allocated memory: 564.391 MB.
INFO: [HLS 200-111] Finished Architecture Synthesis: CPU user time: 0 seconds. CPU system time: 0 seconds. Elapsed time: 0.213 seconds; current allocated memory: 567.273 MB.
INFO: [HLS 200-10] Starting hardware synthesis ...
INFO: [HLS 200-10] Synthesizing 'fir' ...
INFO: [HLS 200-10] ----------------------------------------------------------------
INFO: [HLS 200-42] -- Implementing module 'fir_Pipeline_loop' 
INFO: [HLS 200-10] ----------------------------------------------------------------
INFO: [SCHED 204-11] Starting scheduling ...
INFO: [HLS 200-486] Changing DSP latency (root=mul_ln28) to 3 in order to utilize available DSP registers.
INFO: [SCHED 204-61] Pipelining loop 'loop'.
INFO: [HLS 200-1470] Pipelining result : Target II = NA, Final II = 1, Depth = 5, loop 'loop'
INFO: [SCHED 204-11] Finished scheduling.
INFO: [HLS 200-111] Finished Scheduling: CPU user time: 0 seconds. CPU system time: 0 seconds. Elapsed time: 0.343 seconds; current allocated memory: 571.500 MB.
INFO: [BIND 205-100] Starting micro-architecture generation ...
INFO: [BIND 205-101] Performing variable lifetime analysis.
INFO: [BIND 205-101] Exploring resource sharing.
INFO: [BIND 205-101] Binding ...
INFO: [BIND 205-100] Finished micro-architecture generation.
INFO: [HLS 200-111] Finished Binding: CPU user time: 0 seconds. CPU system time: 0 seconds. Elapsed time: 0.098 seconds; current allocated memory: 572.758 MB.
INFO: [HLS 200-10] ----------------------------------------------------------------
INFO: [HLS 200-42] -- Implementing module 'fir' 
INFO: [HLS 200-10] ----------------------------------------------------------------
INFO: [SCHED 204-11] Starting scheduling ...
INFO: [HLS 200-486] Changing DSP latency (root=mul_ln31) to 3 in order to utilize available DSP registers.
INFO: [SCHED 204-11] Finished scheduling.
INFO: [HLS 200-111] Finished Scheduling: CPU user time: 0 seconds. CPU system time: 0 seconds. Elapsed time: 0.109 seconds; current allocated memory: 573.328 MB.
INFO: [BIND 205-100] Starting micro-architecture generation ...
INFO: [BIND 205-101] Performing variable lifetime analysis.
INFO: [BIND 205-101] Exploring resource sharing.
INFO: [BIND 205-101] Binding ...
INFO: [BIND 205-100] Finished micro-architecture generation.
INFO: [HLS 200-111] Finished Binding: CPU user time: 0 seconds. CPU system time: 0 seconds. Elapsed time: 0.085 seconds; current allocated memory: 573.395 MB.
INFO: [HLS 200-10] ----------------------------------------------------------------
INFO: [HLS 200-10] -- Generating RTL for module 'fir_Pipeline_loop' 
INFO: [HLS 200-10] ----------------------------------------------------------------
WARNING: [HLS 200-2049] Adding the rewind optimization to the pipelined process 'loop' with inout ports inside a dataflow region can result in the creation of loop-carried dependencies and errors. Use caution when adding the rewind optimization to such loops.
INFO: [HLS 200-1030] Apply Unified Pipeline Control on module 'fir_Pipeline_loop' pipeline 'loop' pipeline type 'loop pipeline'
INFO: [RTGEN 206-100] Generating core module 'mac_muladd_16s_16s_37s_37_4_1': 1 instance(s).
INFO: [RTGEN 206-100] Finished creating RTL model for 'fir_Pipeline_loop'.
INFO: [RTMG 210-279] Implementing memory 'fir_fir_Pipeline_loop_c1_ROM_AUTO_1R' using auto ROMs.
INFO: [RTMG 210-279] Implementing memory 'fir_fir_Pipeline_loop_c2_ROM_AUTO_1R' using auto ROMs.
INFO: [HLS 200-111] Finished Creating RTL model: CPU user time: 0 seconds. CPU system time: 0 seconds. Elapsed time: 0.158 seconds; current allocated memory: 575.793 MB.
INFO: [HLS 200-10] ----------------------------------------------------------------
INFO: [HLS 200-10] -- Generating RTL for module 'fir' 
INFO: [HLS 200-10] ----------------------------------------------------------------
WARNING: [RTGEN 206-101] Design contains AXI ports. Reset is fixed to synchronous and active low.
INFO: [RTGEN 206-500] Setting interface mode on port 'fir/y' to 's_axilite & ap_vld'.
INFO: [RTGEN 206-500] Setting interface mode on port 'fir/x' to 's_axilite & ap_none'.
INFO: [RTGEN 206-500] Setting interface mode on port 'fir/switch_var' to 'ap_none'.
INFO: [RTGEN 206-500] Setting interface mode on function 'fir' to 's_axilite & ap_ctrl_hs'.
INFO: [RTGEN 206-100] Bundling port 'y', 'x' and 'return' to AXI-Lite port fir_io.
INFO: [RTGEN 206-100] Generating core module 'mac_muladd_10s_16s_31s_31_4_1': 1 instance(s).
INFO: [RTGEN 206-100] Generating core module 'mul_16s_10s_25_1_1': 1 instance(s).
INFO: [RTGEN 206-100] Finished creating RTL model for 'fir'.
INFO: [RTMG 210-278] Implementing memory 'fir_shift_reg_RAM_AUTO_1R1W' using auto RAMs.
INFO: [HLS 200-111] Finished Creating RTL model: CPU user time: 0 seconds. CPU system time: 0 seconds. Elapsed time: 0.264 seconds; current allocated memory: 577.883 MB.
INFO: [HLS 200-111] Finished Generating all RTL models: CPU user time: 0 seconds. CPU system time: 0 seconds. Elapsed time: 0.578 seconds; current allocated memory: 582.418 MB.
INFO: [HLS 200-111] Finished Updating report files: CPU user time: 0 seconds. CPU system time: 0 seconds. Elapsed time: 0.515 seconds; current allocated memory: 589.270 MB.
INFO: [VHDL 208-304] Generating VHDL RTL for fir.
INFO: [VLOG 209-307] Generating Verilog RTL for fir.
INFO: [HLS 200-790] **** Loop Constraint Status: All loop constraints were satisfied.
INFO: [HLS 200-789] **** Estimated Fmax: 179.21 MHz
INFO: [HLS 200-111] Finished Command csynth_design CPU user time: 1 seconds. CPU system time: 1 seconds. Elapsed time: 7.932 seconds; current allocated memory: 55.887 MB.
==============================================================
Vitis HLS - High-Level Synthesis from C, C++ and OpenCL v2023.1 (64-bit)
Tool Version Limit: 2023.05
Copyright 1986-2022 Xilinx, Inc. All Rights Reserved.
Copyright 2022-2023 Advanced Micro Devices, Inc. All Rights Reserved.

==============================================================
INFO: [SYN 201-201] Setting up clock 'default' with a period of 10ns.
INFO: [HLS 200-1611] Setting target device to 'xc7z020-clg484-1'
INFO: [HLS 200-1505] Using flow_target 'vivado'
INFO: [HLS 200-1464] Running solution command: config_cosim -tool=xsim
INFO: [HLS 200-1464] Running solution command: config_export -format=ip_catalog
INFO: [HLS 200-1464] Running solution command: config_export -rtl=verilog
INFO: [HLS 200-1510] Running: set_part xc7z020clg484-1 
INFO: [HLS 200-1510] Running: create_clock -period 10 -name default 
INFO: [HLS 200-1510] Running: config_cosim -tool xsim 
INFO: [HLS 200-1510] Running: config_export -format ip_catalog -rtl verilog 
INFO: [HLS 200-1510] Running: source ./fir/iz_solution1/directives.tcl
INFO: [HLS 200-1510] Running: set_directive_top -name fir fir 
INFO: [HLS 200-1510] Running: set_directive_interface -mode s_axilite -bundle fir_io fir 
INFO: [HLS 200-1510] Running: cosim_design 
INFO: [COSIM 212-47] Using XSIM for RTL simulation.
INFO: [COSIM 212-14] Instrumenting C test bench ...
INFO: [COSIM 212-302] Starting C TB testing ... 
INFO: [COSIM 212-333] Generating C post check test bench ...
INFO: [COSIM 212-12] Generating RTL test bench ...
INFO: [COSIM 212-1] *** C/RTL co-simulation file generation completed. ***
INFO: [COSIM 212-323] Starting verilog simulation. 
INFO: [COSIM 212-15] Starting XSIM ...
INFO: [COSIM 212-316] Starting C post checking ...
INFO: [COSIM 212-1000] *** C/RTL co-simulation finished: PASS ***
INFO: [HLS 200-111] Finished Command cosim_design CPU user time: 0 seconds. CPU system time: 1 seconds. Elapsed time: 29.499 seconds; current allocated memory: 7.312 MB.
==============================================================
Vitis HLS - High-Level Synthesis from C, C++ and OpenCL v2023.1 (64-bit)
Tool Version Limit: 2023.05
Copyright 1986-2022 Xilinx, Inc. All Rights Reserved.
Copyright 2022-2023 Advanced Micro Devices, Inc. All Rights Reserved.

==============================================================
INFO: [SYN 201-201] Setting up clock 'default' with a period of 10ns.
INFO: [HLS 200-1611] Setting target device to 'xc7z020-clg484-1'
INFO: [HLS 200-1505] Using flow_target 'vivado'
INFO: [HLS 200-1464] Running solution command: config_cosim -tool=xsim
INFO: [HLS 200-1464] Running solution command: config_export -format=ip_catalog
INFO: [HLS 200-1464] Running solution command: config_export -rtl=verilog
INFO: [HLS 200-1510] Running: set_part xc7z020clg484-1 
INFO: [HLS 200-1510] Running: create_clock -period 10 -name default 
INFO: [HLS 200-1510] Running: config_cosim -tool xsim 
INFO: [HLS 200-1510] Running: config_export -format ip_catalog -rtl verilog 
INFO: [HLS 200-1510] Running: source ./fir/iz_solution1/directives.tcl
INFO: [HLS 200-1510] Running: set_directive_top -name fir fir 
INFO: [HLS 200-1510] Running: set_directive_interface -mode s_axilite -bundle fir_io fir 
INFO: [HLS 200-1510] Running: set_directive_interface -mode s_axilite -bundle fir_io fir switch_var 
INFO: [HLS 200-1510] Running: csynth_design 
WARNING: [HLS 200-40] Skipped source file 'fir_coef.dat'. Source files must have extensions .c, .C, .cc, .cpp, .c++, .cp, or .cxx.
WARNING: [HLS 200-40] Cannot find source file fir_coef_2.dat; skipping it.
INFO: [HLS 200-111] Finished File checks and directory preparation: CPU user time: 0 seconds. CPU system time: 0 seconds. Elapsed time: 0.095 seconds; current allocated memory: 533.109 MB.
INFO: [HLS 200-10] Analyzing design file '../xup_high_level_synthesis_design_flow-main/source/lab4/fir.cpp' ... 
WARNING: [HLS 207-943] This header file cannot be used in a C++ design. C-synthesis will fail.  (F:/Xilinx/Vitis/Vitis_HLS/2023.1/common/technology/autopilot\legacy/ap_cint.h:14:2)
INFO: [HLS 200-111] Finished Source Code Analysis and Preprocessing: CPU user time: 0 seconds. CPU system time: 0 seconds. Elapsed time: 0.781 seconds; current allocated memory: 534.656 MB.
INFO: [HLS 200-777] Using interface defaults for 'Vivado' flow target.
WARNING: [HLS 214-167] The program may have out of bound array access (../xup_high_level_synthesis_design_flow-main/source/lab4/fir.cpp:28:37)
INFO: [HLS 200-111] Finished Compiling Optimization and Transform: CPU user time: 0 seconds. CPU system time: 1 seconds. Elapsed time: 2.001 seconds; current allocated memory: 536.391 MB.
INFO: [HLS 200-111] Finished Checking Pragmas: CPU user time: 0 seconds. CPU system time: 0 seconds. Elapsed time: 0.002 seconds; current allocated memory: 536.645 MB.
INFO: [HLS 200-10] Starting code transformations ...
INFO: [HLS 200-111] Finished Standard Transforms: CPU user time: 0 seconds. CPU system time: 0 seconds. Elapsed time: 0.019 seconds; current allocated memory: 541.836 MB.
INFO: [HLS 200-10] Checking synthesizability ...
INFO: [HLS 200-111] Finished Checking Synthesizability: CPU user time: 0 seconds. CPU system time: 0 seconds. Elapsed time: 0.019 seconds; current allocated memory: 542.941 MB.
INFO: [XFORM 203-510] Pipelining loop 'loop' (../xup_high_level_synthesis_design_flow-main/source/lab4/fir.cpp:27) in function 'fir' automatically.
INFO: [HLS 200-111] Finished Loop, function and other optimizations: CPU user time: 0 seconds. CPU system time: 0 seconds. Elapsed time: 0.039 seconds; current allocated memory: 564.316 MB.
INFO: [HLS 200-111] Finished Architecture Synthesis: CPU user time: 0 seconds. CPU system time: 0 seconds. Elapsed time: 0.026 seconds; current allocated memory: 566.582 MB.
INFO: [HLS 200-10] Starting hardware synthesis ...
INFO: [HLS 200-10] Synthesizing 'fir' ...
INFO: [HLS 200-10] ----------------------------------------------------------------
INFO: [HLS 200-42] -- Implementing module 'fir_Pipeline_loop' 
INFO: [HLS 200-10] ----------------------------------------------------------------
INFO: [SCHED 204-11] Starting scheduling ...
INFO: [HLS 200-486] Changing DSP latency (root=mul_ln28) to 3 in order to utilize available DSP registers.
INFO: [SCHED 204-61] Pipelining loop 'loop'.
INFO: [HLS 200-1470] Pipelining result : Target II = NA, Final II = 1, Depth = 5, loop 'loop'
INFO: [SCHED 204-11] Finished scheduling.
INFO: [HLS 200-111] Finished Scheduling: CPU user time: 0 seconds. CPU system time: 0 seconds. Elapsed time: 0.151 seconds; current allocated memory: 571.117 MB.
INFO: [BIND 205-100] Starting micro-architecture generation ...
INFO: [BIND 205-101] Performing variable lifetime analysis.
INFO: [BIND 205-101] Exploring resource sharing.
INFO: [BIND 205-101] Binding ...
INFO: [BIND 205-100] Finished micro-architecture generation.
INFO: [HLS 200-111] Finished Binding: CPU user time: 0 seconds. CPU system time: 0 seconds. Elapsed time: 0.075 seconds; current allocated memory: 572.438 MB.
INFO: [HLS 200-10] ----------------------------------------------------------------
INFO: [HLS 200-42] -- Implementing module 'fir' 
INFO: [HLS 200-10] ----------------------------------------------------------------
INFO: [SCHED 204-11] Starting scheduling ...
INFO: [HLS 200-486] Changing DSP latency (root=mul_ln31) to 3 in order to utilize available DSP registers.
INFO: [SCHED 204-11] Finished scheduling.
INFO: [HLS 200-111] Finished Scheduling: CPU user time: 0 seconds. CPU system time: 0 seconds. Elapsed time: 0.114 seconds; current allocated memory: 572.992 MB.
INFO: [BIND 205-100] Starting micro-architecture generation ...
INFO: [BIND 205-101] Performing variable lifetime analysis.
INFO: [BIND 205-101] Exploring resource sharing.
INFO: [BIND 205-101] Binding ...
INFO: [BIND 205-100] Finished micro-architecture generation.
INFO: [HLS 200-111] Finished Binding: CPU user time: 0 seconds. CPU system time: 0 seconds. Elapsed time: 0.085 seconds; current allocated memory: 573.301 MB.
INFO: [HLS 200-10] ----------------------------------------------------------------
INFO: [HLS 200-10] -- Generating RTL for module 'fir_Pipeline_loop' 
INFO: [HLS 200-10] ----------------------------------------------------------------
WARNING: [HLS 200-2049] Adding the rewind optimization to the pipelined process 'loop' with inout ports inside a dataflow region can result in the creation of loop-carried dependencies and errors. Use caution when adding the rewind optimization to such loops.
INFO: [HLS 200-1030] Apply Unified Pipeline Control on module 'fir_Pipeline_loop' pipeline 'loop' pipeline type 'loop pipeline'
INFO: [RTGEN 206-100] Generating core module 'mac_muladd_16s_16s_37s_37_4_1': 1 instance(s).
INFO: [RTGEN 206-100] Finished creating RTL model for 'fir_Pipeline_loop'.
INFO: [RTMG 210-279] Implementing memory 'fir_fir_Pipeline_loop_c1_ROM_AUTO_1R' using auto ROMs.
INFO: [RTMG 210-279] Implementing memory 'fir_fir_Pipeline_loop_c2_ROM_AUTO_1R' using auto ROMs.
INFO: [HLS 200-111] Finished Creating RTL model: CPU user time: 0 seconds. CPU system time: 0 seconds. Elapsed time: 0.096 seconds; current allocated memory: 575.617 MB.
INFO: [HLS 200-10] ----------------------------------------------------------------
INFO: [HLS 200-10] -- Generating RTL for module 'fir' 
INFO: [HLS 200-10] ----------------------------------------------------------------
WARNING: [RTGEN 206-101] Design contains AXI ports. Reset is fixed to synchronous and active low.
INFO: [RTGEN 206-500] Setting interface mode on port 'fir/y' to 's_axilite & ap_vld'.
INFO: [RTGEN 206-500] Setting interface mode on port 'fir/x' to 's_axilite & ap_none'.
INFO: [RTGEN 206-500] Setting interface mode on port 'fir/switch_var' to 's_axilite & ap_none'.
INFO: [RTGEN 206-500] Setting interface mode on function 'fir' to 's_axilite & ap_ctrl_hs'.
INFO: [RTGEN 206-100] Bundling port 'y', 'x', 'switch_var' to AXI-Lite port fir_io.
INFO: [RTGEN 206-100] Generating core module 'mac_muladd_10s_16s_31s_31_4_1': 1 instance(s).
INFO: [RTGEN 206-100] Generating core module 'mul_16s_10s_25_1_1': 1 instance(s).
INFO: [RTGEN 206-100] Finished creating RTL model for 'fir'.
INFO: [RTMG 210-278] Implementing memory 'fir_shift_reg_RAM_AUTO_1R1W' using auto RAMs.
INFO: [HLS 200-111] Finished Creating RTL model: CPU user time: 0 seconds. CPU system time: 0 seconds. Elapsed time: 0.27 seconds; current allocated memory: 577.809 MB.
INFO: [HLS 200-111] Finished Generating all RTL models: CPU user time: 0 seconds. CPU system time: 0 seconds. Elapsed time: 0.431 seconds; current allocated memory: 582.289 MB.
INFO: [HLS 200-111] Finished Updating report files: CPU user time: 1 seconds. CPU system time: 0 seconds. Elapsed time: 0.491 seconds; current allocated memory: 589.406 MB.
INFO: [VHDL 208-304] Generating VHDL RTL for fir.
INFO: [VLOG 209-307] Generating Verilog RTL for fir.
INFO: [HLS 200-790] **** Loop Constraint Status: All loop constraints were satisfied.
INFO: [HLS 200-789] **** Estimated Fmax: 179.21 MHz
INFO: [HLS 200-111] Finished Command csynth_design CPU user time: 1 seconds. CPU system time: 1 seconds. Elapsed time: 4.775 seconds; current allocated memory: 56.457 MB.
==============================================================
Vitis HLS - High-Level Synthesis from C, C++ and OpenCL v2023.1 (64-bit)
Tool Version Limit: 2023.05
Copyright 1986-2022 Xilinx, Inc. All Rights Reserved.
Copyright 2022-2023 Advanced Micro Devices, Inc. All Rights Reserved.

==============================================================
INFO: [SYN 201-201] Setting up clock 'default' with a period of 10ns.
INFO: [HLS 200-1611] Setting target device to 'xc7z020-clg484-1'
INFO: [HLS 200-1505] Using flow_target 'vivado'
INFO: [HLS 200-1464] Running solution command: config_cosim -tool=xsim
INFO: [HLS 200-1464] Running solution command: config_export -format=ip_catalog
INFO: [HLS 200-1464] Running solution command: config_export -rtl=verilog
INFO: [HLS 200-1510] Running: set_part xc7z020clg484-1 
INFO: [HLS 200-1510] Running: create_clock -period 10 -name default 
INFO: [HLS 200-1510] Running: config_cosim -tool xsim 
INFO: [HLS 200-1510] Running: config_export -format ip_catalog -rtl verilog 
INFO: [HLS 200-1510] Running: source ./fir/iz_solution1/directives.tcl
INFO: [HLS 200-1510] Running: set_directive_top -name fir fir 
INFO: [HLS 200-1510] Running: set_directive_interface -mode s_axilite -bundle fir_io fir 
INFO: [HLS 200-1510] Running: set_directive_interface -mode s_axilite -bundle fir_io fir switch_var 
INFO: [HLS 200-1510] Running: export_design -rtl verilog -format ip_catalog 
INFO: [IMPL 213-8] Exporting RTL as a Vivado IP.
INFO: [HLS 200-802] Generated output file fir/iz_solution1/impl/export.zip
INFO: [HLS 200-111] Finished Command export_design CPU user time: 1 seconds. CPU system time: 0 seconds. Elapsed time: 13.597 seconds; current allocated memory: 6.957 MB.
==============================================================
Vitis HLS - High-Level Synthesis from C, C++ and OpenCL v2023.1 (64-bit)
Tool Version Limit: 2023.05
Copyright 1986-2022 Xilinx, Inc. All Rights Reserved.
Copyright 2022-2023 Advanced Micro Devices, Inc. All Rights Reserved.

==============================================================
INFO: [SYN 201-201] Setting up clock 'default' with a period of 10ns.
INFO: [HLS 200-1611] Setting target device to 'xc7z020-clg484-1'
INFO: [HLS 200-1505] Using flow_target 'vivado'
INFO: [HLS 200-1464] Running solution command: config_cosim -tool=xsim
INFO: [HLS 200-1464] Running solution command: config_export -format=ip_catalog
INFO: [HLS 200-1464] Running solution command: config_export -rtl=verilog
INFO: [HLS 200-1510] Running: set_part xc7z020clg484-1 
INFO: [HLS 200-1510] Running: create_clock -period 10 -name default 
INFO: [HLS 200-1510] Running: config_cosim -tool xsim 
INFO: [HLS 200-1510] Running: config_export -format ip_catalog -rtl verilog 
INFO: [HLS 200-1510] Running: source ./fir/iz_solution1/directives.tcl
INFO: [HLS 200-1510] Running: set_directive_top -name fir fir 
INFO: [HLS 200-1510] Running: set_directive_interface -mode s_axilite -bundle fir_io fir 
INFO: [HLS 200-1510] Running: set_directive_interface -mode s_axilite -bundle fir_io fir switch_var 
INFO: [HLS 200-1510] Running: csynth_design 
WARNING: [HLS 200-40] Skipped source file 'fir_coef.dat'. Source files must have extensions .c, .C, .cc, .cpp, .c++, .cp, or .cxx.
WARNING: [HLS 200-40] Cannot find source file fir_coef_2.dat; skipping it.
INFO: [HLS 200-111] Finished File checks and directory preparation: CPU user time: 0 seconds. CPU system time: 0 seconds. Elapsed time: 0.09 seconds; current allocated memory: 533.371 MB.
INFO: [HLS 200-10] Analyzing design file '../xup_high_level_synthesis_design_flow-main/source/lab4/fir.cpp' ... 
WARNING: [HLS 207-943] This header file cannot be used in a C++ design. C-synthesis will fail.  (F:/Xilinx/Vitis/Vitis_HLS/2023.1/common/technology/autopilot\legacy/ap_cint.h:14:2)
INFO: [HLS 200-111] Finished Source Code Analysis and Preprocessing: CPU user time: 0 seconds. CPU system time: 0 seconds. Elapsed time: 0.746 seconds; current allocated memory: 534.742 MB.
INFO: [HLS 200-777] Using interface defaults for 'Vivado' flow target.
WARNING: [HLS 214-167] The program may have out of bound array access (../xup_high_level_synthesis_design_flow-main/source/lab4/fir.cpp:28:37)
INFO: [HLS 200-111] Finished Compiling Optimization and Transform: CPU user time: 0 seconds. CPU system time: 0 seconds. Elapsed time: 2.004 seconds; current allocated memory: 536.344 MB.
INFO: [HLS 200-111] Finished Checking Pragmas: CPU user time: 0 seconds. CPU system time: 0 seconds. Elapsed time: 0.002 seconds; current allocated memory: 536.344 MB.
INFO: [HLS 200-10] Starting code transformations ...
INFO: [HLS 200-111] Finished Standard Transforms: CPU user time: 0 seconds. CPU system time: 0 seconds. Elapsed time: 0.018 seconds; current allocated memory: 541.598 MB.
INFO: [HLS 200-10] Checking synthesizability ...
INFO: [HLS 200-111] Finished Checking Synthesizability: CPU user time: 0 seconds. CPU system time: 0 seconds. Elapsed time: 0.015 seconds; current allocated memory: 542.715 MB.
INFO: [XFORM 203-510] Pipelining loop 'loop' (../xup_high_level_synthesis_design_flow-main/source/lab4/fir.cpp:27) in function 'fir' automatically.
INFO: [HLS 200-111] Finished Loop, function and other optimizations: CPU user time: 1 seconds. CPU system time: 0 seconds. Elapsed time: 0.048 seconds; current allocated memory: 563.996 MB.
INFO: [HLS 200-111] Finished Architecture Synthesis: CPU user time: 0 seconds. CPU system time: 0 seconds. Elapsed time: 0.032 seconds; current allocated memory: 567.129 MB.
INFO: [HLS 200-10] Starting hardware synthesis ...
INFO: [HLS 200-10] Synthesizing 'fir' ...
INFO: [HLS 200-10] ----------------------------------------------------------------
INFO: [HLS 200-42] -- Implementing module 'fir_Pipeline_loop' 
INFO: [HLS 200-10] ----------------------------------------------------------------
INFO: [SCHED 204-11] Starting scheduling ...
INFO: [HLS 200-486] Changing DSP latency (root=mul_ln28) to 3 in order to utilize available DSP registers.
INFO: [SCHED 204-61] Pipelining loop 'loop'.
INFO: [HLS 200-1470] Pipelining result : Target II = NA, Final II = 1, Depth = 5, loop 'loop'
INFO: [SCHED 204-11] Finished scheduling.
INFO: [HLS 200-111] Finished Scheduling: CPU user time: 0 seconds. CPU system time: 0 seconds. Elapsed time: 0.178 seconds; current allocated memory: 571.348 MB.
INFO: [BIND 205-100] Starting micro-architecture generation ...
INFO: [BIND 205-101] Performing variable lifetime analysis.
INFO: [BIND 205-101] Exploring resource sharing.
INFO: [BIND 205-101] Binding ...
INFO: [BIND 205-100] Finished micro-architecture generation.
INFO: [HLS 200-111] Finished Binding: CPU user time: 0 seconds. CPU system time: 0 seconds. Elapsed time: 0.075 seconds; current allocated memory: 572.559 MB.
INFO: [HLS 200-10] ----------------------------------------------------------------
INFO: [HLS 200-42] -- Implementing module 'fir' 
INFO: [HLS 200-10] ----------------------------------------------------------------
INFO: [SCHED 204-11] Starting scheduling ...
INFO: [HLS 200-486] Changing DSP latency (root=mul_ln31) to 3 in order to utilize available DSP registers.
INFO: [SCHED 204-11] Finished scheduling.
INFO: [HLS 200-111] Finished Scheduling: CPU user time: 0 seconds. CPU system time: 0 seconds. Elapsed time: 0.085 seconds; current allocated memory: 573.207 MB.
INFO: [BIND 205-100] Starting micro-architecture generation ...
INFO: [BIND 205-101] Performing variable lifetime analysis.
INFO: [BIND 205-101] Exploring resource sharing.
INFO: [BIND 205-101] Binding ...
INFO: [BIND 205-100] Finished micro-architecture generation.
INFO: [HLS 200-111] Finished Binding: CPU user time: 0 seconds. CPU system time: 0 seconds. Elapsed time: 0.082 seconds; current allocated memory: 573.312 MB.
INFO: [HLS 200-10] ----------------------------------------------------------------
INFO: [HLS 200-10] -- Generating RTL for module 'fir_Pipeline_loop' 
INFO: [HLS 200-10] ----------------------------------------------------------------
WARNING: [HLS 200-2049] Adding the rewind optimization to the pipelined process 'loop' with inout ports inside a dataflow region can result in the creation of loop-carried dependencies and errors. Use caution when adding the rewind optimization to such loops.
INFO: [HLS 200-1030] Apply Unified Pipeline Control on module 'fir_Pipeline_loop' pipeline 'loop' pipeline type 'loop pipeline'
INFO: [RTGEN 206-100] Generating core module 'mac_muladd_16s_16s_37s_37_4_1': 1 instance(s).
INFO: [RTGEN 206-100] Finished creating RTL model for 'fir_Pipeline_loop'.
INFO: [RTMG 210-279] Implementing memory 'fir_fir_Pipeline_loop_c1_ROM_AUTO_1R' using auto ROMs.
INFO: [RTMG 210-279] Implementing memory 'fir_fir_Pipeline_loop_c2_ROM_AUTO_1R' using auto ROMs.
INFO: [HLS 200-111] Finished Creating RTL model: CPU user time: 0 seconds. CPU system time: 0 seconds. Elapsed time: 0.088 seconds; current allocated memory: 575.816 MB.
INFO: [HLS 200-10] ----------------------------------------------------------------
INFO: [HLS 200-10] -- Generating RTL for module 'fir' 
INFO: [HLS 200-10] ----------------------------------------------------------------
WARNING: [RTGEN 206-101] Design contains AXI ports. Reset is fixed to synchronous and active low.
INFO: [RTGEN 206-500] Setting interface mode on port 'fir/y' to 's_axilite & ap_vld'.
INFO: [RTGEN 206-500] Setting interface mode on port 'fir/x' to 's_axilite & ap_none'.
INFO: [RTGEN 206-500] Setting interface mode on port 'fir/switch_var' to 's_axilite & ap_none'.
INFO: [RTGEN 206-500] Setting interface mode on function 'fir' to 's_axilite & ap_ctrl_hs'.
INFO: [RTGEN 206-100] Bundling port 'y', 'x', 'switch_var' to AXI-Lite port fir_io.
INFO: [RTGEN 206-100] Generating core module 'mac_muladd_10s_16s_31s_31_4_1': 1 instance(s).
INFO: [RTGEN 206-100] Generating core module 'mul_16s_10s_25_1_1': 1 instance(s).
INFO: [RTGEN 206-100] Finished creating RTL model for 'fir'.
INFO: [RTMG 210-278] Implementing memory 'fir_shift_reg_RAM_AUTO_1R1W' using auto RAMs.
INFO: [HLS 200-111] Finished Creating RTL model: CPU user time: 0 seconds. CPU system time: 0 seconds. Elapsed time: 0.208 seconds; current allocated memory: 577.871 MB.
INFO: [HLS 200-111] Finished Generating all RTL models: CPU user time: 0 seconds. CPU system time: 0 seconds. Elapsed time: 0.416 seconds; current allocated memory: 582.508 MB.
INFO: [HLS 200-111] Finished Updating report files: CPU user time: 0 seconds. CPU system time: 0 seconds. Elapsed time: 0.461 seconds; current allocated memory: 589.191 MB.
INFO: [VHDL 208-304] Generating VHDL RTL for fir.
INFO: [VLOG 209-307] Generating Verilog RTL for fir.
INFO: [HLS 200-790] **** Loop Constraint Status: All loop constraints were satisfied.
INFO: [HLS 200-789] **** Estimated Fmax: 179.21 MHz
INFO: [HLS 200-111] Finished Command csynth_design CPU user time: 1 seconds. CPU system time: 0 seconds. Elapsed time: 4.633 seconds; current allocated memory: 55.945 MB.
==============================================================
Vitis HLS - High-Level Synthesis from C, C++ and OpenCL v2023.1 (64-bit)
Tool Version Limit: 2023.05
Copyright 1986-2022 Xilinx, Inc. All Rights Reserved.
Copyright 2022-2023 Advanced Micro Devices, Inc. All Rights Reserved.

==============================================================
INFO: [SYN 201-201] Setting up clock 'default' with a period of 10ns.
INFO: [HLS 200-1611] Setting target device to 'xc7z020-clg484-1'
INFO: [HLS 200-1505] Using flow_target 'vivado'
INFO: [HLS 200-1464] Running solution command: config_cosim -tool=xsim
INFO: [HLS 200-1464] Running solution command: config_export -format=ip_catalog
INFO: [HLS 200-1464] Running solution command: config_export -rtl=verilog
INFO: [HLS 200-1510] Running: set_part xc7z020clg484-1 
INFO: [HLS 200-1510] Running: create_clock -period 10 -name default 
INFO: [HLS 200-1510] Running: config_cosim -tool xsim 
INFO: [HLS 200-1510] Running: config_export -format ip_catalog -rtl verilog 
INFO: [HLS 200-1510] Running: source ./fir/iz_solution1/directives.tcl
INFO: [HLS 200-1510] Running: set_directive_top -name fir fir 
INFO: [HLS 200-1510] Running: set_directive_interface -mode s_axilite -bundle fir_io fir 
INFO: [HLS 200-1510] Running: set_directive_interface -mode s_axilite -bundle fir_io fir switch_var 
INFO: [HLS 200-1510] Running: csim_design -quiet 
INFO: [SIM 211-2] *************** CSIM start ***************
INFO: [SIM 211-4] CSIM will launch GCC as the compiler.
INFO: [HLS 200-2036] Building debug C Simulation binaries
INFO: [SIM 211-1] CSim done with 0 errors.
INFO: [SIM 211-3] *************** CSIM finish ***************
INFO: [HLS 200-111] Finished Command csim_design CPU user time: 1 seconds. CPU system time: 0 seconds. Elapsed time: 9.257 seconds; current allocated memory: 0.516 MB.
==============================================================
Vitis HLS - High-Level Synthesis from C, C++ and OpenCL v2023.1 (64-bit)
Tool Version Limit: 2023.05
Copyright 1986-2022 Xilinx, Inc. All Rights Reserved.
Copyright 2022-2023 Advanced Micro Devices, Inc. All Rights Reserved.

==============================================================
INFO: [SYN 201-201] Setting up clock 'default' with a period of 10ns.
INFO: [HLS 200-1611] Setting target device to 'xc7z020-clg484-1'
INFO: [HLS 200-1505] Using flow_target 'vivado'
INFO: [HLS 200-1464] Running solution command: config_cosim -tool=xsim
INFO: [HLS 200-1464] Running solution command: config_export -format=ip_catalog
INFO: [HLS 200-1464] Running solution command: config_export -rtl=verilog
INFO: [HLS 200-1510] Running: set_part xc7z020clg484-1 
INFO: [HLS 200-1510] Running: create_clock -period 10 -name default 
INFO: [HLS 200-1510] Running: config_cosim -tool xsim 
INFO: [HLS 200-1510] Running: config_export -format ip_catalog -rtl verilog 
INFO: [HLS 200-1510] Running: source ./fir/iz_solution1/directives.tcl
INFO: [HLS 200-1510] Running: set_directive_top -name fir fir 
INFO: [HLS 200-1510] Running: set_directive_interface -mode s_axilite -bundle fir_io fir 
INFO: [HLS 200-1510] Running: set_directive_interface -mode s_axilite -bundle fir_io fir switch_var 
INFO: [HLS 200-1510] Running: csynth_design 
WARNING: [HLS 200-40] Skipped source file 'fir_coef.dat'. Source files must have extensions .c, .C, .cc, .cpp, .c++, .cp, or .cxx.
WARNING: [HLS 200-40] Cannot find source file fir_coef_2.dat; skipping it.
INFO: [HLS 200-111] Finished File checks and directory preparation: CPU user time: 0 seconds. CPU system time: 0 seconds. Elapsed time: 0.089 seconds; current allocated memory: 533.785 MB.
INFO: [HLS 200-10] Analyzing design file '../xup_high_level_synthesis_design_flow-main/source/lab4/fir.cpp' ... 
WARNING: [HLS 207-943] This header file cannot be used in a C++ design. C-synthesis will fail.  (F:/Xilinx/Vitis/Vitis_HLS/2023.1/common/technology/autopilot\legacy/ap_cint.h:14:2)
INFO: [HLS 200-111] Finished Source Code Analysis and Preprocessing: CPU user time: 1 seconds. CPU system time: 0 seconds. Elapsed time: 0.776 seconds; current allocated memory: 535.023 MB.
INFO: [HLS 200-777] Using interface defaults for 'Vivado' flow target.
WARNING: [HLS 214-167] The program may have out of bound array access (../xup_high_level_synthesis_design_flow-main/source/lab4/fir.cpp:28:37)
INFO: [HLS 200-111] Finished Compiling Optimization and Transform: CPU user time: 0 seconds. CPU system time: 0 seconds. Elapsed time: 2.077 seconds; current allocated memory: 536.477 MB.
INFO: [HLS 200-111] Finished Checking Pragmas: CPU user time: 0 seconds. CPU system time: 0 seconds. Elapsed time: 0.003 seconds; current allocated memory: 536.477 MB.
INFO: [HLS 200-10] Starting code transformations ...
INFO: [HLS 200-111] Finished Standard Transforms: CPU user time: 0 seconds. CPU system time: 0 seconds. Elapsed time: 0.02 seconds; current allocated memory: 541.594 MB.
INFO: [HLS 200-10] Checking synthesizability ...
INFO: [HLS 200-111] Finished Checking Synthesizability: CPU user time: 0 seconds. CPU system time: 0 seconds. Elapsed time: 0.018 seconds; current allocated memory: 542.988 MB.
INFO: [XFORM 203-510] Pipelining loop 'loop' (../xup_high_level_synthesis_design_flow-main/source/lab4/fir.cpp:27) in function 'fir' automatically.
INFO: [HLS 200-111] Finished Loop, function and other optimizations: CPU user time: 0 seconds. CPU system time: 0 seconds. Elapsed time: 0.041 seconds; current allocated memory: 564.680 MB.
INFO: [HLS 200-111] Finished Architecture Synthesis: CPU user time: 0 seconds. CPU system time: 0 seconds. Elapsed time: 0.027 seconds; current allocated memory: 566.922 MB.
INFO: [HLS 200-10] Starting hardware synthesis ...
INFO: [HLS 200-10] Synthesizing 'fir' ...
INFO: [HLS 200-10] ----------------------------------------------------------------
INFO: [HLS 200-42] -- Implementing module 'fir_Pipeline_loop' 
INFO: [HLS 200-10] ----------------------------------------------------------------
INFO: [SCHED 204-11] Starting scheduling ...
INFO: [HLS 200-486] Changing DSP latency (root=mul_ln28) to 3 in order to utilize available DSP registers.
INFO: [SCHED 204-61] Pipelining loop 'loop'.
INFO: [HLS 200-1470] Pipelining result : Target II = NA, Final II = 1, Depth = 5, loop 'loop'
INFO: [SCHED 204-11] Finished scheduling.
INFO: [HLS 200-111] Finished Scheduling: CPU user time: 0 seconds. CPU system time: 0 seconds. Elapsed time: 0.191 seconds; current allocated memory: 571.152 MB.
INFO: [BIND 205-100] Starting micro-architecture generation ...
INFO: [BIND 205-101] Performing variable lifetime analysis.
INFO: [BIND 205-101] Exploring resource sharing.
INFO: [BIND 205-101] Binding ...
INFO: [BIND 205-100] Finished micro-architecture generation.
INFO: [HLS 200-111] Finished Binding: CPU user time: 0 seconds. CPU system time: 0 seconds. Elapsed time: 0.083 seconds; current allocated memory: 572.555 MB.
INFO: [HLS 200-10] ----------------------------------------------------------------
INFO: [HLS 200-42] -- Implementing module 'fir' 
INFO: [HLS 200-10] ----------------------------------------------------------------
INFO: [SCHED 204-11] Starting scheduling ...
INFO: [HLS 200-486] Changing DSP latency (root=mul_ln31) to 3 in order to utilize available DSP registers.
INFO: [SCHED 204-11] Finished scheduling.
INFO: [HLS 200-111] Finished Scheduling: CPU user time: 0 seconds. CPU system time: 0 seconds. Elapsed time: 0.086 seconds; current allocated memory: 572.930 MB.
INFO: [BIND 205-100] Starting micro-architecture generation ...
INFO: [BIND 205-101] Performing variable lifetime analysis.
INFO: [BIND 205-101] Exploring resource sharing.
INFO: [BIND 205-101] Binding ...
INFO: [BIND 205-100] Finished micro-architecture generation.
INFO: [HLS 200-111] Finished Binding: CPU user time: 0 seconds. CPU system time: 0 seconds. Elapsed time: 0.084 seconds; current allocated memory: 573.219 MB.
INFO: [HLS 200-10] ----------------------------------------------------------------
INFO: [HLS 200-10] -- Generating RTL for module 'fir_Pipeline_loop' 
INFO: [HLS 200-10] ----------------------------------------------------------------
WARNING: [HLS 200-2049] Adding the rewind optimization to the pipelined process 'loop' with inout ports inside a dataflow region can result in the creation of loop-carried dependencies and errors. Use caution when adding the rewind optimization to such loops.
INFO: [HLS 200-1030] Apply Unified Pipeline Control on module 'fir_Pipeline_loop' pipeline 'loop' pipeline type 'loop pipeline'
INFO: [RTGEN 206-100] Generating core module 'mac_muladd_16s_16s_37s_37_4_1': 1 instance(s).
INFO: [RTGEN 206-100] Finished creating RTL model for 'fir_Pipeline_loop'.
INFO: [RTMG 210-279] Implementing memory 'fir_fir_Pipeline_loop_c1_ROM_AUTO_1R' using auto ROMs.
INFO: [RTMG 210-279] Implementing memory 'fir_fir_Pipeline_loop_c2_ROM_AUTO_1R' using auto ROMs.
INFO: [HLS 200-111] Finished Creating RTL model: CPU user time: 0 seconds. CPU system time: 0 seconds. Elapsed time: 0.105 seconds; current allocated memory: 575.992 MB.
INFO: [HLS 200-10] ----------------------------------------------------------------
INFO: [HLS 200-10] -- Generating RTL for module 'fir' 
INFO: [HLS 200-10] ----------------------------------------------------------------
WARNING: [RTGEN 206-101] Design contains AXI ports. Reset is fixed to synchronous and active low.
INFO: [RTGEN 206-500] Setting interface mode on port 'fir/y' to 's_axilite & ap_vld'.
INFO: [RTGEN 206-500] Setting interface mode on port 'fir/x' to 's_axilite & ap_none'.
INFO: [RTGEN 206-500] Setting interface mode on port 'fir/switch_var' to 's_axilite & ap_none'.
INFO: [RTGEN 206-500] Setting interface mode on function 'fir' to 's_axilite & ap_ctrl_hs'.
INFO: [RTGEN 206-100] Bundling port 'y', 'x', 'switch_var' to AXI-Lite port fir_io.
INFO: [RTGEN 206-100] Generating core module 'mac_muladd_10s_16s_31s_31_4_1': 1 instance(s).
INFO: [RTGEN 206-100] Generating core module 'mul_16s_10s_25_1_1': 1 instance(s).
INFO: [RTGEN 206-100] Finished creating RTL model for 'fir'.
INFO: [RTMG 210-278] Implementing memory 'fir_shift_reg_RAM_AUTO_1R1W' using auto RAMs.
INFO: [HLS 200-111] Finished Creating RTL model: CPU user time: 0 seconds. CPU system time: 0 seconds. Elapsed time: 0.204 seconds; current allocated memory: 578.027 MB.
INFO: [HLS 200-111] Finished Generating all RTL models: CPU user time: 0 seconds. CPU system time: 0 seconds. Elapsed time: 0.461 seconds; current allocated memory: 582.996 MB.
INFO: [HLS 200-111] Finished Updating report files: CPU user time: 0 seconds. CPU system time: 0 seconds. Elapsed time: 0.489 seconds; current allocated memory: 589.199 MB.
INFO: [VHDL 208-304] Generating VHDL RTL for fir.
INFO: [VLOG 209-307] Generating Verilog RTL for fir.
INFO: [HLS 200-790] **** Loop Constraint Status: All loop constraints were satisfied.
INFO: [HLS 200-789] **** Estimated Fmax: 179.21 MHz
INFO: [HLS 200-111] Finished Command csynth_design CPU user time: 1 seconds. CPU system time: 0 seconds. Elapsed time: 4.838 seconds; current allocated memory: 55.602 MB.
==============================================================
Vitis HLS - High-Level Synthesis from C, C++ and OpenCL v2023.1 (64-bit)
Tool Version Limit: 2023.05
Copyright 1986-2022 Xilinx, Inc. All Rights Reserved.
Copyright 2022-2023 Advanced Micro Devices, Inc. All Rights Reserved.

==============================================================
INFO: [SYN 201-201] Setting up clock 'default' with a period of 10ns.
INFO: [HLS 200-1611] Setting target device to 'xc7z020-clg484-1'
INFO: [HLS 200-1505] Using flow_target 'vivado'
INFO: [HLS 200-1464] Running solution command: config_cosim -tool=xsim
INFO: [HLS 200-1464] Running solution command: config_export -format=ip_catalog
INFO: [HLS 200-1464] Running solution command: config_export -rtl=verilog
INFO: [HLS 200-1510] Running: set_part xc7z020clg484-1 
INFO: [HLS 200-1510] Running: create_clock -period 10 -name default 
INFO: [HLS 200-1510] Running: config_cosim -tool xsim 
INFO: [HLS 200-1510] Running: config_export -format ip_catalog -rtl verilog 
INFO: [HLS 200-1510] Running: source ./fir/iz_solution1/directives.tcl
INFO: [HLS 200-1510] Running: set_directive_top -name fir fir 
INFO: [HLS 200-1510] Running: set_directive_interface -mode s_axilite -bundle fir_io fir 
INFO: [HLS 200-1510] Running: set_directive_interface -mode s_axilite -bundle fir_io fir switch_var 
INFO: [HLS 200-1510] Running: csim_design -quiet 
INFO: [SIM 211-2] *************** CSIM start ***************
INFO: [SIM 211-4] CSIM will launch GCC as the compiler.
INFO: [HLS 200-2036] Building debug C Simulation binaries
INFO: [SIM 211-1] CSim done with 0 errors.
INFO: [SIM 211-3] *************** CSIM finish ***************
INFO: [HLS 200-111] Finished Command csim_design CPU user time: 0 seconds. CPU system time: 0 seconds. Elapsed time: 4.806 seconds; current allocated memory: 0.395 MB.
==============================================================
Vitis HLS - High-Level Synthesis from C, C++ and OpenCL v2023.1 (64-bit)
Tool Version Limit: 2023.05
Copyright 1986-2022 Xilinx, Inc. All Rights Reserved.
Copyright 2022-2023 Advanced Micro Devices, Inc. All Rights Reserved.

==============================================================
INFO: [SYN 201-201] Setting up clock 'default' with a period of 10ns.
INFO: [HLS 200-1611] Setting target device to 'xc7z020-clg484-1'
INFO: [HLS 200-1505] Using flow_target 'vivado'
INFO: [HLS 200-1464] Running solution command: config_cosim -tool=xsim
INFO: [HLS 200-1464] Running solution command: config_export -format=ip_catalog
INFO: [HLS 200-1464] Running solution command: config_export -rtl=verilog
INFO: [HLS 200-1510] Running: set_part xc7z020clg484-1 
INFO: [HLS 200-1510] Running: create_clock -period 10 -name default 
INFO: [HLS 200-1510] Running: config_cosim -tool xsim 
INFO: [HLS 200-1510] Running: config_export -format ip_catalog -rtl verilog 
INFO: [HLS 200-1510] Running: source ./fir/iz_solution1/directives.tcl
INFO: [HLS 200-1510] Running: set_directive_top -name fir fir 
INFO: [HLS 200-1510] Running: set_directive_interface -mode s_axilite -bundle fir_io fir 
INFO: [HLS 200-1510] Running: set_directive_interface -mode s_axilite -bundle fir_io fir switch_var 
INFO: [HLS 200-1510] Running: csynth_design 
WARNING: [HLS 200-40] Skipped source file 'fir_coef.dat'. Source files must have extensions .c, .C, .cc, .cpp, .c++, .cp, or .cxx.
WARNING: [HLS 200-40] Cannot find source file fir_coef_2.dat; skipping it.
INFO: [HLS 200-111] Finished File checks and directory preparation: CPU user time: 0 seconds. CPU system time: 0 seconds. Elapsed time: 0.084 seconds; current allocated memory: 533.746 MB.
INFO: [HLS 200-10] Analyzing design file '../xup_high_level_synthesis_design_flow-main/source/lab4/fir.cpp' ... 
WARNING: [HLS 207-943] This header file cannot be used in a C++ design. C-synthesis will fail.  (F:/Xilinx/Vitis/Vitis_HLS/2023.1/common/technology/autopilot\legacy/ap_cint.h:14:2)
INFO: [HLS 200-111] Finished Source Code Analysis and Preprocessing: CPU user time: 1 seconds. CPU system time: 0 seconds. Elapsed time: 0.773 seconds; current allocated memory: 534.695 MB.
INFO: [HLS 200-777] Using interface defaults for 'Vivado' flow target.
WARNING: [HLS 214-167] The program may have out of bound array access (../xup_high_level_synthesis_design_flow-main/source/lab4/fir.cpp:28:37)
INFO: [HLS 200-111] Finished Compiling Optimization and Transform: CPU user time: 0 seconds. CPU system time: 0 seconds. Elapsed time: 2.074 seconds; current allocated memory: 536.188 MB.
INFO: [HLS 200-111] Finished Checking Pragmas: CPU user time: 0 seconds. CPU system time: 0 seconds. Elapsed time: 0.002 seconds; current allocated memory: 536.188 MB.
INFO: [HLS 200-10] Starting code transformations ...
INFO: [HLS 200-111] Finished Standard Transforms: CPU user time: 0 seconds. CPU system time: 0 seconds. Elapsed time: 0.018 seconds; current allocated memory: 541.230 MB.
INFO: [HLS 200-10] Checking synthesizability ...
INFO: [HLS 200-111] Finished Checking Synthesizability: CPU user time: 0 seconds. CPU system time: 0 seconds. Elapsed time: 0.019 seconds; current allocated memory: 542.332 MB.
INFO: [XFORM 203-510] Pipelining loop 'loop' (../xup_high_level_synthesis_design_flow-main/source/lab4/fir.cpp:27) in function 'fir' automatically.
INFO: [HLS 200-111] Finished Loop, function and other optimizations: CPU user time: 0 seconds. CPU system time: 0 seconds. Elapsed time: 0.036 seconds; current allocated memory: 564.293 MB.
INFO: [HLS 200-111] Finished Architecture Synthesis: CPU user time: 0 seconds. CPU system time: 0 seconds. Elapsed time: 0.031 seconds; current allocated memory: 567.055 MB.
INFO: [HLS 200-10] Starting hardware synthesis ...
INFO: [HLS 200-10] Synthesizing 'fir' ...
INFO: [HLS 200-10] ----------------------------------------------------------------
INFO: [HLS 200-42] -- Implementing module 'fir_Pipeline_loop' 
INFO: [HLS 200-10] ----------------------------------------------------------------
INFO: [SCHED 204-11] Starting scheduling ...
INFO: [HLS 200-486] Changing DSP latency (root=mul_ln28) to 3 in order to utilize available DSP registers.
INFO: [SCHED 204-61] Pipelining loop 'loop'.
INFO: [HLS 200-1470] Pipelining result : Target II = NA, Final II = 1, Depth = 5, loop 'loop'
INFO: [SCHED 204-11] Finished scheduling.
INFO: [HLS 200-111] Finished Scheduling: CPU user time: 0 seconds. CPU system time: 0 seconds. Elapsed time: 0.176 seconds; current allocated memory: 571.430 MB.
INFO: [BIND 205-100] Starting micro-architecture generation ...
INFO: [BIND 205-101] Performing variable lifetime analysis.
INFO: [BIND 205-101] Exploring resource sharing.
INFO: [BIND 205-101] Binding ...
INFO: [BIND 205-100] Finished micro-architecture generation.
INFO: [HLS 200-111] Finished Binding: CPU user time: 0 seconds. CPU system time: 0 seconds. Elapsed time: 0.071 seconds; current allocated memory: 572.645 MB.
INFO: [HLS 200-10] ----------------------------------------------------------------
INFO: [HLS 200-42] -- Implementing module 'fir' 
INFO: [HLS 200-10] ----------------------------------------------------------------
INFO: [SCHED 204-11] Starting scheduling ...
INFO: [HLS 200-486] Changing DSP latency (root=mul_ln31) to 3 in order to utilize available DSP registers.
INFO: [SCHED 204-11] Finished scheduling.
INFO: [HLS 200-111] Finished Scheduling: CPU user time: 0 seconds. CPU system time: 0 seconds. Elapsed time: 0.09 seconds; current allocated memory: 573.008 MB.
INFO: [BIND 205-100] Starting micro-architecture generation ...
INFO: [BIND 205-101] Performing variable lifetime analysis.
INFO: [BIND 205-101] Exploring resource sharing.
INFO: [BIND 205-101] Binding ...
INFO: [BIND 205-100] Finished micro-architecture generation.
INFO: [HLS 200-111] Finished Binding: CPU user time: 0 seconds. CPU system time: 0 seconds. Elapsed time: 0.087 seconds; current allocated memory: 573.180 MB.
INFO: [HLS 200-10] ----------------------------------------------------------------
INFO: [HLS 200-10] -- Generating RTL for module 'fir_Pipeline_loop' 
INFO: [HLS 200-10] ----------------------------------------------------------------
WARNING: [HLS 200-2049] Adding the rewind optimization to the pipelined process 'loop' with inout ports inside a dataflow region can result in the creation of loop-carried dependencies and errors. Use caution when adding the rewind optimization to such loops.
INFO: [HLS 200-1030] Apply Unified Pipeline Control on module 'fir_Pipeline_loop' pipeline 'loop' pipeline type 'loop pipeline'
INFO: [RTGEN 206-100] Generating core module 'mac_muladd_16s_16s_37s_37_4_1': 1 instance(s).
INFO: [RTGEN 206-100] Finished creating RTL model for 'fir_Pipeline_loop'.
INFO: [RTMG 210-279] Implementing memory 'fir_fir_Pipeline_loop_c1_ROM_AUTO_1R' using auto ROMs.
INFO: [RTMG 210-279] Implementing memory 'fir_fir_Pipeline_loop_c2_ROM_AUTO_1R' using auto ROMs.
INFO: [HLS 200-111] Finished Creating RTL model: CPU user time: 0 seconds. CPU system time: 0 seconds. Elapsed time: 0.09 seconds; current allocated memory: 575.867 MB.
INFO: [HLS 200-10] ----------------------------------------------------------------
INFO: [HLS 200-10] -- Generating RTL for module 'fir' 
INFO: [HLS 200-10] ----------------------------------------------------------------
WARNING: [RTGEN 206-101] Design contains AXI ports. Reset is fixed to synchronous and active low.
INFO: [RTGEN 206-500] Setting interface mode on port 'fir/y' to 's_axilite & ap_vld'.
INFO: [RTGEN 206-500] Setting interface mode on port 'fir/x' to 's_axilite & ap_none'.
INFO: [RTGEN 206-500] Setting interface mode on port 'fir/switch_var' to 's_axilite & ap_none'.
INFO: [RTGEN 206-500] Setting interface mode on function 'fir' to 's_axilite & ap_ctrl_hs'.
INFO: [RTGEN 206-100] Bundling port 'y', 'x', 'switch_var' to AXI-Lite port fir_io.
INFO: [RTGEN 206-100] Generating core module 'mac_muladd_10s_16s_31s_31_4_1': 1 instance(s).
INFO: [RTGEN 206-100] Generating core module 'mul_16s_10s_25_1_1': 1 instance(s).
INFO: [RTGEN 206-100] Finished creating RTL model for 'fir'.
INFO: [RTMG 210-278] Implementing memory 'fir_shift_reg_RAM_AUTO_1R1W' using auto RAMs.
INFO: [HLS 200-111] Finished Creating RTL model: CPU user time: 0 seconds. CPU system time: 0 seconds. Elapsed time: 0.197 seconds; current allocated memory: 578.129 MB.
INFO: [HLS 200-111] Finished Generating all RTL models: CPU user time: 0 seconds. CPU system time: 0 seconds. Elapsed time: 0.412 seconds; current allocated memory: 583.105 MB.
INFO: [HLS 200-111] Finished Updating report files: CPU user time: 0 seconds. CPU system time: 0 seconds. Elapsed time: 0.503 seconds; current allocated memory: 589.125 MB.
INFO: [VHDL 208-304] Generating VHDL RTL for fir.
INFO: [VLOG 209-307] Generating Verilog RTL for fir.
INFO: [HLS 200-790] **** Loop Constraint Status: All loop constraints were satisfied.
INFO: [HLS 200-789] **** Estimated Fmax: 179.21 MHz
INFO: [HLS 200-111] Finished Command csynth_design CPU user time: 1 seconds. CPU system time: 0 seconds. Elapsed time: 4.747 seconds; current allocated memory: 55.797 MB.
==============================================================
Vitis HLS - High-Level Synthesis from C, C++ and OpenCL v2023.1 (64-bit)
Tool Version Limit: 2023.05
Copyright 1986-2022 Xilinx, Inc. All Rights Reserved.
Copyright 2022-2023 Advanced Micro Devices, Inc. All Rights Reserved.

==============================================================
INFO: [SYN 201-201] Setting up clock 'default' with a period of 10ns.
INFO: [HLS 200-1611] Setting target device to 'xc7z020-clg484-1'
INFO: [HLS 200-1505] Using flow_target 'vivado'
INFO: [HLS 200-1464] Running solution command: config_cosim -tool=xsim
INFO: [HLS 200-1464] Running solution command: config_export -format=ip_catalog
INFO: [HLS 200-1464] Running solution command: config_export -rtl=verilog
INFO: [HLS 200-1510] Running: set_part xc7z020clg484-1 
INFO: [HLS 200-1510] Running: create_clock -period 10 -name default 
INFO: [HLS 200-1510] Running: config_cosim -tool xsim 
INFO: [HLS 200-1510] Running: config_export -format ip_catalog -rtl verilog 
INFO: [HLS 200-1510] Running: source ./fir/iz_solution1/directives.tcl
INFO: [HLS 200-1510] Running: set_directive_top -name fir fir 
INFO: [HLS 200-1510] Running: set_directive_interface -mode s_axilite -bundle fir_io fir 
INFO: [HLS 200-1510] Running: set_directive_interface -mode s_axilite -bundle fir_io fir switch_var 
INFO: [HLS 200-1510] Running: csim_design -quiet 
INFO: [SIM 211-2] *************** CSIM start ***************
INFO: [SIM 211-4] CSIM will launch GCC as the compiler.
INFO: [HLS 200-2036] Building debug C Simulation binaries
INFO: [SIM 211-1] CSim done with 0 errors.
INFO: [SIM 211-3] *************** CSIM finish ***************
INFO: [HLS 200-111] Finished Command csim_design CPU user time: 0 seconds. CPU system time: 0 seconds. Elapsed time: 5.138 seconds; current allocated memory: 0.371 MB.
==============================================================
Vitis HLS - High-Level Synthesis from C, C++ and OpenCL v2023.1 (64-bit)
Tool Version Limit: 2023.05
Copyright 1986-2022 Xilinx, Inc. All Rights Reserved.
Copyright 2022-2023 Advanced Micro Devices, Inc. All Rights Reserved.

==============================================================
INFO: [SYN 201-201] Setting up clock 'default' with a period of 10ns.
INFO: [HLS 200-1611] Setting target device to 'xc7z020-clg484-1'
INFO: [HLS 200-1505] Using flow_target 'vivado'
INFO: [HLS 200-1464] Running solution command: config_cosim -tool=xsim
INFO: [HLS 200-1464] Running solution command: config_export -format=ip_catalog
INFO: [HLS 200-1464] Running solution command: config_export -rtl=verilog
INFO: [HLS 200-1510] Running: set_part xc7z020clg484-1 
INFO: [HLS 200-1510] Running: create_clock -period 10 -name default 
INFO: [HLS 200-1510] Running: config_cosim -tool xsim 
INFO: [HLS 200-1510] Running: config_export -format ip_catalog -rtl verilog 
INFO: [HLS 200-1510] Running: source ./fir/iz_solution1/directives.tcl
INFO: [HLS 200-1510] Running: set_directive_top -name fir fir 
INFO: [HLS 200-1510] Running: set_directive_interface -mode s_axilite -bundle fir_io fir 
INFO: [HLS 200-1510] Running: set_directive_interface -mode s_axilite -bundle fir_io fir switch_var 
INFO: [HLS 200-1510] Running: csynth_design 
WARNING: [HLS 200-40] Skipped source file 'fir_coef.dat'. Source files must have extensions .c, .C, .cc, .cpp, .c++, .cp, or .cxx.
WARNING: [HLS 200-40] Cannot find source file fir_coef_2.dat; skipping it.
INFO: [HLS 200-111] Finished File checks and directory preparation: CPU user time: 1 seconds. CPU system time: 1 seconds. Elapsed time: 0.086 seconds; current allocated memory: 533.816 MB.
INFO: [HLS 200-10] Analyzing design file '../xup_high_level_synthesis_design_flow-main/source/lab4/fir.cpp' ... 
WARNING: [HLS 207-943] This header file cannot be used in a C++ design. C-synthesis will fail.  (F:/Xilinx/Vitis/Vitis_HLS/2023.1/common/technology/autopilot\legacy/ap_cint.h:14:2)
INFO: [HLS 200-111] Finished Source Code Analysis and Preprocessing: CPU user time: 0 seconds. CPU system time: 0 seconds. Elapsed time: 0.772 seconds; current allocated memory: 534.488 MB.
INFO: [HLS 200-777] Using interface defaults for 'Vivado' flow target.
WARNING: [HLS 214-167] The program may have out of bound array access (../xup_high_level_synthesis_design_flow-main/source/lab4/fir.cpp:29:37)
INFO: [HLS 200-111] Finished Compiling Optimization and Transform: CPU user time: 0 seconds. CPU system time: 0 seconds. Elapsed time: 2.079 seconds; current allocated memory: 536.125 MB.
INFO: [HLS 200-111] Finished Checking Pragmas: CPU user time: 0 seconds. CPU system time: 0 seconds. Elapsed time: 0.002 seconds; current allocated memory: 536.125 MB.
INFO: [HLS 200-10] Starting code transformations ...
INFO: [HLS 200-111] Finished Standard Transforms: CPU user time: 0 seconds. CPU system time: 0 seconds. Elapsed time: 0.018 seconds; current allocated memory: 541.418 MB.
INFO: [HLS 200-10] Checking synthesizability ...
INFO: [HLS 200-111] Finished Checking Synthesizability: CPU user time: 0 seconds. CPU system time: 0 seconds. Elapsed time: 0.018 seconds; current allocated memory: 542.512 MB.
INFO: [XFORM 203-510] Pipelining loop 'loop' (../xup_high_level_synthesis_design_flow-main/source/lab4/fir.cpp:28) in function 'fir' automatically.
INFO: [HLS 200-111] Finished Loop, function and other optimizations: CPU user time: 0 seconds. CPU system time: 0 seconds. Elapsed time: 0.038 seconds; current allocated memory: 563.906 MB.
INFO: [HLS 200-111] Finished Architecture Synthesis: CPU user time: 0 seconds. CPU system time: 0 seconds. Elapsed time: 0.025 seconds; current allocated memory: 566.914 MB.
INFO: [HLS 200-10] Starting hardware synthesis ...
INFO: [HLS 200-10] Synthesizing 'fir' ...
INFO: [HLS 200-10] ----------------------------------------------------------------
INFO: [HLS 200-42] -- Implementing module 'fir_Pipeline_loop' 
INFO: [HLS 200-10] ----------------------------------------------------------------
INFO: [SCHED 204-11] Starting scheduling ...
INFO: [HLS 200-486] Changing DSP latency (root=mul_ln29) to 3 in order to utilize available DSP registers.
INFO: [SCHED 204-61] Pipelining loop 'loop'.
INFO: [HLS 200-1470] Pipelining result : Target II = NA, Final II = 1, Depth = 5, loop 'loop'
INFO: [SCHED 204-11] Finished scheduling.
INFO: [HLS 200-111] Finished Scheduling: CPU user time: 0 seconds. CPU system time: 0 seconds. Elapsed time: 0.161 seconds; current allocated memory: 571.102 MB.
INFO: [BIND 205-100] Starting micro-architecture generation ...
INFO: [BIND 205-101] Performing variable lifetime analysis.
INFO: [BIND 205-101] Exploring resource sharing.
INFO: [BIND 205-101] Binding ...
INFO: [BIND 205-100] Finished micro-architecture generation.
INFO: [HLS 200-111] Finished Binding: CPU user time: 0 seconds. CPU system time: 0 seconds. Elapsed time: 0.077 seconds; current allocated memory: 572.312 MB.
INFO: [HLS 200-10] ----------------------------------------------------------------
INFO: [HLS 200-42] -- Implementing module 'fir' 
INFO: [HLS 200-10] ----------------------------------------------------------------
INFO: [SCHED 204-11] Starting scheduling ...
INFO: [HLS 200-486] Changing DSP latency (root=mul_ln32) to 3 in order to utilize available DSP registers.
INFO: [SCHED 204-11] Finished scheduling.
INFO: [HLS 200-111] Finished Scheduling: CPU user time: 0 seconds. CPU system time: 0 seconds. Elapsed time: 0.085 seconds; current allocated memory: 573.152 MB.
INFO: [BIND 205-100] Starting micro-architecture generation ...
INFO: [BIND 205-101] Performing variable lifetime analysis.
INFO: [BIND 205-101] Exploring resource sharing.
INFO: [BIND 205-101] Binding ...
INFO: [BIND 205-100] Finished micro-architecture generation.
INFO: [HLS 200-111] Finished Binding: CPU user time: 0 seconds. CPU system time: 0 seconds. Elapsed time: 0.083 seconds; current allocated memory: 573.293 MB.
INFO: [HLS 200-10] ----------------------------------------------------------------
INFO: [HLS 200-10] -- Generating RTL for module 'fir_Pipeline_loop' 
INFO: [HLS 200-10] ----------------------------------------------------------------
WARNING: [HLS 200-2049] Adding the rewind optimization to the pipelined process 'loop' with inout ports inside a dataflow region can result in the creation of loop-carried dependencies and errors. Use caution when adding the rewind optimization to such loops.
INFO: [HLS 200-1030] Apply Unified Pipeline Control on module 'fir_Pipeline_loop' pipeline 'loop' pipeline type 'loop pipeline'
INFO: [RTGEN 206-100] Generating core module 'mac_muladd_16s_16s_37s_37_4_1': 1 instance(s).
INFO: [RTGEN 206-100] Finished creating RTL model for 'fir_Pipeline_loop'.
INFO: [RTMG 210-279] Implementing memory 'fir_fir_Pipeline_loop_c1_ROM_AUTO_1R' using auto ROMs.
INFO: [RTMG 210-279] Implementing memory 'fir_fir_Pipeline_loop_c2_ROM_AUTO_1R' using auto ROMs.
INFO: [HLS 200-111] Finished Creating RTL model: CPU user time: 0 seconds. CPU system time: 0 seconds. Elapsed time: 0.095 seconds; current allocated memory: 575.934 MB.
INFO: [HLS 200-10] ----------------------------------------------------------------
INFO: [HLS 200-10] -- Generating RTL for module 'fir' 
INFO: [HLS 200-10] ----------------------------------------------------------------
WARNING: [RTGEN 206-101] Design contains AXI ports. Reset is fixed to synchronous and active low.
INFO: [RTGEN 206-500] Setting interface mode on port 'fir/y' to 's_axilite & ap_vld'.
INFO: [RTGEN 206-500] Setting interface mode on port 'fir/x' to 's_axilite & ap_none'.
INFO: [RTGEN 206-500] Setting interface mode on port 'fir/switch_var' to 's_axilite & ap_none'.
INFO: [RTGEN 206-500] Setting interface mode on function 'fir' to 's_axilite & ap_ctrl_hs'.
INFO: [RTGEN 206-100] Bundling port 'y', 'x', 'switch_var' to AXI-Lite port fir_io.
INFO: [RTGEN 206-100] Generating core module 'mac_muladd_10s_16s_31s_31_4_1': 1 instance(s).
INFO: [RTGEN 206-100] Generating core module 'mul_16s_10s_25_1_1': 1 instance(s).
INFO: [RTGEN 206-100] Finished creating RTL model for 'fir'.
INFO: [RTMG 210-278] Implementing memory 'fir_shift_reg_RAM_AUTO_1R1W' using auto RAMs.
INFO: [HLS 200-111] Finished Creating RTL model: CPU user time: 0 seconds. CPU system time: 0 seconds. Elapsed time: 0.196 seconds; current allocated memory: 577.918 MB.
INFO: [HLS 200-111] Finished Generating all RTL models: CPU user time: 0 seconds. CPU system time: 0 seconds. Elapsed time: 0.413 seconds; current allocated memory: 582.039 MB.
INFO: [HLS 200-111] Finished Updating report files: CPU user time: 1 seconds. CPU system time: 0 seconds. Elapsed time: 0.471 seconds; current allocated memory: 589.160 MB.
INFO: [VHDL 208-304] Generating VHDL RTL for fir.
INFO: [VLOG 209-307] Generating Verilog RTL for fir.
INFO: [HLS 200-790] **** Loop Constraint Status: All loop constraints were satisfied.
INFO: [HLS 200-789] **** Estimated Fmax: 179.21 MHz
INFO: [HLS 200-111] Finished Command csynth_design CPU user time: 2 seconds. CPU system time: 1 seconds. Elapsed time: 4.7 seconds; current allocated memory: 55.941 MB.
==============================================================
Vitis HLS - High-Level Synthesis from C, C++ and OpenCL v2023.1 (64-bit)
Tool Version Limit: 2023.05
Copyright 1986-2022 Xilinx, Inc. All Rights Reserved.
Copyright 2022-2023 Advanced Micro Devices, Inc. All Rights Reserved.

==============================================================
INFO: [SYN 201-201] Setting up clock 'default' with a period of 10ns.
INFO: [HLS 200-1611] Setting target device to 'xc7z020-clg484-1'
INFO: [HLS 200-1505] Using flow_target 'vivado'
INFO: [HLS 200-1464] Running solution command: config_cosim -tool=xsim
INFO: [HLS 200-1464] Running solution command: config_export -format=ip_catalog
INFO: [HLS 200-1464] Running solution command: config_export -rtl=verilog
INFO: [HLS 200-1510] Running: set_part xc7z020clg484-1 
INFO: [HLS 200-1510] Running: create_clock -period 10 -name default 
INFO: [HLS 200-1510] Running: config_cosim -tool xsim 
INFO: [HLS 200-1510] Running: config_export -format ip_catalog -rtl verilog 
INFO: [HLS 200-1510] Running: source ./fir/iz_solution1/directives.tcl
INFO: [HLS 200-1510] Running: set_directive_top -name fir fir 
INFO: [HLS 200-1510] Running: set_directive_interface -mode s_axilite -bundle fir_io fir 
INFO: [HLS 200-1510] Running: csim_design -quiet 
INFO: [SIM 211-2] *************** CSIM start ***************
INFO: [SIM 211-4] CSIM will launch GCC as the compiler.
INFO: [HLS 200-2036] Building debug C Simulation binaries
INFO: [SIM 211-1] CSim done with 0 errors.
INFO: [SIM 211-3] *************** CSIM finish ***************
INFO: [HLS 200-111] Finished Command csim_design CPU user time: 1 seconds. CPU system time: 0 seconds. Elapsed time: 5.214 seconds; current allocated memory: 0.371 MB.
==============================================================
Vitis HLS - High-Level Synthesis from C, C++ and OpenCL v2023.1 (64-bit)
Tool Version Limit: 2023.05
Copyright 1986-2022 Xilinx, Inc. All Rights Reserved.
Copyright 2022-2023 Advanced Micro Devices, Inc. All Rights Reserved.

==============================================================
INFO: [SYN 201-201] Setting up clock 'default' with a period of 10ns.
INFO: [HLS 200-1611] Setting target device to 'xc7z020-clg484-1'
INFO: [HLS 200-1505] Using flow_target 'vivado'
INFO: [HLS 200-1464] Running solution command: config_cosim -tool=xsim
INFO: [HLS 200-1464] Running solution command: config_export -format=ip_catalog
INFO: [HLS 200-1464] Running solution command: config_export -rtl=verilog
INFO: [HLS 200-1510] Running: set_part xc7z020clg484-1 
INFO: [HLS 200-1510] Running: create_clock -period 10 -name default 
INFO: [HLS 200-1510] Running: config_cosim -tool xsim 
INFO: [HLS 200-1510] Running: config_export -format ip_catalog -rtl verilog 
INFO: [HLS 200-1510] Running: source ./fir/iz_solution1/directives.tcl
INFO: [HLS 200-1510] Running: set_directive_top -name fir fir 
INFO: [HLS 200-1510] Running: set_directive_interface -mode s_axilite -bundle fir_io fir 
INFO: [HLS 200-1510] Running: csynth_design 
WARNING: [HLS 200-40] Skipped source file 'fir_coef.dat'. Source files must have extensions .c, .C, .cc, .cpp, .c++, .cp, or .cxx.
WARNING: [HLS 200-40] Cannot find source file fir_coef_2.dat; skipping it.
INFO: [HLS 200-111] Finished File checks and directory preparation: CPU user time: 0 seconds. CPU system time: 0 seconds. Elapsed time: 0.086 seconds; current allocated memory: 533.551 MB.
INFO: [HLS 200-10] Analyzing design file '../xup_high_level_synthesis_design_flow-main/source/lab4/fir.cpp' ... 
WARNING: [HLS 207-943] This header file cannot be used in a C++ design. C-synthesis will fail.  (F:/Xilinx/Vitis/Vitis_HLS/2023.1/common/technology/autopilot\legacy/ap_cint.h:14:2)
INFO: [HLS 200-111] Finished Source Code Analysis and Preprocessing: CPU user time: 1 seconds. CPU system time: 0 seconds. Elapsed time: 0.893 seconds; current allocated memory: 534.625 MB.
INFO: [HLS 200-777] Using interface defaults for 'Vivado' flow target.
WARNING: [HLS 214-167] The program may have out of bound array access (../xup_high_level_synthesis_design_flow-main/source/lab4/fir.cpp:28:37)
INFO: [HLS 200-111] Finished Compiling Optimization and Transform: CPU user time: 0 seconds. CPU system time: 0 seconds. Elapsed time: 2.048 seconds; current allocated memory: 536.539 MB.
INFO: [HLS 200-111] Finished Checking Pragmas: CPU user time: 0 seconds. CPU system time: 0 seconds. Elapsed time: 0.002 seconds; current allocated memory: 536.539 MB.
INFO: [HLS 200-10] Starting code transformations ...
INFO: [HLS 200-111] Finished Standard Transforms: CPU user time: 0 seconds. CPU system time: 0 seconds. Elapsed time: 0.019 seconds; current allocated memory: 541.957 MB.
INFO: [HLS 200-10] Checking synthesizability ...
INFO: [HLS 200-111] Finished Checking Synthesizability: CPU user time: 0 seconds. CPU system time: 0 seconds. Elapsed time: 0.019 seconds; current allocated memory: 543.059 MB.
INFO: [XFORM 203-510] Pipelining loop 'loop' (../xup_high_level_synthesis_design_flow-main/source/lab4/fir.cpp:27) in function 'fir' automatically.
INFO: [HLS 200-111] Finished Loop, function and other optimizations: CPU user time: 0 seconds. CPU system time: 0 seconds. Elapsed time: 0.04 seconds; current allocated memory: 564.426 MB.
INFO: [HLS 200-111] Finished Architecture Synthesis: CPU user time: 0 seconds. CPU system time: 0 seconds. Elapsed time: 0.028 seconds; current allocated memory: 567.336 MB.
INFO: [HLS 200-10] Starting hardware synthesis ...
INFO: [HLS 200-10] Synthesizing 'fir' ...
INFO: [HLS 200-10] ----------------------------------------------------------------
INFO: [HLS 200-42] -- Implementing module 'fir_Pipeline_loop' 
INFO: [HLS 200-10] ----------------------------------------------------------------
INFO: [SCHED 204-11] Starting scheduling ...
INFO: [HLS 200-486] Changing DSP latency (root=mul_ln28) to 3 in order to utilize available DSP registers.
INFO: [SCHED 204-61] Pipelining loop 'loop'.
INFO: [HLS 200-1470] Pipelining result : Target II = NA, Final II = 1, Depth = 5, loop 'loop'
INFO: [SCHED 204-11] Finished scheduling.
INFO: [HLS 200-111] Finished Scheduling: CPU user time: 0 seconds. CPU system time: 0 seconds. Elapsed time: 0.172 seconds; current allocated memory: 571.512 MB.
INFO: [BIND 205-100] Starting micro-architecture generation ...
INFO: [BIND 205-101] Performing variable lifetime analysis.
INFO: [BIND 205-101] Exploring resource sharing.
INFO: [BIND 205-101] Binding ...
INFO: [BIND 205-100] Finished micro-architecture generation.
INFO: [HLS 200-111] Finished Binding: CPU user time: 0 seconds. CPU system time: 0 seconds. Elapsed time: 0.072 seconds; current allocated memory: 572.770 MB.
INFO: [HLS 200-10] ----------------------------------------------------------------
INFO: [HLS 200-42] -- Implementing module 'fir' 
INFO: [HLS 200-10] ----------------------------------------------------------------
INFO: [SCHED 204-11] Starting scheduling ...
INFO: [HLS 200-486] Changing DSP latency (root=mul_ln31) to 3 in order to utilize available DSP registers.
INFO: [SCHED 204-11] Finished scheduling.
INFO: [HLS 200-111] Finished Scheduling: CPU user time: 0 seconds. CPU system time: 0 seconds. Elapsed time: 0.09 seconds; current allocated memory: 573.145 MB.
INFO: [BIND 205-100] Starting micro-architecture generation ...
INFO: [BIND 205-101] Performing variable lifetime analysis.
INFO: [BIND 205-101] Exploring resource sharing.
INFO: [BIND 205-101] Binding ...
INFO: [BIND 205-100] Finished micro-architecture generation.
INFO: [HLS 200-111] Finished Binding: CPU user time: 0 seconds. CPU system time: 0 seconds. Elapsed time: 0.082 seconds; current allocated memory: 573.477 MB.
INFO: [HLS 200-10] ----------------------------------------------------------------
INFO: [HLS 200-10] -- Generating RTL for module 'fir_Pipeline_loop' 
INFO: [HLS 200-10] ----------------------------------------------------------------
WARNING: [HLS 200-2049] Adding the rewind optimization to the pipelined process 'loop' with inout ports inside a dataflow region can result in the creation of loop-carried dependencies and errors. Use caution when adding the rewind optimization to such loops.
INFO: [HLS 200-1030] Apply Unified Pipeline Control on module 'fir_Pipeline_loop' pipeline 'loop' pipeline type 'loop pipeline'
INFO: [RTGEN 206-100] Generating core module 'mac_muladd_16s_16s_37s_37_4_1': 1 instance(s).
INFO: [RTGEN 206-100] Finished creating RTL model for 'fir_Pipeline_loop'.
INFO: [RTMG 210-279] Implementing memory 'fir_fir_Pipeline_loop_c1_ROM_AUTO_1R' using auto ROMs.
INFO: [RTMG 210-279] Implementing memory 'fir_fir_Pipeline_loop_c2_ROM_AUTO_1R' using auto ROMs.
INFO: [HLS 200-111] Finished Creating RTL model: CPU user time: 0 seconds. CPU system time: 0 seconds. Elapsed time: 0.089 seconds; current allocated memory: 575.762 MB.
INFO: [HLS 200-10] ----------------------------------------------------------------
INFO: [HLS 200-10] -- Generating RTL for module 'fir' 
INFO: [HLS 200-10] ----------------------------------------------------------------
WARNING: [RTGEN 206-101] Design contains AXI ports. Reset is fixed to synchronous and active low.
INFO: [RTGEN 206-500] Setting interface mode on port 'fir/y' to 's_axilite & ap_vld'.
INFO: [RTGEN 206-500] Setting interface mode on port 'fir/x' to 's_axilite & ap_none'.
INFO: [RTGEN 206-500] Setting interface mode on port 'fir/switch_var' to 'ap_none'.
INFO: [RTGEN 206-500] Setting interface mode on function 'fir' to 's_axilite & ap_ctrl_hs'.
INFO: [RTGEN 206-100] Bundling port 'y', 'x' and 'return' to AXI-Lite port fir_io.
INFO: [RTGEN 206-100] Generating core module 'mac_muladd_10s_16s_31s_31_4_1': 1 instance(s).
INFO: [RTGEN 206-100] Generating core module 'mul_16s_10s_25_1_1': 1 instance(s).
INFO: [RTGEN 206-100] Finished creating RTL model for 'fir'.
INFO: [RTMG 210-278] Implementing memory 'fir_shift_reg_RAM_AUTO_1R1W' using auto RAMs.
INFO: [HLS 200-111] Finished Creating RTL model: CPU user time: 0 seconds. CPU system time: 0 seconds. Elapsed time: 0.213 seconds; current allocated memory: 577.898 MB.
INFO: [HLS 200-111] Finished Generating all RTL models: CPU user time: 0 seconds. CPU system time: 0 seconds. Elapsed time: 0.423 seconds; current allocated memory: 583.043 MB.
INFO: [HLS 200-111] Finished Updating report files: CPU user time: 0 seconds. CPU system time: 0 seconds. Elapsed time: 0.47 seconds; current allocated memory: 589.398 MB.
INFO: [VHDL 208-304] Generating VHDL RTL for fir.
INFO: [VLOG 209-307] Generating Verilog RTL for fir.
INFO: [HLS 200-790] **** Loop Constraint Status: All loop constraints were satisfied.
INFO: [HLS 200-789] **** Estimated Fmax: 179.21 MHz
INFO: [HLS 200-111] Finished Command csynth_design CPU user time: 1 seconds. CPU system time: 0 seconds. Elapsed time: 4.825 seconds; current allocated memory: 56.004 MB.
==============================================================
Vitis HLS - High-Level Synthesis from C, C++ and OpenCL v2023.1 (64-bit)
Tool Version Limit: 2023.05
Copyright 1986-2022 Xilinx, Inc. All Rights Reserved.
Copyright 2022-2023 Advanced Micro Devices, Inc. All Rights Reserved.

==============================================================
INFO: [SYN 201-201] Setting up clock 'default' with a period of 10ns.
INFO: [HLS 200-1611] Setting target device to 'xc7z020-clg484-1'
INFO: [HLS 200-1505] Using flow_target 'vivado'
INFO: [HLS 200-1464] Running solution command: config_cosim -tool=xsim
INFO: [HLS 200-1464] Running solution command: config_export -format=ip_catalog
INFO: [HLS 200-1464] Running solution command: config_export -rtl=verilog
INFO: [HLS 200-1510] Running: set_part xc7z020clg484-1 
INFO: [HLS 200-1510] Running: create_clock -period 10 -name default 
INFO: [HLS 200-1510] Running: config_cosim -tool xsim 
INFO: [HLS 200-1510] Running: config_export -format ip_catalog -rtl verilog 
INFO: [HLS 200-1510] Running: source ./fir/iz_solution1/directives.tcl
INFO: [HLS 200-1510] Running: set_directive_top -name fir fir 
INFO: [HLS 200-1510] Running: set_directive_interface -mode s_axilite -bundle fir_io fir 
INFO: [HLS 200-1510] Running: cosim_design 
INFO: [COSIM 212-47] Using XSIM for RTL simulation.
INFO: [COSIM 212-14] Instrumenting C test bench ...
INFO: [COSIM 212-302] Starting C TB testing ... 
INFO: [COSIM 212-333] Generating C post check test bench ...
INFO: [COSIM 212-12] Generating RTL test bench ...
INFO: [COSIM 212-1] *** C/RTL co-simulation file generation completed. ***
INFO: [COSIM 212-323] Starting verilog simulation. 
INFO: [COSIM 212-15] Starting XSIM ...
INFO: [COSIM 212-316] Starting C post checking ...
INFO: [COSIM 212-1000] *** C/RTL co-simulation finished: PASS ***
INFO: [HLS 200-111] Finished Command cosim_design CPU user time: 1 seconds. CPU system time: 0 seconds. Elapsed time: 14.197 seconds; current allocated memory: 7.547 MB.
==============================================================
Vitis HLS - High-Level Synthesis from C, C++ and OpenCL v2023.1 (64-bit)
Tool Version Limit: 2023.05
Copyright 1986-2022 Xilinx, Inc. All Rights Reserved.
Copyright 2022-2023 Advanced Micro Devices, Inc. All Rights Reserved.

==============================================================
INFO: [SYN 201-201] Setting up clock 'default' with a period of 10ns.
INFO: [HLS 200-1611] Setting target device to 'xc7z020-clg484-1'
INFO: [HLS 200-1505] Using flow_target 'vivado'
INFO: [HLS 200-1464] Running solution command: config_cosim -tool=xsim
INFO: [HLS 200-1464] Running solution command: config_export -format=ip_catalog
INFO: [HLS 200-1464] Running solution command: config_export -rtl=verilog
INFO: [HLS 200-1510] Running: set_part xc7z020clg484-1 
INFO: [HLS 200-1510] Running: create_clock -period 10 -name default 
INFO: [HLS 200-1510] Running: config_cosim -tool xsim 
INFO: [HLS 200-1510] Running: config_export -format ip_catalog -rtl verilog 
INFO: [HLS 200-1510] Running: source ./fir/iz_solution1/directives.tcl
INFO: [HLS 200-1510] Running: set_directive_top -name fir fir 
INFO: [HLS 200-1510] Running: set_directive_interface -mode s_axilite -bundle fir_io fir 
INFO: [HLS 200-1510] Running: export_design -rtl verilog -format ip_catalog 
INFO: [IMPL 213-8] Exporting RTL as a Vivado IP.
INFO: [HLS 200-802] Generated output file fir/iz_solution1/impl/export.zip
INFO: [HLS 200-111] Finished Command export_design CPU user time: 1 seconds. CPU system time: 1 seconds. Elapsed time: 10.357 seconds; current allocated memory: 7.406 MB.
==============================================================
Vitis HLS - High-Level Synthesis from C, C++ and OpenCL v2023.1 (64-bit)
Tool Version Limit: 2023.05
Copyright 1986-2022 Xilinx, Inc. All Rights Reserved.
Copyright 2022-2023 Advanced Micro Devices, Inc. All Rights Reserved.

==============================================================
INFO: [SYN 201-201] Setting up clock 'default' with a period of 10ns.
INFO: [HLS 200-1611] Setting target device to 'xc7z020-clg484-1'
INFO: [HLS 200-1505] Using flow_target 'vivado'
INFO: [HLS 200-1464] Running solution command: config_cosim -tool=xsim
INFO: [HLS 200-1464] Running solution command: config_export -format=ip_catalog
INFO: [HLS 200-1464] Running solution command: config_export -rtl=verilog
INFO: [HLS 200-1510] Running: set_part xc7z020clg484-1 
INFO: [HLS 200-1510] Running: create_clock -period 10 -name default 
INFO: [HLS 200-1510] Running: config_cosim -tool xsim 
INFO: [HLS 200-1510] Running: config_export -format ip_catalog -rtl verilog 
INFO: [HLS 200-1510] Running: source ./fir/iz_solution1/directives.tcl
INFO: [HLS 200-1510] Running: set_directive_top -name fir fir 
INFO: [HLS 200-1510] Running: set_directive_interface -mode s_axilite -bundle fir_io fir 
INFO: [HLS 200-1510] Running: csim_design -quiet 
INFO: [SIM 211-2] *************** CSIM start ***************
INFO: [SIM 211-4] CSIM will launch GCC as the compiler.
INFO: [HLS 200-2036] Building debug C Simulation binaries
INFO: [SIM 211-1] CSim done with 0 errors.
INFO: [SIM 211-3] *************** CSIM finish ***************
INFO: [HLS 200-111] Finished Command csim_design CPU user time: 0 seconds. CPU system time: 0 seconds. Elapsed time: 0.494 seconds; current allocated memory: 0.355 MB.
==============================================================
Vitis HLS - High-Level Synthesis from C, C++ and OpenCL v2023.1 (64-bit)
Tool Version Limit: 2023.05
Copyright 1986-2022 Xilinx, Inc. All Rights Reserved.
Copyright 2022-2023 Advanced Micro Devices, Inc. All Rights Reserved.

==============================================================
INFO: [SYN 201-201] Setting up clock 'default' with a period of 10ns.
INFO: [HLS 200-1611] Setting target device to 'xc7z020-clg484-1'
INFO: [HLS 200-1505] Using flow_target 'vivado'
INFO: [HLS 200-1464] Running solution command: config_cosim -tool=xsim
INFO: [HLS 200-1464] Running solution command: config_export -format=ip_catalog
INFO: [HLS 200-1464] Running solution command: config_export -rtl=verilog
INFO: [HLS 200-1510] Running: set_part xc7z020clg484-1 
INFO: [HLS 200-1510] Running: create_clock -period 10 -name default 
INFO: [HLS 200-1510] Running: config_cosim -tool xsim 
INFO: [HLS 200-1510] Running: config_export -format ip_catalog -rtl verilog 
INFO: [HLS 200-1510] Running: source ./fir/iz_solution1/directives.tcl
INFO: [HLS 200-1510] Running: set_directive_top -name fir fir 
INFO: [HLS 200-1510] Running: set_directive_interface -mode s_axilite -bundle fir_io fir 
INFO: [HLS 200-1510] Running: csim_design -quiet 
INFO: [SIM 211-2] *************** CSIM start ***************
INFO: [SIM 211-4] CSIM will launch GCC as the compiler.
INFO: [HLS 200-2036] Building debug C Simulation binaries
INFO: [SIM 211-1] CSim done with 0 errors.
INFO: [SIM 211-3] *************** CSIM finish ***************
INFO: [HLS 200-111] Finished Command csim_design CPU user time: 1 seconds. CPU system time: 1 seconds. Elapsed time: 5.153 seconds; current allocated memory: 0.398 MB.
==============================================================
Vitis HLS - High-Level Synthesis from C, C++ and OpenCL v2023.1 (64-bit)
Tool Version Limit: 2023.05
Copyright 1986-2022 Xilinx, Inc. All Rights Reserved.
Copyright 2022-2023 Advanced Micro Devices, Inc. All Rights Reserved.

==============================================================
INFO: [SYN 201-201] Setting up clock 'default' with a period of 10ns.
INFO: [HLS 200-1611] Setting target device to 'xc7z020-clg484-1'
INFO: [HLS 200-1505] Using flow_target 'vivado'
INFO: [HLS 200-1464] Running solution command: config_cosim -tool=xsim
INFO: [HLS 200-1464] Running solution command: config_export -format=ip_catalog
INFO: [HLS 200-1464] Running solution command: config_export -rtl=verilog
INFO: [HLS 200-1510] Running: set_part xc7z020clg484-1 
INFO: [HLS 200-1510] Running: create_clock -period 10 -name default 
INFO: [HLS 200-1510] Running: config_cosim -tool xsim 
INFO: [HLS 200-1510] Running: config_export -format ip_catalog -rtl verilog 
INFO: [HLS 200-1510] Running: source ./fir/iz_solution1/directives.tcl
INFO: [HLS 200-1510] Running: set_directive_top -name fir fir 
INFO: [HLS 200-1510] Running: set_directive_interface -mode s_axilite -bundle fir_io fir 
INFO: [HLS 200-1510] Running: csynth_design 
WARNING: [HLS 200-40] Skipped source file 'fir_coef.dat'. Source files must have extensions .c, .C, .cc, .cpp, .c++, .cp, or .cxx.
WARNING: [HLS 200-40] Skipped source file 'fir_coef_2.dat'. Source files must have extensions .c, .C, .cc, .cpp, .c++, .cp, or .cxx.
INFO: [HLS 200-111] Finished File checks and directory preparation: CPU user time: 0 seconds. CPU system time: 0 seconds. Elapsed time: 0.095 seconds; current allocated memory: 533.695 MB.
INFO: [HLS 200-10] Analyzing design file '../xup_high_level_synthesis_design_flow-main/source/lab4/fir.cpp' ... 
WARNING: [HLS 207-943] This header file cannot be used in a C++ design. C-synthesis will fail.  (F:/Xilinx/Vitis/Vitis_HLS/2023.1/common/technology/autopilot\legacy/ap_cint.h:14:2)
INFO: [HLS 200-111] Finished Source Code Analysis and Preprocessing: CPU user time: 0 seconds. CPU system time: 1 seconds. Elapsed time: 0.8 seconds; current allocated memory: 534.605 MB.
INFO: [HLS 200-777] Using interface defaults for 'Vivado' flow target.
WARNING: [HLS 214-167] The program may have out of bound array access (../xup_high_level_synthesis_design_flow-main/source/lab4/fir.cpp:28:37)
INFO: [HLS 200-111] Finished Compiling Optimization and Transform: CPU user time: 0 seconds. CPU system time: 0 seconds. Elapsed time: 2.079 seconds; current allocated memory: 535.805 MB.
INFO: [HLS 200-111] Finished Checking Pragmas: CPU user time: 0 seconds. CPU system time: 0 seconds. Elapsed time: 0.003 seconds; current allocated memory: 535.805 MB.
INFO: [HLS 200-10] Starting code transformations ...
INFO: [HLS 200-111] Finished Standard Transforms: CPU user time: 0 seconds. CPU system time: 0 seconds. Elapsed time: 0.018 seconds; current allocated memory: 541.273 MB.
INFO: [HLS 200-10] Checking synthesizability ...
INFO: [HLS 200-111] Finished Checking Synthesizability: CPU user time: 0 seconds. CPU system time: 0 seconds. Elapsed time: 0.019 seconds; current allocated memory: 542.547 MB.
INFO: [XFORM 203-510] Pipelining loop 'loop' (../xup_high_level_synthesis_design_flow-main/source/lab4/fir.cpp:27) in function 'fir' automatically.
INFO: [HLS 200-111] Finished Loop, function and other optimizations: CPU user time: 0 seconds. CPU system time: 0 seconds. Elapsed time: 0.04 seconds; current allocated memory: 563.914 MB.
INFO: [HLS 200-111] Finished Architecture Synthesis: CPU user time: 0 seconds. CPU system time: 0 seconds. Elapsed time: 0.026 seconds; current allocated memory: 566.949 MB.
INFO: [HLS 200-10] Starting hardware synthesis ...
INFO: [HLS 200-10] Synthesizing 'fir' ...
INFO: [HLS 200-10] ----------------------------------------------------------------
INFO: [HLS 200-42] -- Implementing module 'fir_Pipeline_loop' 
INFO: [HLS 200-10] ----------------------------------------------------------------
INFO: [SCHED 204-11] Starting scheduling ...
INFO: [HLS 200-486] Changing DSP latency (root=mul_ln28) to 3 in order to utilize available DSP registers.
INFO: [SCHED 204-61] Pipelining loop 'loop'.
INFO: [HLS 200-1470] Pipelining result : Target II = NA, Final II = 1, Depth = 5, loop 'loop'
INFO: [SCHED 204-11] Finished scheduling.
INFO: [HLS 200-111] Finished Scheduling: CPU user time: 0 seconds. CPU system time: 0 seconds. Elapsed time: 0.174 seconds; current allocated memory: 571.172 MB.
INFO: [BIND 205-100] Starting micro-architecture generation ...
INFO: [BIND 205-101] Performing variable lifetime analysis.
INFO: [BIND 205-101] Exploring resource sharing.
INFO: [BIND 205-101] Binding ...
INFO: [BIND 205-100] Finished micro-architecture generation.
INFO: [HLS 200-111] Finished Binding: CPU user time: 0 seconds. CPU system time: 0 seconds. Elapsed time: 0.075 seconds; current allocated memory: 572.375 MB.
INFO: [HLS 200-10] ----------------------------------------------------------------
INFO: [HLS 200-42] -- Implementing module 'fir' 
INFO: [HLS 200-10] ----------------------------------------------------------------
INFO: [SCHED 204-11] Starting scheduling ...
INFO: [HLS 200-486] Changing DSP latency (root=mul_ln31) to 3 in order to utilize available DSP registers.
INFO: [SCHED 204-11] Finished scheduling.
INFO: [HLS 200-111] Finished Scheduling: CPU user time: 0 seconds. CPU system time: 0 seconds. Elapsed time: 0.082 seconds; current allocated memory: 572.973 MB.
INFO: [BIND 205-100] Starting micro-architecture generation ...
INFO: [BIND 205-101] Performing variable lifetime analysis.
INFO: [BIND 205-101] Exploring resource sharing.
INFO: [BIND 205-101] Binding ...
INFO: [BIND 205-100] Finished micro-architecture generation.
INFO: [HLS 200-111] Finished Binding: CPU user time: 0 seconds. CPU system time: 0 seconds. Elapsed time: 0.11 seconds; current allocated memory: 573.043 MB.
INFO: [HLS 200-10] ----------------------------------------------------------------
INFO: [HLS 200-10] -- Generating RTL for module 'fir_Pipeline_loop' 
INFO: [HLS 200-10] ----------------------------------------------------------------
WARNING: [HLS 200-2049] Adding the rewind optimization to the pipelined process 'loop' with inout ports inside a dataflow region can result in the creation of loop-carried dependencies and errors. Use caution when adding the rewind optimization to such loops.
INFO: [HLS 200-1030] Apply Unified Pipeline Control on module 'fir_Pipeline_loop' pipeline 'loop' pipeline type 'loop pipeline'
INFO: [RTGEN 206-100] Generating core module 'mac_muladd_16s_16s_37s_37_4_1': 1 instance(s).
INFO: [RTGEN 206-100] Finished creating RTL model for 'fir_Pipeline_loop'.
INFO: [RTMG 210-279] Implementing memory 'fir_fir_Pipeline_loop_c1_ROM_AUTO_1R' using auto ROMs.
INFO: [RTMG 210-279] Implementing memory 'fir_fir_Pipeline_loop_c2_ROM_AUTO_1R' using auto ROMs.
INFO: [HLS 200-111] Finished Creating RTL model: CPU user time: 0 seconds. CPU system time: 0 seconds. Elapsed time: 0.09 seconds; current allocated memory: 575.359 MB.
INFO: [HLS 200-10] ----------------------------------------------------------------
INFO: [HLS 200-10] -- Generating RTL for module 'fir' 
INFO: [HLS 200-10] ----------------------------------------------------------------
WARNING: [RTGEN 206-101] Design contains AXI ports. Reset is fixed to synchronous and active low.
INFO: [RTGEN 206-500] Setting interface mode on port 'fir/y' to 's_axilite & ap_vld'.
INFO: [RTGEN 206-500] Setting interface mode on port 'fir/x' to 's_axilite & ap_none'.
INFO: [RTGEN 206-500] Setting interface mode on port 'fir/switch_var' to 'ap_none'.
INFO: [RTGEN 206-500] Setting interface mode on function 'fir' to 's_axilite & ap_ctrl_hs'.
INFO: [RTGEN 206-100] Bundling port 'y', 'x' and 'return' to AXI-Lite port fir_io.
INFO: [RTGEN 206-100] Generating core module 'mac_muladd_10s_16s_31s_31_4_1': 1 instance(s).
INFO: [RTGEN 206-100] Generating core module 'mul_25s_16s_25_1_1': 1 instance(s).
INFO: [RTGEN 206-100] Finished creating RTL model for 'fir'.
INFO: [RTMG 210-278] Implementing memory 'fir_shift_reg_RAM_AUTO_1R1W' using auto RAMs.
INFO: [HLS 200-111] Finished Creating RTL model: CPU user time: 0 seconds. CPU system time: 0 seconds. Elapsed time: 0.215 seconds; current allocated memory: 577.391 MB.
INFO: [HLS 200-111] Finished Generating all RTL models: CPU user time: 0 seconds. CPU system time: 0 seconds. Elapsed time: 0.483 seconds; current allocated memory: 582.516 MB.
INFO: [HLS 200-111] Finished Updating report files: CPU user time: 1 seconds. CPU system time: 0 seconds. Elapsed time: 0.492 seconds; current allocated memory: 588.637 MB.
INFO: [VHDL 208-304] Generating VHDL RTL for fir.
INFO: [VLOG 209-307] Generating Verilog RTL for fir.
INFO: [HLS 200-790] **** Loop Constraint Status: All loop constraints were satisfied.
INFO: [HLS 200-789] **** Estimated Fmax: 150.38 MHz
INFO: [HLS 200-111] Finished Command csynth_design CPU user time: 1 seconds. CPU system time: 1 seconds. Elapsed time: 4.895 seconds; current allocated memory: 55.035 MB.
==============================================================
Vitis HLS - High-Level Synthesis from C, C++ and OpenCL v2023.1 (64-bit)
Tool Version Limit: 2023.05
Copyright 1986-2022 Xilinx, Inc. All Rights Reserved.
Copyright 2022-2023 Advanced Micro Devices, Inc. All Rights Reserved.

==============================================================
INFO: [SYN 201-201] Setting up clock 'default' with a period of 10ns.
INFO: [HLS 200-1611] Setting target device to 'xc7z020-clg484-1'
INFO: [HLS 200-1505] Using flow_target 'vivado'
INFO: [HLS 200-1464] Running solution command: config_cosim -tool=xsim
INFO: [HLS 200-1464] Running solution command: config_export -format=ip_catalog
INFO: [HLS 200-1464] Running solution command: config_export -rtl=verilog
INFO: [HLS 200-1510] Running: set_part xc7z020clg484-1 
INFO: [HLS 200-1510] Running: create_clock -period 10 -name default 
INFO: [HLS 200-1510] Running: config_cosim -tool xsim 
INFO: [HLS 200-1510] Running: config_export -format ip_catalog -rtl verilog 
INFO: [HLS 200-1510] Running: source ./fir/iz_solution1/directives.tcl
INFO: [HLS 200-1510] Running: set_directive_top -name fir fir 
INFO: [HLS 200-1510] Running: set_directive_interface -mode s_axilite -bundle fir_io fir 
INFO: [HLS 200-1510] Running: cosim_design 
INFO: [COSIM 212-47] Using XSIM for RTL simulation.
INFO: [COSIM 212-14] Instrumenting C test bench ...
INFO: [COSIM 212-302] Starting C TB testing ... 
INFO: [COSIM 212-333] Generating C post check test bench ...
INFO: [COSIM 212-12] Generating RTL test bench ...
INFO: [COSIM 212-1] *** C/RTL co-simulation file generation completed. ***
INFO: [COSIM 212-323] Starting verilog simulation. 
INFO: [COSIM 212-15] Starting XSIM ...
INFO: [COSIM 212-316] Starting C post checking ...
INFO: [COSIM 212-1000] *** C/RTL co-simulation finished: PASS ***
INFO: [HLS 200-111] Finished Command cosim_design CPU user time: 0 seconds. CPU system time: 0 seconds. Elapsed time: 12.769 seconds; current allocated memory: 7.320 MB.
==============================================================
Vitis HLS - High-Level Synthesis from C, C++ and OpenCL v2023.1 (64-bit)
Tool Version Limit: 2023.05
Copyright 1986-2022 Xilinx, Inc. All Rights Reserved.
Copyright 2022-2023 Advanced Micro Devices, Inc. All Rights Reserved.

==============================================================
INFO: [SYN 201-201] Setting up clock 'default' with a period of 10ns.
INFO: [HLS 200-1611] Setting target device to 'xc7z020-clg484-1'
INFO: [HLS 200-1505] Using flow_target 'vivado'
INFO: [HLS 200-1464] Running solution command: config_cosim -tool=xsim
INFO: [HLS 200-1464] Running solution command: config_export -format=ip_catalog
INFO: [HLS 200-1464] Running solution command: config_export -rtl=verilog
INFO: [HLS 200-1510] Running: set_part xc7z020clg484-1 
INFO: [HLS 200-1510] Running: create_clock -period 10 -name default 
INFO: [HLS 200-1510] Running: config_cosim -tool xsim 
INFO: [HLS 200-1510] Running: config_export -format ip_catalog -rtl verilog 
INFO: [HLS 200-1510] Running: source ./fir/iz_solution1/directives.tcl
INFO: [HLS 200-1510] Running: set_directive_top -name fir fir 
INFO: [HLS 200-1510] Running: set_directive_interface -mode s_axilite -bundle fir_io fir 
INFO: [HLS 200-1510] Running: export_design -rtl verilog -format ip_catalog 
INFO: [IMPL 213-8] Exporting RTL as a Vivado IP.
INFO: [HLS 200-802] Generated output file fir/iz_solution1/impl/export.zip
INFO: [HLS 200-111] Finished Command export_design CPU user time: 1 seconds. CPU system time: 0 seconds. Elapsed time: 10.37 seconds; current allocated memory: 6.879 MB.
==============================================================
Vitis HLS - High-Level Synthesis from C, C++ and OpenCL v2023.1 (64-bit)
Tool Version Limit: 2023.05
Copyright 1986-2022 Xilinx, Inc. All Rights Reserved.
Copyright 2022-2023 Advanced Micro Devices, Inc. All Rights Reserved.

==============================================================
INFO: [SYN 201-201] Setting up clock 'default' with a period of 10ns.
INFO: [HLS 200-1611] Setting target device to 'xc7z020-clg484-1'
INFO: [HLS 200-1505] Using flow_target 'vivado'
INFO: [HLS 200-1464] Running solution command: config_cosim -tool=xsim
INFO: [HLS 200-1464] Running solution command: config_export -format=ip_catalog
INFO: [HLS 200-1464] Running solution command: config_export -rtl=verilog
INFO: [HLS 200-1510] Running: set_part xc7z020clg484-1 
INFO: [HLS 200-1510] Running: create_clock -period 10 -name default 
INFO: [HLS 200-1510] Running: config_cosim -tool xsim 
INFO: [HLS 200-1510] Running: config_export -format ip_catalog -rtl verilog 
INFO: [HLS 200-1510] Running: source ./fir/iz_solution1/directives.tcl
INFO: [HLS 200-1510] Running: set_directive_top -name fir fir 
INFO: [HLS 200-1510] Running: set_directive_interface -mode s_axilite -bundle fir_io fir 
INFO: [HLS 200-1510] Running: csim_design -quiet 
INFO: [SIM 211-2] *************** CSIM start ***************
INFO: [SIM 211-4] CSIM will launch GCC as the compiler.
INFO: [HLS 200-2036] Building debug C Simulation binaries
INFO: [SIM 211-1] CSim done with 0 errors.
INFO: [SIM 211-3] *************** CSIM finish ***************
INFO: [HLS 200-111] Finished Command csim_design CPU user time: 1 seconds. CPU system time: 1 seconds. Elapsed time: 5.189 seconds; current allocated memory: 0.449 MB.
==============================================================
Vitis HLS - High-Level Synthesis from C, C++ and OpenCL v2023.1 (64-bit)
Tool Version Limit: 2023.05
Copyright 1986-2022 Xilinx, Inc. All Rights Reserved.
Copyright 2022-2023 Advanced Micro Devices, Inc. All Rights Reserved.

==============================================================
INFO: [SYN 201-201] Setting up clock 'default' with a period of 10ns.
INFO: [HLS 200-1611] Setting target device to 'xc7z020-clg484-1'
INFO: [HLS 200-1505] Using flow_target 'vivado'
INFO: [HLS 200-1464] Running solution command: config_cosim -tool=xsim
INFO: [HLS 200-1464] Running solution command: config_export -format=ip_catalog
INFO: [HLS 200-1464] Running solution command: config_export -rtl=verilog
INFO: [HLS 200-1510] Running: set_part xc7z020clg484-1 
INFO: [HLS 200-1510] Running: create_clock -period 10 -name default 
INFO: [HLS 200-1510] Running: config_cosim -tool xsim 
INFO: [HLS 200-1510] Running: config_export -format ip_catalog -rtl verilog 
INFO: [HLS 200-1510] Running: source ./fir/iz_solution1/directives.tcl
INFO: [HLS 200-1510] Running: set_directive_top -name fir fir 
INFO: [HLS 200-1510] Running: set_directive_interface -mode s_axilite -bundle fir_io fir 
INFO: [HLS 200-1510] Running: csynth_design 
WARNING: [HLS 200-40] Skipped source file 'fir_coef.dat'. Source files must have extensions .c, .C, .cc, .cpp, .c++, .cp, or .cxx.
WARNING: [HLS 200-40] Skipped source file 'fir_coef_2.dat'. Source files must have extensions .c, .C, .cc, .cpp, .c++, .cp, or .cxx.
INFO: [HLS 200-111] Finished File checks and directory preparation: CPU user time: 0 seconds. CPU system time: 0 seconds. Elapsed time: 0.092 seconds; current allocated memory: 533.902 MB.
INFO: [HLS 200-10] Analyzing design file '../xup_high_level_synthesis_design_flow-main/source/lab4/fir.cpp' ... 
WARNING: [HLS 207-943] This header file cannot be used in a C++ design. C-synthesis will fail.  (F:/Xilinx/Vitis/Vitis_HLS/2023.1/common/technology/autopilot\legacy/ap_cint.h:14:2)
INFO: [HLS 200-111] Finished Source Code Analysis and Preprocessing: CPU user time: 0 seconds. CPU system time: 0 seconds. Elapsed time: 0.788 seconds; current allocated memory: 534.516 MB.
INFO: [HLS 200-777] Using interface defaults for 'Vivado' flow target.
WARNING: [HLS 214-167] The program may have out of bound array access (../xup_high_level_synthesis_design_flow-main/source/lab4/fir.cpp:28:37)
INFO: [HLS 200-111] Finished Compiling Optimization and Transform: CPU user time: 0 seconds. CPU system time: 0 seconds. Elapsed time: 2.021 seconds; current allocated memory: 536.434 MB.
INFO: [HLS 200-111] Finished Checking Pragmas: CPU user time: 0 seconds. CPU system time: 0 seconds. Elapsed time: 0.002 seconds; current allocated memory: 536.438 MB.
INFO: [HLS 200-10] Starting code transformations ...
INFO: [HLS 200-111] Finished Standard Transforms: CPU user time: 0 seconds. CPU system time: 0 seconds. Elapsed time: 0.019 seconds; current allocated memory: 541.656 MB.
INFO: [HLS 200-10] Checking synthesizability ...
INFO: [HLS 200-111] Finished Checking Synthesizability: CPU user time: 0 seconds. CPU system time: 0 seconds. Elapsed time: 0.019 seconds; current allocated memory: 542.867 MB.
INFO: [XFORM 203-510] Pipelining loop 'loop' (../xup_high_level_synthesis_design_flow-main/source/lab4/fir.cpp:27) in function 'fir' automatically.
INFO: [HLS 200-111] Finished Loop, function and other optimizations: CPU user time: 0 seconds. CPU system time: 0 seconds. Elapsed time: 0.039 seconds; current allocated memory: 564.289 MB.
INFO: [HLS 200-111] Finished Architecture Synthesis: CPU user time: 0 seconds. CPU system time: 0 seconds. Elapsed time: 0.026 seconds; current allocated memory: 567.203 MB.
INFO: [HLS 200-10] Starting hardware synthesis ...
INFO: [HLS 200-10] Synthesizing 'fir' ...
INFO: [HLS 200-10] ----------------------------------------------------------------
INFO: [HLS 200-42] -- Implementing module 'fir_Pipeline_loop' 
INFO: [HLS 200-10] ----------------------------------------------------------------
INFO: [SCHED 204-11] Starting scheduling ...
INFO: [HLS 200-486] Changing DSP latency (root=mul_ln28) to 3 in order to utilize available DSP registers.
INFO: [SCHED 204-61] Pipelining loop 'loop'.
INFO: [HLS 200-1470] Pipelining result : Target II = NA, Final II = 1, Depth = 5, loop 'loop'
INFO: [SCHED 204-11] Finished scheduling.
INFO: [HLS 200-111] Finished Scheduling: CPU user time: 0 seconds. CPU system time: 0 seconds. Elapsed time: 0.189 seconds; current allocated memory: 571.379 MB.
INFO: [BIND 205-100] Starting micro-architecture generation ...
INFO: [BIND 205-101] Performing variable lifetime analysis.
INFO: [BIND 205-101] Exploring resource sharing.
INFO: [BIND 205-101] Binding ...
INFO: [BIND 205-100] Finished micro-architecture generation.
INFO: [HLS 200-111] Finished Binding: CPU user time: 0 seconds. CPU system time: 0 seconds. Elapsed time: 0.073 seconds; current allocated memory: 572.570 MB.
INFO: [HLS 200-10] ----------------------------------------------------------------
INFO: [HLS 200-42] -- Implementing module 'fir' 
INFO: [HLS 200-10] ----------------------------------------------------------------
INFO: [SCHED 204-11] Starting scheduling ...
INFO: [HLS 200-486] Changing DSP latency (root=mul_ln31) to 3 in order to utilize available DSP registers.
INFO: [SCHED 204-11] Finished scheduling.
INFO: [HLS 200-111] Finished Scheduling: CPU user time: 0 seconds. CPU system time: 0 seconds. Elapsed time: 0.09 seconds; current allocated memory: 572.922 MB.
INFO: [BIND 205-100] Starting micro-architecture generation ...
INFO: [BIND 205-101] Performing variable lifetime analysis.
INFO: [BIND 205-101] Exploring resource sharing.
INFO: [BIND 205-101] Binding ...
INFO: [BIND 205-100] Finished micro-architecture generation.
INFO: [HLS 200-111] Finished Binding: CPU user time: 0 seconds. CPU system time: 0 seconds. Elapsed time: 0.118 seconds; current allocated memory: 573.137 MB.
INFO: [HLS 200-10] ----------------------------------------------------------------
INFO: [HLS 200-10] -- Generating RTL for module 'fir_Pipeline_loop' 
INFO: [HLS 200-10] ----------------------------------------------------------------
WARNING: [HLS 200-2049] Adding the rewind optimization to the pipelined process 'loop' with inout ports inside a dataflow region can result in the creation of loop-carried dependencies and errors. Use caution when adding the rewind optimization to such loops.
INFO: [HLS 200-1030] Apply Unified Pipeline Control on module 'fir_Pipeline_loop' pipeline 'loop' pipeline type 'loop pipeline'
INFO: [RTGEN 206-100] Generating core module 'mac_muladd_16s_16s_37s_37_4_1': 1 instance(s).
INFO: [RTGEN 206-100] Finished creating RTL model for 'fir_Pipeline_loop'.
INFO: [RTMG 210-279] Implementing memory 'fir_fir_Pipeline_loop_c1_ROM_AUTO_1R' using auto ROMs.
INFO: [RTMG 210-279] Implementing memory 'fir_fir_Pipeline_loop_c2_ROM_AUTO_1R' using auto ROMs.
INFO: [HLS 200-111] Finished Creating RTL model: CPU user time: 0 seconds. CPU system time: 0 seconds. Elapsed time: 0.099 seconds; current allocated memory: 575.613 MB.
INFO: [HLS 200-10] ----------------------------------------------------------------
INFO: [HLS 200-10] -- Generating RTL for module 'fir' 
INFO: [HLS 200-10] ----------------------------------------------------------------
WARNING: [RTGEN 206-101] Design contains AXI ports. Reset is fixed to synchronous and active low.
INFO: [RTGEN 206-500] Setting interface mode on port 'fir/y' to 's_axilite & ap_vld'.
INFO: [RTGEN 206-500] Setting interface mode on port 'fir/x' to 's_axilite & ap_none'.
INFO: [RTGEN 206-500] Setting interface mode on port 'fir/switch_var' to 'ap_none'.
INFO: [RTGEN 206-500] Setting interface mode on function 'fir' to 's_axilite & ap_ctrl_hs'.
INFO: [RTGEN 206-100] Bundling port 'y', 'x' and 'return' to AXI-Lite port fir_io.
INFO: [RTGEN 206-100] Generating core module 'mac_muladd_13s_16s_31s_31_4_1': 1 instance(s).
INFO: [RTGEN 206-100] Generating core module 'mul_28s_16s_28_3_1': 1 instance(s).
INFO: [RTGEN 206-100] Finished creating RTL model for 'fir'.
INFO: [RTMG 210-278] Implementing memory 'fir_shift_reg_RAM_AUTO_1R1W' using auto RAMs.
INFO: [HLS 200-111] Finished Creating RTL model: CPU user time: 0 seconds. CPU system time: 0 seconds. Elapsed time: 0.247 seconds; current allocated memory: 577.691 MB.
INFO: [HLS 200-111] Finished Generating all RTL models: CPU user time: 0 seconds. CPU system time: 0 seconds. Elapsed time: 0.585 seconds; current allocated memory: 583.062 MB.
INFO: [HLS 200-111] Finished Updating report files: CPU user time: 1 seconds. CPU system time: 0 seconds. Elapsed time: 0.502 seconds; current allocated memory: 589.055 MB.
INFO: [VHDL 208-304] Generating VHDL RTL for fir.
INFO: [VLOG 209-307] Generating Verilog RTL for fir.
INFO: [HLS 200-790] **** Loop Constraint Status: All loop constraints were satisfied.
INFO: [HLS 200-789] **** Estimated Fmax: 141.24 MHz
INFO: [HLS 200-111] Finished Command csynth_design CPU user time: 1 seconds. CPU system time: 0 seconds. Elapsed time: 5.012 seconds; current allocated memory: 55.375 MB.
==============================================================
Vitis HLS - High-Level Synthesis from C, C++ and OpenCL v2023.1 (64-bit)
Tool Version Limit: 2023.05
Copyright 1986-2022 Xilinx, Inc. All Rights Reserved.
Copyright 2022-2023 Advanced Micro Devices, Inc. All Rights Reserved.

==============================================================
INFO: [SYN 201-201] Setting up clock 'default' with a period of 10ns.
INFO: [HLS 200-1611] Setting target device to 'xc7z020-clg484-1'
INFO: [HLS 200-1505] Using flow_target 'vivado'
INFO: [HLS 200-1464] Running solution command: config_cosim -tool=xsim
INFO: [HLS 200-1464] Running solution command: config_export -format=ip_catalog
INFO: [HLS 200-1464] Running solution command: config_export -rtl=verilog
INFO: [HLS 200-1510] Running: set_part xc7z020clg484-1 
INFO: [HLS 200-1510] Running: create_clock -period 10 -name default 
INFO: [HLS 200-1510] Running: config_cosim -tool xsim 
INFO: [HLS 200-1510] Running: config_export -format ip_catalog -rtl verilog 
INFO: [HLS 200-1510] Running: source ./fir/iz_solution1/directives.tcl
INFO: [HLS 200-1510] Running: set_directive_top -name fir fir 
INFO: [HLS 200-1510] Running: set_directive_interface -mode s_axilite -bundle fir_io fir 
INFO: [HLS 200-1510] Running: cosim_design 
INFO: [COSIM 212-47] Using XSIM for RTL simulation.
INFO: [COSIM 212-14] Instrumenting C test bench ...
INFO: [COSIM 212-302] Starting C TB testing ... 
INFO: [COSIM 212-333] Generating C post check test bench ...
INFO: [COSIM 212-12] Generating RTL test bench ...
INFO: [COSIM 212-1] *** C/RTL co-simulation file generation completed. ***
INFO: [COSIM 212-323] Starting verilog simulation. 
INFO: [COSIM 212-15] Starting XSIM ...
INFO: [COSIM 212-316] Starting C post checking ...
INFO: [COSIM 212-1000] *** C/RTL co-simulation finished: PASS ***
INFO: [HLS 200-111] Finished Command cosim_design CPU user time: 1 seconds. CPU system time: 1 seconds. Elapsed time: 12.998 seconds; current allocated memory: 7.008 MB.
==============================================================
Vitis HLS - High-Level Synthesis from C, C++ and OpenCL v2023.1 (64-bit)
Tool Version Limit: 2023.05
Copyright 1986-2022 Xilinx, Inc. All Rights Reserved.
Copyright 2022-2023 Advanced Micro Devices, Inc. All Rights Reserved.

==============================================================
INFO: [SYN 201-201] Setting up clock 'default' with a period of 10ns.
INFO: [HLS 200-1611] Setting target device to 'xc7z020-clg484-1'
INFO: [HLS 200-1505] Using flow_target 'vivado'
INFO: [HLS 200-1464] Running solution command: config_cosim -tool=xsim
INFO: [HLS 200-1464] Running solution command: config_export -format=ip_catalog
INFO: [HLS 200-1464] Running solution command: config_export -rtl=verilog
INFO: [HLS 200-1510] Running: set_part xc7z020clg484-1 
INFO: [HLS 200-1510] Running: create_clock -period 10 -name default 
INFO: [HLS 200-1510] Running: config_cosim -tool xsim 
INFO: [HLS 200-1510] Running: config_export -format ip_catalog -rtl verilog 
INFO: [HLS 200-1510] Running: source ./fir/iz_solution1/directives.tcl
INFO: [HLS 200-1510] Running: set_directive_top -name fir fir 
INFO: [HLS 200-1510] Running: set_directive_interface -mode s_axilite -bundle fir_io fir 
INFO: [HLS 200-1510] Running: export_design -rtl verilog -format ip_catalog 
INFO: [IMPL 213-8] Exporting RTL as a Vivado IP.
INFO: [HLS 200-802] Generated output file fir/iz_solution1/impl/export.zip
INFO: [HLS 200-111] Finished Command export_design CPU user time: 1 seconds. CPU system time: 1 seconds. Elapsed time: 10.351 seconds; current allocated memory: 7.480 MB.
