TRACE::2024-12-01.21:18:11::SCWPlatform::Trying to open the hw design at F:/Education/FPGA_Labs/Labs_2/lab4/audio_new/audio/hw/design_1_wrapper.xsa
TRACE::2024-12-01.21:18:11::SCWPlatform::DSA given F:/Education/FPGA_Labs/Labs_2/lab4/audio_new/audio/hw/design_1_wrapper.xsa
TRACE::2024-12-01.21:18:11::SCWPlatform::DSA absoulate path F:/Education/FPGA_Labs/Labs_2/lab4/audio_new/audio/hw/design_1_wrapper.xsa
TRACE::2024-12-01.21:18:11::SCWPlatform::DSA directory F:/Education/FPGA_Labs/Labs_2/lab4/audio_new/audio/hw
TRACE::2024-12-01.21:18:11::SCWPlatform:: Platform Path F:/Education/FPGA_Labs/Labs_2/lab4/audio_new/audio/hw/design_1_wrapper.xsa
TRACE::2024-12-01.21:18:11::SCWPlatform:: Unique name xilinx:zedboard::0.0
TRACE::2024-12-01.21:18:11::SCWPlatform::Do not have an existing db opened. 
TRACE::2024-12-01.21:18:13::SCWPlatform::Opened new HwDB with name design_1_wrapper_0
TRACE::2024-12-01.21:18:13::SCWWriter::formatted JSON is {
	"platformName":	"audio",
	"sprVersion":	"2.0",
	"mode":	"gui",
	"dsaType":	"Fixed",
	"platformDesc":	"audio",
	"platHandOff":	"F:/Education/FPGA_Labs/Labs_2/lab4/audio_new/design_1_wrapper.xsa",
	"platIntHandOff":	"<platformDir>/hw/design_1_wrapper.xsa",
	"deviceType":	"zynq",
	"platIsPrebuiltAutogen":	"false",
	"platIsNoBootBsp":	"false",
	"hasFsblMakeHasChanges":	"false",
	"hasPmufwMakeHasChanges":	"false",
	"platPreBuiltFlag":	false,
	"platformSamplesDir":	""
}
TRACE::2024-12-01.21:18:13::SCWWriter::formatted JSON is {
	"platformName":	"audio",
	"sprVersion":	"2.0",
	"mode":	"gui",
	"dsaType":	"Fixed",
	"platformDesc":	"audio",
	"platHandOff":	"F:/Education/FPGA_Labs/Labs_2/lab4/audio_new/design_1_wrapper.xsa",
	"platIntHandOff":	"<platformDir>/hw/design_1_wrapper.xsa",
	"deviceType":	"zynq",
	"platIsPrebuiltAutogen":	"false",
	"platIsNoBootBsp":	"false",
	"hasFsblMakeHasChanges":	"false",
	"hasPmufwMakeHasChanges":	"false",
	"platPreBuiltFlag":	false,
	"platformSamplesDir":	"",
	"platActiveSys":	"audio",
	"systems":	[{
			"systemName":	"audio",
			"systemDesc":	"audio",
			"sysIsBootAutoGen":	"true",
			"systemDispName":	"audio"
		}]
}
TRACE::2024-12-01.21:18:13::SCWPlatform::Boot application domains not present, creating them
TRACE::2024-12-01.21:18:13::SCWDomain::checking for install qemu data   : 
TRACE::2024-12-01.21:18:13::SCWDomain:: Using the QEMU Data from install at  : F:/Xilinx/Vitis/Vitis/2023.1/data/emulation/platforms/zynq/sw/a9_standalone/qemu/
TRACE::2024-12-01.21:18:13::SCWDomain:: Using the QEMU args  from install at  : F:/Xilinx/Vitis/Vitis/2023.1/data/emulation/platforms/zynq/sw/a9_standalone/qemu/qemu_args.txt
TRACE::2024-12-01.21:18:13::SCWPlatform::Trying to open the hw design at F:/Education/FPGA_Labs/Labs_2/lab4/audio_new/audio/hw/design_1_wrapper.xsa
TRACE::2024-12-01.21:18:13::SCWPlatform::DSA given F:/Education/FPGA_Labs/Labs_2/lab4/audio_new/audio/hw/design_1_wrapper.xsa
TRACE::2024-12-01.21:18:13::SCWPlatform::DSA absoulate path F:/Education/FPGA_Labs/Labs_2/lab4/audio_new/audio/hw/design_1_wrapper.xsa
TRACE::2024-12-01.21:18:13::SCWPlatform::DSA directory F:/Education/FPGA_Labs/Labs_2/lab4/audio_new/audio/hw
TRACE::2024-12-01.21:18:13::SCWPlatform:: Platform Path F:/Education/FPGA_Labs/Labs_2/lab4/audio_new/audio/hw/design_1_wrapper.xsa
TRACE::2024-12-01.21:18:13::SCWPlatform:: Unique name xilinx:zedboard::0.0
TRACE::2024-12-01.21:18:13::SCWPlatform::Trying to set the existing hwdb with name design_1_wrapper_0
TRACE::2024-12-01.21:18:13::SCWPlatform::Opened existing hwdb design_1_wrapper_0
TRACE::2024-12-01.21:18:13::SCWPlatform::Found the Hw Db part of the input DSA
TRACE::2024-12-01.21:18:13::SCWPlatform::Trying to open the hw design at F:/Education/FPGA_Labs/Labs_2/lab4/audio_new/audio/hw/design_1_wrapper.xsa
TRACE::2024-12-01.21:18:13::SCWPlatform::DSA given F:/Education/FPGA_Labs/Labs_2/lab4/audio_new/audio/hw/design_1_wrapper.xsa
TRACE::2024-12-01.21:18:13::SCWPlatform::DSA absoulate path F:/Education/FPGA_Labs/Labs_2/lab4/audio_new/audio/hw/design_1_wrapper.xsa
TRACE::2024-12-01.21:18:13::SCWPlatform::DSA directory F:/Education/FPGA_Labs/Labs_2/lab4/audio_new/audio/hw
TRACE::2024-12-01.21:18:13::SCWPlatform:: Platform Path F:/Education/FPGA_Labs/Labs_2/lab4/audio_new/audio/hw/design_1_wrapper.xsa
TRACE::2024-12-01.21:18:13::SCWPlatform:: Unique name xilinx:zedboard::0.0
TRACE::2024-12-01.21:18:13::SCWPlatform::Trying to set the existing hwdb with name design_1_wrapper_0
TRACE::2024-12-01.21:18:13::SCWPlatform::Opened existing hwdb design_1_wrapper_0
TRACE::2024-12-01.21:18:13::SCWPlatform::Found the Hw Db part of the input DSA
TRACE::2024-12-01.21:18:13::SCWPlatform::Trying to open the hw design at F:/Education/FPGA_Labs/Labs_2/lab4/audio_new/audio/hw/design_1_wrapper.xsa
TRACE::2024-12-01.21:18:13::SCWPlatform::DSA given F:/Education/FPGA_Labs/Labs_2/lab4/audio_new/audio/hw/design_1_wrapper.xsa
TRACE::2024-12-01.21:18:13::SCWPlatform::DSA absoulate path F:/Education/FPGA_Labs/Labs_2/lab4/audio_new/audio/hw/design_1_wrapper.xsa
TRACE::2024-12-01.21:18:13::SCWPlatform::DSA directory F:/Education/FPGA_Labs/Labs_2/lab4/audio_new/audio/hw
TRACE::2024-12-01.21:18:13::SCWPlatform:: Platform Path F:/Education/FPGA_Labs/Labs_2/lab4/audio_new/audio/hw/design_1_wrapper.xsa
TRACE::2024-12-01.21:18:13::SCWPlatform:: Unique name xilinx:zedboard::0.0
TRACE::2024-12-01.21:18:13::SCWPlatform::Trying to set the existing hwdb with name design_1_wrapper_0
TRACE::2024-12-01.21:18:13::SCWPlatform::Opened existing hwdb design_1_wrapper_0
TRACE::2024-12-01.21:18:13::SCWPlatform::Found the Hw Db part of the input DSA
TRACE::2024-12-01.21:18:13::SCWPlatform::Boot application domain added for zynq_fsbl
TRACE::2024-12-01.21:18:13::SCWPlatform::Generating the sources  .
TRACE::2024-12-01.21:18:13::SCWBDomain::Generating boot domain sources.
TRACE::2024-12-01.21:18:13::SCWBDomain:: Generating the zynq_fsbl Application.
TRACE::2024-12-01.21:18:13::SCWPlatform::Trying to open the hw design at F:/Education/FPGA_Labs/Labs_2/lab4/audio_new/audio/hw/design_1_wrapper.xsa
TRACE::2024-12-01.21:18:13::SCWPlatform::DSA given F:/Education/FPGA_Labs/Labs_2/lab4/audio_new/audio/hw/design_1_wrapper.xsa
TRACE::2024-12-01.21:18:13::SCWPlatform::DSA absoulate path F:/Education/FPGA_Labs/Labs_2/lab4/audio_new/audio/hw/design_1_wrapper.xsa
TRACE::2024-12-01.21:18:13::SCWPlatform::DSA directory F:/Education/FPGA_Labs/Labs_2/lab4/audio_new/audio/hw
TRACE::2024-12-01.21:18:13::SCWPlatform:: Platform Path F:/Education/FPGA_Labs/Labs_2/lab4/audio_new/audio/hw/design_1_wrapper.xsa
TRACE::2024-12-01.21:18:13::SCWPlatform:: Unique name xilinx:zedboard::0.0
TRACE::2024-12-01.21:18:13::SCWPlatform::Trying to set the existing hwdb with name design_1_wrapper_0
TRACE::2024-12-01.21:18:13::SCWPlatform::Opened existing hwdb design_1_wrapper_0
TRACE::2024-12-01.21:18:13::SCWPlatform::Found the Hw Db part of the input DSA
TRACE::2024-12-01.21:18:13::SCWMssOS::Checking the sw design at  F:/Education/FPGA_Labs/Labs_2/lab4/audio_new/audio/zynq_fsbl/zynq_fsbl_bsp/system.mss
TRACE::2024-12-01.21:18:13::SCWMssOS::DEBUG:  swdes dump  
TRACE::2024-12-01.21:18:13::SCWMssOS::No sw design opened at  F:/Education/FPGA_Labs/Labs_2/lab4/audio_new/audio/zynq_fsbl/zynq_fsbl_bsp/system.mss
TRACE::2024-12-01.21:18:13::SCWMssOS::mss does not exists at F:/Education/FPGA_Labs/Labs_2/lab4/audio_new/audio/zynq_fsbl/zynq_fsbl_bsp/system.mss
TRACE::2024-12-01.21:18:13::SCWMssOS::Creating sw design at  F:/Education/FPGA_Labs/Labs_2/lab4/audio_new/audio/zynq_fsbl/zynq_fsbl_bsp/system.mss
TRACE::2024-12-01.21:18:13::SCWMssOS::Adding the swdes entry, created swdb F:/Education/FPGA_Labs/Labs_2/lab4/audio_new/audio/zynq_fsbl/zynq_fsbl_bsp/system.mss with des name F:/Education/FPGA_Labs/Labs_2/lab4/audio_new/audio/zynq_fsbl/zynq_fsbl_bsp/system.mss
TRACE::2024-12-01.21:18:13::SCWMssOS::updating the scw layer changes to swdes at   F:/Education/FPGA_Labs/Labs_2/lab4/audio_new/audio/zynq_fsbl/zynq_fsbl_bsp/system.mss
TRACE::2024-12-01.21:18:13::SCWMssOS::Writing mss at F:/Education/FPGA_Labs/Labs_2/lab4/audio_new/audio/zynq_fsbl/zynq_fsbl_bsp/system.mss
TRACE::2024-12-01.21:18:13::SCWMssOS::Completed writing the mss file at F:/Education/FPGA_Labs/Labs_2/lab4/audio_new/audio/zynq_fsbl/zynq_fsbl_bsp
TRACE::2024-12-01.21:18:13::SCWMssOS::Picking up changes from newly written mss file into SCW Layer. 
TRACE::2024-12-01.21:18:13::SCWMssOS::Updated the changes from newly written mss file into SCW Layer. 
TRACE::2024-12-01.21:18:13::SCWBDomain::Completed writing the mss file at F:/Education/FPGA_Labs/Labs_2/lab4/audio_new/audio/zynq_fsbl/zynq_fsbl_bsp
TRACE::2024-12-01.21:18:27::SCWPlatform::Generating sources Done.
TRACE::2024-12-01.21:18:27::SCWPlatform::Trying to open the hw design at F:/Education/FPGA_Labs/Labs_2/lab4/audio_new/audio/hw/design_1_wrapper.xsa
TRACE::2024-12-01.21:18:27::SCWPlatform::DSA given F:/Education/FPGA_Labs/Labs_2/lab4/audio_new/audio/hw/design_1_wrapper.xsa
TRACE::2024-12-01.21:18:27::SCWPlatform::DSA absoulate path F:/Education/FPGA_Labs/Labs_2/lab4/audio_new/audio/hw/design_1_wrapper.xsa
TRACE::2024-12-01.21:18:27::SCWPlatform::DSA directory F:/Education/FPGA_Labs/Labs_2/lab4/audio_new/audio/hw
TRACE::2024-12-01.21:18:27::SCWPlatform:: Platform Path F:/Education/FPGA_Labs/Labs_2/lab4/audio_new/audio/hw/design_1_wrapper.xsa
TRACE::2024-12-01.21:18:27::SCWPlatform:: Unique name xilinx:zedboard::0.0
TRACE::2024-12-01.21:18:27::SCWPlatform::Trying to set the existing hwdb with name design_1_wrapper_0
TRACE::2024-12-01.21:18:27::SCWPlatform::Opened existing hwdb design_1_wrapper_0
TRACE::2024-12-01.21:18:27::SCWPlatform::Found the Hw Db part of the input DSA
TRACE::2024-12-01.21:18:27::SCWMssOS::Checking the sw design at  F:/Education/FPGA_Labs/Labs_2/lab4/audio_new/audio/zynq_fsbl/zynq_fsbl_bsp/system.mss
TRACE::2024-12-01.21:18:27::SCWMssOS::DEBUG:  swdes dump  
TRACE::2024-12-01.21:18:27::SCWMssOS::No sw design opened at  F:/Education/FPGA_Labs/Labs_2/lab4/audio_new/audio/zynq_fsbl/zynq_fsbl_bsp/system.mss
TRACE::2024-12-01.21:18:27::SCWMssOS::mss exists loading the mss file  F:/Education/FPGA_Labs/Labs_2/lab4/audio_new/audio/zynq_fsbl/zynq_fsbl_bsp/system.mss
TRACE::2024-12-01.21:18:27::SCWMssOS::Opened the sw design from mss  F:/Education/FPGA_Labs/Labs_2/lab4/audio_new/audio/zynq_fsbl/zynq_fsbl_bsp/system.mss
TRACE::2024-12-01.21:18:27::SCWMssOS::Adding the swdes entry F:/Education/FPGA_Labs/Labs_2/lab4/audio_new/audio/zynq_fsbl/zynq_fsbl_bsp/system.mss with des name system
TRACE::2024-12-01.21:18:27::SCWMssOS::updating the scw layer about changes
TRACE::2024-12-01.21:18:27::SCWMssOS::Opened the sw design.  F:/Education/FPGA_Labs/Labs_2/lab4/audio_new/audio/zynq_fsbl/zynq_fsbl_bsp/system.mss
TRACE::2024-12-01.21:18:27::SCWMssOS::Saving the mss changes F:/Education/FPGA_Labs/Labs_2/lab4/audio_new/audio/zynq_fsbl/zynq_fsbl_bsp/system.mss
TRACE::2024-12-01.21:18:27::SCWMssOS::Found a swdesign opened with the mssfile.
TRACE::2024-12-01.21:18:27::SCWMssOS::Completed writemss as part of save.
TRACE::2024-12-01.21:18:27::SCWMssOS::Commit changes completed.
TRACE::2024-12-01.21:18:27::SCWPlatform::Trying to open the hw design at F:/Education/FPGA_Labs/Labs_2/lab4/audio_new/audio/hw/design_1_wrapper.xsa
TRACE::2024-12-01.21:18:27::SCWPlatform::DSA given F:/Education/FPGA_Labs/Labs_2/lab4/audio_new/audio/hw/design_1_wrapper.xsa
TRACE::2024-12-01.21:18:27::SCWPlatform::DSA absoulate path F:/Education/FPGA_Labs/Labs_2/lab4/audio_new/audio/hw/design_1_wrapper.xsa
TRACE::2024-12-01.21:18:27::SCWPlatform::DSA directory F:/Education/FPGA_Labs/Labs_2/lab4/audio_new/audio/hw
TRACE::2024-12-01.21:18:27::SCWPlatform:: Platform Path F:/Education/FPGA_Labs/Labs_2/lab4/audio_new/audio/hw/design_1_wrapper.xsa
TRACE::2024-12-01.21:18:27::SCWPlatform:: Unique name xilinx:zedboard::0.0
TRACE::2024-12-01.21:18:27::SCWPlatform::Trying to set the existing hwdb with name design_1_wrapper_0
TRACE::2024-12-01.21:18:27::SCWPlatform::Opened existing hwdb design_1_wrapper_0
TRACE::2024-12-01.21:18:27::SCWPlatform::Found the Hw Db part of the input DSA
TRACE::2024-12-01.21:18:27::SCWMssOS::Checking the sw design at  F:/Education/FPGA_Labs/Labs_2/lab4/audio_new/audio/zynq_fsbl/zynq_fsbl_bsp/system.mss
TRACE::2024-12-01.21:18:27::SCWMssOS::DEBUG:  swdes dump  F:/Education/FPGA_Labs/Labs_2/lab4/audio_new/audio/zynq_fsbl/zynq_fsbl_bsp/system.mss|system||

TRACE::2024-12-01.21:18:27::SCWMssOS::Sw design exists and opened at  F:/Education/FPGA_Labs/Labs_2/lab4/audio_new/audio/zynq_fsbl/zynq_fsbl_bsp/system.mss
TRACE::2024-12-01.21:18:27::SCWPlatform::Trying to open the hw design at F:/Education/FPGA_Labs/Labs_2/lab4/audio_new/audio/hw/design_1_wrapper.xsa
TRACE::2024-12-01.21:18:27::SCWPlatform::DSA given F:/Education/FPGA_Labs/Labs_2/lab4/audio_new/audio/hw/design_1_wrapper.xsa
TRACE::2024-12-01.21:18:27::SCWPlatform::DSA absoulate path F:/Education/FPGA_Labs/Labs_2/lab4/audio_new/audio/hw/design_1_wrapper.xsa
TRACE::2024-12-01.21:18:27::SCWPlatform::DSA directory F:/Education/FPGA_Labs/Labs_2/lab4/audio_new/audio/hw
TRACE::2024-12-01.21:18:27::SCWPlatform:: Platform Path F:/Education/FPGA_Labs/Labs_2/lab4/audio_new/audio/hw/design_1_wrapper.xsa
TRACE::2024-12-01.21:18:27::SCWPlatform:: Unique name xilinx:zedboard::0.0
TRACE::2024-12-01.21:18:27::SCWPlatform::Trying to set the existing hwdb with name design_1_wrapper_0
TRACE::2024-12-01.21:18:27::SCWPlatform::Opened existing hwdb design_1_wrapper_0
TRACE::2024-12-01.21:18:27::SCWPlatform::Found the Hw Db part of the input DSA
TRACE::2024-12-01.21:18:27::SCWMssOS::Checking the sw design at  F:/Education/FPGA_Labs/Labs_2/lab4/audio_new/audio/zynq_fsbl/zynq_fsbl_bsp/system.mss
TRACE::2024-12-01.21:18:27::SCWMssOS::DEBUG:  swdes dump  F:/Education/FPGA_Labs/Labs_2/lab4/audio_new/audio/zynq_fsbl/zynq_fsbl_bsp/system.mss|system||

TRACE::2024-12-01.21:18:27::SCWMssOS::Sw design exists and opened at  F:/Education/FPGA_Labs/Labs_2/lab4/audio_new/audio/zynq_fsbl/zynq_fsbl_bsp/system.mss
TRACE::2024-12-01.21:18:27::SCWPlatform::Trying to open the hw design at F:/Education/FPGA_Labs/Labs_2/lab4/audio_new/audio/hw/design_1_wrapper.xsa
TRACE::2024-12-01.21:18:27::SCWPlatform::DSA given F:/Education/FPGA_Labs/Labs_2/lab4/audio_new/audio/hw/design_1_wrapper.xsa
TRACE::2024-12-01.21:18:27::SCWPlatform::DSA absoulate path F:/Education/FPGA_Labs/Labs_2/lab4/audio_new/audio/hw/design_1_wrapper.xsa
TRACE::2024-12-01.21:18:27::SCWPlatform::DSA directory F:/Education/FPGA_Labs/Labs_2/lab4/audio_new/audio/hw
TRACE::2024-12-01.21:18:27::SCWPlatform:: Platform Path F:/Education/FPGA_Labs/Labs_2/lab4/audio_new/audio/hw/design_1_wrapper.xsa
TRACE::2024-12-01.21:18:27::SCWPlatform:: Unique name xilinx:zedboard::0.0
TRACE::2024-12-01.21:18:27::SCWPlatform::Trying to set the existing hwdb with name design_1_wrapper_0
TRACE::2024-12-01.21:18:27::SCWPlatform::Opened existing hwdb design_1_wrapper_0
TRACE::2024-12-01.21:18:27::SCWPlatform::Found the Hw Db part of the input DSA
TRACE::2024-12-01.21:18:27::SCWMssOS::Checking the sw design at  F:/Education/FPGA_Labs/Labs_2/lab4/audio_new/audio/zynq_fsbl/zynq_fsbl_bsp/system.mss
TRACE::2024-12-01.21:18:27::SCWMssOS::DEBUG:  swdes dump  F:/Education/FPGA_Labs/Labs_2/lab4/audio_new/audio/zynq_fsbl/zynq_fsbl_bsp/system.mss|system||

TRACE::2024-12-01.21:18:27::SCWMssOS::Sw design exists and opened at  F:/Education/FPGA_Labs/Labs_2/lab4/audio_new/audio/zynq_fsbl/zynq_fsbl_bsp/system.mss
TRACE::2024-12-01.21:18:27::SCWWriter::formatted JSON is {
	"platformName":	"audio",
	"sprVersion":	"2.0",
	"mode":	"gui",
	"dsaType":	"Fixed",
	"platformDesc":	"audio",
	"platHandOff":	"F:/Education/FPGA_Labs/Labs_2/lab4/audio_new/design_1_wrapper.xsa",
	"platIntHandOff":	"<platformDir>/hw/design_1_wrapper.xsa",
	"deviceType":	"zynq",
	"platIsPrebuiltAutogen":	"false",
	"platIsNoBootBsp":	"false",
	"platFsblTarget":	"ps7_cortexa9_0",
	"hasFsblMakeHasChanges":	"false",
	"hasPmufwMakeHasChanges":	"false",
	"fsblExtraCompilerFlags":	"-MMD -MP       -mcpu=cortex-a9 -mfpu=vfpv3 -mfloat-abi=hard ",
	"platPreBuiltFlag":	false,
	"platformSamplesDir":	"",
	"platActiveSys":	"audio",
	"systems":	[{
			"systemName":	"audio",
			"systemDesc":	"audio",
			"sysIsBootAutoGen":	"true",
			"systemDispName":	"audio",
			"sysActiveDom":	"zynq_fsbl",
			"sysDefaultDom":	"",
			"domains":	[{
					"domainName":	"zynq_fsbl",
					"domainDispName":	"zynq_fsbl",
					"domainDesc":	"FSBL Application BSP - Auto Generated.",
					"processors":	"ps7_cortexa9_0",
					"os":	"standalone",
					"sdxOs":	"standalone",
					"debugEnable":	"",
					"domRuntimes":	["cpp"],
					"swRepo":	"",
					"mssOsVer":	"8.1",
					"mssFile":	"",
					"md5Digest":	"d9a34af2dee52f902a49b7b36c0ab938",
					"compatibleApp":	"zynq_fsbl",
					"domType":	"bootDomain",
					"arch":	"32-bit",
					"appSettings":	{
						"appCompilerFlags":	"",
						"appLinkerFlags":	""
					},
					"addedLibs":	["xilffs:5.0", "xilrsa:1.6"],
					"libOptions":	{
						"libsContainingOptions":	[]
					},
					"prebuiltLibs":	{
						"prebuiltIncPath":	[],
						"prebuiltLibPath":	[]
					},
					"isolation":	{
					}
				}]
		}]
}
TRACE::2024-12-01.21:18:27::SCWPlatform::Trying to open the hw design at F:/Education/FPGA_Labs/Labs_2/lab4/audio_new/audio/hw/design_1_wrapper.xsa
TRACE::2024-12-01.21:18:27::SCWPlatform::DSA given F:/Education/FPGA_Labs/Labs_2/lab4/audio_new/audio/hw/design_1_wrapper.xsa
TRACE::2024-12-01.21:18:27::SCWPlatform::DSA absoulate path F:/Education/FPGA_Labs/Labs_2/lab4/audio_new/audio/hw/design_1_wrapper.xsa
TRACE::2024-12-01.21:18:27::SCWPlatform::DSA directory F:/Education/FPGA_Labs/Labs_2/lab4/audio_new/audio/hw
TRACE::2024-12-01.21:18:27::SCWPlatform:: Platform Path F:/Education/FPGA_Labs/Labs_2/lab4/audio_new/audio/hw/design_1_wrapper.xsa
TRACE::2024-12-01.21:18:27::SCWPlatform:: Unique name xilinx:zedboard::0.0
TRACE::2024-12-01.21:18:27::SCWPlatform::Trying to set the existing hwdb with name design_1_wrapper_0
TRACE::2024-12-01.21:18:27::SCWPlatform::Opened existing hwdb design_1_wrapper_0
TRACE::2024-12-01.21:18:27::SCWPlatform::Found the Hw Db part of the input DSA
TRACE::2024-12-01.21:18:27::SCWPlatform::Trying to open the hw design at F:/Education/FPGA_Labs/Labs_2/lab4/audio_new/audio/hw/design_1_wrapper.xsa
TRACE::2024-12-01.21:18:27::SCWPlatform::DSA given F:/Education/FPGA_Labs/Labs_2/lab4/audio_new/audio/hw/design_1_wrapper.xsa
TRACE::2024-12-01.21:18:27::SCWPlatform::DSA absoulate path F:/Education/FPGA_Labs/Labs_2/lab4/audio_new/audio/hw/design_1_wrapper.xsa
TRACE::2024-12-01.21:18:27::SCWPlatform::DSA directory F:/Education/FPGA_Labs/Labs_2/lab4/audio_new/audio/hw
TRACE::2024-12-01.21:18:27::SCWPlatform:: Platform Path F:/Education/FPGA_Labs/Labs_2/lab4/audio_new/audio/hw/design_1_wrapper.xsa
TRACE::2024-12-01.21:18:27::SCWPlatform:: Unique name xilinx:zedboard::0.0
TRACE::2024-12-01.21:18:27::SCWPlatform::Trying to set the existing hwdb with name design_1_wrapper_0
TRACE::2024-12-01.21:18:27::SCWPlatform::Opened existing hwdb design_1_wrapper_0
TRACE::2024-12-01.21:18:27::SCWPlatform::Found the Hw Db part of the input DSA
TRACE::2024-12-01.21:18:27::SCWDomain::checking for install qemu data   : 
TRACE::2024-12-01.21:18:27::SCWDomain:: Using the QEMU Data from install at  : F:/Xilinx/Vitis/Vitis/2023.1/data/emulation/platforms/zynq/sw/a9_standalone/qemu/
TRACE::2024-12-01.21:18:27::SCWDomain:: Using the QEMU args  from install at  : F:/Xilinx/Vitis/Vitis/2023.1/data/emulation/platforms/zynq/sw/a9_standalone/qemu/qemu_args.txt
TRACE::2024-12-01.21:18:27::SCWPlatform::Trying to open the hw design at F:/Education/FPGA_Labs/Labs_2/lab4/audio_new/audio/hw/design_1_wrapper.xsa
TRACE::2024-12-01.21:18:27::SCWPlatform::DSA given F:/Education/FPGA_Labs/Labs_2/lab4/audio_new/audio/hw/design_1_wrapper.xsa
TRACE::2024-12-01.21:18:27::SCWPlatform::DSA absoulate path F:/Education/FPGA_Labs/Labs_2/lab4/audio_new/audio/hw/design_1_wrapper.xsa
TRACE::2024-12-01.21:18:27::SCWPlatform::DSA directory F:/Education/FPGA_Labs/Labs_2/lab4/audio_new/audio/hw
TRACE::2024-12-01.21:18:27::SCWPlatform:: Platform Path F:/Education/FPGA_Labs/Labs_2/lab4/audio_new/audio/hw/design_1_wrapper.xsa
TRACE::2024-12-01.21:18:27::SCWPlatform:: Unique name xilinx:zedboard::0.0
TRACE::2024-12-01.21:18:27::SCWPlatform::Trying to set the existing hwdb with name design_1_wrapper_0
TRACE::2024-12-01.21:18:27::SCWPlatform::Opened existing hwdb design_1_wrapper_0
TRACE::2024-12-01.21:18:27::SCWPlatform::Found the Hw Db part of the input DSA
TRACE::2024-12-01.21:18:27::SCWPlatform::Trying to open the hw design at F:/Education/FPGA_Labs/Labs_2/lab4/audio_new/audio/hw/design_1_wrapper.xsa
TRACE::2024-12-01.21:18:27::SCWPlatform::DSA given F:/Education/FPGA_Labs/Labs_2/lab4/audio_new/audio/hw/design_1_wrapper.xsa
TRACE::2024-12-01.21:18:27::SCWPlatform::DSA absoulate path F:/Education/FPGA_Labs/Labs_2/lab4/audio_new/audio/hw/design_1_wrapper.xsa
TRACE::2024-12-01.21:18:27::SCWPlatform::DSA directory F:/Education/FPGA_Labs/Labs_2/lab4/audio_new/audio/hw
TRACE::2024-12-01.21:18:27::SCWPlatform:: Platform Path F:/Education/FPGA_Labs/Labs_2/lab4/audio_new/audio/hw/design_1_wrapper.xsa
TRACE::2024-12-01.21:18:27::SCWPlatform:: Unique name xilinx:zedboard::0.0
TRACE::2024-12-01.21:18:27::SCWPlatform::Trying to set the existing hwdb with name design_1_wrapper_0
TRACE::2024-12-01.21:18:27::SCWPlatform::Opened existing hwdb design_1_wrapper_0
TRACE::2024-12-01.21:18:27::SCWPlatform::Found the Hw Db part of the input DSA
TRACE::2024-12-01.21:18:27::SCWDomain::Qemu Directory name is changed from "" to "qemu"
TRACE::2024-12-01.21:18:27::SCWPlatform::Trying to open the hw design at F:/Education/FPGA_Labs/Labs_2/lab4/audio_new/audio/hw/design_1_wrapper.xsa
TRACE::2024-12-01.21:18:27::SCWPlatform::DSA given F:/Education/FPGA_Labs/Labs_2/lab4/audio_new/audio/hw/design_1_wrapper.xsa
TRACE::2024-12-01.21:18:27::SCWPlatform::DSA absoulate path F:/Education/FPGA_Labs/Labs_2/lab4/audio_new/audio/hw/design_1_wrapper.xsa
TRACE::2024-12-01.21:18:27::SCWPlatform::DSA directory F:/Education/FPGA_Labs/Labs_2/lab4/audio_new/audio/hw
TRACE::2024-12-01.21:18:27::SCWPlatform:: Platform Path F:/Education/FPGA_Labs/Labs_2/lab4/audio_new/audio/hw/design_1_wrapper.xsa
TRACE::2024-12-01.21:18:27::SCWPlatform:: Unique name xilinx:zedboard::0.0
TRACE::2024-12-01.21:18:27::SCWPlatform::Trying to set the existing hwdb with name design_1_wrapper_0
TRACE::2024-12-01.21:18:27::SCWPlatform::Opened existing hwdb design_1_wrapper_0
TRACE::2024-12-01.21:18:27::SCWPlatform::Found the Hw Db part of the input DSA
TRACE::2024-12-01.21:18:27::SCWMssOS::Checking the sw design at  F:/Education/FPGA_Labs/Labs_2/lab4/audio_new/audio/ps7_cortexa9_0/standalone_domain/bsp/system.mss
TRACE::2024-12-01.21:18:27::SCWMssOS::DEBUG:  swdes dump  F:/Education/FPGA_Labs/Labs_2/lab4/audio_new/audio/zynq_fsbl/zynq_fsbl_bsp/system.mss|system||

TRACE::2024-12-01.21:18:27::SCWMssOS::No sw design opened at  F:/Education/FPGA_Labs/Labs_2/lab4/audio_new/audio/ps7_cortexa9_0/standalone_domain/bsp/system.mss
TRACE::2024-12-01.21:18:27::SCWMssOS::mss does not exists at F:/Education/FPGA_Labs/Labs_2/lab4/audio_new/audio/ps7_cortexa9_0/standalone_domain/bsp/system.mss
TRACE::2024-12-01.21:18:27::SCWMssOS::Creating sw design at  F:/Education/FPGA_Labs/Labs_2/lab4/audio_new/audio/ps7_cortexa9_0/standalone_domain/bsp/system.mss
TRACE::2024-12-01.21:18:27::SCWMssOS::Adding the swdes entry, created swdb F:/Education/FPGA_Labs/Labs_2/lab4/audio_new/audio/ps7_cortexa9_0/standalone_domain/bsp/system.mss with des name F:/Education/FPGA_Labs/Labs_2/lab4/audio_new/audio/ps7_cortexa9_0/standalone_domain/bsp/system.mss
TRACE::2024-12-01.21:18:27::SCWMssOS::updating the scw layer changes to swdes at   F:/Education/FPGA_Labs/Labs_2/lab4/audio_new/audio/ps7_cortexa9_0/standalone_domain/bsp/system.mss
TRACE::2024-12-01.21:18:27::SCWMssOS::Writing mss at F:/Education/FPGA_Labs/Labs_2/lab4/audio_new/audio/ps7_cortexa9_0/standalone_domain/bsp/system.mss
TRACE::2024-12-01.21:18:27::SCWMssOS::Completed writing the mss file at F:/Education/FPGA_Labs/Labs_2/lab4/audio_new/audio/ps7_cortexa9_0/standalone_domain/bsp
TRACE::2024-12-01.21:18:27::SCWMssOS::Picking up changes from newly written mss file into SCW Layer. 
TRACE::2024-12-01.21:18:27::SCWMssOS::Updated the changes from newly written mss file into SCW Layer. 
TRACE::2024-12-01.21:18:27::SCWMssOS::Completed writing the mss file at F:/Education/FPGA_Labs/Labs_2/lab4/audio_new/audio/ps7_cortexa9_0/standalone_domain/bsp
TRACE::2024-12-01.21:18:27::SCWMssOS::Forcing BSP Sources regeneration.
TRACE::2024-12-01.21:18:28::SCWMssOS::Saving the mss changes F:/Education/FPGA_Labs/Labs_2/lab4/audio_new/audio/zynq_fsbl/zynq_fsbl_bsp/system.mss
TRACE::2024-12-01.21:18:28::SCWMssOS::Found a swdesign opened with the mssfile.
TRACE::2024-12-01.21:18:28::SCWMssOS::Completed writemss as part of save.
TRACE::2024-12-01.21:18:28::SCWMssOS::Commit changes completed.
TRACE::2024-12-01.21:18:28::SCWMssOS::Saving the mss changes F:/Education/FPGA_Labs/Labs_2/lab4/audio_new/audio/ps7_cortexa9_0/standalone_domain/bsp/system.mss
TRACE::2024-12-01.21:18:28::SCWMssOS::Adding the swdes entry, mss present, able to open swdb F:/Education/FPGA_Labs/Labs_2/lab4/audio_new/audio/ps7_cortexa9_0/standalone_domain/bsp/system.mss with des name system_0
TRACE::2024-12-01.21:18:28::SCWMssOS::Writing the mss file completed F:/Education/FPGA_Labs/Labs_2/lab4/audio_new/audio/ps7_cortexa9_0/standalone_domain/bsp/system.mss
TRACE::2024-12-01.21:18:28::SCWMssOS::Commit changes completed.
TRACE::2024-12-01.21:18:28::SCWPlatform::Trying to open the hw design at F:/Education/FPGA_Labs/Labs_2/lab4/audio_new/audio/hw/design_1_wrapper.xsa
TRACE::2024-12-01.21:18:28::SCWPlatform::DSA given F:/Education/FPGA_Labs/Labs_2/lab4/audio_new/audio/hw/design_1_wrapper.xsa
TRACE::2024-12-01.21:18:28::SCWPlatform::DSA absoulate path F:/Education/FPGA_Labs/Labs_2/lab4/audio_new/audio/hw/design_1_wrapper.xsa
TRACE::2024-12-01.21:18:28::SCWPlatform::DSA directory F:/Education/FPGA_Labs/Labs_2/lab4/audio_new/audio/hw
TRACE::2024-12-01.21:18:28::SCWPlatform:: Platform Path F:/Education/FPGA_Labs/Labs_2/lab4/audio_new/audio/hw/design_1_wrapper.xsa
TRACE::2024-12-01.21:18:28::SCWPlatform:: Unique name xilinx:zedboard::0.0
TRACE::2024-12-01.21:18:28::SCWPlatform::Trying to set the existing hwdb with name design_1_wrapper_0
TRACE::2024-12-01.21:18:28::SCWPlatform::Opened existing hwdb design_1_wrapper_0
TRACE::2024-12-01.21:18:28::SCWPlatform::Found the Hw Db part of the input DSA
TRACE::2024-12-01.21:18:28::SCWMssOS::Checking the sw design at  F:/Education/FPGA_Labs/Labs_2/lab4/audio_new/audio/zynq_fsbl/zynq_fsbl_bsp/system.mss
TRACE::2024-12-01.21:18:28::SCWMssOS::DEBUG:  swdes dump  F:/Education/FPGA_Labs/Labs_2/lab4/audio_new/audio/ps7_cortexa9_0/standalone_domain/bsp/system.mss|system_0||
F:/Education/FPGA_Labs/Labs_2/lab4/audio_new/audio/zynq_fsbl/zynq_fsbl_bsp/system.mss|system||

TRACE::2024-12-01.21:18:28::SCWMssOS::Sw design exists and opened at  F:/Education/FPGA_Labs/Labs_2/lab4/audio_new/audio/zynq_fsbl/zynq_fsbl_bsp/system.mss
TRACE::2024-12-01.21:18:28::SCWPlatform::Trying to open the hw design at F:/Education/FPGA_Labs/Labs_2/lab4/audio_new/audio/hw/design_1_wrapper.xsa
TRACE::2024-12-01.21:18:28::SCWPlatform::DSA given F:/Education/FPGA_Labs/Labs_2/lab4/audio_new/audio/hw/design_1_wrapper.xsa
TRACE::2024-12-01.21:18:28::SCWPlatform::DSA absoulate path F:/Education/FPGA_Labs/Labs_2/lab4/audio_new/audio/hw/design_1_wrapper.xsa
TRACE::2024-12-01.21:18:28::SCWPlatform::DSA directory F:/Education/FPGA_Labs/Labs_2/lab4/audio_new/audio/hw
TRACE::2024-12-01.21:18:28::SCWPlatform:: Platform Path F:/Education/FPGA_Labs/Labs_2/lab4/audio_new/audio/hw/design_1_wrapper.xsa
TRACE::2024-12-01.21:18:28::SCWPlatform:: Unique name xilinx:zedboard::0.0
TRACE::2024-12-01.21:18:28::SCWPlatform::Trying to set the existing hwdb with name design_1_wrapper_0
TRACE::2024-12-01.21:18:28::SCWPlatform::Opened existing hwdb design_1_wrapper_0
TRACE::2024-12-01.21:18:28::SCWPlatform::Found the Hw Db part of the input DSA
TRACE::2024-12-01.21:18:28::SCWMssOS::Checking the sw design at  F:/Education/FPGA_Labs/Labs_2/lab4/audio_new/audio/zynq_fsbl/zynq_fsbl_bsp/system.mss
TRACE::2024-12-01.21:18:28::SCWMssOS::DEBUG:  swdes dump  F:/Education/FPGA_Labs/Labs_2/lab4/audio_new/audio/ps7_cortexa9_0/standalone_domain/bsp/system.mss|system_0||
F:/Education/FPGA_Labs/Labs_2/lab4/audio_new/audio/zynq_fsbl/zynq_fsbl_bsp/system.mss|system||

TRACE::2024-12-01.21:18:28::SCWMssOS::Sw design exists and opened at  F:/Education/FPGA_Labs/Labs_2/lab4/audio_new/audio/zynq_fsbl/zynq_fsbl_bsp/system.mss
TRACE::2024-12-01.21:18:28::SCWPlatform::Trying to open the hw design at F:/Education/FPGA_Labs/Labs_2/lab4/audio_new/audio/hw/design_1_wrapper.xsa
TRACE::2024-12-01.21:18:28::SCWPlatform::DSA given F:/Education/FPGA_Labs/Labs_2/lab4/audio_new/audio/hw/design_1_wrapper.xsa
TRACE::2024-12-01.21:18:28::SCWPlatform::DSA absoulate path F:/Education/FPGA_Labs/Labs_2/lab4/audio_new/audio/hw/design_1_wrapper.xsa
TRACE::2024-12-01.21:18:28::SCWPlatform::DSA directory F:/Education/FPGA_Labs/Labs_2/lab4/audio_new/audio/hw
TRACE::2024-12-01.21:18:28::SCWPlatform:: Platform Path F:/Education/FPGA_Labs/Labs_2/lab4/audio_new/audio/hw/design_1_wrapper.xsa
TRACE::2024-12-01.21:18:28::SCWPlatform:: Unique name xilinx:zedboard::0.0
TRACE::2024-12-01.21:18:28::SCWPlatform::Trying to set the existing hwdb with name design_1_wrapper_0
TRACE::2024-12-01.21:18:28::SCWPlatform::Opened existing hwdb design_1_wrapper_0
TRACE::2024-12-01.21:18:28::SCWPlatform::Found the Hw Db part of the input DSA
TRACE::2024-12-01.21:18:28::SCWMssOS::Checking the sw design at  F:/Education/FPGA_Labs/Labs_2/lab4/audio_new/audio/zynq_fsbl/zynq_fsbl_bsp/system.mss
TRACE::2024-12-01.21:18:28::SCWMssOS::DEBUG:  swdes dump  F:/Education/FPGA_Labs/Labs_2/lab4/audio_new/audio/ps7_cortexa9_0/standalone_domain/bsp/system.mss|system_0||
F:/Education/FPGA_Labs/Labs_2/lab4/audio_new/audio/zynq_fsbl/zynq_fsbl_bsp/system.mss|system||

TRACE::2024-12-01.21:18:28::SCWMssOS::Sw design exists and opened at  F:/Education/FPGA_Labs/Labs_2/lab4/audio_new/audio/zynq_fsbl/zynq_fsbl_bsp/system.mss
TRACE::2024-12-01.21:18:28::SCWPlatform::Trying to open the hw design at F:/Education/FPGA_Labs/Labs_2/lab4/audio_new/audio/hw/design_1_wrapper.xsa
TRACE::2024-12-01.21:18:28::SCWPlatform::DSA given F:/Education/FPGA_Labs/Labs_2/lab4/audio_new/audio/hw/design_1_wrapper.xsa
TRACE::2024-12-01.21:18:28::SCWPlatform::DSA absoulate path F:/Education/FPGA_Labs/Labs_2/lab4/audio_new/audio/hw/design_1_wrapper.xsa
TRACE::2024-12-01.21:18:28::SCWPlatform::DSA directory F:/Education/FPGA_Labs/Labs_2/lab4/audio_new/audio/hw
TRACE::2024-12-01.21:18:28::SCWPlatform:: Platform Path F:/Education/FPGA_Labs/Labs_2/lab4/audio_new/audio/hw/design_1_wrapper.xsa
TRACE::2024-12-01.21:18:28::SCWPlatform:: Unique name xilinx:zedboard::0.0
TRACE::2024-12-01.21:18:28::SCWPlatform::Trying to set the existing hwdb with name design_1_wrapper_0
TRACE::2024-12-01.21:18:28::SCWPlatform::Opened existing hwdb design_1_wrapper_0
TRACE::2024-12-01.21:18:28::SCWPlatform::Found the Hw Db part of the input DSA
TRACE::2024-12-01.21:18:28::SCWMssOS::Checking the sw design at  F:/Education/FPGA_Labs/Labs_2/lab4/audio_new/audio/ps7_cortexa9_0/standalone_domain/bsp/system.mss
TRACE::2024-12-01.21:18:28::SCWMssOS::DEBUG:  swdes dump  F:/Education/FPGA_Labs/Labs_2/lab4/audio_new/audio/ps7_cortexa9_0/standalone_domain/bsp/system.mss|system_0||
F:/Education/FPGA_Labs/Labs_2/lab4/audio_new/audio/zynq_fsbl/zynq_fsbl_bsp/system.mss|system||

TRACE::2024-12-01.21:18:28::SCWMssOS::Sw design exists and opened at  F:/Education/FPGA_Labs/Labs_2/lab4/audio_new/audio/ps7_cortexa9_0/standalone_domain/bsp/system.mss
TRACE::2024-12-01.21:18:28::SCWPlatform::Trying to open the hw design at F:/Education/FPGA_Labs/Labs_2/lab4/audio_new/audio/hw/design_1_wrapper.xsa
TRACE::2024-12-01.21:18:28::SCWPlatform::DSA given F:/Education/FPGA_Labs/Labs_2/lab4/audio_new/audio/hw/design_1_wrapper.xsa
TRACE::2024-12-01.21:18:28::SCWPlatform::DSA absoulate path F:/Education/FPGA_Labs/Labs_2/lab4/audio_new/audio/hw/design_1_wrapper.xsa
TRACE::2024-12-01.21:18:28::SCWPlatform::DSA directory F:/Education/FPGA_Labs/Labs_2/lab4/audio_new/audio/hw
TRACE::2024-12-01.21:18:28::SCWPlatform:: Platform Path F:/Education/FPGA_Labs/Labs_2/lab4/audio_new/audio/hw/design_1_wrapper.xsa
TRACE::2024-12-01.21:18:28::SCWPlatform:: Unique name xilinx:zedboard::0.0
TRACE::2024-12-01.21:18:28::SCWPlatform::Trying to set the existing hwdb with name design_1_wrapper_0
TRACE::2024-12-01.21:18:28::SCWPlatform::Opened existing hwdb design_1_wrapper_0
TRACE::2024-12-01.21:18:28::SCWPlatform::Found the Hw Db part of the input DSA
TRACE::2024-12-01.21:18:28::SCWMssOS::Checking the sw design at  F:/Education/FPGA_Labs/Labs_2/lab4/audio_new/audio/ps7_cortexa9_0/standalone_domain/bsp/system.mss
TRACE::2024-12-01.21:18:28::SCWMssOS::DEBUG:  swdes dump  F:/Education/FPGA_Labs/Labs_2/lab4/audio_new/audio/ps7_cortexa9_0/standalone_domain/bsp/system.mss|system_0||
F:/Education/FPGA_Labs/Labs_2/lab4/audio_new/audio/zynq_fsbl/zynq_fsbl_bsp/system.mss|system||

TRACE::2024-12-01.21:18:28::SCWMssOS::Sw design exists and opened at  F:/Education/FPGA_Labs/Labs_2/lab4/audio_new/audio/ps7_cortexa9_0/standalone_domain/bsp/system.mss
TRACE::2024-12-01.21:18:28::SCWPlatform::Trying to open the hw design at F:/Education/FPGA_Labs/Labs_2/lab4/audio_new/audio/hw/design_1_wrapper.xsa
TRACE::2024-12-01.21:18:28::SCWPlatform::DSA given F:/Education/FPGA_Labs/Labs_2/lab4/audio_new/audio/hw/design_1_wrapper.xsa
TRACE::2024-12-01.21:18:28::SCWPlatform::DSA absoulate path F:/Education/FPGA_Labs/Labs_2/lab4/audio_new/audio/hw/design_1_wrapper.xsa
TRACE::2024-12-01.21:18:28::SCWPlatform::DSA directory F:/Education/FPGA_Labs/Labs_2/lab4/audio_new/audio/hw
TRACE::2024-12-01.21:18:28::SCWPlatform:: Platform Path F:/Education/FPGA_Labs/Labs_2/lab4/audio_new/audio/hw/design_1_wrapper.xsa
TRACE::2024-12-01.21:18:28::SCWPlatform:: Unique name xilinx:zedboard::0.0
TRACE::2024-12-01.21:18:28::SCWPlatform::Trying to set the existing hwdb with name design_1_wrapper_0
TRACE::2024-12-01.21:18:28::SCWPlatform::Opened existing hwdb design_1_wrapper_0
TRACE::2024-12-01.21:18:28::SCWPlatform::Found the Hw Db part of the input DSA
TRACE::2024-12-01.21:18:28::SCWMssOS::Checking the sw design at  F:/Education/FPGA_Labs/Labs_2/lab4/audio_new/audio/ps7_cortexa9_0/standalone_domain/bsp/system.mss
TRACE::2024-12-01.21:18:28::SCWMssOS::DEBUG:  swdes dump  F:/Education/FPGA_Labs/Labs_2/lab4/audio_new/audio/ps7_cortexa9_0/standalone_domain/bsp/system.mss|system_0||
F:/Education/FPGA_Labs/Labs_2/lab4/audio_new/audio/zynq_fsbl/zynq_fsbl_bsp/system.mss|system||

TRACE::2024-12-01.21:18:28::SCWMssOS::Sw design exists and opened at  F:/Education/FPGA_Labs/Labs_2/lab4/audio_new/audio/ps7_cortexa9_0/standalone_domain/bsp/system.mss
TRACE::2024-12-01.21:18:28::SCWWriter::formatted JSON is {
	"platformName":	"audio",
	"sprVersion":	"2.0",
	"mode":	"gui",
	"dsaType":	"Fixed",
	"platformDesc":	"audio",
	"platHandOff":	"F:/Education/FPGA_Labs/Labs_2/lab4/audio_new/design_1_wrapper.xsa",
	"platIntHandOff":	"<platformDir>/hw/design_1_wrapper.xsa",
	"deviceType":	"zynq",
	"platIsPrebuiltAutogen":	"false",
	"platIsNoBootBsp":	"false",
	"platFsblTarget":	"ps7_cortexa9_0",
	"hasFsblMakeHasChanges":	"false",
	"hasPmufwMakeHasChanges":	"false",
	"fsblExtraCompilerFlags":	"-MMD -MP       -mcpu=cortex-a9 -mfpu=vfpv3 -mfloat-abi=hard ",
	"platPreBuiltFlag":	false,
	"platformSamplesDir":	"",
	"platActiveSys":	"audio",
	"systems":	[{
			"systemName":	"audio",
			"systemDesc":	"audio",
			"sysIsBootAutoGen":	"true",
			"systemDispName":	"audio",
			"sysActiveDom":	"standalone_domain",
			"sysDefaultDom":	"standalone_domain",
			"domains":	[{
					"domainName":	"zynq_fsbl",
					"domainDispName":	"zynq_fsbl",
					"domainDesc":	"FSBL Application BSP - Auto Generated.",
					"processors":	"ps7_cortexa9_0",
					"os":	"standalone",
					"sdxOs":	"standalone",
					"debugEnable":	"",
					"domRuntimes":	["cpp"],
					"swRepo":	"",
					"mssOsVer":	"8.1",
					"mssFile":	"",
					"md5Digest":	"d9a34af2dee52f902a49b7b36c0ab938",
					"compatibleApp":	"zynq_fsbl",
					"domType":	"bootDomain",
					"arch":	"32-bit",
					"appSettings":	{
						"appCompilerFlags":	"",
						"appLinkerFlags":	""
					},
					"addedLibs":	["xilffs:5.0", "xilrsa:1.6"],
					"libOptions":	{
						"libsContainingOptions":	[]
					},
					"prebuiltLibs":	{
						"prebuiltIncPath":	[],
						"prebuiltLibPath":	[]
					},
					"isolation":	{
					}
				}, {
					"domainName":	"standalone_domain",
					"domainDispName":	"standalone_domain",
					"domainDesc":	"standalone_domain",
					"processors":	"ps7_cortexa9_0",
					"os":	"standalone",
					"sdxOs":	"standalone",
					"qemuArgs":	"<platformDir>/resources/audio/standalone_domain/qemu_args.txt",
					"qemuData":	"<platformDir>/resources/audio/standalone_domain/qemu",
					"debugEnable":	"False",
					"domRuntimes":	["cpp"],
					"swRepo":	"",
					"mssOsVer":	"8.1",
					"mssFile":	"",
					"md5Digest":	"9a5c07eb3fcbf029dead828c18c1b9c0",
					"compatibleApp":	"",
					"domType":	"mssDomain",
					"appSettings":	{
						"appCompilerFlags":	"",
						"appLinkerFlags":	""
					},
					"addedLibs":	[],
					"libOptions":	{
						"libsContainingOptions":	[]
					},
					"prebuiltLibs":	{
						"prebuiltIncPath":	[],
						"prebuiltLibPath":	[]
					},
					"isolation":	{
					}
				}]
		}]
}
LOG::2024-12-01.21:18:28::SCWPlatform::Started generating the artifacts platform audio
TRACE::2024-12-01.21:18:28::SCWPlatform::Sanity checking of platform is completed
LOG::2024-12-01.21:18:28::SCWPlatform::Started generating the artifacts for system configuration audio
LOG::2024-12-01.21:18:28::SCWSystem::Checking the domain zynq_fsbl
LOG::2024-12-01.21:18:28::SCWSystem::Doing application build for :  zynq_fsbl
TRACE::2024-12-01.21:18:28::SCWBDomain::Not a forced makefile updation, No changes are present. 
TRACE::2024-12-01.21:18:28::SCWDomain::Skipping the build for domain :  zynq_fsbl
LOG::2024-12-01.21:18:28::SCWSystem::Checking the domain standalone_domain
LOG::2024-12-01.21:18:28::SCWSystem::Not a boot domain 
LOG::2024-12-01.21:18:28::SCWSystem::Started Processing the domain standalone_domain
TRACE::2024-12-01.21:18:28::SCWDomain::Generating domain artifcats
TRACE::2024-12-01.21:18:28::SCWMssOS::Generating standalone artifcats
TRACE::2024-12-01.21:18:28::SCWMssOS::Copying the qemu file from  F:/Education/FPGA_Labs/Labs_2/lab4/audio_new/audio/resources/audio/standalone_domain/qemu_args.txt To F:/Education/FPGA_Labs/Labs_2/lab4/audio_new/audio/export/audio/sw/audio/qemu/
TRACE::2024-12-01.21:18:28::SCWMssOS::Copying the qemu file from  F:/Education/FPGA_Labs/Labs_2/lab4/audio_new/audio/resources/audio/standalone_domain/qemu_args.txt To F:/Education/FPGA_Labs/Labs_2/lab4/audio_new/audio/export/audio/sw/audio/standalone_domain/qemu/
TRACE::2024-12-01.21:18:28::SCWMssOS:: Copying the user libraries. 
TRACE::2024-12-01.21:18:28::SCWPlatform::Trying to open the hw design at F:/Education/FPGA_Labs/Labs_2/lab4/audio_new/audio/hw/design_1_wrapper.xsa
TRACE::2024-12-01.21:18:28::SCWPlatform::DSA given F:/Education/FPGA_Labs/Labs_2/lab4/audio_new/audio/hw/design_1_wrapper.xsa
TRACE::2024-12-01.21:18:28::SCWPlatform::DSA absoulate path F:/Education/FPGA_Labs/Labs_2/lab4/audio_new/audio/hw/design_1_wrapper.xsa
TRACE::2024-12-01.21:18:28::SCWPlatform::DSA directory F:/Education/FPGA_Labs/Labs_2/lab4/audio_new/audio/hw
TRACE::2024-12-01.21:18:28::SCWPlatform:: Platform Path F:/Education/FPGA_Labs/Labs_2/lab4/audio_new/audio/hw/design_1_wrapper.xsa
TRACE::2024-12-01.21:18:28::SCWPlatform:: Unique name xilinx:zedboard::0.0
TRACE::2024-12-01.21:18:28::SCWPlatform::Trying to set the existing hwdb with name design_1_wrapper_0
TRACE::2024-12-01.21:18:28::SCWPlatform::Opened existing hwdb design_1_wrapper_0
TRACE::2024-12-01.21:18:28::SCWPlatform::Found the Hw Db part of the input DSA
TRACE::2024-12-01.21:18:28::SCWMssOS::Checking the sw design at  F:/Education/FPGA_Labs/Labs_2/lab4/audio_new/audio/ps7_cortexa9_0/standalone_domain/bsp/system.mss
TRACE::2024-12-01.21:18:28::SCWMssOS::DEBUG:  swdes dump  F:/Education/FPGA_Labs/Labs_2/lab4/audio_new/audio/ps7_cortexa9_0/standalone_domain/bsp/system.mss|system_0||
F:/Education/FPGA_Labs/Labs_2/lab4/audio_new/audio/zynq_fsbl/zynq_fsbl_bsp/system.mss|system||

TRACE::2024-12-01.21:18:28::SCWMssOS::Sw design exists and opened at  F:/Education/FPGA_Labs/Labs_2/lab4/audio_new/audio/ps7_cortexa9_0/standalone_domain/bsp/system.mss
TRACE::2024-12-01.21:18:28::SCWMssOS::Completed writing the mss file at F:/Education/FPGA_Labs/Labs_2/lab4/audio_new/audio/ps7_cortexa9_0/standalone_domain/bsp
TRACE::2024-12-01.21:18:28::SCWMssOS::Mss edits present, copying mssfile into export location F:/Education/FPGA_Labs/Labs_2/lab4/audio_new/audio/ps7_cortexa9_0/standalone_domain/bsp/system.mss
TRACE::2024-12-01.21:18:28::SCWMssOS::bsp generated is upto date with the mss file. Skipping bsp generation.
TRACE::2024-12-01.21:18:28::SCWMssOS::BSP is already built. skipping the bsp build ... 
TRACE::2024-12-01.21:18:28::SCWDomain::Skipping the build for domain :  standalone_domain
TRACE::2024-12-01.21:18:28::SCWMssOS::skipping the bsp build ... 
TRACE::2024-12-01.21:18:28::SCWMssOS::Copying to export directory.
TRACE::2024-12-01.21:18:28::SCWMssOS:: Checking if to create the Supporting Applications
TRACE::2024-12-01.21:18:28::SCWMssOS:: No Linux domain exists, trying to generate FSBL 
TRACE::2024-12-01.21:18:28::SCWMssOS:: Completed Standalone Artifacts creation 
LOG::2024-12-01.21:18:28::SCWSystem::Completed Processing the domain standalone_domain
LOG::2024-12-01.21:18:28::SCWSystem::Completed Processing the sysconfig audio
LOG::2024-12-01.21:18:28::SCWPlatform::Completed generating the artifacts for system configuration audio
TRACE::2024-12-01.21:18:28::SCWPlatform::Started preparing the platform 
TRACE::2024-12-01.21:18:28::SCWSystem::Writing the bif file for system config audio
TRACE::2024-12-01.21:18:28::SCWSystem::dir created 
TRACE::2024-12-01.21:18:28::SCWSystem::Writing the bif 
TRACE::2024-12-01.21:18:28::SCWPlatform::Started writing the spfm file 
TRACE::2024-12-01.21:18:28::SCWPlatform::Started writing the xpfm file 
TRACE::2024-12-01.21:18:28::SCWPlatform::Completed generating the platform
TRACE::2024-12-01.21:18:28::SCWMssOS::Saving the mss changes F:/Education/FPGA_Labs/Labs_2/lab4/audio_new/audio/zynq_fsbl/zynq_fsbl_bsp/system.mss
TRACE::2024-12-01.21:18:28::SCWMssOS::Found a swdesign opened with the mssfile.
TRACE::2024-12-01.21:18:28::SCWMssOS::Completed writemss as part of save.
TRACE::2024-12-01.21:18:28::SCWMssOS::Commit changes completed.
TRACE::2024-12-01.21:18:28::SCWMssOS::Saving the mss changes F:/Education/FPGA_Labs/Labs_2/lab4/audio_new/audio/ps7_cortexa9_0/standalone_domain/bsp/system.mss
TRACE::2024-12-01.21:18:28::SCWMssOS::Found a swdesign opened with the mssfile.
TRACE::2024-12-01.21:18:28::SCWMssOS::Completed writemss as part of save.
TRACE::2024-12-01.21:18:28::SCWMssOS::Commit changes completed.
TRACE::2024-12-01.21:18:28::SCWPlatform::Trying to open the hw design at F:/Education/FPGA_Labs/Labs_2/lab4/audio_new/audio/hw/design_1_wrapper.xsa
TRACE::2024-12-01.21:18:28::SCWPlatform::DSA given F:/Education/FPGA_Labs/Labs_2/lab4/audio_new/audio/hw/design_1_wrapper.xsa
TRACE::2024-12-01.21:18:28::SCWPlatform::DSA absoulate path F:/Education/FPGA_Labs/Labs_2/lab4/audio_new/audio/hw/design_1_wrapper.xsa
TRACE::2024-12-01.21:18:28::SCWPlatform::DSA directory F:/Education/FPGA_Labs/Labs_2/lab4/audio_new/audio/hw
TRACE::2024-12-01.21:18:28::SCWPlatform:: Platform Path F:/Education/FPGA_Labs/Labs_2/lab4/audio_new/audio/hw/design_1_wrapper.xsa
TRACE::2024-12-01.21:18:28::SCWPlatform:: Unique name xilinx:zedboard::0.0
TRACE::2024-12-01.21:18:28::SCWPlatform::Trying to set the existing hwdb with name design_1_wrapper_0
TRACE::2024-12-01.21:18:28::SCWPlatform::Opened existing hwdb design_1_wrapper_0
TRACE::2024-12-01.21:18:28::SCWPlatform::Found the Hw Db part of the input DSA
TRACE::2024-12-01.21:18:28::SCWMssOS::Checking the sw design at  F:/Education/FPGA_Labs/Labs_2/lab4/audio_new/audio/zynq_fsbl/zynq_fsbl_bsp/system.mss
TRACE::2024-12-01.21:18:28::SCWMssOS::DEBUG:  swdes dump  F:/Education/FPGA_Labs/Labs_2/lab4/audio_new/audio/ps7_cortexa9_0/standalone_domain/bsp/system.mss|system_0||
F:/Education/FPGA_Labs/Labs_2/lab4/audio_new/audio/zynq_fsbl/zynq_fsbl_bsp/system.mss|system||

TRACE::2024-12-01.21:18:28::SCWMssOS::Sw design exists and opened at  F:/Education/FPGA_Labs/Labs_2/lab4/audio_new/audio/zynq_fsbl/zynq_fsbl_bsp/system.mss
TRACE::2024-12-01.21:18:28::SCWPlatform::Trying to open the hw design at F:/Education/FPGA_Labs/Labs_2/lab4/audio_new/audio/hw/design_1_wrapper.xsa
TRACE::2024-12-01.21:18:28::SCWPlatform::DSA given F:/Education/FPGA_Labs/Labs_2/lab4/audio_new/audio/hw/design_1_wrapper.xsa
TRACE::2024-12-01.21:18:28::SCWPlatform::DSA absoulate path F:/Education/FPGA_Labs/Labs_2/lab4/audio_new/audio/hw/design_1_wrapper.xsa
TRACE::2024-12-01.21:18:28::SCWPlatform::DSA directory F:/Education/FPGA_Labs/Labs_2/lab4/audio_new/audio/hw
TRACE::2024-12-01.21:18:28::SCWPlatform:: Platform Path F:/Education/FPGA_Labs/Labs_2/lab4/audio_new/audio/hw/design_1_wrapper.xsa
TRACE::2024-12-01.21:18:28::SCWPlatform:: Unique name xilinx:zedboard::0.0
TRACE::2024-12-01.21:18:28::SCWPlatform::Trying to set the existing hwdb with name design_1_wrapper_0
TRACE::2024-12-01.21:18:28::SCWPlatform::Opened existing hwdb design_1_wrapper_0
TRACE::2024-12-01.21:18:28::SCWPlatform::Found the Hw Db part of the input DSA
TRACE::2024-12-01.21:18:28::SCWMssOS::Checking the sw design at  F:/Education/FPGA_Labs/Labs_2/lab4/audio_new/audio/zynq_fsbl/zynq_fsbl_bsp/system.mss
TRACE::2024-12-01.21:18:28::SCWMssOS::DEBUG:  swdes dump  F:/Education/FPGA_Labs/Labs_2/lab4/audio_new/audio/ps7_cortexa9_0/standalone_domain/bsp/system.mss|system_0||
F:/Education/FPGA_Labs/Labs_2/lab4/audio_new/audio/zynq_fsbl/zynq_fsbl_bsp/system.mss|system||

TRACE::2024-12-01.21:18:28::SCWMssOS::Sw design exists and opened at  F:/Education/FPGA_Labs/Labs_2/lab4/audio_new/audio/zynq_fsbl/zynq_fsbl_bsp/system.mss
TRACE::2024-12-01.21:18:28::SCWPlatform::Trying to open the hw design at F:/Education/FPGA_Labs/Labs_2/lab4/audio_new/audio/hw/design_1_wrapper.xsa
TRACE::2024-12-01.21:18:28::SCWPlatform::DSA given F:/Education/FPGA_Labs/Labs_2/lab4/audio_new/audio/hw/design_1_wrapper.xsa
TRACE::2024-12-01.21:18:28::SCWPlatform::DSA absoulate path F:/Education/FPGA_Labs/Labs_2/lab4/audio_new/audio/hw/design_1_wrapper.xsa
TRACE::2024-12-01.21:18:28::SCWPlatform::DSA directory F:/Education/FPGA_Labs/Labs_2/lab4/audio_new/audio/hw
TRACE::2024-12-01.21:18:28::SCWPlatform:: Platform Path F:/Education/FPGA_Labs/Labs_2/lab4/audio_new/audio/hw/design_1_wrapper.xsa
TRACE::2024-12-01.21:18:28::SCWPlatform:: Unique name xilinx:zedboard::0.0
TRACE::2024-12-01.21:18:28::SCWPlatform::Trying to set the existing hwdb with name design_1_wrapper_0
TRACE::2024-12-01.21:18:28::SCWPlatform::Opened existing hwdb design_1_wrapper_0
TRACE::2024-12-01.21:18:28::SCWPlatform::Found the Hw Db part of the input DSA
TRACE::2024-12-01.21:18:28::SCWMssOS::Checking the sw design at  F:/Education/FPGA_Labs/Labs_2/lab4/audio_new/audio/zynq_fsbl/zynq_fsbl_bsp/system.mss
TRACE::2024-12-01.21:18:28::SCWMssOS::DEBUG:  swdes dump  F:/Education/FPGA_Labs/Labs_2/lab4/audio_new/audio/ps7_cortexa9_0/standalone_domain/bsp/system.mss|system_0||
F:/Education/FPGA_Labs/Labs_2/lab4/audio_new/audio/zynq_fsbl/zynq_fsbl_bsp/system.mss|system||

TRACE::2024-12-01.21:18:28::SCWMssOS::Sw design exists and opened at  F:/Education/FPGA_Labs/Labs_2/lab4/audio_new/audio/zynq_fsbl/zynq_fsbl_bsp/system.mss
TRACE::2024-12-01.21:18:28::SCWPlatform::Trying to open the hw design at F:/Education/FPGA_Labs/Labs_2/lab4/audio_new/audio/hw/design_1_wrapper.xsa
TRACE::2024-12-01.21:18:28::SCWPlatform::DSA given F:/Education/FPGA_Labs/Labs_2/lab4/audio_new/audio/hw/design_1_wrapper.xsa
TRACE::2024-12-01.21:18:28::SCWPlatform::DSA absoulate path F:/Education/FPGA_Labs/Labs_2/lab4/audio_new/audio/hw/design_1_wrapper.xsa
TRACE::2024-12-01.21:18:28::SCWPlatform::DSA directory F:/Education/FPGA_Labs/Labs_2/lab4/audio_new/audio/hw
TRACE::2024-12-01.21:18:28::SCWPlatform:: Platform Path F:/Education/FPGA_Labs/Labs_2/lab4/audio_new/audio/hw/design_1_wrapper.xsa
TRACE::2024-12-01.21:18:28::SCWPlatform:: Unique name xilinx:zedboard::0.0
TRACE::2024-12-01.21:18:28::SCWPlatform::Trying to set the existing hwdb with name design_1_wrapper_0
TRACE::2024-12-01.21:18:28::SCWPlatform::Opened existing hwdb design_1_wrapper_0
TRACE::2024-12-01.21:18:28::SCWPlatform::Found the Hw Db part of the input DSA
TRACE::2024-12-01.21:18:28::SCWMssOS::Checking the sw design at  F:/Education/FPGA_Labs/Labs_2/lab4/audio_new/audio/ps7_cortexa9_0/standalone_domain/bsp/system.mss
TRACE::2024-12-01.21:18:28::SCWMssOS::DEBUG:  swdes dump  F:/Education/FPGA_Labs/Labs_2/lab4/audio_new/audio/ps7_cortexa9_0/standalone_domain/bsp/system.mss|system_0||
F:/Education/FPGA_Labs/Labs_2/lab4/audio_new/audio/zynq_fsbl/zynq_fsbl_bsp/system.mss|system||

TRACE::2024-12-01.21:18:28::SCWMssOS::Sw design exists and opened at  F:/Education/FPGA_Labs/Labs_2/lab4/audio_new/audio/ps7_cortexa9_0/standalone_domain/bsp/system.mss
TRACE::2024-12-01.21:18:28::SCWPlatform::Trying to open the hw design at F:/Education/FPGA_Labs/Labs_2/lab4/audio_new/audio/hw/design_1_wrapper.xsa
TRACE::2024-12-01.21:18:28::SCWPlatform::DSA given F:/Education/FPGA_Labs/Labs_2/lab4/audio_new/audio/hw/design_1_wrapper.xsa
TRACE::2024-12-01.21:18:28::SCWPlatform::DSA absoulate path F:/Education/FPGA_Labs/Labs_2/lab4/audio_new/audio/hw/design_1_wrapper.xsa
TRACE::2024-12-01.21:18:28::SCWPlatform::DSA directory F:/Education/FPGA_Labs/Labs_2/lab4/audio_new/audio/hw
TRACE::2024-12-01.21:18:28::SCWPlatform:: Platform Path F:/Education/FPGA_Labs/Labs_2/lab4/audio_new/audio/hw/design_1_wrapper.xsa
TRACE::2024-12-01.21:18:28::SCWPlatform:: Unique name xilinx:zedboard::0.0
TRACE::2024-12-01.21:18:28::SCWPlatform::Trying to set the existing hwdb with name design_1_wrapper_0
TRACE::2024-12-01.21:18:28::SCWPlatform::Opened existing hwdb design_1_wrapper_0
TRACE::2024-12-01.21:18:28::SCWPlatform::Found the Hw Db part of the input DSA
TRACE::2024-12-01.21:18:28::SCWMssOS::Checking the sw design at  F:/Education/FPGA_Labs/Labs_2/lab4/audio_new/audio/ps7_cortexa9_0/standalone_domain/bsp/system.mss
TRACE::2024-12-01.21:18:28::SCWMssOS::DEBUG:  swdes dump  F:/Education/FPGA_Labs/Labs_2/lab4/audio_new/audio/ps7_cortexa9_0/standalone_domain/bsp/system.mss|system_0||
F:/Education/FPGA_Labs/Labs_2/lab4/audio_new/audio/zynq_fsbl/zynq_fsbl_bsp/system.mss|system||

TRACE::2024-12-01.21:18:28::SCWMssOS::Sw design exists and opened at  F:/Education/FPGA_Labs/Labs_2/lab4/audio_new/audio/ps7_cortexa9_0/standalone_domain/bsp/system.mss
TRACE::2024-12-01.21:18:28::SCWPlatform::Trying to open the hw design at F:/Education/FPGA_Labs/Labs_2/lab4/audio_new/audio/hw/design_1_wrapper.xsa
TRACE::2024-12-01.21:18:28::SCWPlatform::DSA given F:/Education/FPGA_Labs/Labs_2/lab4/audio_new/audio/hw/design_1_wrapper.xsa
TRACE::2024-12-01.21:18:28::SCWPlatform::DSA absoulate path F:/Education/FPGA_Labs/Labs_2/lab4/audio_new/audio/hw/design_1_wrapper.xsa
TRACE::2024-12-01.21:18:28::SCWPlatform::DSA directory F:/Education/FPGA_Labs/Labs_2/lab4/audio_new/audio/hw
TRACE::2024-12-01.21:18:28::SCWPlatform:: Platform Path F:/Education/FPGA_Labs/Labs_2/lab4/audio_new/audio/hw/design_1_wrapper.xsa
TRACE::2024-12-01.21:18:28::SCWPlatform:: Unique name xilinx:zedboard::0.0
TRACE::2024-12-01.21:18:28::SCWPlatform::Trying to set the existing hwdb with name design_1_wrapper_0
TRACE::2024-12-01.21:18:28::SCWPlatform::Opened existing hwdb design_1_wrapper_0
TRACE::2024-12-01.21:18:28::SCWPlatform::Found the Hw Db part of the input DSA
TRACE::2024-12-01.21:18:28::SCWMssOS::Checking the sw design at  F:/Education/FPGA_Labs/Labs_2/lab4/audio_new/audio/ps7_cortexa9_0/standalone_domain/bsp/system.mss
TRACE::2024-12-01.21:18:28::SCWMssOS::DEBUG:  swdes dump  F:/Education/FPGA_Labs/Labs_2/lab4/audio_new/audio/ps7_cortexa9_0/standalone_domain/bsp/system.mss|system_0||
F:/Education/FPGA_Labs/Labs_2/lab4/audio_new/audio/zynq_fsbl/zynq_fsbl_bsp/system.mss|system||

TRACE::2024-12-01.21:18:28::SCWMssOS::Sw design exists and opened at  F:/Education/FPGA_Labs/Labs_2/lab4/audio_new/audio/ps7_cortexa9_0/standalone_domain/bsp/system.mss
TRACE::2024-12-01.21:18:28::SCWWriter::formatted JSON is {
	"platformName":	"audio",
	"sprVersion":	"2.0",
	"mode":	"gui",
	"dsaType":	"Fixed",
	"platformDesc":	"audio",
	"platHandOff":	"F:/Education/FPGA_Labs/Labs_2/lab4/audio_new/design_1_wrapper.xsa",
	"platIntHandOff":	"<platformDir>/hw/design_1_wrapper.xsa",
	"deviceType":	"zynq",
	"platIsPrebuiltAutogen":	"false",
	"platIsNoBootBsp":	"false",
	"platFsblTarget":	"ps7_cortexa9_0",
	"hasFsblMakeHasChanges":	"false",
	"hasPmufwMakeHasChanges":	"false",
	"fsblExtraCompilerFlags":	"-MMD -MP       -mcpu=cortex-a9 -mfpu=vfpv3 -mfloat-abi=hard ",
	"platPreBuiltFlag":	false,
	"platformSamplesDir":	"",
	"platActiveSys":	"audio",
	"systems":	[{
			"systemName":	"audio",
			"systemDesc":	"audio",
			"sysIsBootAutoGen":	"true",
			"systemDispName":	"audio",
			"sysActiveDom":	"standalone_domain",
			"sysDefaultDom":	"standalone_domain",
			"domains":	[{
					"domainName":	"zynq_fsbl",
					"domainDispName":	"zynq_fsbl",
					"domainDesc":	"FSBL Application BSP - Auto Generated.",
					"processors":	"ps7_cortexa9_0",
					"os":	"standalone",
					"sdxOs":	"standalone",
					"debugEnable":	"",
					"domRuntimes":	["cpp"],
					"swRepo":	"",
					"mssOsVer":	"8.1",
					"mssFile":	"",
					"md5Digest":	"d9a34af2dee52f902a49b7b36c0ab938",
					"compatibleApp":	"zynq_fsbl",
					"domType":	"bootDomain",
					"arch":	"32-bit",
					"appSettings":	{
						"appCompilerFlags":	"",
						"appLinkerFlags":	""
					},
					"addedLibs":	["xilffs:5.0", "xilrsa:1.6"],
					"libOptions":	{
						"libsContainingOptions":	[]
					},
					"prebuiltLibs":	{
						"prebuiltIncPath":	[],
						"prebuiltLibPath":	[]
					},
					"isolation":	{
					}
				}, {
					"domainName":	"standalone_domain",
					"domainDispName":	"standalone_domain",
					"domainDesc":	"standalone_domain",
					"processors":	"ps7_cortexa9_0",
					"os":	"standalone",
					"sdxOs":	"standalone",
					"qemuArgs":	"<platformDir>/resources/audio/standalone_domain/qemu_args.txt",
					"qemuData":	"<platformDir>/resources/audio/standalone_domain/qemu",
					"debugEnable":	"False",
					"domRuntimes":	["cpp"],
					"swRepo":	"",
					"mssOsVer":	"8.1",
					"mssFile":	"",
					"md5Digest":	"9a5c07eb3fcbf029dead828c18c1b9c0",
					"compatibleApp":	"",
					"domType":	"mssDomain",
					"appSettings":	{
						"appCompilerFlags":	"",
						"appLinkerFlags":	""
					},
					"addedLibs":	[],
					"libOptions":	{
						"libsContainingOptions":	[]
					},
					"prebuiltLibs":	{
						"prebuiltIncPath":	[],
						"prebuiltLibPath":	[]
					},
					"isolation":	{
					}
				}]
		}]
}
KEYINFO::2024-12-01.21:18:28::SCWPlatform::updated the xpfm file.
TRACE::2024-12-01.21:18:28::SCWPlatform::Trying to open the hw design at F:/Education/FPGA_Labs/Labs_2/lab4/audio_new/audio/hw/design_1_wrapper.xsa
TRACE::2024-12-01.21:18:28::SCWPlatform::DSA given F:/Education/FPGA_Labs/Labs_2/lab4/audio_new/audio/hw/design_1_wrapper.xsa
TRACE::2024-12-01.21:18:28::SCWPlatform::DSA absoulate path F:/Education/FPGA_Labs/Labs_2/lab4/audio_new/audio/hw/design_1_wrapper.xsa
TRACE::2024-12-01.21:18:28::SCWPlatform::DSA directory F:/Education/FPGA_Labs/Labs_2/lab4/audio_new/audio/hw
TRACE::2024-12-01.21:18:28::SCWPlatform:: Platform Path F:/Education/FPGA_Labs/Labs_2/lab4/audio_new/audio/hw/design_1_wrapper.xsa
TRACE::2024-12-01.21:18:28::SCWPlatform:: Unique name xilinx:zedboard::0.0
TRACE::2024-12-01.21:18:28::SCWPlatform::Trying to set the existing hwdb with name design_1_wrapper_0
TRACE::2024-12-01.21:18:28::SCWPlatform::Opened existing hwdb design_1_wrapper_0
TRACE::2024-12-01.21:18:28::SCWPlatform::Found the Hw Db part of the input DSA
TRACE::2024-12-01.21:18:28::SCWMssOS::Checking the sw design at  F:/Education/FPGA_Labs/Labs_2/lab4/audio_new/audio/ps7_cortexa9_0/standalone_domain/bsp/system.mss
TRACE::2024-12-01.21:18:28::SCWMssOS::DEBUG:  swdes dump  F:/Education/FPGA_Labs/Labs_2/lab4/audio_new/audio/ps7_cortexa9_0/standalone_domain/bsp/system.mss|system_0||
F:/Education/FPGA_Labs/Labs_2/lab4/audio_new/audio/zynq_fsbl/zynq_fsbl_bsp/system.mss|system||

TRACE::2024-12-01.21:18:28::SCWMssOS::Sw design exists and opened at  F:/Education/FPGA_Labs/Labs_2/lab4/audio_new/audio/ps7_cortexa9_0/standalone_domain/bsp/system.mss
TRACE::2024-12-01.21:18:28::SCWMssOS::Saving the mss changes F:/Education/FPGA_Labs/Labs_2/lab4/audio_new/audio/zynq_fsbl/zynq_fsbl_bsp/system.mss
TRACE::2024-12-01.21:18:28::SCWMssOS::Found a swdesign opened with the mssfile.
TRACE::2024-12-01.21:18:28::SCWMssOS::Completed writemss as part of save.
TRACE::2024-12-01.21:18:28::SCWMssOS::Commit changes completed.
TRACE::2024-12-01.21:18:28::SCWMssOS::Saving the mss changes F:/Education/FPGA_Labs/Labs_2/lab4/audio_new/audio/ps7_cortexa9_0/standalone_domain/bsp/system.mss
TRACE::2024-12-01.21:18:28::SCWMssOS::Found a swdesign opened with the mssfile.
TRACE::2024-12-01.21:18:28::SCWMssOS::Completed writemss as part of save.
TRACE::2024-12-01.21:18:28::SCWMssOS::Commit changes completed.
TRACE::2024-12-01.21:18:28::SCWPlatform::Trying to open the hw design at F:/Education/FPGA_Labs/Labs_2/lab4/audio_new/audio/hw/design_1_wrapper.xsa
TRACE::2024-12-01.21:18:28::SCWPlatform::DSA given F:/Education/FPGA_Labs/Labs_2/lab4/audio_new/audio/hw/design_1_wrapper.xsa
TRACE::2024-12-01.21:18:28::SCWPlatform::DSA absoulate path F:/Education/FPGA_Labs/Labs_2/lab4/audio_new/audio/hw/design_1_wrapper.xsa
TRACE::2024-12-01.21:18:28::SCWPlatform::DSA directory F:/Education/FPGA_Labs/Labs_2/lab4/audio_new/audio/hw
TRACE::2024-12-01.21:18:28::SCWPlatform:: Platform Path F:/Education/FPGA_Labs/Labs_2/lab4/audio_new/audio/hw/design_1_wrapper.xsa
TRACE::2024-12-01.21:18:28::SCWPlatform:: Unique name xilinx:zedboard::0.0
TRACE::2024-12-01.21:18:28::SCWPlatform::Trying to set the existing hwdb with name design_1_wrapper_0
TRACE::2024-12-01.21:18:28::SCWPlatform::Opened existing hwdb design_1_wrapper_0
TRACE::2024-12-01.21:18:28::SCWPlatform::Found the Hw Db part of the input DSA
TRACE::2024-12-01.21:18:28::SCWMssOS::Checking the sw design at  F:/Education/FPGA_Labs/Labs_2/lab4/audio_new/audio/zynq_fsbl/zynq_fsbl_bsp/system.mss
TRACE::2024-12-01.21:18:28::SCWMssOS::DEBUG:  swdes dump  F:/Education/FPGA_Labs/Labs_2/lab4/audio_new/audio/ps7_cortexa9_0/standalone_domain/bsp/system.mss|system_0||
F:/Education/FPGA_Labs/Labs_2/lab4/audio_new/audio/zynq_fsbl/zynq_fsbl_bsp/system.mss|system||

TRACE::2024-12-01.21:18:28::SCWMssOS::Sw design exists and opened at  F:/Education/FPGA_Labs/Labs_2/lab4/audio_new/audio/zynq_fsbl/zynq_fsbl_bsp/system.mss
TRACE::2024-12-01.21:18:28::SCWPlatform::Trying to open the hw design at F:/Education/FPGA_Labs/Labs_2/lab4/audio_new/audio/hw/design_1_wrapper.xsa
TRACE::2024-12-01.21:18:28::SCWPlatform::DSA given F:/Education/FPGA_Labs/Labs_2/lab4/audio_new/audio/hw/design_1_wrapper.xsa
TRACE::2024-12-01.21:18:28::SCWPlatform::DSA absoulate path F:/Education/FPGA_Labs/Labs_2/lab4/audio_new/audio/hw/design_1_wrapper.xsa
TRACE::2024-12-01.21:18:28::SCWPlatform::DSA directory F:/Education/FPGA_Labs/Labs_2/lab4/audio_new/audio/hw
TRACE::2024-12-01.21:18:28::SCWPlatform:: Platform Path F:/Education/FPGA_Labs/Labs_2/lab4/audio_new/audio/hw/design_1_wrapper.xsa
TRACE::2024-12-01.21:18:28::SCWPlatform:: Unique name xilinx:zedboard::0.0
TRACE::2024-12-01.21:18:28::SCWPlatform::Trying to set the existing hwdb with name design_1_wrapper_0
TRACE::2024-12-01.21:18:28::SCWPlatform::Opened existing hwdb design_1_wrapper_0
TRACE::2024-12-01.21:18:28::SCWPlatform::Found the Hw Db part of the input DSA
TRACE::2024-12-01.21:18:28::SCWMssOS::Checking the sw design at  F:/Education/FPGA_Labs/Labs_2/lab4/audio_new/audio/zynq_fsbl/zynq_fsbl_bsp/system.mss
TRACE::2024-12-01.21:18:28::SCWMssOS::DEBUG:  swdes dump  F:/Education/FPGA_Labs/Labs_2/lab4/audio_new/audio/ps7_cortexa9_0/standalone_domain/bsp/system.mss|system_0||
F:/Education/FPGA_Labs/Labs_2/lab4/audio_new/audio/zynq_fsbl/zynq_fsbl_bsp/system.mss|system||

TRACE::2024-12-01.21:18:28::SCWMssOS::Sw design exists and opened at  F:/Education/FPGA_Labs/Labs_2/lab4/audio_new/audio/zynq_fsbl/zynq_fsbl_bsp/system.mss
TRACE::2024-12-01.21:18:28::SCWPlatform::Trying to open the hw design at F:/Education/FPGA_Labs/Labs_2/lab4/audio_new/audio/hw/design_1_wrapper.xsa
TRACE::2024-12-01.21:18:28::SCWPlatform::DSA given F:/Education/FPGA_Labs/Labs_2/lab4/audio_new/audio/hw/design_1_wrapper.xsa
TRACE::2024-12-01.21:18:28::SCWPlatform::DSA absoulate path F:/Education/FPGA_Labs/Labs_2/lab4/audio_new/audio/hw/design_1_wrapper.xsa
TRACE::2024-12-01.21:18:28::SCWPlatform::DSA directory F:/Education/FPGA_Labs/Labs_2/lab4/audio_new/audio/hw
TRACE::2024-12-01.21:18:28::SCWPlatform:: Platform Path F:/Education/FPGA_Labs/Labs_2/lab4/audio_new/audio/hw/design_1_wrapper.xsa
TRACE::2024-12-01.21:18:28::SCWPlatform:: Unique name xilinx:zedboard::0.0
TRACE::2024-12-01.21:18:28::SCWPlatform::Trying to set the existing hwdb with name design_1_wrapper_0
TRACE::2024-12-01.21:18:28::SCWPlatform::Opened existing hwdb design_1_wrapper_0
TRACE::2024-12-01.21:18:28::SCWPlatform::Found the Hw Db part of the input DSA
TRACE::2024-12-01.21:18:28::SCWMssOS::Checking the sw design at  F:/Education/FPGA_Labs/Labs_2/lab4/audio_new/audio/zynq_fsbl/zynq_fsbl_bsp/system.mss
TRACE::2024-12-01.21:18:28::SCWMssOS::DEBUG:  swdes dump  F:/Education/FPGA_Labs/Labs_2/lab4/audio_new/audio/ps7_cortexa9_0/standalone_domain/bsp/system.mss|system_0||
F:/Education/FPGA_Labs/Labs_2/lab4/audio_new/audio/zynq_fsbl/zynq_fsbl_bsp/system.mss|system||

TRACE::2024-12-01.21:18:28::SCWMssOS::Sw design exists and opened at  F:/Education/FPGA_Labs/Labs_2/lab4/audio_new/audio/zynq_fsbl/zynq_fsbl_bsp/system.mss
TRACE::2024-12-01.21:18:28::SCWPlatform::Trying to open the hw design at F:/Education/FPGA_Labs/Labs_2/lab4/audio_new/audio/hw/design_1_wrapper.xsa
TRACE::2024-12-01.21:18:28::SCWPlatform::DSA given F:/Education/FPGA_Labs/Labs_2/lab4/audio_new/audio/hw/design_1_wrapper.xsa
TRACE::2024-12-01.21:18:28::SCWPlatform::DSA absoulate path F:/Education/FPGA_Labs/Labs_2/lab4/audio_new/audio/hw/design_1_wrapper.xsa
TRACE::2024-12-01.21:18:28::SCWPlatform::DSA directory F:/Education/FPGA_Labs/Labs_2/lab4/audio_new/audio/hw
TRACE::2024-12-01.21:18:28::SCWPlatform:: Platform Path F:/Education/FPGA_Labs/Labs_2/lab4/audio_new/audio/hw/design_1_wrapper.xsa
TRACE::2024-12-01.21:18:28::SCWPlatform:: Unique name xilinx:zedboard::0.0
TRACE::2024-12-01.21:18:28::SCWPlatform::Trying to set the existing hwdb with name design_1_wrapper_0
TRACE::2024-12-01.21:18:28::SCWPlatform::Opened existing hwdb design_1_wrapper_0
TRACE::2024-12-01.21:18:28::SCWPlatform::Found the Hw Db part of the input DSA
TRACE::2024-12-01.21:18:28::SCWMssOS::Checking the sw design at  F:/Education/FPGA_Labs/Labs_2/lab4/audio_new/audio/ps7_cortexa9_0/standalone_domain/bsp/system.mss
TRACE::2024-12-01.21:18:28::SCWMssOS::DEBUG:  swdes dump  F:/Education/FPGA_Labs/Labs_2/lab4/audio_new/audio/ps7_cortexa9_0/standalone_domain/bsp/system.mss|system_0||
F:/Education/FPGA_Labs/Labs_2/lab4/audio_new/audio/zynq_fsbl/zynq_fsbl_bsp/system.mss|system||

TRACE::2024-12-01.21:18:28::SCWMssOS::Sw design exists and opened at  F:/Education/FPGA_Labs/Labs_2/lab4/audio_new/audio/ps7_cortexa9_0/standalone_domain/bsp/system.mss
TRACE::2024-12-01.21:18:28::SCWPlatform::Trying to open the hw design at F:/Education/FPGA_Labs/Labs_2/lab4/audio_new/audio/hw/design_1_wrapper.xsa
TRACE::2024-12-01.21:18:28::SCWPlatform::DSA given F:/Education/FPGA_Labs/Labs_2/lab4/audio_new/audio/hw/design_1_wrapper.xsa
TRACE::2024-12-01.21:18:28::SCWPlatform::DSA absoulate path F:/Education/FPGA_Labs/Labs_2/lab4/audio_new/audio/hw/design_1_wrapper.xsa
TRACE::2024-12-01.21:18:28::SCWPlatform::DSA directory F:/Education/FPGA_Labs/Labs_2/lab4/audio_new/audio/hw
TRACE::2024-12-01.21:18:28::SCWPlatform:: Platform Path F:/Education/FPGA_Labs/Labs_2/lab4/audio_new/audio/hw/design_1_wrapper.xsa
TRACE::2024-12-01.21:18:28::SCWPlatform:: Unique name xilinx:zedboard::0.0
TRACE::2024-12-01.21:18:28::SCWPlatform::Trying to set the existing hwdb with name design_1_wrapper_0
TRACE::2024-12-01.21:18:28::SCWPlatform::Opened existing hwdb design_1_wrapper_0
TRACE::2024-12-01.21:18:28::SCWPlatform::Found the Hw Db part of the input DSA
TRACE::2024-12-01.21:18:28::SCWMssOS::Checking the sw design at  F:/Education/FPGA_Labs/Labs_2/lab4/audio_new/audio/ps7_cortexa9_0/standalone_domain/bsp/system.mss
TRACE::2024-12-01.21:18:28::SCWMssOS::DEBUG:  swdes dump  F:/Education/FPGA_Labs/Labs_2/lab4/audio_new/audio/ps7_cortexa9_0/standalone_domain/bsp/system.mss|system_0||
F:/Education/FPGA_Labs/Labs_2/lab4/audio_new/audio/zynq_fsbl/zynq_fsbl_bsp/system.mss|system||

TRACE::2024-12-01.21:18:28::SCWMssOS::Sw design exists and opened at  F:/Education/FPGA_Labs/Labs_2/lab4/audio_new/audio/ps7_cortexa9_0/standalone_domain/bsp/system.mss
TRACE::2024-12-01.21:18:28::SCWPlatform::Trying to open the hw design at F:/Education/FPGA_Labs/Labs_2/lab4/audio_new/audio/hw/design_1_wrapper.xsa
TRACE::2024-12-01.21:18:28::SCWPlatform::DSA given F:/Education/FPGA_Labs/Labs_2/lab4/audio_new/audio/hw/design_1_wrapper.xsa
TRACE::2024-12-01.21:18:28::SCWPlatform::DSA absoulate path F:/Education/FPGA_Labs/Labs_2/lab4/audio_new/audio/hw/design_1_wrapper.xsa
TRACE::2024-12-01.21:18:28::SCWPlatform::DSA directory F:/Education/FPGA_Labs/Labs_2/lab4/audio_new/audio/hw
TRACE::2024-12-01.21:18:28::SCWPlatform:: Platform Path F:/Education/FPGA_Labs/Labs_2/lab4/audio_new/audio/hw/design_1_wrapper.xsa
TRACE::2024-12-01.21:18:28::SCWPlatform:: Unique name xilinx:zedboard::0.0
TRACE::2024-12-01.21:18:28::SCWPlatform::Trying to set the existing hwdb with name design_1_wrapper_0
TRACE::2024-12-01.21:18:28::SCWPlatform::Opened existing hwdb design_1_wrapper_0
TRACE::2024-12-01.21:18:28::SCWPlatform::Found the Hw Db part of the input DSA
TRACE::2024-12-01.21:18:28::SCWMssOS::Checking the sw design at  F:/Education/FPGA_Labs/Labs_2/lab4/audio_new/audio/ps7_cortexa9_0/standalone_domain/bsp/system.mss
TRACE::2024-12-01.21:18:28::SCWMssOS::DEBUG:  swdes dump  F:/Education/FPGA_Labs/Labs_2/lab4/audio_new/audio/ps7_cortexa9_0/standalone_domain/bsp/system.mss|system_0||
F:/Education/FPGA_Labs/Labs_2/lab4/audio_new/audio/zynq_fsbl/zynq_fsbl_bsp/system.mss|system||

TRACE::2024-12-01.21:18:28::SCWMssOS::Sw design exists and opened at  F:/Education/FPGA_Labs/Labs_2/lab4/audio_new/audio/ps7_cortexa9_0/standalone_domain/bsp/system.mss
TRACE::2024-12-01.21:18:28::SCWWriter::formatted JSON is {
	"platformName":	"audio",
	"sprVersion":	"2.0",
	"mode":	"gui",
	"dsaType":	"Fixed",
	"platformDesc":	"audio",
	"platHandOff":	"F:/Education/FPGA_Labs/Labs_2/lab4/audio_new/design_1_wrapper.xsa",
	"platIntHandOff":	"<platformDir>/hw/design_1_wrapper.xsa",
	"deviceType":	"zynq",
	"platIsPrebuiltAutogen":	"false",
	"platIsNoBootBsp":	"false",
	"platFsblTarget":	"ps7_cortexa9_0",
	"hasFsblMakeHasChanges":	"false",
	"hasPmufwMakeHasChanges":	"false",
	"fsblExtraCompilerFlags":	"-MMD -MP       -mcpu=cortex-a9 -mfpu=vfpv3 -mfloat-abi=hard ",
	"platPreBuiltFlag":	false,
	"platformSamplesDir":	"",
	"platActiveSys":	"audio",
	"systems":	[{
			"systemName":	"audio",
			"systemDesc":	"audio",
			"sysIsBootAutoGen":	"true",
			"systemDispName":	"audio",
			"sysActiveDom":	"standalone_domain",
			"sysDefaultDom":	"standalone_domain",
			"domains":	[{
					"domainName":	"zynq_fsbl",
					"domainDispName":	"zynq_fsbl",
					"domainDesc":	"FSBL Application BSP - Auto Generated.",
					"processors":	"ps7_cortexa9_0",
					"os":	"standalone",
					"sdxOs":	"standalone",
					"debugEnable":	"",
					"domRuntimes":	["cpp"],
					"swRepo":	"",
					"mssOsVer":	"8.1",
					"mssFile":	"",
					"md5Digest":	"d9a34af2dee52f902a49b7b36c0ab938",
					"compatibleApp":	"zynq_fsbl",
					"domType":	"bootDomain",
					"arch":	"32-bit",
					"appSettings":	{
						"appCompilerFlags":	"",
						"appLinkerFlags":	""
					},
					"addedLibs":	["xilffs:5.0", "xilrsa:1.6"],
					"libOptions":	{
						"libsContainingOptions":	[]
					},
					"prebuiltLibs":	{
						"prebuiltIncPath":	[],
						"prebuiltLibPath":	[]
					},
					"isolation":	{
					}
				}, {
					"domainName":	"standalone_domain",
					"domainDispName":	"standalone_domain",
					"domainDesc":	"standalone_domain",
					"processors":	"ps7_cortexa9_0",
					"os":	"standalone",
					"sdxOs":	"standalone",
					"qemuArgs":	"<platformDir>/resources/audio/standalone_domain/qemu_args.txt",
					"qemuData":	"<platformDir>/resources/audio/standalone_domain/qemu",
					"debugEnable":	"False",
					"domRuntimes":	["cpp"],
					"swRepo":	"",
					"mssOsVer":	"8.1",
					"mssFile":	"",
					"md5Digest":	"9a5c07eb3fcbf029dead828c18c1b9c0",
					"compatibleApp":	"",
					"domType":	"mssDomain",
					"appSettings":	{
						"appCompilerFlags":	"",
						"appLinkerFlags":	""
					},
					"addedLibs":	[],
					"libOptions":	{
						"libsContainingOptions":	[]
					},
					"prebuiltLibs":	{
						"prebuiltIncPath":	[],
						"prebuiltLibPath":	[]
					},
					"isolation":	{
					}
				}]
		}]
}
TRACE::2024-12-01.21:18:28::SCWPlatform::Trying to open the hw design at F:/Education/FPGA_Labs/Labs_2/lab4/audio_new/audio/hw/design_1_wrapper.xsa
TRACE::2024-12-01.21:18:28::SCWPlatform::DSA given F:/Education/FPGA_Labs/Labs_2/lab4/audio_new/audio/hw/design_1_wrapper.xsa
TRACE::2024-12-01.21:18:28::SCWPlatform::DSA absoulate path F:/Education/FPGA_Labs/Labs_2/lab4/audio_new/audio/hw/design_1_wrapper.xsa
TRACE::2024-12-01.21:18:28::SCWPlatform::DSA directory F:/Education/FPGA_Labs/Labs_2/lab4/audio_new/audio/hw
TRACE::2024-12-01.21:18:28::SCWPlatform:: Platform Path F:/Education/FPGA_Labs/Labs_2/lab4/audio_new/audio/hw/design_1_wrapper.xsa
TRACE::2024-12-01.21:18:28::SCWPlatform:: Unique name xilinx:zedboard::0.0
TRACE::2024-12-01.21:18:28::SCWPlatform::Trying to set the existing hwdb with name design_1_wrapper_0
TRACE::2024-12-01.21:18:28::SCWPlatform::Opened existing hwdb design_1_wrapper_0
TRACE::2024-12-01.21:18:28::SCWPlatform::Found the Hw Db part of the input DSA
TRACE::2024-12-01.21:18:28::SCWMssOS::Checking the sw design at  F:/Education/FPGA_Labs/Labs_2/lab4/audio_new/audio/ps7_cortexa9_0/standalone_domain/bsp/system.mss
TRACE::2024-12-01.21:18:28::SCWMssOS::DEBUG:  swdes dump  F:/Education/FPGA_Labs/Labs_2/lab4/audio_new/audio/ps7_cortexa9_0/standalone_domain/bsp/system.mss|system_0||
F:/Education/FPGA_Labs/Labs_2/lab4/audio_new/audio/zynq_fsbl/zynq_fsbl_bsp/system.mss|system||

TRACE::2024-12-01.21:18:28::SCWMssOS::Sw design exists and opened at  F:/Education/FPGA_Labs/Labs_2/lab4/audio_new/audio/ps7_cortexa9_0/standalone_domain/bsp/system.mss
TRACE::2024-12-01.21:18:28::SCWPlatform::Trying to open the hw design at F:/Education/FPGA_Labs/Labs_2/lab4/audio_new/audio/hw/design_1_wrapper.xsa
TRACE::2024-12-01.21:18:28::SCWPlatform::DSA given F:/Education/FPGA_Labs/Labs_2/lab4/audio_new/audio/hw/design_1_wrapper.xsa
TRACE::2024-12-01.21:18:28::SCWPlatform::DSA absoulate path F:/Education/FPGA_Labs/Labs_2/lab4/audio_new/audio/hw/design_1_wrapper.xsa
TRACE::2024-12-01.21:18:28::SCWPlatform::DSA directory F:/Education/FPGA_Labs/Labs_2/lab4/audio_new/audio/hw
TRACE::2024-12-01.21:18:28::SCWPlatform:: Platform Path F:/Education/FPGA_Labs/Labs_2/lab4/audio_new/audio/hw/design_1_wrapper.xsa
TRACE::2024-12-01.21:18:28::SCWPlatform:: Unique name xilinx:zedboard::0.0
TRACE::2024-12-01.21:18:28::SCWPlatform::Trying to set the existing hwdb with name design_1_wrapper_0
TRACE::2024-12-01.21:18:28::SCWPlatform::Opened existing hwdb design_1_wrapper_0
TRACE::2024-12-01.21:18:28::SCWPlatform::Found the Hw Db part of the input DSA
TRACE::2024-12-01.21:18:28::SCWMssOS::Checking the sw design at  F:/Education/FPGA_Labs/Labs_2/lab4/audio_new/audio/ps7_cortexa9_0/standalone_domain/bsp/system.mss
TRACE::2024-12-01.21:18:28::SCWMssOS::DEBUG:  swdes dump  F:/Education/FPGA_Labs/Labs_2/lab4/audio_new/audio/ps7_cortexa9_0/standalone_domain/bsp/system.mss|system_0||
F:/Education/FPGA_Labs/Labs_2/lab4/audio_new/audio/zynq_fsbl/zynq_fsbl_bsp/system.mss|system||

TRACE::2024-12-01.21:18:28::SCWMssOS::Sw design exists and opened at  F:/Education/FPGA_Labs/Labs_2/lab4/audio_new/audio/ps7_cortexa9_0/standalone_domain/bsp/system.mss
TRACE::2024-12-01.21:18:28::SCWPlatform::Trying to open the hw design at F:/Education/FPGA_Labs/Labs_2/lab4/audio_new/audio/hw/design_1_wrapper.xsa
TRACE::2024-12-01.21:18:28::SCWPlatform::DSA given F:/Education/FPGA_Labs/Labs_2/lab4/audio_new/audio/hw/design_1_wrapper.xsa
TRACE::2024-12-01.21:18:28::SCWPlatform::DSA absoulate path F:/Education/FPGA_Labs/Labs_2/lab4/audio_new/audio/hw/design_1_wrapper.xsa
TRACE::2024-12-01.21:18:28::SCWPlatform::DSA directory F:/Education/FPGA_Labs/Labs_2/lab4/audio_new/audio/hw
TRACE::2024-12-01.21:18:28::SCWPlatform:: Platform Path F:/Education/FPGA_Labs/Labs_2/lab4/audio_new/audio/hw/design_1_wrapper.xsa
TRACE::2024-12-01.21:18:28::SCWPlatform:: Unique name xilinx:zedboard::0.0
TRACE::2024-12-01.21:18:28::SCWPlatform::Trying to set the existing hwdb with name design_1_wrapper_0
TRACE::2024-12-01.21:18:28::SCWPlatform::Opened existing hwdb design_1_wrapper_0
TRACE::2024-12-01.21:18:28::SCWPlatform::Found the Hw Db part of the input DSA
TRACE::2024-12-01.21:18:28::SCWMssOS::Checking the sw design at  F:/Education/FPGA_Labs/Labs_2/lab4/audio_new/audio/ps7_cortexa9_0/standalone_domain/bsp/system.mss
TRACE::2024-12-01.21:18:28::SCWMssOS::DEBUG:  swdes dump  F:/Education/FPGA_Labs/Labs_2/lab4/audio_new/audio/ps7_cortexa9_0/standalone_domain/bsp/system.mss|system_0||
F:/Education/FPGA_Labs/Labs_2/lab4/audio_new/audio/zynq_fsbl/zynq_fsbl_bsp/system.mss|system||

TRACE::2024-12-01.21:18:28::SCWMssOS::Sw design exists and opened at  F:/Education/FPGA_Labs/Labs_2/lab4/audio_new/audio/ps7_cortexa9_0/standalone_domain/bsp/system.mss
TRACE::2024-12-01.21:18:28::SCWMssOS::Saving the mss changes F:/Education/FPGA_Labs/Labs_2/lab4/audio_new/audio/zynq_fsbl/zynq_fsbl_bsp/system.mss
TRACE::2024-12-01.21:18:28::SCWMssOS::Found a swdesign opened with the mssfile.
TRACE::2024-12-01.21:18:28::SCWMssOS::Completed writemss as part of save.
TRACE::2024-12-01.21:18:28::SCWMssOS::Commit changes completed.
TRACE::2024-12-01.21:18:28::SCWMssOS::Saving the mss changes F:/Education/FPGA_Labs/Labs_2/lab4/audio_new/audio/ps7_cortexa9_0/standalone_domain/bsp/system.mss
TRACE::2024-12-01.21:18:28::SCWMssOS::Found a swdesign opened with the mssfile.
TRACE::2024-12-01.21:18:28::SCWMssOS::Completed writemss as part of save.
TRACE::2024-12-01.21:18:28::SCWMssOS::Commit changes completed.
TRACE::2024-12-01.21:18:28::SCWPlatform::Trying to open the hw design at F:/Education/FPGA_Labs/Labs_2/lab4/audio_new/audio/hw/design_1_wrapper.xsa
TRACE::2024-12-01.21:18:28::SCWPlatform::DSA given F:/Education/FPGA_Labs/Labs_2/lab4/audio_new/audio/hw/design_1_wrapper.xsa
TRACE::2024-12-01.21:18:28::SCWPlatform::DSA absoulate path F:/Education/FPGA_Labs/Labs_2/lab4/audio_new/audio/hw/design_1_wrapper.xsa
TRACE::2024-12-01.21:18:28::SCWPlatform::DSA directory F:/Education/FPGA_Labs/Labs_2/lab4/audio_new/audio/hw
TRACE::2024-12-01.21:18:28::SCWPlatform:: Platform Path F:/Education/FPGA_Labs/Labs_2/lab4/audio_new/audio/hw/design_1_wrapper.xsa
TRACE::2024-12-01.21:18:28::SCWPlatform:: Unique name xilinx:zedboard::0.0
TRACE::2024-12-01.21:18:28::SCWPlatform::Trying to set the existing hwdb with name design_1_wrapper_0
TRACE::2024-12-01.21:18:28::SCWPlatform::Opened existing hwdb design_1_wrapper_0
TRACE::2024-12-01.21:18:28::SCWPlatform::Found the Hw Db part of the input DSA
TRACE::2024-12-01.21:18:28::SCWMssOS::Checking the sw design at  F:/Education/FPGA_Labs/Labs_2/lab4/audio_new/audio/zynq_fsbl/zynq_fsbl_bsp/system.mss
TRACE::2024-12-01.21:18:28::SCWMssOS::DEBUG:  swdes dump  F:/Education/FPGA_Labs/Labs_2/lab4/audio_new/audio/ps7_cortexa9_0/standalone_domain/bsp/system.mss|system_0||
F:/Education/FPGA_Labs/Labs_2/lab4/audio_new/audio/zynq_fsbl/zynq_fsbl_bsp/system.mss|system||

TRACE::2024-12-01.21:18:28::SCWMssOS::Sw design exists and opened at  F:/Education/FPGA_Labs/Labs_2/lab4/audio_new/audio/zynq_fsbl/zynq_fsbl_bsp/system.mss
TRACE::2024-12-01.21:18:28::SCWPlatform::Trying to open the hw design at F:/Education/FPGA_Labs/Labs_2/lab4/audio_new/audio/hw/design_1_wrapper.xsa
TRACE::2024-12-01.21:18:28::SCWPlatform::DSA given F:/Education/FPGA_Labs/Labs_2/lab4/audio_new/audio/hw/design_1_wrapper.xsa
TRACE::2024-12-01.21:18:28::SCWPlatform::DSA absoulate path F:/Education/FPGA_Labs/Labs_2/lab4/audio_new/audio/hw/design_1_wrapper.xsa
TRACE::2024-12-01.21:18:28::SCWPlatform::DSA directory F:/Education/FPGA_Labs/Labs_2/lab4/audio_new/audio/hw
TRACE::2024-12-01.21:18:28::SCWPlatform:: Platform Path F:/Education/FPGA_Labs/Labs_2/lab4/audio_new/audio/hw/design_1_wrapper.xsa
TRACE::2024-12-01.21:18:28::SCWPlatform:: Unique name xilinx:zedboard::0.0
TRACE::2024-12-01.21:18:28::SCWPlatform::Trying to set the existing hwdb with name design_1_wrapper_0
TRACE::2024-12-01.21:18:28::SCWPlatform::Opened existing hwdb design_1_wrapper_0
TRACE::2024-12-01.21:18:28::SCWPlatform::Found the Hw Db part of the input DSA
TRACE::2024-12-01.21:18:28::SCWMssOS::Checking the sw design at  F:/Education/FPGA_Labs/Labs_2/lab4/audio_new/audio/zynq_fsbl/zynq_fsbl_bsp/system.mss
TRACE::2024-12-01.21:18:28::SCWMssOS::DEBUG:  swdes dump  F:/Education/FPGA_Labs/Labs_2/lab4/audio_new/audio/ps7_cortexa9_0/standalone_domain/bsp/system.mss|system_0||
F:/Education/FPGA_Labs/Labs_2/lab4/audio_new/audio/zynq_fsbl/zynq_fsbl_bsp/system.mss|system||

TRACE::2024-12-01.21:18:28::SCWMssOS::Sw design exists and opened at  F:/Education/FPGA_Labs/Labs_2/lab4/audio_new/audio/zynq_fsbl/zynq_fsbl_bsp/system.mss
TRACE::2024-12-01.21:18:28::SCWPlatform::Trying to open the hw design at F:/Education/FPGA_Labs/Labs_2/lab4/audio_new/audio/hw/design_1_wrapper.xsa
TRACE::2024-12-01.21:18:28::SCWPlatform::DSA given F:/Education/FPGA_Labs/Labs_2/lab4/audio_new/audio/hw/design_1_wrapper.xsa
TRACE::2024-12-01.21:18:28::SCWPlatform::DSA absoulate path F:/Education/FPGA_Labs/Labs_2/lab4/audio_new/audio/hw/design_1_wrapper.xsa
TRACE::2024-12-01.21:18:28::SCWPlatform::DSA directory F:/Education/FPGA_Labs/Labs_2/lab4/audio_new/audio/hw
TRACE::2024-12-01.21:18:28::SCWPlatform:: Platform Path F:/Education/FPGA_Labs/Labs_2/lab4/audio_new/audio/hw/design_1_wrapper.xsa
TRACE::2024-12-01.21:18:28::SCWPlatform:: Unique name xilinx:zedboard::0.0
TRACE::2024-12-01.21:18:28::SCWPlatform::Trying to set the existing hwdb with name design_1_wrapper_0
TRACE::2024-12-01.21:18:28::SCWPlatform::Opened existing hwdb design_1_wrapper_0
TRACE::2024-12-01.21:18:28::SCWPlatform::Found the Hw Db part of the input DSA
TRACE::2024-12-01.21:18:28::SCWMssOS::Checking the sw design at  F:/Education/FPGA_Labs/Labs_2/lab4/audio_new/audio/zynq_fsbl/zynq_fsbl_bsp/system.mss
TRACE::2024-12-01.21:18:28::SCWMssOS::DEBUG:  swdes dump  F:/Education/FPGA_Labs/Labs_2/lab4/audio_new/audio/ps7_cortexa9_0/standalone_domain/bsp/system.mss|system_0||
F:/Education/FPGA_Labs/Labs_2/lab4/audio_new/audio/zynq_fsbl/zynq_fsbl_bsp/system.mss|system||

TRACE::2024-12-01.21:18:28::SCWMssOS::Sw design exists and opened at  F:/Education/FPGA_Labs/Labs_2/lab4/audio_new/audio/zynq_fsbl/zynq_fsbl_bsp/system.mss
TRACE::2024-12-01.21:18:28::SCWPlatform::Trying to open the hw design at F:/Education/FPGA_Labs/Labs_2/lab4/audio_new/audio/hw/design_1_wrapper.xsa
TRACE::2024-12-01.21:18:28::SCWPlatform::DSA given F:/Education/FPGA_Labs/Labs_2/lab4/audio_new/audio/hw/design_1_wrapper.xsa
TRACE::2024-12-01.21:18:28::SCWPlatform::DSA absoulate path F:/Education/FPGA_Labs/Labs_2/lab4/audio_new/audio/hw/design_1_wrapper.xsa
TRACE::2024-12-01.21:18:28::SCWPlatform::DSA directory F:/Education/FPGA_Labs/Labs_2/lab4/audio_new/audio/hw
TRACE::2024-12-01.21:18:28::SCWPlatform:: Platform Path F:/Education/FPGA_Labs/Labs_2/lab4/audio_new/audio/hw/design_1_wrapper.xsa
TRACE::2024-12-01.21:18:28::SCWPlatform:: Unique name xilinx:zedboard::0.0
TRACE::2024-12-01.21:18:28::SCWPlatform::Trying to set the existing hwdb with name design_1_wrapper_0
TRACE::2024-12-01.21:18:28::SCWPlatform::Opened existing hwdb design_1_wrapper_0
TRACE::2024-12-01.21:18:28::SCWPlatform::Found the Hw Db part of the input DSA
TRACE::2024-12-01.21:18:28::SCWMssOS::Checking the sw design at  F:/Education/FPGA_Labs/Labs_2/lab4/audio_new/audio/ps7_cortexa9_0/standalone_domain/bsp/system.mss
TRACE::2024-12-01.21:18:28::SCWMssOS::DEBUG:  swdes dump  F:/Education/FPGA_Labs/Labs_2/lab4/audio_new/audio/ps7_cortexa9_0/standalone_domain/bsp/system.mss|system_0||
F:/Education/FPGA_Labs/Labs_2/lab4/audio_new/audio/zynq_fsbl/zynq_fsbl_bsp/system.mss|system||

TRACE::2024-12-01.21:18:28::SCWMssOS::Sw design exists and opened at  F:/Education/FPGA_Labs/Labs_2/lab4/audio_new/audio/ps7_cortexa9_0/standalone_domain/bsp/system.mss
TRACE::2024-12-01.21:18:28::SCWPlatform::Trying to open the hw design at F:/Education/FPGA_Labs/Labs_2/lab4/audio_new/audio/hw/design_1_wrapper.xsa
TRACE::2024-12-01.21:18:28::SCWPlatform::DSA given F:/Education/FPGA_Labs/Labs_2/lab4/audio_new/audio/hw/design_1_wrapper.xsa
TRACE::2024-12-01.21:18:28::SCWPlatform::DSA absoulate path F:/Education/FPGA_Labs/Labs_2/lab4/audio_new/audio/hw/design_1_wrapper.xsa
TRACE::2024-12-01.21:18:28::SCWPlatform::DSA directory F:/Education/FPGA_Labs/Labs_2/lab4/audio_new/audio/hw
TRACE::2024-12-01.21:18:28::SCWPlatform:: Platform Path F:/Education/FPGA_Labs/Labs_2/lab4/audio_new/audio/hw/design_1_wrapper.xsa
TRACE::2024-12-01.21:18:28::SCWPlatform:: Unique name xilinx:zedboard::0.0
TRACE::2024-12-01.21:18:28::SCWPlatform::Trying to set the existing hwdb with name design_1_wrapper_0
TRACE::2024-12-01.21:18:28::SCWPlatform::Opened existing hwdb design_1_wrapper_0
TRACE::2024-12-01.21:18:28::SCWPlatform::Found the Hw Db part of the input DSA
TRACE::2024-12-01.21:18:28::SCWMssOS::Checking the sw design at  F:/Education/FPGA_Labs/Labs_2/lab4/audio_new/audio/ps7_cortexa9_0/standalone_domain/bsp/system.mss
TRACE::2024-12-01.21:18:28::SCWMssOS::DEBUG:  swdes dump  F:/Education/FPGA_Labs/Labs_2/lab4/audio_new/audio/ps7_cortexa9_0/standalone_domain/bsp/system.mss|system_0||
F:/Education/FPGA_Labs/Labs_2/lab4/audio_new/audio/zynq_fsbl/zynq_fsbl_bsp/system.mss|system||

TRACE::2024-12-01.21:18:28::SCWMssOS::Sw design exists and opened at  F:/Education/FPGA_Labs/Labs_2/lab4/audio_new/audio/ps7_cortexa9_0/standalone_domain/bsp/system.mss
TRACE::2024-12-01.21:18:28::SCWPlatform::Trying to open the hw design at F:/Education/FPGA_Labs/Labs_2/lab4/audio_new/audio/hw/design_1_wrapper.xsa
TRACE::2024-12-01.21:18:28::SCWPlatform::DSA given F:/Education/FPGA_Labs/Labs_2/lab4/audio_new/audio/hw/design_1_wrapper.xsa
TRACE::2024-12-01.21:18:28::SCWPlatform::DSA absoulate path F:/Education/FPGA_Labs/Labs_2/lab4/audio_new/audio/hw/design_1_wrapper.xsa
TRACE::2024-12-01.21:18:28::SCWPlatform::DSA directory F:/Education/FPGA_Labs/Labs_2/lab4/audio_new/audio/hw
TRACE::2024-12-01.21:18:28::SCWPlatform:: Platform Path F:/Education/FPGA_Labs/Labs_2/lab4/audio_new/audio/hw/design_1_wrapper.xsa
TRACE::2024-12-01.21:18:28::SCWPlatform:: Unique name xilinx:zedboard::0.0
TRACE::2024-12-01.21:18:28::SCWPlatform::Trying to set the existing hwdb with name design_1_wrapper_0
TRACE::2024-12-01.21:18:28::SCWPlatform::Opened existing hwdb design_1_wrapper_0
TRACE::2024-12-01.21:18:28::SCWPlatform::Found the Hw Db part of the input DSA
TRACE::2024-12-01.21:18:28::SCWMssOS::Checking the sw design at  F:/Education/FPGA_Labs/Labs_2/lab4/audio_new/audio/ps7_cortexa9_0/standalone_domain/bsp/system.mss
TRACE::2024-12-01.21:18:28::SCWMssOS::DEBUG:  swdes dump  F:/Education/FPGA_Labs/Labs_2/lab4/audio_new/audio/ps7_cortexa9_0/standalone_domain/bsp/system.mss|system_0||
F:/Education/FPGA_Labs/Labs_2/lab4/audio_new/audio/zynq_fsbl/zynq_fsbl_bsp/system.mss|system||

TRACE::2024-12-01.21:18:28::SCWMssOS::Sw design exists and opened at  F:/Education/FPGA_Labs/Labs_2/lab4/audio_new/audio/ps7_cortexa9_0/standalone_domain/bsp/system.mss
TRACE::2024-12-01.21:18:28::SCWWriter::formatted JSON is {
	"platformName":	"audio",
	"sprVersion":	"2.0",
	"mode":	"gui",
	"dsaType":	"Fixed",
	"platformDesc":	"audio",
	"platHandOff":	"F:/Education/FPGA_Labs/Labs_2/lab4/audio_new/design_1_wrapper.xsa",
	"platIntHandOff":	"<platformDir>/hw/design_1_wrapper.xsa",
	"deviceType":	"zynq",
	"platIsPrebuiltAutogen":	"false",
	"platIsNoBootBsp":	"false",
	"platFsblTarget":	"ps7_cortexa9_0",
	"hasFsblMakeHasChanges":	"false",
	"hasPmufwMakeHasChanges":	"false",
	"fsblExtraCompilerFlags":	"-MMD -MP       -mcpu=cortex-a9 -mfpu=vfpv3 -mfloat-abi=hard ",
	"platPreBuiltFlag":	false,
	"platformSamplesDir":	"",
	"platActiveSys":	"audio",
	"systems":	[{
			"systemName":	"audio",
			"systemDesc":	"audio",
			"sysIsBootAutoGen":	"true",
			"systemDispName":	"audio",
			"sysActiveDom":	"standalone_domain",
			"sysDefaultDom":	"standalone_domain",
			"domains":	[{
					"domainName":	"zynq_fsbl",
					"domainDispName":	"zynq_fsbl",
					"domainDesc":	"FSBL Application BSP - Auto Generated.",
					"processors":	"ps7_cortexa9_0",
					"os":	"standalone",
					"sdxOs":	"standalone",
					"debugEnable":	"",
					"domRuntimes":	["cpp"],
					"swRepo":	"",
					"mssOsVer":	"8.1",
					"mssFile":	"",
					"md5Digest":	"d9a34af2dee52f902a49b7b36c0ab938",
					"compatibleApp":	"zynq_fsbl",
					"domType":	"bootDomain",
					"arch":	"32-bit",
					"appSettings":	{
						"appCompilerFlags":	"",
						"appLinkerFlags":	""
					},
					"addedLibs":	["xilffs:5.0", "xilrsa:1.6"],
					"libOptions":	{
						"libsContainingOptions":	[]
					},
					"prebuiltLibs":	{
						"prebuiltIncPath":	[],
						"prebuiltLibPath":	[]
					},
					"isolation":	{
					}
				}, {
					"domainName":	"standalone_domain",
					"domainDispName":	"standalone on ps7_cortexa9_0",
					"domainDesc":	"standalone_domain",
					"processors":	"ps7_cortexa9_0",
					"os":	"standalone",
					"sdxOs":	"standalone",
					"qemuArgs":	"<platformDir>/resources/audio/standalone_domain/qemu_args.txt",
					"qemuData":	"<platformDir>/resources/audio/standalone_domain/qemu",
					"debugEnable":	"False",
					"domRuntimes":	["cpp"],
					"swRepo":	"",
					"mssOsVer":	"8.1",
					"mssFile":	"",
					"md5Digest":	"9a5c07eb3fcbf029dead828c18c1b9c0",
					"compatibleApp":	"",
					"domType":	"mssDomain",
					"appSettings":	{
						"appCompilerFlags":	"",
						"appLinkerFlags":	""
					},
					"addedLibs":	[],
					"libOptions":	{
						"libsContainingOptions":	[]
					},
					"prebuiltLibs":	{
						"prebuiltIncPath":	[],
						"prebuiltLibPath":	[]
					},
					"isolation":	{
					}
				}]
		}]
}
TRACE::2024-12-01.21:18:28::SCWMssOS::Saving the mss changes F:/Education/FPGA_Labs/Labs_2/lab4/audio_new/audio/zynq_fsbl/zynq_fsbl_bsp/system.mss
TRACE::2024-12-01.21:18:28::SCWMssOS::Found a swdesign opened with the mssfile.
TRACE::2024-12-01.21:18:28::SCWMssOS::Completed writemss as part of save.
TRACE::2024-12-01.21:18:28::SCWMssOS::Commit changes completed.
TRACE::2024-12-01.21:18:28::SCWMssOS::Saving the mss changes F:/Education/FPGA_Labs/Labs_2/lab4/audio_new/audio/ps7_cortexa9_0/standalone_domain/bsp/system.mss
TRACE::2024-12-01.21:18:28::SCWMssOS::Found a swdesign opened with the mssfile.
TRACE::2024-12-01.21:18:28::SCWMssOS::Completed writemss as part of save.
TRACE::2024-12-01.21:18:28::SCWMssOS::Commit changes completed.
TRACE::2024-12-01.21:18:28::SCWPlatform::Trying to open the hw design at F:/Education/FPGA_Labs/Labs_2/lab4/audio_new/audio/hw/design_1_wrapper.xsa
TRACE::2024-12-01.21:18:28::SCWPlatform::DSA given F:/Education/FPGA_Labs/Labs_2/lab4/audio_new/audio/hw/design_1_wrapper.xsa
TRACE::2024-12-01.21:18:28::SCWPlatform::DSA absoulate path F:/Education/FPGA_Labs/Labs_2/lab4/audio_new/audio/hw/design_1_wrapper.xsa
TRACE::2024-12-01.21:18:28::SCWPlatform::DSA directory F:/Education/FPGA_Labs/Labs_2/lab4/audio_new/audio/hw
TRACE::2024-12-01.21:18:28::SCWPlatform:: Platform Path F:/Education/FPGA_Labs/Labs_2/lab4/audio_new/audio/hw/design_1_wrapper.xsa
TRACE::2024-12-01.21:18:28::SCWPlatform:: Unique name xilinx:zedboard::0.0
TRACE::2024-12-01.21:18:28::SCWPlatform::Trying to set the existing hwdb with name design_1_wrapper_0
TRACE::2024-12-01.21:18:28::SCWPlatform::Opened existing hwdb design_1_wrapper_0
TRACE::2024-12-01.21:18:28::SCWPlatform::Found the Hw Db part of the input DSA
TRACE::2024-12-01.21:18:28::SCWMssOS::Checking the sw design at  F:/Education/FPGA_Labs/Labs_2/lab4/audio_new/audio/zynq_fsbl/zynq_fsbl_bsp/system.mss
TRACE::2024-12-01.21:18:28::SCWMssOS::DEBUG:  swdes dump  F:/Education/FPGA_Labs/Labs_2/lab4/audio_new/audio/ps7_cortexa9_0/standalone_domain/bsp/system.mss|system_0||
F:/Education/FPGA_Labs/Labs_2/lab4/audio_new/audio/zynq_fsbl/zynq_fsbl_bsp/system.mss|system||

TRACE::2024-12-01.21:18:28::SCWMssOS::Sw design exists and opened at  F:/Education/FPGA_Labs/Labs_2/lab4/audio_new/audio/zynq_fsbl/zynq_fsbl_bsp/system.mss
TRACE::2024-12-01.21:18:28::SCWPlatform::Trying to open the hw design at F:/Education/FPGA_Labs/Labs_2/lab4/audio_new/audio/hw/design_1_wrapper.xsa
TRACE::2024-12-01.21:18:28::SCWPlatform::DSA given F:/Education/FPGA_Labs/Labs_2/lab4/audio_new/audio/hw/design_1_wrapper.xsa
TRACE::2024-12-01.21:18:28::SCWPlatform::DSA absoulate path F:/Education/FPGA_Labs/Labs_2/lab4/audio_new/audio/hw/design_1_wrapper.xsa
TRACE::2024-12-01.21:18:28::SCWPlatform::DSA directory F:/Education/FPGA_Labs/Labs_2/lab4/audio_new/audio/hw
TRACE::2024-12-01.21:18:28::SCWPlatform:: Platform Path F:/Education/FPGA_Labs/Labs_2/lab4/audio_new/audio/hw/design_1_wrapper.xsa
TRACE::2024-12-01.21:18:28::SCWPlatform:: Unique name xilinx:zedboard::0.0
TRACE::2024-12-01.21:18:28::SCWPlatform::Trying to set the existing hwdb with name design_1_wrapper_0
TRACE::2024-12-01.21:18:28::SCWPlatform::Opened existing hwdb design_1_wrapper_0
TRACE::2024-12-01.21:18:28::SCWPlatform::Found the Hw Db part of the input DSA
TRACE::2024-12-01.21:18:28::SCWMssOS::Checking the sw design at  F:/Education/FPGA_Labs/Labs_2/lab4/audio_new/audio/zynq_fsbl/zynq_fsbl_bsp/system.mss
TRACE::2024-12-01.21:18:28::SCWMssOS::DEBUG:  swdes dump  F:/Education/FPGA_Labs/Labs_2/lab4/audio_new/audio/ps7_cortexa9_0/standalone_domain/bsp/system.mss|system_0||
F:/Education/FPGA_Labs/Labs_2/lab4/audio_new/audio/zynq_fsbl/zynq_fsbl_bsp/system.mss|system||

TRACE::2024-12-01.21:18:28::SCWMssOS::Sw design exists and opened at  F:/Education/FPGA_Labs/Labs_2/lab4/audio_new/audio/zynq_fsbl/zynq_fsbl_bsp/system.mss
TRACE::2024-12-01.21:18:28::SCWPlatform::Trying to open the hw design at F:/Education/FPGA_Labs/Labs_2/lab4/audio_new/audio/hw/design_1_wrapper.xsa
TRACE::2024-12-01.21:18:28::SCWPlatform::DSA given F:/Education/FPGA_Labs/Labs_2/lab4/audio_new/audio/hw/design_1_wrapper.xsa
TRACE::2024-12-01.21:18:28::SCWPlatform::DSA absoulate path F:/Education/FPGA_Labs/Labs_2/lab4/audio_new/audio/hw/design_1_wrapper.xsa
TRACE::2024-12-01.21:18:28::SCWPlatform::DSA directory F:/Education/FPGA_Labs/Labs_2/lab4/audio_new/audio/hw
TRACE::2024-12-01.21:18:28::SCWPlatform:: Platform Path F:/Education/FPGA_Labs/Labs_2/lab4/audio_new/audio/hw/design_1_wrapper.xsa
TRACE::2024-12-01.21:18:28::SCWPlatform:: Unique name xilinx:zedboard::0.0
TRACE::2024-12-01.21:18:28::SCWPlatform::Trying to set the existing hwdb with name design_1_wrapper_0
TRACE::2024-12-01.21:18:28::SCWPlatform::Opened existing hwdb design_1_wrapper_0
TRACE::2024-12-01.21:18:28::SCWPlatform::Found the Hw Db part of the input DSA
TRACE::2024-12-01.21:18:28::SCWMssOS::Checking the sw design at  F:/Education/FPGA_Labs/Labs_2/lab4/audio_new/audio/zynq_fsbl/zynq_fsbl_bsp/system.mss
TRACE::2024-12-01.21:18:28::SCWMssOS::DEBUG:  swdes dump  F:/Education/FPGA_Labs/Labs_2/lab4/audio_new/audio/ps7_cortexa9_0/standalone_domain/bsp/system.mss|system_0||
F:/Education/FPGA_Labs/Labs_2/lab4/audio_new/audio/zynq_fsbl/zynq_fsbl_bsp/system.mss|system||

TRACE::2024-12-01.21:18:28::SCWMssOS::Sw design exists and opened at  F:/Education/FPGA_Labs/Labs_2/lab4/audio_new/audio/zynq_fsbl/zynq_fsbl_bsp/system.mss
TRACE::2024-12-01.21:18:28::SCWPlatform::Trying to open the hw design at F:/Education/FPGA_Labs/Labs_2/lab4/audio_new/audio/hw/design_1_wrapper.xsa
TRACE::2024-12-01.21:18:28::SCWPlatform::DSA given F:/Education/FPGA_Labs/Labs_2/lab4/audio_new/audio/hw/design_1_wrapper.xsa
TRACE::2024-12-01.21:18:28::SCWPlatform::DSA absoulate path F:/Education/FPGA_Labs/Labs_2/lab4/audio_new/audio/hw/design_1_wrapper.xsa
TRACE::2024-12-01.21:18:28::SCWPlatform::DSA directory F:/Education/FPGA_Labs/Labs_2/lab4/audio_new/audio/hw
TRACE::2024-12-01.21:18:28::SCWPlatform:: Platform Path F:/Education/FPGA_Labs/Labs_2/lab4/audio_new/audio/hw/design_1_wrapper.xsa
TRACE::2024-12-01.21:18:28::SCWPlatform:: Unique name xilinx:zedboard::0.0
TRACE::2024-12-01.21:18:28::SCWPlatform::Trying to set the existing hwdb with name design_1_wrapper_0
TRACE::2024-12-01.21:18:28::SCWPlatform::Opened existing hwdb design_1_wrapper_0
TRACE::2024-12-01.21:18:28::SCWPlatform::Found the Hw Db part of the input DSA
TRACE::2024-12-01.21:18:28::SCWMssOS::Checking the sw design at  F:/Education/FPGA_Labs/Labs_2/lab4/audio_new/audio/ps7_cortexa9_0/standalone_domain/bsp/system.mss
TRACE::2024-12-01.21:18:28::SCWMssOS::DEBUG:  swdes dump  F:/Education/FPGA_Labs/Labs_2/lab4/audio_new/audio/ps7_cortexa9_0/standalone_domain/bsp/system.mss|system_0||
F:/Education/FPGA_Labs/Labs_2/lab4/audio_new/audio/zynq_fsbl/zynq_fsbl_bsp/system.mss|system||

TRACE::2024-12-01.21:18:28::SCWMssOS::Sw design exists and opened at  F:/Education/FPGA_Labs/Labs_2/lab4/audio_new/audio/ps7_cortexa9_0/standalone_domain/bsp/system.mss
TRACE::2024-12-01.21:18:28::SCWPlatform::Trying to open the hw design at F:/Education/FPGA_Labs/Labs_2/lab4/audio_new/audio/hw/design_1_wrapper.xsa
TRACE::2024-12-01.21:18:28::SCWPlatform::DSA given F:/Education/FPGA_Labs/Labs_2/lab4/audio_new/audio/hw/design_1_wrapper.xsa
TRACE::2024-12-01.21:18:28::SCWPlatform::DSA absoulate path F:/Education/FPGA_Labs/Labs_2/lab4/audio_new/audio/hw/design_1_wrapper.xsa
TRACE::2024-12-01.21:18:28::SCWPlatform::DSA directory F:/Education/FPGA_Labs/Labs_2/lab4/audio_new/audio/hw
TRACE::2024-12-01.21:18:28::SCWPlatform:: Platform Path F:/Education/FPGA_Labs/Labs_2/lab4/audio_new/audio/hw/design_1_wrapper.xsa
TRACE::2024-12-01.21:18:28::SCWPlatform:: Unique name xilinx:zedboard::0.0
TRACE::2024-12-01.21:18:28::SCWPlatform::Trying to set the existing hwdb with name design_1_wrapper_0
TRACE::2024-12-01.21:18:28::SCWPlatform::Opened existing hwdb design_1_wrapper_0
TRACE::2024-12-01.21:18:28::SCWPlatform::Found the Hw Db part of the input DSA
TRACE::2024-12-01.21:18:28::SCWMssOS::Checking the sw design at  F:/Education/FPGA_Labs/Labs_2/lab4/audio_new/audio/ps7_cortexa9_0/standalone_domain/bsp/system.mss
TRACE::2024-12-01.21:18:28::SCWMssOS::DEBUG:  swdes dump  F:/Education/FPGA_Labs/Labs_2/lab4/audio_new/audio/ps7_cortexa9_0/standalone_domain/bsp/system.mss|system_0||
F:/Education/FPGA_Labs/Labs_2/lab4/audio_new/audio/zynq_fsbl/zynq_fsbl_bsp/system.mss|system||

TRACE::2024-12-01.21:18:28::SCWMssOS::Sw design exists and opened at  F:/Education/FPGA_Labs/Labs_2/lab4/audio_new/audio/ps7_cortexa9_0/standalone_domain/bsp/system.mss
TRACE::2024-12-01.21:18:28::SCWPlatform::Trying to open the hw design at F:/Education/FPGA_Labs/Labs_2/lab4/audio_new/audio/hw/design_1_wrapper.xsa
TRACE::2024-12-01.21:18:28::SCWPlatform::DSA given F:/Education/FPGA_Labs/Labs_2/lab4/audio_new/audio/hw/design_1_wrapper.xsa
TRACE::2024-12-01.21:18:28::SCWPlatform::DSA absoulate path F:/Education/FPGA_Labs/Labs_2/lab4/audio_new/audio/hw/design_1_wrapper.xsa
TRACE::2024-12-01.21:18:28::SCWPlatform::DSA directory F:/Education/FPGA_Labs/Labs_2/lab4/audio_new/audio/hw
TRACE::2024-12-01.21:18:28::SCWPlatform:: Platform Path F:/Education/FPGA_Labs/Labs_2/lab4/audio_new/audio/hw/design_1_wrapper.xsa
TRACE::2024-12-01.21:18:28::SCWPlatform:: Unique name xilinx:zedboard::0.0
TRACE::2024-12-01.21:18:28::SCWPlatform::Trying to set the existing hwdb with name design_1_wrapper_0
TRACE::2024-12-01.21:18:28::SCWPlatform::Opened existing hwdb design_1_wrapper_0
TRACE::2024-12-01.21:18:28::SCWPlatform::Found the Hw Db part of the input DSA
TRACE::2024-12-01.21:18:28::SCWMssOS::Checking the sw design at  F:/Education/FPGA_Labs/Labs_2/lab4/audio_new/audio/ps7_cortexa9_0/standalone_domain/bsp/system.mss
TRACE::2024-12-01.21:18:28::SCWMssOS::DEBUG:  swdes dump  F:/Education/FPGA_Labs/Labs_2/lab4/audio_new/audio/ps7_cortexa9_0/standalone_domain/bsp/system.mss|system_0||
F:/Education/FPGA_Labs/Labs_2/lab4/audio_new/audio/zynq_fsbl/zynq_fsbl_bsp/system.mss|system||

TRACE::2024-12-01.21:18:28::SCWMssOS::Sw design exists and opened at  F:/Education/FPGA_Labs/Labs_2/lab4/audio_new/audio/ps7_cortexa9_0/standalone_domain/bsp/system.mss
TRACE::2024-12-01.21:18:28::SCWWriter::formatted JSON is {
	"platformName":	"audio",
	"sprVersion":	"2.0",
	"mode":	"gui",
	"dsaType":	"Fixed",
	"platformDesc":	"audio",
	"platHandOff":	"F:/Education/FPGA_Labs/Labs_2/lab4/audio_new/design_1_wrapper.xsa",
	"platIntHandOff":	"<platformDir>/hw/design_1_wrapper.xsa",
	"deviceType":	"zynq",
	"platIsPrebuiltAutogen":	"false",
	"platIsNoBootBsp":	"false",
	"platFsblTarget":	"ps7_cortexa9_0",
	"hasFsblMakeHasChanges":	"false",
	"hasPmufwMakeHasChanges":	"false",
	"fsblExtraCompilerFlags":	"-MMD -MP       -mcpu=cortex-a9 -mfpu=vfpv3 -mfloat-abi=hard ",
	"platPreBuiltFlag":	false,
	"platformSamplesDir":	"",
	"platActiveSys":	"audio",
	"systems":	[{
			"systemName":	"audio",
			"systemDesc":	"audio",
			"sysIsBootAutoGen":	"true",
			"systemDispName":	"audio",
			"sysActiveDom":	"standalone_domain",
			"sysDefaultDom":	"standalone_domain",
			"domains":	[{
					"domainName":	"zynq_fsbl",
					"domainDispName":	"zynq_fsbl",
					"domainDesc":	"FSBL Application BSP - Auto Generated.",
					"processors":	"ps7_cortexa9_0",
					"os":	"standalone",
					"sdxOs":	"standalone",
					"debugEnable":	"",
					"domRuntimes":	["cpp"],
					"swRepo":	"",
					"mssOsVer":	"8.1",
					"mssFile":	"",
					"md5Digest":	"d9a34af2dee52f902a49b7b36c0ab938",
					"compatibleApp":	"zynq_fsbl",
					"domType":	"bootDomain",
					"arch":	"32-bit",
					"appSettings":	{
						"appCompilerFlags":	"",
						"appLinkerFlags":	""
					},
					"addedLibs":	["xilffs:5.0", "xilrsa:1.6"],
					"libOptions":	{
						"libsContainingOptions":	[]
					},
					"prebuiltLibs":	{
						"prebuiltIncPath":	[],
						"prebuiltLibPath":	[]
					},
					"isolation":	{
					}
				}, {
					"domainName":	"standalone_domain",
					"domainDispName":	"standalone on ps7_cortexa9_0",
					"domainDesc":	"standalone_domain",
					"processors":	"ps7_cortexa9_0",
					"os":	"standalone",
					"sdxOs":	"standalone",
					"qemuArgs":	"<platformDir>/resources/audio/standalone_domain/qemu_args.txt",
					"qemuData":	"<platformDir>/resources/audio/standalone_domain/qemu",
					"debugEnable":	"False",
					"domRuntimes":	["cpp"],
					"swRepo":	"",
					"mssOsVer":	"8.1",
					"mssFile":	"",
					"md5Digest":	"9a5c07eb3fcbf029dead828c18c1b9c0",
					"compatibleApp":	"",
					"domType":	"mssDomain",
					"appSettings":	{
						"appCompilerFlags":	"",
						"appLinkerFlags":	""
					},
					"addedLibs":	[],
					"libOptions":	{
						"libsContainingOptions":	[]
					},
					"prebuiltLibs":	{
						"prebuiltIncPath":	[],
						"prebuiltLibPath":	[]
					},
					"isolation":	{
					}
				}]
		}]
}
TRACE::2024-12-01.21:18:29::SCWPlatform::Clearing the existing platform
TRACE::2024-12-01.21:18:29::SCWSystem::Clearing the existing sysconfig
TRACE::2024-12-01.21:18:29::SCWBDomain::clearing the fsbl build
TRACE::2024-12-01.21:18:29::SCWMssOS::Removing the swdes entry for  F:/Education/FPGA_Labs/Labs_2/lab4/audio_new/audio/zynq_fsbl/zynq_fsbl_bsp/system.mss
TRACE::2024-12-01.21:18:29::SCWMssOS::Removing the swdes entry for  F:/Education/FPGA_Labs/Labs_2/lab4/audio_new/audio/ps7_cortexa9_0/standalone_domain/bsp/system.mss
TRACE::2024-12-01.21:18:29::SCWSystem::Clearing the domains completed.
TRACE::2024-12-01.21:18:29::SCWPlatform::Clearing the opened hw db.
TRACE::2024-12-01.21:18:29::SCWPlatform::DSA given F:/Education/FPGA_Labs/Labs_2/lab4/audio_new/audio/hw/design_1_wrapper.xsa
TRACE::2024-12-01.21:18:29::SCWPlatform::DSA absoulate path F:/Education/FPGA_Labs/Labs_2/lab4/audio_new/audio/hw/design_1_wrapper.xsa
TRACE::2024-12-01.21:18:29::SCWPlatform:: Platform location is F:/Education/FPGA_Labs/Labs_2/lab4/audio_new/audio/hw
TRACE::2024-12-01.21:18:29::SCWPlatform:: Platform Path F:/Education/FPGA_Labs/Labs_2/lab4/audio_new/audio/hw/design_1_wrapper.xsa
TRACE::2024-12-01.21:18:29::SCWPlatform:: Unique name xilinx:zedboard::0.0
TRACE::2024-12-01.21:18:29::SCWPlatform::Removing the HwDB with name F:/Education/FPGA_Labs/Labs_2/lab4/audio_new/audio/hw/design_1_wrapper.xsa
TRACE::2024-12-01.21:18:29::SCWPlatform::Trying to open the hw design at F:/Education/FPGA_Labs/Labs_2/lab4/audio_new/audio/hw/design_1_wrapper.xsa
TRACE::2024-12-01.21:18:29::SCWPlatform::DSA given F:/Education/FPGA_Labs/Labs_2/lab4/audio_new/audio/hw/design_1_wrapper.xsa
TRACE::2024-12-01.21:18:29::SCWPlatform::DSA absoulate path F:/Education/FPGA_Labs/Labs_2/lab4/audio_new/audio/hw/design_1_wrapper.xsa
TRACE::2024-12-01.21:18:29::SCWPlatform::DSA directory F:/Education/FPGA_Labs/Labs_2/lab4/audio_new/audio/hw
TRACE::2024-12-01.21:18:29::SCWPlatform:: Platform Path F:/Education/FPGA_Labs/Labs_2/lab4/audio_new/audio/hw/design_1_wrapper.xsa
TRACE::2024-12-01.21:18:29::SCWPlatform:: Unique name xilinx:zedboard::0.0
TRACE::2024-12-01.21:18:29::SCWPlatform::Do not have an existing db opened. 
TRACE::2024-12-01.21:18:30::SCWPlatform::Opened new HwDB with name design_1_wrapper_1
TRACE::2024-12-01.21:18:30::SCWReader::Active system found as  audio
TRACE::2024-12-01.21:18:30::SCWReader::Handling sysconfig audio
TRACE::2024-12-01.21:18:30::SCWDomain::checking for install qemu data   : 
TRACE::2024-12-01.21:18:30::SCWDomain:: Using the QEMU Data from install at  : F:/Xilinx/Vitis/Vitis/2023.1/data/emulation/platforms/zynq/sw/a9_standalone/qemu/
TRACE::2024-12-01.21:18:30::SCWDomain:: Using the QEMU args  from install at  : F:/Xilinx/Vitis/Vitis/2023.1/data/emulation/platforms/zynq/sw/a9_standalone/qemu/qemu_args.txt
TRACE::2024-12-01.21:18:30::SCWPlatform::Trying to open the hw design at F:/Education/FPGA_Labs/Labs_2/lab4/audio_new/audio/hw/design_1_wrapper.xsa
TRACE::2024-12-01.21:18:30::SCWPlatform::DSA given F:/Education/FPGA_Labs/Labs_2/lab4/audio_new/audio/hw/design_1_wrapper.xsa
TRACE::2024-12-01.21:18:30::SCWPlatform::DSA absoulate path F:/Education/FPGA_Labs/Labs_2/lab4/audio_new/audio/hw/design_1_wrapper.xsa
TRACE::2024-12-01.21:18:30::SCWPlatform::DSA directory F:/Education/FPGA_Labs/Labs_2/lab4/audio_new/audio/hw
TRACE::2024-12-01.21:18:30::SCWPlatform:: Platform Path F:/Education/FPGA_Labs/Labs_2/lab4/audio_new/audio/hw/design_1_wrapper.xsa
TRACE::2024-12-01.21:18:30::SCWPlatform:: Unique name xilinx:zedboard::0.0
TRACE::2024-12-01.21:18:30::SCWPlatform::Trying to set the existing hwdb with name design_1_wrapper_1
TRACE::2024-12-01.21:18:30::SCWPlatform::Opened existing hwdb design_1_wrapper_1
TRACE::2024-12-01.21:18:30::SCWPlatform::Found the Hw Db part of the input DSA
TRACE::2024-12-01.21:18:30::SCWPlatform::Trying to open the hw design at F:/Education/FPGA_Labs/Labs_2/lab4/audio_new/audio/hw/design_1_wrapper.xsa
TRACE::2024-12-01.21:18:30::SCWPlatform::DSA given F:/Education/FPGA_Labs/Labs_2/lab4/audio_new/audio/hw/design_1_wrapper.xsa
TRACE::2024-12-01.21:18:30::SCWPlatform::DSA absoulate path F:/Education/FPGA_Labs/Labs_2/lab4/audio_new/audio/hw/design_1_wrapper.xsa
TRACE::2024-12-01.21:18:30::SCWPlatform::DSA directory F:/Education/FPGA_Labs/Labs_2/lab4/audio_new/audio/hw
TRACE::2024-12-01.21:18:30::SCWPlatform:: Platform Path F:/Education/FPGA_Labs/Labs_2/lab4/audio_new/audio/hw/design_1_wrapper.xsa
TRACE::2024-12-01.21:18:30::SCWPlatform:: Unique name xilinx:zedboard::0.0
TRACE::2024-12-01.21:18:30::SCWPlatform::Trying to set the existing hwdb with name design_1_wrapper_1
TRACE::2024-12-01.21:18:30::SCWPlatform::Opened existing hwdb design_1_wrapper_1
TRACE::2024-12-01.21:18:30::SCWPlatform::Found the Hw Db part of the input DSA
TRACE::2024-12-01.21:18:30::SCWPlatform::Trying to open the hw design at F:/Education/FPGA_Labs/Labs_2/lab4/audio_new/audio/hw/design_1_wrapper.xsa
TRACE::2024-12-01.21:18:30::SCWPlatform::DSA given F:/Education/FPGA_Labs/Labs_2/lab4/audio_new/audio/hw/design_1_wrapper.xsa
TRACE::2024-12-01.21:18:30::SCWPlatform::DSA absoulate path F:/Education/FPGA_Labs/Labs_2/lab4/audio_new/audio/hw/design_1_wrapper.xsa
TRACE::2024-12-01.21:18:30::SCWPlatform::DSA directory F:/Education/FPGA_Labs/Labs_2/lab4/audio_new/audio/hw
TRACE::2024-12-01.21:18:30::SCWPlatform:: Platform Path F:/Education/FPGA_Labs/Labs_2/lab4/audio_new/audio/hw/design_1_wrapper.xsa
TRACE::2024-12-01.21:18:30::SCWPlatform:: Unique name xilinx:zedboard::0.0
TRACE::2024-12-01.21:18:30::SCWPlatform::Trying to set the existing hwdb with name design_1_wrapper_1
TRACE::2024-12-01.21:18:30::SCWPlatform::Opened existing hwdb design_1_wrapper_1
TRACE::2024-12-01.21:18:30::SCWPlatform::Found the Hw Db part of the input DSA
TRACE::2024-12-01.21:18:30::SCWReader::Boot application domain added for zynq_fsbl
TRACE::2024-12-01.21:18:30::SCWPlatform::Trying to open the hw design at F:/Education/FPGA_Labs/Labs_2/lab4/audio_new/audio/hw/design_1_wrapper.xsa
TRACE::2024-12-01.21:18:30::SCWPlatform::DSA given F:/Education/FPGA_Labs/Labs_2/lab4/audio_new/audio/hw/design_1_wrapper.xsa
TRACE::2024-12-01.21:18:30::SCWPlatform::DSA absoulate path F:/Education/FPGA_Labs/Labs_2/lab4/audio_new/audio/hw/design_1_wrapper.xsa
TRACE::2024-12-01.21:18:30::SCWPlatform::DSA directory F:/Education/FPGA_Labs/Labs_2/lab4/audio_new/audio/hw
TRACE::2024-12-01.21:18:30::SCWPlatform:: Platform Path F:/Education/FPGA_Labs/Labs_2/lab4/audio_new/audio/hw/design_1_wrapper.xsa
TRACE::2024-12-01.21:18:30::SCWPlatform:: Unique name xilinx:zedboard::0.0
TRACE::2024-12-01.21:18:30::SCWPlatform::Trying to set the existing hwdb with name design_1_wrapper_1
TRACE::2024-12-01.21:18:30::SCWPlatform::Opened existing hwdb design_1_wrapper_1
TRACE::2024-12-01.21:18:30::SCWPlatform::Found the Hw Db part of the input DSA
TRACE::2024-12-01.21:18:30::SCWMssOS::Checking the sw design at  F:/Education/FPGA_Labs/Labs_2/lab4/audio_new/audio/zynq_fsbl/zynq_fsbl_bsp/system.mss
TRACE::2024-12-01.21:18:30::SCWMssOS::DEBUG:  swdes dump  
TRACE::2024-12-01.21:18:30::SCWMssOS::No sw design opened at  F:/Education/FPGA_Labs/Labs_2/lab4/audio_new/audio/zynq_fsbl/zynq_fsbl_bsp/system.mss
TRACE::2024-12-01.21:18:30::SCWMssOS::mss exists loading the mss file  F:/Education/FPGA_Labs/Labs_2/lab4/audio_new/audio/zynq_fsbl/zynq_fsbl_bsp/system.mss
TRACE::2024-12-01.21:18:30::SCWMssOS::Opened the sw design from mss  F:/Education/FPGA_Labs/Labs_2/lab4/audio_new/audio/zynq_fsbl/zynq_fsbl_bsp/system.mss
TRACE::2024-12-01.21:18:30::SCWMssOS::Adding the swdes entry F:/Education/FPGA_Labs/Labs_2/lab4/audio_new/audio/zynq_fsbl/zynq_fsbl_bsp/system.mss with des name system
TRACE::2024-12-01.21:18:30::SCWMssOS::updating the scw layer about changes
TRACE::2024-12-01.21:18:30::SCWMssOS::Opened the sw design.  F:/Education/FPGA_Labs/Labs_2/lab4/audio_new/audio/zynq_fsbl/zynq_fsbl_bsp/system.mss
TRACE::2024-12-01.21:18:30::SCWPlatform::Trying to open the hw design at F:/Education/FPGA_Labs/Labs_2/lab4/audio_new/audio/hw/design_1_wrapper.xsa
TRACE::2024-12-01.21:18:30::SCWPlatform::DSA given F:/Education/FPGA_Labs/Labs_2/lab4/audio_new/audio/hw/design_1_wrapper.xsa
TRACE::2024-12-01.21:18:30::SCWPlatform::DSA absoulate path F:/Education/FPGA_Labs/Labs_2/lab4/audio_new/audio/hw/design_1_wrapper.xsa
TRACE::2024-12-01.21:18:30::SCWPlatform::DSA directory F:/Education/FPGA_Labs/Labs_2/lab4/audio_new/audio/hw
TRACE::2024-12-01.21:18:30::SCWPlatform:: Platform Path F:/Education/FPGA_Labs/Labs_2/lab4/audio_new/audio/hw/design_1_wrapper.xsa
TRACE::2024-12-01.21:18:30::SCWPlatform:: Unique name xilinx:zedboard::0.0
TRACE::2024-12-01.21:18:30::SCWPlatform::Trying to set the existing hwdb with name design_1_wrapper_1
TRACE::2024-12-01.21:18:30::SCWPlatform::Opened existing hwdb design_1_wrapper_1
TRACE::2024-12-01.21:18:30::SCWPlatform::Found the Hw Db part of the input DSA
TRACE::2024-12-01.21:18:30::SCWMssOS::Checking the sw design at  F:/Education/FPGA_Labs/Labs_2/lab4/audio_new/audio/zynq_fsbl/zynq_fsbl_bsp/system.mss
TRACE::2024-12-01.21:18:30::SCWMssOS::DEBUG:  swdes dump  F:/Education/FPGA_Labs/Labs_2/lab4/audio_new/audio/zynq_fsbl/zynq_fsbl_bsp/system.mss|system||

TRACE::2024-12-01.21:18:30::SCWMssOS::Sw design exists and opened at  F:/Education/FPGA_Labs/Labs_2/lab4/audio_new/audio/zynq_fsbl/zynq_fsbl_bsp/system.mss
TRACE::2024-12-01.21:18:30::SCWMssOS:: library already available in sw design:  xilffs:5.0
TRACE::2024-12-01.21:18:30::SCWPlatform::Trying to open the hw design at F:/Education/FPGA_Labs/Labs_2/lab4/audio_new/audio/hw/design_1_wrapper.xsa
TRACE::2024-12-01.21:18:30::SCWPlatform::DSA given F:/Education/FPGA_Labs/Labs_2/lab4/audio_new/audio/hw/design_1_wrapper.xsa
TRACE::2024-12-01.21:18:30::SCWPlatform::DSA absoulate path F:/Education/FPGA_Labs/Labs_2/lab4/audio_new/audio/hw/design_1_wrapper.xsa
TRACE::2024-12-01.21:18:30::SCWPlatform::DSA directory F:/Education/FPGA_Labs/Labs_2/lab4/audio_new/audio/hw
TRACE::2024-12-01.21:18:30::SCWPlatform:: Platform Path F:/Education/FPGA_Labs/Labs_2/lab4/audio_new/audio/hw/design_1_wrapper.xsa
TRACE::2024-12-01.21:18:30::SCWPlatform:: Unique name xilinx:zedboard::0.0
TRACE::2024-12-01.21:18:30::SCWPlatform::Trying to set the existing hwdb with name design_1_wrapper_1
TRACE::2024-12-01.21:18:30::SCWPlatform::Opened existing hwdb design_1_wrapper_1
TRACE::2024-12-01.21:18:30::SCWPlatform::Found the Hw Db part of the input DSA
TRACE::2024-12-01.21:18:30::SCWMssOS::Checking the sw design at  F:/Education/FPGA_Labs/Labs_2/lab4/audio_new/audio/zynq_fsbl/zynq_fsbl_bsp/system.mss
TRACE::2024-12-01.21:18:30::SCWMssOS::DEBUG:  swdes dump  F:/Education/FPGA_Labs/Labs_2/lab4/audio_new/audio/zynq_fsbl/zynq_fsbl_bsp/system.mss|system||

TRACE::2024-12-01.21:18:30::SCWMssOS::Sw design exists and opened at  F:/Education/FPGA_Labs/Labs_2/lab4/audio_new/audio/zynq_fsbl/zynq_fsbl_bsp/system.mss
TRACE::2024-12-01.21:18:30::SCWMssOS:: library already available in sw design:  xilrsa:1.6
TRACE::2024-12-01.21:18:30::SCWMssOS::Saving the mss changes F:/Education/FPGA_Labs/Labs_2/lab4/audio_new/audio/zynq_fsbl/zynq_fsbl_bsp/system.mss
TRACE::2024-12-01.21:18:30::SCWMssOS::Found a swdesign opened with the mssfile.
TRACE::2024-12-01.21:18:30::SCWMssOS::Completed writemss as part of save.
TRACE::2024-12-01.21:18:30::SCWMssOS::Commit changes completed.
TRACE::2024-12-01.21:18:30::SCWReader::Adding prebuilt librarypaths as   
TRACE::2024-12-01.21:18:30::SCWReader::Adding prebuilt incpaths  as   
TRACE::2024-12-01.21:18:30::SCWPlatform::Trying to open the hw design at F:/Education/FPGA_Labs/Labs_2/lab4/audio_new/audio/hw/design_1_wrapper.xsa
TRACE::2024-12-01.21:18:30::SCWPlatform::DSA given F:/Education/FPGA_Labs/Labs_2/lab4/audio_new/audio/hw/design_1_wrapper.xsa
TRACE::2024-12-01.21:18:30::SCWPlatform::DSA absoulate path F:/Education/FPGA_Labs/Labs_2/lab4/audio_new/audio/hw/design_1_wrapper.xsa
TRACE::2024-12-01.21:18:30::SCWPlatform::DSA directory F:/Education/FPGA_Labs/Labs_2/lab4/audio_new/audio/hw
TRACE::2024-12-01.21:18:30::SCWPlatform:: Platform Path F:/Education/FPGA_Labs/Labs_2/lab4/audio_new/audio/hw/design_1_wrapper.xsa
TRACE::2024-12-01.21:18:30::SCWPlatform:: Unique name xilinx:zedboard::0.0
TRACE::2024-12-01.21:18:30::SCWPlatform::Trying to set the existing hwdb with name design_1_wrapper_1
TRACE::2024-12-01.21:18:30::SCWPlatform::Opened existing hwdb design_1_wrapper_1
TRACE::2024-12-01.21:18:30::SCWPlatform::Found the Hw Db part of the input DSA
TRACE::2024-12-01.21:18:30::SCWMssOS::Checking the sw design at  F:/Education/FPGA_Labs/Labs_2/lab4/audio_new/audio/zynq_fsbl/zynq_fsbl_bsp/system.mss
TRACE::2024-12-01.21:18:30::SCWMssOS::DEBUG:  swdes dump  F:/Education/FPGA_Labs/Labs_2/lab4/audio_new/audio/zynq_fsbl/zynq_fsbl_bsp/system.mss|system||

TRACE::2024-12-01.21:18:30::SCWMssOS::Sw design exists and opened at  F:/Education/FPGA_Labs/Labs_2/lab4/audio_new/audio/zynq_fsbl/zynq_fsbl_bsp/system.mss
TRACE::2024-12-01.21:18:30::SCWReader::No isolation master present  
TRACE::2024-12-01.21:18:30::SCWDomain::checking for install qemu data   : 
TRACE::2024-12-01.21:18:30::SCWDomain:: Using the QEMU Data from install at  : F:/Xilinx/Vitis/Vitis/2023.1/data/emulation/platforms/zynq/sw/a9_standalone/qemu/
TRACE::2024-12-01.21:18:30::SCWDomain:: Using the QEMU args  from install at  : F:/Xilinx/Vitis/Vitis/2023.1/data/emulation/platforms/zynq/sw/a9_standalone/qemu/qemu_args.txt
TRACE::2024-12-01.21:18:30::SCWPlatform::Trying to open the hw design at F:/Education/FPGA_Labs/Labs_2/lab4/audio_new/audio/hw/design_1_wrapper.xsa
TRACE::2024-12-01.21:18:30::SCWPlatform::DSA given F:/Education/FPGA_Labs/Labs_2/lab4/audio_new/audio/hw/design_1_wrapper.xsa
TRACE::2024-12-01.21:18:30::SCWPlatform::DSA absoulate path F:/Education/FPGA_Labs/Labs_2/lab4/audio_new/audio/hw/design_1_wrapper.xsa
TRACE::2024-12-01.21:18:30::SCWPlatform::DSA directory F:/Education/FPGA_Labs/Labs_2/lab4/audio_new/audio/hw
TRACE::2024-12-01.21:18:30::SCWPlatform:: Platform Path F:/Education/FPGA_Labs/Labs_2/lab4/audio_new/audio/hw/design_1_wrapper.xsa
TRACE::2024-12-01.21:18:30::SCWPlatform:: Unique name xilinx:zedboard::0.0
TRACE::2024-12-01.21:18:30::SCWPlatform::Trying to set the existing hwdb with name design_1_wrapper_1
TRACE::2024-12-01.21:18:30::SCWPlatform::Opened existing hwdb design_1_wrapper_1
TRACE::2024-12-01.21:18:30::SCWPlatform::Found the Hw Db part of the input DSA
TRACE::2024-12-01.21:18:30::SCWPlatform::Trying to open the hw design at F:/Education/FPGA_Labs/Labs_2/lab4/audio_new/audio/hw/design_1_wrapper.xsa
TRACE::2024-12-01.21:18:30::SCWPlatform::DSA given F:/Education/FPGA_Labs/Labs_2/lab4/audio_new/audio/hw/design_1_wrapper.xsa
TRACE::2024-12-01.21:18:30::SCWPlatform::DSA absoulate path F:/Education/FPGA_Labs/Labs_2/lab4/audio_new/audio/hw/design_1_wrapper.xsa
TRACE::2024-12-01.21:18:30::SCWPlatform::DSA directory F:/Education/FPGA_Labs/Labs_2/lab4/audio_new/audio/hw
TRACE::2024-12-01.21:18:30::SCWPlatform:: Platform Path F:/Education/FPGA_Labs/Labs_2/lab4/audio_new/audio/hw/design_1_wrapper.xsa
TRACE::2024-12-01.21:18:30::SCWPlatform:: Unique name xilinx:zedboard::0.0
TRACE::2024-12-01.21:18:30::SCWPlatform::Trying to set the existing hwdb with name design_1_wrapper_1
TRACE::2024-12-01.21:18:30::SCWPlatform::Opened existing hwdb design_1_wrapper_1
TRACE::2024-12-01.21:18:30::SCWPlatform::Found the Hw Db part of the input DSA
TRACE::2024-12-01.21:18:30::SCWPlatform::Trying to open the hw design at F:/Education/FPGA_Labs/Labs_2/lab4/audio_new/audio/hw/design_1_wrapper.xsa
TRACE::2024-12-01.21:18:30::SCWPlatform::DSA given F:/Education/FPGA_Labs/Labs_2/lab4/audio_new/audio/hw/design_1_wrapper.xsa
TRACE::2024-12-01.21:18:30::SCWPlatform::DSA absoulate path F:/Education/FPGA_Labs/Labs_2/lab4/audio_new/audio/hw/design_1_wrapper.xsa
TRACE::2024-12-01.21:18:30::SCWPlatform::DSA directory F:/Education/FPGA_Labs/Labs_2/lab4/audio_new/audio/hw
TRACE::2024-12-01.21:18:30::SCWPlatform:: Platform Path F:/Education/FPGA_Labs/Labs_2/lab4/audio_new/audio/hw/design_1_wrapper.xsa
TRACE::2024-12-01.21:18:30::SCWPlatform:: Unique name xilinx:zedboard::0.0
TRACE::2024-12-01.21:18:30::SCWPlatform::Trying to set the existing hwdb with name design_1_wrapper_1
TRACE::2024-12-01.21:18:30::SCWPlatform::Opened existing hwdb design_1_wrapper_1
TRACE::2024-12-01.21:18:30::SCWPlatform::Found the Hw Db part of the input DSA
TRACE::2024-12-01.21:18:30::SCWMssOS::Checking the sw design at  F:/Education/FPGA_Labs/Labs_2/lab4/audio_new/audio/ps7_cortexa9_0/standalone_domain/bsp/system.mss
TRACE::2024-12-01.21:18:30::SCWMssOS::DEBUG:  swdes dump  F:/Education/FPGA_Labs/Labs_2/lab4/audio_new/audio/zynq_fsbl/zynq_fsbl_bsp/system.mss|system||

TRACE::2024-12-01.21:18:30::SCWMssOS::No sw design opened at  F:/Education/FPGA_Labs/Labs_2/lab4/audio_new/audio/ps7_cortexa9_0/standalone_domain/bsp/system.mss
TRACE::2024-12-01.21:18:30::SCWMssOS::mss exists loading the mss file  F:/Education/FPGA_Labs/Labs_2/lab4/audio_new/audio/ps7_cortexa9_0/standalone_domain/bsp/system.mss
TRACE::2024-12-01.21:18:30::SCWMssOS::Opened the sw design from mss  F:/Education/FPGA_Labs/Labs_2/lab4/audio_new/audio/ps7_cortexa9_0/standalone_domain/bsp/system.mss
TRACE::2024-12-01.21:18:30::SCWMssOS::Adding the swdes entry F:/Education/FPGA_Labs/Labs_2/lab4/audio_new/audio/ps7_cortexa9_0/standalone_domain/bsp/system.mss with des name system_0
TRACE::2024-12-01.21:18:30::SCWMssOS::updating the scw layer about changes
TRACE::2024-12-01.21:18:30::SCWMssOS::Opened the sw design.  F:/Education/FPGA_Labs/Labs_2/lab4/audio_new/audio/ps7_cortexa9_0/standalone_domain/bsp/system.mss
TRACE::2024-12-01.21:18:30::SCWMssOS::Saving the mss changes F:/Education/FPGA_Labs/Labs_2/lab4/audio_new/audio/ps7_cortexa9_0/standalone_domain/bsp/system.mss
TRACE::2024-12-01.21:18:30::SCWMssOS::Found a swdesign opened with the mssfile.
TRACE::2024-12-01.21:18:30::SCWMssOS::Completed writemss as part of save.
TRACE::2024-12-01.21:18:30::SCWMssOS::Commit changes completed.
TRACE::2024-12-01.21:18:30::SCWReader::Adding prebuilt librarypaths as   
TRACE::2024-12-01.21:18:30::SCWReader::Adding prebuilt incpaths  as   
TRACE::2024-12-01.21:18:30::SCWPlatform::Trying to open the hw design at F:/Education/FPGA_Labs/Labs_2/lab4/audio_new/audio/hw/design_1_wrapper.xsa
TRACE::2024-12-01.21:18:30::SCWPlatform::DSA given F:/Education/FPGA_Labs/Labs_2/lab4/audio_new/audio/hw/design_1_wrapper.xsa
TRACE::2024-12-01.21:18:30::SCWPlatform::DSA absoulate path F:/Education/FPGA_Labs/Labs_2/lab4/audio_new/audio/hw/design_1_wrapper.xsa
TRACE::2024-12-01.21:18:30::SCWPlatform::DSA directory F:/Education/FPGA_Labs/Labs_2/lab4/audio_new/audio/hw
TRACE::2024-12-01.21:18:30::SCWPlatform:: Platform Path F:/Education/FPGA_Labs/Labs_2/lab4/audio_new/audio/hw/design_1_wrapper.xsa
TRACE::2024-12-01.21:18:30::SCWPlatform:: Unique name xilinx:zedboard::0.0
TRACE::2024-12-01.21:18:30::SCWPlatform::Trying to set the existing hwdb with name design_1_wrapper_1
TRACE::2024-12-01.21:18:30::SCWPlatform::Opened existing hwdb design_1_wrapper_1
TRACE::2024-12-01.21:18:30::SCWPlatform::Found the Hw Db part of the input DSA
TRACE::2024-12-01.21:18:30::SCWMssOS::Checking the sw design at  F:/Education/FPGA_Labs/Labs_2/lab4/audio_new/audio/ps7_cortexa9_0/standalone_domain/bsp/system.mss
TRACE::2024-12-01.21:18:30::SCWMssOS::DEBUG:  swdes dump  F:/Education/FPGA_Labs/Labs_2/lab4/audio_new/audio/ps7_cortexa9_0/standalone_domain/bsp/system.mss|system_0||
F:/Education/FPGA_Labs/Labs_2/lab4/audio_new/audio/zynq_fsbl/zynq_fsbl_bsp/system.mss|system||

TRACE::2024-12-01.21:18:30::SCWMssOS::Sw design exists and opened at  F:/Education/FPGA_Labs/Labs_2/lab4/audio_new/audio/ps7_cortexa9_0/standalone_domain/bsp/system.mss
TRACE::2024-12-01.21:18:30::SCWReader::No isolation master present  
TRACE::2024-12-08.14:22:09::SCWPlatform::Trying to open the hw design at F:/Education/FPGA_Labs/Labs_2/lab4/audio_new/audio/hw/design_1_wrapper.xsa
TRACE::2024-12-08.14:22:09::SCWPlatform::DSA given F:/Education/FPGA_Labs/Labs_2/lab4/audio_new/audio/hw/design_1_wrapper.xsa
TRACE::2024-12-08.14:22:09::SCWPlatform::DSA absoulate path F:/Education/FPGA_Labs/Labs_2/lab4/audio_new/audio/hw/design_1_wrapper.xsa
TRACE::2024-12-08.14:22:09::SCWPlatform::DSA directory F:/Education/FPGA_Labs/Labs_2/lab4/audio_new/audio/hw
TRACE::2024-12-08.14:22:09::SCWPlatform:: Platform Path F:/Education/FPGA_Labs/Labs_2/lab4/audio_new/audio/hw/design_1_wrapper.xsa
TRACE::2024-12-08.14:22:09::SCWPlatform:: Unique name xilinx:zedboard::0.0
TRACE::2024-12-08.14:22:09::SCWPlatform::Do not have an existing db opened. 
TRACE::2024-12-08.14:22:12::SCWPlatform::Opened new HwDB with name design_1_wrapper
TRACE::2024-12-08.14:22:12::SCWReader::Active system found as  audio
TRACE::2024-12-08.14:22:12::SCWReader::Handling sysconfig audio
TRACE::2024-12-08.14:22:12::SCWDomain::checking for install qemu data   : 
TRACE::2024-12-08.14:22:12::SCWDomain:: Using the QEMU Data from install at  : F:/Xilinx/Vitis/Vitis/2023.1/data/emulation/platforms/zynq/sw/a9_standalone/qemu/
TRACE::2024-12-08.14:22:12::SCWDomain:: Using the QEMU args  from install at  : F:/Xilinx/Vitis/Vitis/2023.1/data/emulation/platforms/zynq/sw/a9_standalone/qemu/qemu_args.txt
TRACE::2024-12-08.14:22:12::SCWPlatform::Trying to open the hw design at F:/Education/FPGA_Labs/Labs_2/lab4/audio_new/audio/hw/design_1_wrapper.xsa
TRACE::2024-12-08.14:22:12::SCWPlatform::DSA given F:/Education/FPGA_Labs/Labs_2/lab4/audio_new/audio/hw/design_1_wrapper.xsa
TRACE::2024-12-08.14:22:12::SCWPlatform::DSA absoulate path F:/Education/FPGA_Labs/Labs_2/lab4/audio_new/audio/hw/design_1_wrapper.xsa
TRACE::2024-12-08.14:22:12::SCWPlatform::DSA directory F:/Education/FPGA_Labs/Labs_2/lab4/audio_new/audio/hw
TRACE::2024-12-08.14:22:12::SCWPlatform:: Platform Path F:/Education/FPGA_Labs/Labs_2/lab4/audio_new/audio/hw/design_1_wrapper.xsa
TRACE::2024-12-08.14:22:12::SCWPlatform:: Unique name xilinx:zedboard::0.0
TRACE::2024-12-08.14:22:12::SCWPlatform::Trying to set the existing hwdb with name design_1_wrapper
TRACE::2024-12-08.14:22:12::SCWPlatform::Opened existing hwdb design_1_wrapper
TRACE::2024-12-08.14:22:12::SCWPlatform::Found the Hw Db part of the input DSA
TRACE::2024-12-08.14:22:12::SCWPlatform::Trying to open the hw design at F:/Education/FPGA_Labs/Labs_2/lab4/audio_new/audio/hw/design_1_wrapper.xsa
TRACE::2024-12-08.14:22:12::SCWPlatform::DSA given F:/Education/FPGA_Labs/Labs_2/lab4/audio_new/audio/hw/design_1_wrapper.xsa
TRACE::2024-12-08.14:22:12::SCWPlatform::DSA absoulate path F:/Education/FPGA_Labs/Labs_2/lab4/audio_new/audio/hw/design_1_wrapper.xsa
TRACE::2024-12-08.14:22:12::SCWPlatform::DSA directory F:/Education/FPGA_Labs/Labs_2/lab4/audio_new/audio/hw
TRACE::2024-12-08.14:22:12::SCWPlatform:: Platform Path F:/Education/FPGA_Labs/Labs_2/lab4/audio_new/audio/hw/design_1_wrapper.xsa
TRACE::2024-12-08.14:22:12::SCWPlatform:: Unique name xilinx:zedboard::0.0
TRACE::2024-12-08.14:22:12::SCWPlatform::Trying to set the existing hwdb with name design_1_wrapper
TRACE::2024-12-08.14:22:12::SCWPlatform::Opened existing hwdb design_1_wrapper
TRACE::2024-12-08.14:22:12::SCWPlatform::Found the Hw Db part of the input DSA
TRACE::2024-12-08.14:22:12::SCWPlatform::Trying to open the hw design at F:/Education/FPGA_Labs/Labs_2/lab4/audio_new/audio/hw/design_1_wrapper.xsa
TRACE::2024-12-08.14:22:12::SCWPlatform::DSA given F:/Education/FPGA_Labs/Labs_2/lab4/audio_new/audio/hw/design_1_wrapper.xsa
TRACE::2024-12-08.14:22:12::SCWPlatform::DSA absoulate path F:/Education/FPGA_Labs/Labs_2/lab4/audio_new/audio/hw/design_1_wrapper.xsa
TRACE::2024-12-08.14:22:12::SCWPlatform::DSA directory F:/Education/FPGA_Labs/Labs_2/lab4/audio_new/audio/hw
TRACE::2024-12-08.14:22:12::SCWPlatform:: Platform Path F:/Education/FPGA_Labs/Labs_2/lab4/audio_new/audio/hw/design_1_wrapper.xsa
TRACE::2024-12-08.14:22:12::SCWPlatform:: Unique name xilinx:zedboard::0.0
TRACE::2024-12-08.14:22:12::SCWPlatform::Trying to set the existing hwdb with name design_1_wrapper
TRACE::2024-12-08.14:22:12::SCWPlatform::Opened existing hwdb design_1_wrapper
TRACE::2024-12-08.14:22:12::SCWPlatform::Found the Hw Db part of the input DSA
TRACE::2024-12-08.14:22:12::SCWReader::Boot application domain added for zynq_fsbl
TRACE::2024-12-08.14:22:12::SCWPlatform::Trying to open the hw design at F:/Education/FPGA_Labs/Labs_2/lab4/audio_new/audio/hw/design_1_wrapper.xsa
TRACE::2024-12-08.14:22:12::SCWPlatform::DSA given F:/Education/FPGA_Labs/Labs_2/lab4/audio_new/audio/hw/design_1_wrapper.xsa
TRACE::2024-12-08.14:22:12::SCWPlatform::DSA absoulate path F:/Education/FPGA_Labs/Labs_2/lab4/audio_new/audio/hw/design_1_wrapper.xsa
TRACE::2024-12-08.14:22:12::SCWPlatform::DSA directory F:/Education/FPGA_Labs/Labs_2/lab4/audio_new/audio/hw
TRACE::2024-12-08.14:22:12::SCWPlatform:: Platform Path F:/Education/FPGA_Labs/Labs_2/lab4/audio_new/audio/hw/design_1_wrapper.xsa
TRACE::2024-12-08.14:22:12::SCWPlatform:: Unique name xilinx:zedboard::0.0
TRACE::2024-12-08.14:22:12::SCWPlatform::Trying to set the existing hwdb with name design_1_wrapper
TRACE::2024-12-08.14:22:12::SCWPlatform::Opened existing hwdb design_1_wrapper
TRACE::2024-12-08.14:22:12::SCWPlatform::Found the Hw Db part of the input DSA
TRACE::2024-12-08.14:22:12::SCWMssOS::Checking the sw design at  F:/Education/FPGA_Labs/Labs_2/lab4/audio_new/audio/zynq_fsbl/zynq_fsbl_bsp/system.mss
TRACE::2024-12-08.14:22:12::SCWMssOS::DEBUG:  swdes dump  
TRACE::2024-12-08.14:22:12::SCWMssOS::No sw design opened at  F:/Education/FPGA_Labs/Labs_2/lab4/audio_new/audio/zynq_fsbl/zynq_fsbl_bsp/system.mss
TRACE::2024-12-08.14:22:12::SCWMssOS::mss exists loading the mss file  F:/Education/FPGA_Labs/Labs_2/lab4/audio_new/audio/zynq_fsbl/zynq_fsbl_bsp/system.mss
TRACE::2024-12-08.14:22:12::SCWMssOS::Opened the sw design from mss  F:/Education/FPGA_Labs/Labs_2/lab4/audio_new/audio/zynq_fsbl/zynq_fsbl_bsp/system.mss
TRACE::2024-12-08.14:22:12::SCWMssOS::Adding the swdes entry F:/Education/FPGA_Labs/Labs_2/lab4/audio_new/audio/zynq_fsbl/zynq_fsbl_bsp/system.mss with des name system
TRACE::2024-12-08.14:22:12::SCWMssOS::updating the scw layer about changes
TRACE::2024-12-08.14:22:12::SCWMssOS::Opened the sw design.  F:/Education/FPGA_Labs/Labs_2/lab4/audio_new/audio/zynq_fsbl/zynq_fsbl_bsp/system.mss
TRACE::2024-12-08.14:22:12::SCWPlatform::Trying to open the hw design at F:/Education/FPGA_Labs/Labs_2/lab4/audio_new/audio/hw/design_1_wrapper.xsa
TRACE::2024-12-08.14:22:12::SCWPlatform::DSA given F:/Education/FPGA_Labs/Labs_2/lab4/audio_new/audio/hw/design_1_wrapper.xsa
TRACE::2024-12-08.14:22:12::SCWPlatform::DSA absoulate path F:/Education/FPGA_Labs/Labs_2/lab4/audio_new/audio/hw/design_1_wrapper.xsa
TRACE::2024-12-08.14:22:12::SCWPlatform::DSA directory F:/Education/FPGA_Labs/Labs_2/lab4/audio_new/audio/hw
TRACE::2024-12-08.14:22:12::SCWPlatform:: Platform Path F:/Education/FPGA_Labs/Labs_2/lab4/audio_new/audio/hw/design_1_wrapper.xsa
TRACE::2024-12-08.14:22:12::SCWPlatform:: Unique name xilinx:zedboard::0.0
TRACE::2024-12-08.14:22:12::SCWPlatform::Trying to set the existing hwdb with name design_1_wrapper
TRACE::2024-12-08.14:22:12::SCWPlatform::Opened existing hwdb design_1_wrapper
TRACE::2024-12-08.14:22:12::SCWPlatform::Found the Hw Db part of the input DSA
TRACE::2024-12-08.14:22:12::SCWMssOS::Checking the sw design at  F:/Education/FPGA_Labs/Labs_2/lab4/audio_new/audio/zynq_fsbl/zynq_fsbl_bsp/system.mss
TRACE::2024-12-08.14:22:12::SCWMssOS::DEBUG:  swdes dump  F:/Education/FPGA_Labs/Labs_2/lab4/audio_new/audio/zynq_fsbl/zynq_fsbl_bsp/system.mss|system||

TRACE::2024-12-08.14:22:12::SCWMssOS::Sw design exists and opened at  F:/Education/FPGA_Labs/Labs_2/lab4/audio_new/audio/zynq_fsbl/zynq_fsbl_bsp/system.mss
TRACE::2024-12-08.14:22:12::SCWMssOS:: library already available in sw design:  xilffs:5.0
TRACE::2024-12-08.14:22:12::SCWPlatform::Trying to open the hw design at F:/Education/FPGA_Labs/Labs_2/lab4/audio_new/audio/hw/design_1_wrapper.xsa
TRACE::2024-12-08.14:22:12::SCWPlatform::DSA given F:/Education/FPGA_Labs/Labs_2/lab4/audio_new/audio/hw/design_1_wrapper.xsa
TRACE::2024-12-08.14:22:12::SCWPlatform::DSA absoulate path F:/Education/FPGA_Labs/Labs_2/lab4/audio_new/audio/hw/design_1_wrapper.xsa
TRACE::2024-12-08.14:22:12::SCWPlatform::DSA directory F:/Education/FPGA_Labs/Labs_2/lab4/audio_new/audio/hw
TRACE::2024-12-08.14:22:12::SCWPlatform:: Platform Path F:/Education/FPGA_Labs/Labs_2/lab4/audio_new/audio/hw/design_1_wrapper.xsa
TRACE::2024-12-08.14:22:12::SCWPlatform:: Unique name xilinx:zedboard::0.0
TRACE::2024-12-08.14:22:12::SCWPlatform::Trying to set the existing hwdb with name design_1_wrapper
TRACE::2024-12-08.14:22:12::SCWPlatform::Opened existing hwdb design_1_wrapper
TRACE::2024-12-08.14:22:12::SCWPlatform::Found the Hw Db part of the input DSA
TRACE::2024-12-08.14:22:12::SCWMssOS::Checking the sw design at  F:/Education/FPGA_Labs/Labs_2/lab4/audio_new/audio/zynq_fsbl/zynq_fsbl_bsp/system.mss
TRACE::2024-12-08.14:22:12::SCWMssOS::DEBUG:  swdes dump  F:/Education/FPGA_Labs/Labs_2/lab4/audio_new/audio/zynq_fsbl/zynq_fsbl_bsp/system.mss|system||

TRACE::2024-12-08.14:22:12::SCWMssOS::Sw design exists and opened at  F:/Education/FPGA_Labs/Labs_2/lab4/audio_new/audio/zynq_fsbl/zynq_fsbl_bsp/system.mss
TRACE::2024-12-08.14:22:12::SCWMssOS:: library already available in sw design:  xilrsa:1.6
TRACE::2024-12-08.14:22:12::SCWMssOS::Saving the mss changes F:/Education/FPGA_Labs/Labs_2/lab4/audio_new/audio/zynq_fsbl/zynq_fsbl_bsp/system.mss
TRACE::2024-12-08.14:22:12::SCWMssOS::Found a swdesign opened with the mssfile.
TRACE::2024-12-08.14:22:12::SCWMssOS::Completed writemss as part of save.
TRACE::2024-12-08.14:22:12::SCWMssOS::Commit changes completed.
TRACE::2024-12-08.14:22:12::SCWReader::Adding prebuilt librarypaths as   
TRACE::2024-12-08.14:22:12::SCWReader::Adding prebuilt incpaths  as   
TRACE::2024-12-08.14:22:12::SCWPlatform::Trying to open the hw design at F:/Education/FPGA_Labs/Labs_2/lab4/audio_new/audio/hw/design_1_wrapper.xsa
TRACE::2024-12-08.14:22:12::SCWPlatform::DSA given F:/Education/FPGA_Labs/Labs_2/lab4/audio_new/audio/hw/design_1_wrapper.xsa
TRACE::2024-12-08.14:22:12::SCWPlatform::DSA absoulate path F:/Education/FPGA_Labs/Labs_2/lab4/audio_new/audio/hw/design_1_wrapper.xsa
TRACE::2024-12-08.14:22:12::SCWPlatform::DSA directory F:/Education/FPGA_Labs/Labs_2/lab4/audio_new/audio/hw
TRACE::2024-12-08.14:22:12::SCWPlatform:: Platform Path F:/Education/FPGA_Labs/Labs_2/lab4/audio_new/audio/hw/design_1_wrapper.xsa
TRACE::2024-12-08.14:22:12::SCWPlatform:: Unique name xilinx:zedboard::0.0
TRACE::2024-12-08.14:22:12::SCWPlatform::Trying to set the existing hwdb with name design_1_wrapper
TRACE::2024-12-08.14:22:12::SCWPlatform::Opened existing hwdb design_1_wrapper
TRACE::2024-12-08.14:22:12::SCWPlatform::Found the Hw Db part of the input DSA
TRACE::2024-12-08.14:22:12::SCWMssOS::Checking the sw design at  F:/Education/FPGA_Labs/Labs_2/lab4/audio_new/audio/zynq_fsbl/zynq_fsbl_bsp/system.mss
TRACE::2024-12-08.14:22:12::SCWMssOS::DEBUG:  swdes dump  F:/Education/FPGA_Labs/Labs_2/lab4/audio_new/audio/zynq_fsbl/zynq_fsbl_bsp/system.mss|system||

TRACE::2024-12-08.14:22:12::SCWMssOS::Sw design exists and opened at  F:/Education/FPGA_Labs/Labs_2/lab4/audio_new/audio/zynq_fsbl/zynq_fsbl_bsp/system.mss
TRACE::2024-12-08.14:22:12::SCWReader::No isolation master present  
TRACE::2024-12-08.14:22:12::SCWDomain::checking for install qemu data   : 
TRACE::2024-12-08.14:22:12::SCWDomain:: Using the QEMU Data from install at  : F:/Xilinx/Vitis/Vitis/2023.1/data/emulation/platforms/zynq/sw/a9_standalone/qemu/
TRACE::2024-12-08.14:22:12::SCWDomain:: Using the QEMU args  from install at  : F:/Xilinx/Vitis/Vitis/2023.1/data/emulation/platforms/zynq/sw/a9_standalone/qemu/qemu_args.txt
TRACE::2024-12-08.14:22:12::SCWPlatform::Trying to open the hw design at F:/Education/FPGA_Labs/Labs_2/lab4/audio_new/audio/hw/design_1_wrapper.xsa
TRACE::2024-12-08.14:22:12::SCWPlatform::DSA given F:/Education/FPGA_Labs/Labs_2/lab4/audio_new/audio/hw/design_1_wrapper.xsa
TRACE::2024-12-08.14:22:12::SCWPlatform::DSA absoulate path F:/Education/FPGA_Labs/Labs_2/lab4/audio_new/audio/hw/design_1_wrapper.xsa
TRACE::2024-12-08.14:22:12::SCWPlatform::DSA directory F:/Education/FPGA_Labs/Labs_2/lab4/audio_new/audio/hw
TRACE::2024-12-08.14:22:12::SCWPlatform:: Platform Path F:/Education/FPGA_Labs/Labs_2/lab4/audio_new/audio/hw/design_1_wrapper.xsa
TRACE::2024-12-08.14:22:12::SCWPlatform:: Unique name xilinx:zedboard::0.0
TRACE::2024-12-08.14:22:12::SCWPlatform::Trying to set the existing hwdb with name design_1_wrapper
TRACE::2024-12-08.14:22:12::SCWPlatform::Opened existing hwdb design_1_wrapper
TRACE::2024-12-08.14:22:12::SCWPlatform::Found the Hw Db part of the input DSA
TRACE::2024-12-08.14:22:12::SCWPlatform::Trying to open the hw design at F:/Education/FPGA_Labs/Labs_2/lab4/audio_new/audio/hw/design_1_wrapper.xsa
TRACE::2024-12-08.14:22:12::SCWPlatform::DSA given F:/Education/FPGA_Labs/Labs_2/lab4/audio_new/audio/hw/design_1_wrapper.xsa
TRACE::2024-12-08.14:22:12::SCWPlatform::DSA absoulate path F:/Education/FPGA_Labs/Labs_2/lab4/audio_new/audio/hw/design_1_wrapper.xsa
TRACE::2024-12-08.14:22:12::SCWPlatform::DSA directory F:/Education/FPGA_Labs/Labs_2/lab4/audio_new/audio/hw
TRACE::2024-12-08.14:22:12::SCWPlatform:: Platform Path F:/Education/FPGA_Labs/Labs_2/lab4/audio_new/audio/hw/design_1_wrapper.xsa
TRACE::2024-12-08.14:22:12::SCWPlatform:: Unique name xilinx:zedboard::0.0
TRACE::2024-12-08.14:22:12::SCWPlatform::Trying to set the existing hwdb with name design_1_wrapper
TRACE::2024-12-08.14:22:12::SCWPlatform::Opened existing hwdb design_1_wrapper
TRACE::2024-12-08.14:22:12::SCWPlatform::Found the Hw Db part of the input DSA
TRACE::2024-12-08.14:22:12::SCWPlatform::Trying to open the hw design at F:/Education/FPGA_Labs/Labs_2/lab4/audio_new/audio/hw/design_1_wrapper.xsa
TRACE::2024-12-08.14:22:12::SCWPlatform::DSA given F:/Education/FPGA_Labs/Labs_2/lab4/audio_new/audio/hw/design_1_wrapper.xsa
TRACE::2024-12-08.14:22:12::SCWPlatform::DSA absoulate path F:/Education/FPGA_Labs/Labs_2/lab4/audio_new/audio/hw/design_1_wrapper.xsa
TRACE::2024-12-08.14:22:12::SCWPlatform::DSA directory F:/Education/FPGA_Labs/Labs_2/lab4/audio_new/audio/hw
TRACE::2024-12-08.14:22:12::SCWPlatform:: Platform Path F:/Education/FPGA_Labs/Labs_2/lab4/audio_new/audio/hw/design_1_wrapper.xsa
TRACE::2024-12-08.14:22:12::SCWPlatform:: Unique name xilinx:zedboard::0.0
TRACE::2024-12-08.14:22:12::SCWPlatform::Trying to set the existing hwdb with name design_1_wrapper
TRACE::2024-12-08.14:22:12::SCWPlatform::Opened existing hwdb design_1_wrapper
TRACE::2024-12-08.14:22:12::SCWPlatform::Found the Hw Db part of the input DSA
TRACE::2024-12-08.14:22:12::SCWMssOS::Checking the sw design at  F:/Education/FPGA_Labs/Labs_2/lab4/audio_new/audio/ps7_cortexa9_0/standalone_domain/bsp/system.mss
TRACE::2024-12-08.14:22:12::SCWMssOS::DEBUG:  swdes dump  F:/Education/FPGA_Labs/Labs_2/lab4/audio_new/audio/zynq_fsbl/zynq_fsbl_bsp/system.mss|system||

TRACE::2024-12-08.14:22:12::SCWMssOS::No sw design opened at  F:/Education/FPGA_Labs/Labs_2/lab4/audio_new/audio/ps7_cortexa9_0/standalone_domain/bsp/system.mss
TRACE::2024-12-08.14:22:12::SCWMssOS::mss exists loading the mss file  F:/Education/FPGA_Labs/Labs_2/lab4/audio_new/audio/ps7_cortexa9_0/standalone_domain/bsp/system.mss
TRACE::2024-12-08.14:22:12::SCWMssOS::Opened the sw design from mss  F:/Education/FPGA_Labs/Labs_2/lab4/audio_new/audio/ps7_cortexa9_0/standalone_domain/bsp/system.mss
TRACE::2024-12-08.14:22:12::SCWMssOS::Adding the swdes entry F:/Education/FPGA_Labs/Labs_2/lab4/audio_new/audio/ps7_cortexa9_0/standalone_domain/bsp/system.mss with des name system_0
TRACE::2024-12-08.14:22:12::SCWMssOS::updating the scw layer about changes
TRACE::2024-12-08.14:22:12::SCWMssOS::Opened the sw design.  F:/Education/FPGA_Labs/Labs_2/lab4/audio_new/audio/ps7_cortexa9_0/standalone_domain/bsp/system.mss
TRACE::2024-12-08.14:22:12::SCWMssOS::Saving the mss changes F:/Education/FPGA_Labs/Labs_2/lab4/audio_new/audio/ps7_cortexa9_0/standalone_domain/bsp/system.mss
TRACE::2024-12-08.14:22:12::SCWMssOS::Found a swdesign opened with the mssfile.
TRACE::2024-12-08.14:22:12::SCWMssOS::Completed writemss as part of save.
TRACE::2024-12-08.14:22:12::SCWMssOS::Commit changes completed.
TRACE::2024-12-08.14:22:12::SCWReader::Adding prebuilt librarypaths as   
TRACE::2024-12-08.14:22:12::SCWReader::Adding prebuilt incpaths  as   
TRACE::2024-12-08.14:22:12::SCWPlatform::Trying to open the hw design at F:/Education/FPGA_Labs/Labs_2/lab4/audio_new/audio/hw/design_1_wrapper.xsa
TRACE::2024-12-08.14:22:12::SCWPlatform::DSA given F:/Education/FPGA_Labs/Labs_2/lab4/audio_new/audio/hw/design_1_wrapper.xsa
TRACE::2024-12-08.14:22:12::SCWPlatform::DSA absoulate path F:/Education/FPGA_Labs/Labs_2/lab4/audio_new/audio/hw/design_1_wrapper.xsa
TRACE::2024-12-08.14:22:12::SCWPlatform::DSA directory F:/Education/FPGA_Labs/Labs_2/lab4/audio_new/audio/hw
TRACE::2024-12-08.14:22:12::SCWPlatform:: Platform Path F:/Education/FPGA_Labs/Labs_2/lab4/audio_new/audio/hw/design_1_wrapper.xsa
TRACE::2024-12-08.14:22:12::SCWPlatform:: Unique name xilinx:zedboard::0.0
TRACE::2024-12-08.14:22:12::SCWPlatform::Trying to set the existing hwdb with name design_1_wrapper
TRACE::2024-12-08.14:22:12::SCWPlatform::Opened existing hwdb design_1_wrapper
TRACE::2024-12-08.14:22:12::SCWPlatform::Found the Hw Db part of the input DSA
TRACE::2024-12-08.14:22:12::SCWMssOS::Checking the sw design at  F:/Education/FPGA_Labs/Labs_2/lab4/audio_new/audio/ps7_cortexa9_0/standalone_domain/bsp/system.mss
TRACE::2024-12-08.14:22:12::SCWMssOS::DEBUG:  swdes dump  F:/Education/FPGA_Labs/Labs_2/lab4/audio_new/audio/ps7_cortexa9_0/standalone_domain/bsp/system.mss|system_0||
F:/Education/FPGA_Labs/Labs_2/lab4/audio_new/audio/zynq_fsbl/zynq_fsbl_bsp/system.mss|system||

TRACE::2024-12-08.14:22:12::SCWMssOS::Sw design exists and opened at  F:/Education/FPGA_Labs/Labs_2/lab4/audio_new/audio/ps7_cortexa9_0/standalone_domain/bsp/system.mss
TRACE::2024-12-08.14:22:12::SCWReader::No isolation master present  
LOG::2024-12-08.14:22:12::SCWPlatform::Started generating the artifacts platform audio
TRACE::2024-12-08.14:22:12::SCWPlatform::Sanity checking of platform is completed
LOG::2024-12-08.14:22:12::SCWPlatform::Started generating the artifacts for system configuration audio
LOG::2024-12-08.14:22:12::SCWSystem::Checking the domain zynq_fsbl
LOG::2024-12-08.14:22:12::SCWSystem::Doing application build for :  zynq_fsbl
TRACE::2024-12-08.14:22:12::SCWBDomain::Not a forced makefile updation, No changes are present. 
TRACE::2024-12-08.14:22:12::SCWDomain::Building the domain as part of full build :  zynq_fsbl
TRACE::2024-12-08.14:22:12::SCWPlatform::Trying to open the hw design at F:/Education/FPGA_Labs/Labs_2/lab4/audio_new/audio/hw/design_1_wrapper.xsa
TRACE::2024-12-08.14:22:12::SCWPlatform::DSA given F:/Education/FPGA_Labs/Labs_2/lab4/audio_new/audio/hw/design_1_wrapper.xsa
TRACE::2024-12-08.14:22:12::SCWPlatform::DSA absoulate path F:/Education/FPGA_Labs/Labs_2/lab4/audio_new/audio/hw/design_1_wrapper.xsa
TRACE::2024-12-08.14:22:12::SCWPlatform::DSA directory F:/Education/FPGA_Labs/Labs_2/lab4/audio_new/audio/hw
TRACE::2024-12-08.14:22:12::SCWPlatform:: Platform Path F:/Education/FPGA_Labs/Labs_2/lab4/audio_new/audio/hw/design_1_wrapper.xsa
TRACE::2024-12-08.14:22:12::SCWPlatform:: Unique name xilinx:zedboard::0.0
TRACE::2024-12-08.14:22:12::SCWPlatform::Trying to set the existing hwdb with name design_1_wrapper
TRACE::2024-12-08.14:22:12::SCWPlatform::Opened existing hwdb design_1_wrapper
TRACE::2024-12-08.14:22:12::SCWPlatform::Found the Hw Db part of the input DSA
TRACE::2024-12-08.14:22:12::SCWMssOS::Checking the sw design at  F:/Education/FPGA_Labs/Labs_2/lab4/audio_new/audio/zynq_fsbl/zynq_fsbl_bsp/system.mss
TRACE::2024-12-08.14:22:12::SCWMssOS::DEBUG:  swdes dump  F:/Education/FPGA_Labs/Labs_2/lab4/audio_new/audio/ps7_cortexa9_0/standalone_domain/bsp/system.mss|system_0||
F:/Education/FPGA_Labs/Labs_2/lab4/audio_new/audio/zynq_fsbl/zynq_fsbl_bsp/system.mss|system||

TRACE::2024-12-08.14:22:12::SCWMssOS::Sw design exists and opened at  F:/Education/FPGA_Labs/Labs_2/lab4/audio_new/audio/zynq_fsbl/zynq_fsbl_bsp/system.mss
TRACE::2024-12-08.14:22:12::SCWBDomain::Completed writing the mss file at F:/Education/FPGA_Labs/Labs_2/lab4/audio_new/audio/zynq_fsbl/zynq_fsbl_bsp
TRACE::2024-12-08.14:22:12::SCWBDomain::bsp generated is upto date with the mss file. Skipping bsp generation.
TRACE::2024-12-08.14:22:12::SCWBDomain::Not a forced makefile updation, No changes are present. 
TRACE::2024-12-08.14:22:12::SCWBDomain::System Command Ran  F:&  cd  F:/Education/FPGA_Labs/Labs_2/lab4/audio_new/audio/zynq_fsbl& make -C  zynq_fsbl_bsp & make 
TRACE::2024-12-08.14:22:12::SCWBDomain::make: Entering directory 'F:/Education/FPGA_Labs/Labs_2/lab4/audio_new/audio/zynq_fsbl/zynq_fsbl_bsp'

TRACE::2024-12-08.14:22:12::SCWBDomain::make --no-print-directory seq_libs

TRACE::2024-12-08.14:22:12::SCWBDomain::"Running Make include in ps7_cortexa9_0/libsrc/coresightps_dcc_v1_8/src"

TRACE::2024-12-08.14:22:12::SCWBDomain::make -C ps7_cortexa9_0/libsrc/coresightps_dcc_v1_8/src -s include  "SHELL=CMD" "COMPILER=arm-none-eabi-gcc" "ASSEMBLER=arm-none
TRACE::2024-12-08.14:22:12::SCWBDomain::-eabi-as" "ARCHIVER=arm-none-eabi-ar" "COMPILER_FLAGS=  -O2 -c" "EXTRA_COMPILER_FLAGS=-mcpu=cortex-a9 -mfpu=vfpv3 -mfloat-abi=h
TRACE::2024-12-08.14:22:12::SCWBDomain::ard -nostartfiles -g -Wall -Wextra -fno-tree-loop-distribute-patterns"

TRACE::2024-12-08.14:22:13::SCWBDomain::"Running Make include in ps7_cortexa9_0/libsrc/cpu_cortexa9_v2_11/src"

TRACE::2024-12-08.14:22:13::SCWBDomain::make -C ps7_cortexa9_0/libsrc/cpu_cortexa9_v2_11/src -s include  "SHELL=CMD" "COMPILER=arm-none-eabi-gcc" "ASSEMBLER=arm-none-e
TRACE::2024-12-08.14:22:13::SCWBDomain::abi-as" "ARCHIVER=arm-none-eabi-ar" "COMPILER_FLAGS=  -O2 -c" "EXTRA_COMPILER_FLAGS=-mcpu=cortex-a9 -mfpu=vfpv3 -mfloat-abi=har
TRACE::2024-12-08.14:22:13::SCWBDomain::d -nostartfiles -g -Wall -Wextra -fno-tree-loop-distribute-patterns"

TRACE::2024-12-08.14:22:13::SCWBDomain::"Running Make include in ps7_cortexa9_0/libsrc/ddrps_v1_2/src"

TRACE::2024-12-08.14:22:13::SCWBDomain::make -C ps7_cortexa9_0/libsrc/ddrps_v1_2/src -s include  "SHELL=CMD" "COMPILER=arm-none-eabi-gcc" "ASSEMBLER=arm-none-eabi-as" 
TRACE::2024-12-08.14:22:13::SCWBDomain::"ARCHIVER=arm-none-eabi-ar" "COMPILER_FLAGS=  -O2 -c" "EXTRA_COMPILER_FLAGS=-mcpu=cortex-a9 -mfpu=vfpv3 -mfloat-abi=hard -nosta
TRACE::2024-12-08.14:22:13::SCWBDomain::rtfiles -g -Wall -Wextra -fno-tree-loop-distribute-patterns"

TRACE::2024-12-08.14:22:13::SCWBDomain::"Running Make include in ps7_cortexa9_0/libsrc/devcfg_v3_7/src"

TRACE::2024-12-08.14:22:13::SCWBDomain::make -C ps7_cortexa9_0/libsrc/devcfg_v3_7/src -s include  "SHELL=CMD" "COMPILER=arm-none-eabi-gcc" "ASSEMBLER=arm-none-eabi-as"
TRACE::2024-12-08.14:22:13::SCWBDomain:: "ARCHIVER=arm-none-eabi-ar" "COMPILER_FLAGS=  -O2 -c" "EXTRA_COMPILER_FLAGS=-mcpu=cortex-a9 -mfpu=vfpv3 -mfloat-abi=hard -nost
TRACE::2024-12-08.14:22:13::SCWBDomain::artfiles -g -Wall -Wextra -fno-tree-loop-distribute-patterns"

TRACE::2024-12-08.14:22:13::SCWBDomain::"Running Make include in ps7_cortexa9_0/libsrc/dmaps_v2_8/src"

TRACE::2024-12-08.14:22:13::SCWBDomain::make -C ps7_cortexa9_0/libsrc/dmaps_v2_8/src -s include  "SHELL=CMD" "COMPILER=arm-none-eabi-gcc" "ASSEMBLER=arm-none-eabi-as" 
TRACE::2024-12-08.14:22:13::SCWBDomain::"ARCHIVER=arm-none-eabi-ar" "COMPILER_FLAGS=  -O2 -c" "EXTRA_COMPILER_FLAGS=-mcpu=cortex-a9 -mfpu=vfpv3 -mfloat-abi=hard -nosta
TRACE::2024-12-08.14:22:13::SCWBDomain::rtfiles -g -Wall -Wextra -fno-tree-loop-distribute-patterns"

TRACE::2024-12-08.14:22:13::SCWBDomain::"Running Make include in ps7_cortexa9_0/libsrc/fir_v1_0/src"

TRACE::2024-12-08.14:22:13::SCWBDomain::make -C ps7_cortexa9_0/libsrc/fir_v1_0/src -s include  "SHELL=CMD" "COMPILER=arm-none-eabi-gcc" "ASSEMBLER=arm-none-eabi-as" "A
TRACE::2024-12-08.14:22:13::SCWBDomain::RCHIVER=arm-none-eabi-ar" "COMPILER_FLAGS=  -O2 -c" "EXTRA_COMPILER_FLAGS=-mcpu=cortex-a9 -mfpu=vfpv3 -mfloat-abi=hard -nostart
TRACE::2024-12-08.14:22:13::SCWBDomain::files -g -Wall -Wextra -fno-tree-loop-distribute-patterns"

TRACE::2024-12-08.14:22:13::SCWBDomain::"Running Make include in ps7_cortexa9_0/libsrc/gpio_v4_9/src"

TRACE::2024-12-08.14:22:13::SCWBDomain::make -C ps7_cortexa9_0/libsrc/gpio_v4_9/src -s include  "SHELL=CMD" "COMPILER=arm-none-eabi-gcc" "ASSEMBLER=arm-none-eabi-as" "
TRACE::2024-12-08.14:22:13::SCWBDomain::ARCHIVER=arm-none-eabi-ar" "COMPILER_FLAGS=  -O2 -c" "EXTRA_COMPILER_FLAGS=-mcpu=cortex-a9 -mfpu=vfpv3 -mfloat-abi=hard -nostar
TRACE::2024-12-08.14:22:13::SCWBDomain::tfiles -g -Wall -Wextra -fno-tree-loop-distribute-patterns"

TRACE::2024-12-08.14:22:14::SCWBDomain::"Running Make include in ps7_cortexa9_0/libsrc/iicps_v3_17/src"

TRACE::2024-12-08.14:22:14::SCWBDomain::make -C ps7_cortexa9_0/libsrc/iicps_v3_17/src -s include  "SHELL=CMD" "COMPILER=arm-none-eabi-gcc" "ASSEMBLER=arm-none-eabi-as"
TRACE::2024-12-08.14:22:14::SCWBDomain:: "ARCHIVER=arm-none-eabi-ar" "COMPILER_FLAGS=  -O2 -c" "EXTRA_COMPILER_FLAGS=-mcpu=cortex-a9 -mfpu=vfpv3 -mfloat-abi=hard -nost
TRACE::2024-12-08.14:22:14::SCWBDomain::artfiles -g -Wall -Wextra -fno-tree-loop-distribute-patterns"

TRACE::2024-12-08.14:22:14::SCWBDomain::"Running Make include in ps7_cortexa9_0/libsrc/qspips_v3_10/src"

TRACE::2024-12-08.14:22:14::SCWBDomain::make -C ps7_cortexa9_0/libsrc/qspips_v3_10/src -s include  "SHELL=CMD" "COMPILER=arm-none-eabi-gcc" "ASSEMBLER=arm-none-eabi-as
TRACE::2024-12-08.14:22:14::SCWBDomain::" "ARCHIVER=arm-none-eabi-ar" "COMPILER_FLAGS=  -O2 -c" "EXTRA_COMPILER_FLAGS=-mcpu=cortex-a9 -mfpu=vfpv3 -mfloat-abi=hard -nos
TRACE::2024-12-08.14:22:14::SCWBDomain::tartfiles -g -Wall -Wextra -fno-tree-loop-distribute-patterns"

TRACE::2024-12-08.14:22:14::SCWBDomain::"Running Make include in ps7_cortexa9_0/libsrc/scugic_v5_1/src"

TRACE::2024-12-08.14:22:14::SCWBDomain::make -C ps7_cortexa9_0/libsrc/scugic_v5_1/src -s include  "SHELL=CMD" "COMPILER=arm-none-eabi-gcc" "ASSEMBLER=arm-none-eabi-as"
TRACE::2024-12-08.14:22:14::SCWBDomain:: "ARCHIVER=arm-none-eabi-ar" "COMPILER_FLAGS=  -O2 -c" "EXTRA_COMPILER_FLAGS=-mcpu=cortex-a9 -mfpu=vfpv3 -mfloat-abi=hard -nost
TRACE::2024-12-08.14:22:14::SCWBDomain::artfiles -g -Wall -Wextra -fno-tree-loop-distribute-patterns"

TRACE::2024-12-08.14:22:14::SCWBDomain::"Running Make include in ps7_cortexa9_0/libsrc/scutimer_v2_4/src"

TRACE::2024-12-08.14:22:14::SCWBDomain::make -C ps7_cortexa9_0/libsrc/scutimer_v2_4/src -s include  "SHELL=CMD" "COMPILER=arm-none-eabi-gcc" "ASSEMBLER=arm-none-eabi-a
TRACE::2024-12-08.14:22:14::SCWBDomain::s" "ARCHIVER=arm-none-eabi-ar" "COMPILER_FLAGS=  -O2 -c" "EXTRA_COMPILER_FLAGS=-mcpu=cortex-a9 -mfpu=vfpv3 -mfloat-abi=hard -no
TRACE::2024-12-08.14:22:14::SCWBDomain::startfiles -g -Wall -Wextra -fno-tree-loop-distribute-patterns"

TRACE::2024-12-08.14:22:14::SCWBDomain::"Running Make include in ps7_cortexa9_0/libsrc/scuwdt_v2_4/src"

TRACE::2024-12-08.14:22:14::SCWBDomain::make -C ps7_cortexa9_0/libsrc/scuwdt_v2_4/src -s include  "SHELL=CMD" "COMPILER=arm-none-eabi-gcc" "ASSEMBLER=arm-none-eabi-as"
TRACE::2024-12-08.14:22:14::SCWBDomain:: "ARCHIVER=arm-none-eabi-ar" "COMPILER_FLAGS=  -O2 -c" "EXTRA_COMPILER_FLAGS=-mcpu=cortex-a9 -mfpu=vfpv3 -mfloat-abi=hard -nost
TRACE::2024-12-08.14:22:14::SCWBDomain::artfiles -g -Wall -Wextra -fno-tree-loop-distribute-patterns"

TRACE::2024-12-08.14:22:14::SCWBDomain::"Running Make include in ps7_cortexa9_0/libsrc/standalone_v8_1/src"

TRACE::2024-12-08.14:22:14::SCWBDomain::make -C ps7_cortexa9_0/libsrc/standalone_v8_1/src -s include  "SHELL=CMD" "COMPILER=arm-none-eabi-gcc" "ASSEMBLER=arm-none-eabi
TRACE::2024-12-08.14:22:14::SCWBDomain::-as" "ARCHIVER=arm-none-eabi-ar" "COMPILER_FLAGS=  -O2 -c" "EXTRA_COMPILER_FLAGS=-mcpu=cortex-a9 -mfpu=vfpv3 -mfloat-abi=hard -
TRACE::2024-12-08.14:22:14::SCWBDomain::nostartfiles -g -Wall -Wextra -fno-tree-loop-distribute-patterns"

TRACE::2024-12-08.14:22:15::SCWBDomain::"Running Make include in ps7_cortexa9_0/libsrc/uartps_v3_12/src"

TRACE::2024-12-08.14:22:15::SCWBDomain::make -C ps7_cortexa9_0/libsrc/uartps_v3_12/src -s include  "SHELL=CMD" "COMPILER=arm-none-eabi-gcc" "ASSEMBLER=arm-none-eabi-as
TRACE::2024-12-08.14:22:15::SCWBDomain::" "ARCHIVER=arm-none-eabi-ar" "COMPILER_FLAGS=  -O2 -c" "EXTRA_COMPILER_FLAGS=-mcpu=cortex-a9 -mfpu=vfpv3 -mfloat-abi=hard -nos
TRACE::2024-12-08.14:22:15::SCWBDomain::tartfiles -g -Wall -Wextra -fno-tree-loop-distribute-patterns"

TRACE::2024-12-08.14:22:15::SCWBDomain::"Running Make include in ps7_cortexa9_0/libsrc/xadcps_v2_6/src"

TRACE::2024-12-08.14:22:15::SCWBDomain::make -C ps7_cortexa9_0/libsrc/xadcps_v2_6/src -s include  "SHELL=CMD" "COMPILER=arm-none-eabi-gcc" "ASSEMBLER=arm-none-eabi-as"
TRACE::2024-12-08.14:22:15::SCWBDomain:: "ARCHIVER=arm-none-eabi-ar" "COMPILER_FLAGS=  -O2 -c" "EXTRA_COMPILER_FLAGS=-mcpu=cortex-a9 -mfpu=vfpv3 -mfloat-abi=hard -nost
TRACE::2024-12-08.14:22:15::SCWBDomain::artfiles -g -Wall -Wextra -fno-tree-loop-distribute-patterns"

TRACE::2024-12-08.14:22:16::SCWBDomain::"Running Make include in ps7_cortexa9_0/libsrc/xilffs_v5_0/src"

TRACE::2024-12-08.14:22:16::SCWBDomain::make -C ps7_cortexa9_0/libsrc/xilffs_v5_0/src -s include  "SHELL=CMD" "COMPILER=arm-none-eabi-gcc" "ASSEMBLER=arm-none-eabi-as"
TRACE::2024-12-08.14:22:16::SCWBDomain:: "ARCHIVER=arm-none-eabi-ar" "COMPILER_FLAGS=  -O2 -c" "EXTRA_COMPILER_FLAGS=-mcpu=cortex-a9 -mfpu=vfpv3 -mfloat-abi=hard -nost
TRACE::2024-12-08.14:22:16::SCWBDomain::artfiles -g -Wall -Wextra -fno-tree-loop-distribute-patterns"

TRACE::2024-12-08.14:22:16::SCWBDomain::"Running Make include in ps7_cortexa9_0/libsrc/xilrsa_v1_6/src"

TRACE::2024-12-08.14:22:16::SCWBDomain::make -C ps7_cortexa9_0/libsrc/xilrsa_v1_6/src -s include  "SHELL=CMD" "COMPILER=arm-none-eabi-gcc" "ASSEMBLER=arm-none-eabi-as"
TRACE::2024-12-08.14:22:16::SCWBDomain:: "ARCHIVER=arm-none-eabi-ar" "COMPILER_FLAGS=  -O2 -c" "EXTRA_COMPILER_FLAGS=-mcpu=cortex-a9 -mfpu=vfpv3 -mfloat-abi=hard -nost
TRACE::2024-12-08.14:22:16::SCWBDomain::artfiles -g -Wall -Wextra -fno-tree-loop-distribute-patterns"

TRACE::2024-12-08.14:22:16::SCWBDomain::"Running Make libs in ps7_cortexa9_0/libsrc/fir_v1_0/src"

TRACE::2024-12-08.14:22:16::SCWBDomain::make -C ps7_cortexa9_0/libsrc/fir_v1_0/src -s libs  "SHELL=CMD" "COMPILER=arm-none-eabi-gcc" "ASSEMBLER=arm-none-eabi-as" "ARCH
TRACE::2024-12-08.14:22:16::SCWBDomain::IVER=arm-none-eabi-ar" "COMPILER_FLAGS=  -O2 -c" "EXTRA_COMPILER_FLAGS=-mcpu=cortex-a9 -mfpu=vfpv3 -mfloat-abi=hard -nostartfil
TRACE::2024-12-08.14:22:16::SCWBDomain::es -g -Wall -Wextra -fno-tree-loop-distribute-patterns"

TRACE::2024-12-08.14:22:18::SCWBDomain::"Building fir"

TRACE::2024-12-08.14:22:18::SCWBDomain::"Running Make libs in ps7_cortexa9_0/libsrc/xilrsa_v1_6/src"

TRACE::2024-12-08.14:22:18::SCWBDomain::make -C ps7_cortexa9_0/libsrc/xilrsa_v1_6/src -s libs  "SHELL=CMD" "COMPILER=arm-none-eabi-gcc" "ASSEMBLER=arm-none-eabi-as" "A
TRACE::2024-12-08.14:22:18::SCWBDomain::RCHIVER=arm-none-eabi-ar" "COMPILER_FLAGS=  -O2 -c" "EXTRA_COMPILER_FLAGS=-mcpu=cortex-a9 -mfpu=vfpv3 -mfloat-abi=hard -nostart
TRACE::2024-12-08.14:22:18::SCWBDomain::files -g -Wall -Wextra -fno-tree-loop-distribute-patterns"

TRACE::2024-12-08.14:22:18::SCWBDomain::'Finished building libraries sequentially.'

TRACE::2024-12-08.14:22:18::SCWBDomain::make -j 10 --no-print-directory par_libs

TRACE::2024-12-08.14:22:18::SCWBDomain::"Running Make include in ps7_cortexa9_0/libsrc/coresightps_dcc_v1_8/src"

TRACE::2024-12-08.14:22:18::SCWBDomain::make -C ps7_cortexa9_0/libsrc/coresightps_dcc_v1_8/src -s include  "SHELL=CMD" "COMPILER=arm-none-eabi-gcc" "ASSEMBLER=arm-none
TRACE::2024-12-08.14:22:18::SCWBDomain::-eabi-as" "ARCHIVER=arm-none-eabi-ar" "COMPILER_FLAGS=  -O2 -c" "EXTRA_COMPILER_FLAGS=-mcpu=cortex-a9 -mfpu=vfpv3 -mfloat-abi=h
TRACE::2024-12-08.14:22:18::SCWBDomain::ard -nostartfiles -g -Wall -Wextra -fno-tree-loop-distribute-patterns"

TRACE::2024-12-08.14:22:18::SCWBDomain::"Running Make include in ps7_cortexa9_0/libsrc/cpu_cortexa9_v2_11/src"

TRACE::2024-12-08.14:22:18::SCWBDomain::make -C ps7_cortexa9_0/libsrc/cpu_cortexa9_v2_11/src -s include  "SHELL=CMD" "COMPILER=arm-none-eabi-gcc" "ASSEMBLER=arm-none-e
TRACE::2024-12-08.14:22:18::SCWBDomain::abi-as" "ARCHIVER=arm-none-eabi-ar" "COMPILER_FLAGS=  -O2 -c" "EXTRA_COMPILER_FLAGS=-mcpu=cortex-a9 -mfpu=vfpv3 -mfloat-abi=har
TRACE::2024-12-08.14:22:18::SCWBDomain::d -nostartfiles -g -Wall -Wextra -fno-tree-loop-distribute-patterns"

TRACE::2024-12-08.14:22:18::SCWBDomain::"Running Make include in ps7_cortexa9_0/libsrc/ddrps_v1_2/src"

TRACE::2024-12-08.14:22:18::SCWBDomain::make -C ps7_cortexa9_0/libsrc/ddrps_v1_2/src -s include  "SHELL=CMD" "COMPILER=arm-none-eabi-gcc" "ASSEMBLER=arm-none-eabi-as" 
TRACE::2024-12-08.14:22:18::SCWBDomain::"ARCHIVER=arm-none-eabi-ar" "COMPILER_FLAGS=  -O2 -c" "EXTRA_COMPILER_FLAGS=-mcpu=cortex-a9 -mfpu=vfpv3 -mfloat-abi=hard -nosta
TRACE::2024-12-08.14:22:18::SCWBDomain::rtfiles -g -Wall -Wextra -fno-tree-loop-distribute-patterns"

TRACE::2024-12-08.14:22:18::SCWBDomain::"Running Make include in ps7_cortexa9_0/libsrc/devcfg_v3_7/src"

TRACE::2024-12-08.14:22:18::SCWBDomain::make -C ps7_cortexa9_0/libsrc/devcfg_v3_7/src -s include  "SHELL=CMD" "COMPILER=arm-none-eabi-gcc" "ASSEMBLER=arm-none-eabi-as"
TRACE::2024-12-08.14:22:18::SCWBDomain:: "ARCHIVER=arm-none-eabi-ar" "COMPILER_FLAGS=  -O2 -c" "EXTRA_COMPILER_FLAGS=-mcpu=cortex-a9 -mfpu=vfpv3 -mfloat-abi=hard -nost
TRACE::2024-12-08.14:22:18::SCWBDomain::artfiles -g -Wall -Wextra -fno-tree-loop-distribute-patterns"

TRACE::2024-12-08.14:22:18::SCWBDomain::"Running Make include in ps7_cortexa9_0/libsrc/dmaps_v2_8/src"

TRACE::2024-12-08.14:22:18::SCWBDomain::make -C ps7_cortexa9_0/libsrc/dmaps_v2_8/src -s include  "SHELL=CMD" "COMPILER=arm-none-eabi-gcc" "ASSEMBLER=arm-none-eabi-as" 
TRACE::2024-12-08.14:22:18::SCWBDomain::"ARCHIVER=arm-none-eabi-ar" "COMPILER_FLAGS=  -O2 -c" "EXTRA_COMPILER_FLAGS=-mcpu=cortex-a9 -mfpu=vfpv3 -mfloat-abi=hard -nosta
TRACE::2024-12-08.14:22:18::SCWBDomain::rtfiles -g -Wall -Wextra -fno-tree-loop-distribute-patterns"

TRACE::2024-12-08.14:22:18::SCWBDomain::"Running Make include in ps7_cortexa9_0/libsrc/fir_v1_0/src"

TRACE::2024-12-08.14:22:18::SCWBDomain::make -C ps7_cortexa9_0/libsrc/fir_v1_0/src -s include  "SHELL=CMD" "COMPILER=arm-none-eabi-gcc" "ASSEMBLER=arm-none-eabi-as" "A
TRACE::2024-12-08.14:22:18::SCWBDomain::RCHIVER=arm-none-eabi-ar" "COMPILER_FLAGS=  -O2 -c" "EXTRA_COMPILER_FLAGS=-mcpu=cortex-a9 -mfpu=vfpv3 -mfloat-abi=hard -nostart
TRACE::2024-12-08.14:22:18::SCWBDomain::files -g -Wall -Wextra -fno-tree-loop-distribute-patterns"

TRACE::2024-12-08.14:22:18::SCWBDomain::"Running Make include in ps7_cortexa9_0/libsrc/gpio_v4_9/src"

TRACE::2024-12-08.14:22:18::SCWBDomain::make -C ps7_cortexa9_0/libsrc/gpio_v4_9/src -s include  "SHELL=CMD" "COMPILER=arm-none-eabi-gcc" "ASSEMBLER=arm-none-eabi-as" "
TRACE::2024-12-08.14:22:18::SCWBDomain::ARCHIVER=arm-none-eabi-ar" "COMPILER_FLAGS=  -O2 -c" "EXTRA_COMPILER_FLAGS=-mcpu=cortex-a9 -mfpu=vfpv3 -mfloat-abi=hard -nostar
TRACE::2024-12-08.14:22:18::SCWBDomain::tfiles -g -Wall -Wextra -fno-tree-loop-distribute-patterns"

TRACE::2024-12-08.14:22:18::SCWBDomain::"Running Make include in ps7_cortexa9_0/libsrc/iicps_v3_17/src"

TRACE::2024-12-08.14:22:18::SCWBDomain::make -C ps7_cortexa9_0/libsrc/iicps_v3_17/src -s include  "SHELL=CMD" "COMPILER=arm-none-eabi-gcc" "ASSEMBLER=arm-none-eabi-as"
TRACE::2024-12-08.14:22:18::SCWBDomain:: "ARCHIVER=arm-none-eabi-ar" "COMPILER_FLAGS=  -O2 -c" "EXTRA_COMPILER_FLAGS=-mcpu=cortex-a9 -mfpu=vfpv3 -mfloat-abi=hard -nost
TRACE::2024-12-08.14:22:18::SCWBDomain::artfiles -g -Wall -Wextra -fno-tree-loop-distribute-patterns"

TRACE::2024-12-08.14:22:18::SCWBDomain::"Running Make include in ps7_cortexa9_0/libsrc/qspips_v3_10/src"

TRACE::2024-12-08.14:22:18::SCWBDomain::make -C ps7_cortexa9_0/libsrc/qspips_v3_10/src -s include  "SHELL=CMD" "COMPILER=arm-none-eabi-gcc" "ASSEMBLER=arm-none-eabi-as
TRACE::2024-12-08.14:22:18::SCWBDomain::" "ARCHIVER=arm-none-eabi-ar" "COMPILER_FLAGS=  -O2 -c" "EXTRA_COMPILER_FLAGS=-mcpu=cortex-a9 -mfpu=vfpv3 -mfloat-abi=hard -nos
TRACE::2024-12-08.14:22:18::SCWBDomain::tartfiles -g -Wall -Wextra -fno-tree-loop-distribute-patterns"

TRACE::2024-12-08.14:22:18::SCWBDomain::"Running Make include in ps7_cortexa9_0/libsrc/scugic_v5_1/src"

TRACE::2024-12-08.14:22:18::SCWBDomain::make -C ps7_cortexa9_0/libsrc/scugic_v5_1/src -s include  "SHELL=CMD" "COMPILER=arm-none-eabi-gcc" "ASSEMBLER=arm-none-eabi-as"
TRACE::2024-12-08.14:22:18::SCWBDomain:: "ARCHIVER=arm-none-eabi-ar" "COMPILER_FLAGS=  -O2 -c" "EXTRA_COMPILER_FLAGS=-mcpu=cortex-a9 -mfpu=vfpv3 -mfloat-abi=hard -nost
TRACE::2024-12-08.14:22:18::SCWBDomain::artfiles -g -Wall -Wextra -fno-tree-loop-distribute-patterns"

TRACE::2024-12-08.14:22:18::SCWBDomain::"Running Make include in ps7_cortexa9_0/libsrc/scutimer_v2_4/src"

TRACE::2024-12-08.14:22:18::SCWBDomain::make -C ps7_cortexa9_0/libsrc/scutimer_v2_4/src -s include  "SHELL=CMD" "COMPILER=arm-none-eabi-gcc" "ASSEMBLER=arm-none-eabi-a
TRACE::2024-12-08.14:22:18::SCWBDomain::s" "ARCHIVER=arm-none-eabi-ar" "COMPILER_FLAGS=  -O2 -c" "EXTRA_COMPILER_FLAGS=-mcpu=cortex-a9 -mfpu=vfpv3 -mfloat-abi=hard -no
TRACE::2024-12-08.14:22:18::SCWBDomain::startfiles -g -Wall -Wextra -fno-tree-loop-distribute-patterns"

TRACE::2024-12-08.14:22:18::SCWBDomain::"Running Make include in ps7_cortexa9_0/libsrc/scuwdt_v2_4/src"

TRACE::2024-12-08.14:22:18::SCWBDomain::make -C ps7_cortexa9_0/libsrc/scuwdt_v2_4/src -s include  "SHELL=CMD" "COMPILER=arm-none-eabi-gcc" "ASSEMBLER=arm-none-eabi-as"
TRACE::2024-12-08.14:22:18::SCWBDomain:: "ARCHIVER=arm-none-eabi-ar" "COMPILER_FLAGS=  -O2 -c" "EXTRA_COMPILER_FLAGS=-mcpu=cortex-a9 -mfpu=vfpv3 -mfloat-abi=hard -nost
TRACE::2024-12-08.14:22:18::SCWBDomain::artfiles -g -Wall -Wextra -fno-tree-loop-distribute-patterns"

TRACE::2024-12-08.14:22:19::SCWBDomain::"Running Make include in ps7_cortexa9_0/libsrc/standalone_v8_1/src"

TRACE::2024-12-08.14:22:19::SCWBDomain::make -C ps7_cortexa9_0/libsrc/standalone_v8_1/src -s include  "SHELL=CMD" "COMPILER=arm-none-eabi-gcc" "ASSEMBLER=arm-none-eabi
TRACE::2024-12-08.14:22:19::SCWBDomain::-as" "ARCHIVER=arm-none-eabi-ar" "COMPILER_FLAGS=  -O2 -c" "EXTRA_COMPILER_FLAGS=-mcpu=cortex-a9 -mfpu=vfpv3 -mfloat-abi=hard -
TRACE::2024-12-08.14:22:19::SCWBDomain::nostartfiles -g -Wall -Wextra -fno-tree-loop-distribute-patterns"

TRACE::2024-12-08.14:22:19::SCWBDomain::"Running Make include in ps7_cortexa9_0/libsrc/uartps_v3_12/src"

TRACE::2024-12-08.14:22:19::SCWBDomain::make -C ps7_cortexa9_0/libsrc/uartps_v3_12/src -s include  "SHELL=CMD" "COMPILER=arm-none-eabi-gcc" "ASSEMBLER=arm-none-eabi-as
TRACE::2024-12-08.14:22:19::SCWBDomain::" "ARCHIVER=arm-none-eabi-ar" "COMPILER_FLAGS=  -O2 -c" "EXTRA_COMPILER_FLAGS=-mcpu=cortex-a9 -mfpu=vfpv3 -mfloat-abi=hard -nos
TRACE::2024-12-08.14:22:19::SCWBDomain::tartfiles -g -Wall -Wextra -fno-tree-loop-distribute-patterns"

TRACE::2024-12-08.14:22:19::SCWBDomain::"Running Make include in ps7_cortexa9_0/libsrc/xadcps_v2_6/src"

TRACE::2024-12-08.14:22:19::SCWBDomain::make -C ps7_cortexa9_0/libsrc/xadcps_v2_6/src -s include  "SHELL=CMD" "COMPILER=arm-none-eabi-gcc" "ASSEMBLER=arm-none-eabi-as"
TRACE::2024-12-08.14:22:19::SCWBDomain:: "ARCHIVER=arm-none-eabi-ar" "COMPILER_FLAGS=  -O2 -c" "EXTRA_COMPILER_FLAGS=-mcpu=cortex-a9 -mfpu=vfpv3 -mfloat-abi=hard -nost
TRACE::2024-12-08.14:22:19::SCWBDomain::artfiles -g -Wall -Wextra -fno-tree-loop-distribute-patterns"

TRACE::2024-12-08.14:22:19::SCWBDomain::"Running Make include in ps7_cortexa9_0/libsrc/xilffs_v5_0/src"

TRACE::2024-12-08.14:22:19::SCWBDomain::make -C ps7_cortexa9_0/libsrc/xilffs_v5_0/src -s include  "SHELL=CMD" "COMPILER=arm-none-eabi-gcc" "ASSEMBLER=arm-none-eabi-as"
TRACE::2024-12-08.14:22:19::SCWBDomain:: "ARCHIVER=arm-none-eabi-ar" "COMPILER_FLAGS=  -O2 -c" "EXTRA_COMPILER_FLAGS=-mcpu=cortex-a9 -mfpu=vfpv3 -mfloat-abi=hard -nost
TRACE::2024-12-08.14:22:19::SCWBDomain::artfiles -g -Wall -Wextra -fno-tree-loop-distribute-patterns"

TRACE::2024-12-08.14:22:19::SCWBDomain::"Running Make include in ps7_cortexa9_0/libsrc/xilrsa_v1_6/src"

TRACE::2024-12-08.14:22:19::SCWBDomain::make -C ps7_cortexa9_0/libsrc/xilrsa_v1_6/src -s include  "SHELL=CMD" "COMPILER=arm-none-eabi-gcc" "ASSEMBLER=arm-none-eabi-as"
TRACE::2024-12-08.14:22:19::SCWBDomain:: "ARCHIVER=arm-none-eabi-ar" "COMPILER_FLAGS=  -O2 -c" "EXTRA_COMPILER_FLAGS=-mcpu=cortex-a9 -mfpu=vfpv3 -mfloat-abi=hard -nost
TRACE::2024-12-08.14:22:19::SCWBDomain::artfiles -g -Wall -Wextra -fno-tree-loop-distribute-patterns"

TRACE::2024-12-08.14:22:19::SCWBDomain::"Running Make libs in ps7_cortexa9_0/libsrc/coresightps_dcc_v1_8/src"

TRACE::2024-12-08.14:22:19::SCWBDomain::make -C ps7_cortexa9_0/libsrc/coresightps_dcc_v1_8/src -s libs  "SHELL=CMD" "COMPILER=arm-none-eabi-gcc" "ASSEMBLER=arm-none-ea
TRACE::2024-12-08.14:22:19::SCWBDomain::bi-as" "ARCHIVER=arm-none-eabi-ar" "COMPILER_FLAGS=  -O2 -c" "EXTRA_COMPILER_FLAGS=-mcpu=cortex-a9 -mfpu=vfpv3 -mfloat-abi=hard
TRACE::2024-12-08.14:22:19::SCWBDomain:: -nostartfiles -g -Wall -Wextra -fno-tree-loop-distribute-patterns"

TRACE::2024-12-08.14:22:19::SCWBDomain::"Running Make libs in ps7_cortexa9_0/libsrc/cpu_cortexa9_v2_11/src"

TRACE::2024-12-08.14:22:19::SCWBDomain::make -C ps7_cortexa9_0/libsrc/cpu_cortexa9_v2_11/src -s libs  "SHELL=CMD" "COMPILER=arm-none-eabi-gcc" "ASSEMBLER=arm-none-eabi
TRACE::2024-12-08.14:22:19::SCWBDomain::-as" "ARCHIVER=arm-none-eabi-ar" "COMPILER_FLAGS=  -O2 -c" "EXTRA_COMPILER_FLAGS=-mcpu=cortex-a9 -mfpu=vfpv3 -mfloat-abi=hard -
TRACE::2024-12-08.14:22:19::SCWBDomain::nostartfiles -g -Wall -Wextra -fno-tree-loop-distribute-patterns"

TRACE::2024-12-08.14:22:19::SCWBDomain::"Running Make libs in ps7_cortexa9_0/libsrc/ddrps_v1_2/src"

TRACE::2024-12-08.14:22:19::SCWBDomain::make -C ps7_cortexa9_0/libsrc/ddrps_v1_2/src -s libs  "SHELL=CMD" "COMPILER=arm-none-eabi-gcc" "ASSEMBLER=arm-none-eabi-as" "AR
TRACE::2024-12-08.14:22:19::SCWBDomain::CHIVER=arm-none-eabi-ar" "COMPILER_FLAGS=  -O2 -c" "EXTRA_COMPILER_FLAGS=-mcpu=cortex-a9 -mfpu=vfpv3 -mfloat-abi=hard -nostartf
TRACE::2024-12-08.14:22:19::SCWBDomain::iles -g -Wall -Wextra -fno-tree-loop-distribute-patterns"

TRACE::2024-12-08.14:22:19::SCWBDomain::"Running Make libs in ps7_cortexa9_0/libsrc/devcfg_v3_7/src"

TRACE::2024-12-08.14:22:19::SCWBDomain::make -C ps7_cortexa9_0/libsrc/devcfg_v3_7/src -s libs  "SHELL=CMD" "COMPILER=arm-none-eabi-gcc" "ASSEMBLER=arm-none-eabi-as" "A
TRACE::2024-12-08.14:22:19::SCWBDomain::RCHIVER=arm-none-eabi-ar" "COMPILER_FLAGS=  -O2 -c" "EXTRA_COMPILER_FLAGS=-mcpu=cortex-a9 -mfpu=vfpv3 -mfloat-abi=hard -nostart
TRACE::2024-12-08.14:22:19::SCWBDomain::files -g -Wall -Wextra -fno-tree-loop-distribute-patterns"

TRACE::2024-12-08.14:22:19::SCWBDomain::"Running Make libs in ps7_cortexa9_0/libsrc/dmaps_v2_8/src"

TRACE::2024-12-08.14:22:19::SCWBDomain::make -C ps7_cortexa9_0/libsrc/dmaps_v2_8/src -s libs  "SHELL=CMD" "COMPILER=arm-none-eabi-gcc" "ASSEMBLER=arm-none-eabi-as" "AR
TRACE::2024-12-08.14:22:19::SCWBDomain::CHIVER=arm-none-eabi-ar" "COMPILER_FLAGS=  -O2 -c" "EXTRA_COMPILER_FLAGS=-mcpu=cortex-a9 -mfpu=vfpv3 -mfloat-abi=hard -nostartf
TRACE::2024-12-08.14:22:19::SCWBDomain::iles -g -Wall -Wextra -fno-tree-loop-distribute-patterns"

TRACE::2024-12-08.14:22:19::SCWBDomain::"Running Make libs in ps7_cortexa9_0/libsrc/gpio_v4_9/src"

TRACE::2024-12-08.14:22:19::SCWBDomain::make -C ps7_cortexa9_0/libsrc/gpio_v4_9/src -s libs  "SHELL=CMD" "COMPILER=arm-none-eabi-gcc" "ASSEMBLER=arm-none-eabi-as" "ARC
TRACE::2024-12-08.14:22:19::SCWBDomain::HIVER=arm-none-eabi-ar" "COMPILER_FLAGS=  -O2 -c" "EXTRA_COMPILER_FLAGS=-mcpu=cortex-a9 -mfpu=vfpv3 -mfloat-abi=hard -nostartfi
TRACE::2024-12-08.14:22:19::SCWBDomain::les -g -Wall -Wextra -fno-tree-loop-distribute-patterns"

TRACE::2024-12-08.14:22:19::SCWBDomain::"Running Make libs in ps7_cortexa9_0/libsrc/iicps_v3_17/src"

TRACE::2024-12-08.14:22:19::SCWBDomain::make -C ps7_cortexa9_0/libsrc/iicps_v3_17/src -s libs  "SHELL=CMD" "COMPILER=arm-none-eabi-gcc" "ASSEMBLER=arm-none-eabi-as" "A
TRACE::2024-12-08.14:22:19::SCWBDomain::RCHIVER=arm-none-eabi-ar" "COMPILER_FLAGS=  -O2 -c" "EXTRA_COMPILER_FLAGS=-mcpu=cortex-a9 -mfpu=vfpv3 -mfloat-abi=hard -nostart
TRACE::2024-12-08.14:22:19::SCWBDomain::files -g -Wall -Wextra -fno-tree-loop-distribute-patterns"

TRACE::2024-12-08.14:22:19::SCWBDomain::"Running Make libs in ps7_cortexa9_0/libsrc/qspips_v3_10/src"

TRACE::2024-12-08.14:22:19::SCWBDomain::make -C ps7_cortexa9_0/libsrc/qspips_v3_10/src -s libs  "SHELL=CMD" "COMPILER=arm-none-eabi-gcc" "ASSEMBLER=arm-none-eabi-as" "
TRACE::2024-12-08.14:22:19::SCWBDomain::ARCHIVER=arm-none-eabi-ar" "COMPILER_FLAGS=  -O2 -c" "EXTRA_COMPILER_FLAGS=-mcpu=cortex-a9 -mfpu=vfpv3 -mfloat-abi=hard -nostar
TRACE::2024-12-08.14:22:19::SCWBDomain::tfiles -g -Wall -Wextra -fno-tree-loop-distribute-patterns"

TRACE::2024-12-08.14:22:19::SCWBDomain::"Running Make libs in ps7_cortexa9_0/libsrc/scugic_v5_1/src"

TRACE::2024-12-08.14:22:19::SCWBDomain::make -C ps7_cortexa9_0/libsrc/scugic_v5_1/src -s libs  "SHELL=CMD" "COMPILER=arm-none-eabi-gcc" "ASSEMBLER=arm-none-eabi-as" "A
TRACE::2024-12-08.14:22:19::SCWBDomain::RCHIVER=arm-none-eabi-ar" "COMPILER_FLAGS=  -O2 -c" "EXTRA_COMPILER_FLAGS=-mcpu=cortex-a9 -mfpu=vfpv3 -mfloat-abi=hard -nostart
TRACE::2024-12-08.14:22:19::SCWBDomain::files -g -Wall -Wextra -fno-tree-loop-distribute-patterns"

TRACE::2024-12-08.14:22:20::SCWBDomain::"Running Make libs in ps7_cortexa9_0/libsrc/scutimer_v2_4/src"

TRACE::2024-12-08.14:22:20::SCWBDomain::make -C ps7_cortexa9_0/libsrc/scutimer_v2_4/src -s libs  "SHELL=CMD" "COMPILER=arm-none-eabi-gcc" "ASSEMBLER=arm-none-eabi-as" 
TRACE::2024-12-08.14:22:20::SCWBDomain::"ARCHIVER=arm-none-eabi-ar" "COMPILER_FLAGS=  -O2 -c" "EXTRA_COMPILER_FLAGS=-mcpu=cortex-a9 -mfpu=vfpv3 -mfloat-abi=hard -nosta
TRACE::2024-12-08.14:22:20::SCWBDomain::rtfiles -g -Wall -Wextra -fno-tree-loop-distribute-patterns"

TRACE::2024-12-08.14:22:20::SCWBDomain::"Running Make libs in ps7_cortexa9_0/libsrc/scuwdt_v2_4/src"

TRACE::2024-12-08.14:22:20::SCWBDomain::make -C ps7_cortexa9_0/libsrc/scuwdt_v2_4/src -s libs  "SHELL=CMD" "COMPILER=arm-none-eabi-gcc" "ASSEMBLER=arm-none-eabi-as" "A
TRACE::2024-12-08.14:22:20::SCWBDomain::RCHIVER=arm-none-eabi-ar" "COMPILER_FLAGS=  -O2 -c" "EXTRA_COMPILER_FLAGS=-mcpu=cortex-a9 -mfpu=vfpv3 -mfloat-abi=hard -nostart
TRACE::2024-12-08.14:22:20::SCWBDomain::files -g -Wall -Wextra -fno-tree-loop-distribute-patterns"

TRACE::2024-12-08.14:22:20::SCWBDomain::"Running Make libs in ps7_cortexa9_0/libsrc/standalone_v8_1/src"

TRACE::2024-12-08.14:22:20::SCWBDomain::make -C ps7_cortexa9_0/libsrc/standalone_v8_1/src -s libs  "SHELL=CMD" "COMPILER=arm-none-eabi-gcc" "ASSEMBLER=arm-none-eabi-as
TRACE::2024-12-08.14:22:20::SCWBDomain::" "ARCHIVER=arm-none-eabi-ar" "COMPILER_FLAGS=  -O2 -c" "EXTRA_COMPILER_FLAGS=-mcpu=cortex-a9 -mfpu=vfpv3 -mfloat-abi=hard -nos
TRACE::2024-12-08.14:22:20::SCWBDomain::tartfiles -g -Wall -Wextra -fno-tree-loop-distribute-patterns"

TRACE::2024-12-08.14:22:21::SCWBDomain::"Running Make libs in ps7_cortexa9_0/libsrc/uartps_v3_12/src"

TRACE::2024-12-08.14:22:21::SCWBDomain::make -C ps7_cortexa9_0/libsrc/uartps_v3_12/src -s libs  "SHELL=CMD" "COMPILER=arm-none-eabi-gcc" "ASSEMBLER=arm-none-eabi-as" "
TRACE::2024-12-08.14:22:21::SCWBDomain::ARCHIVER=arm-none-eabi-ar" "COMPILER_FLAGS=  -O2 -c" "EXTRA_COMPILER_FLAGS=-mcpu=cortex-a9 -mfpu=vfpv3 -mfloat-abi=hard -nostar
TRACE::2024-12-08.14:22:21::SCWBDomain::tfiles -g -Wall -Wextra -fno-tree-loop-distribute-patterns"

TRACE::2024-12-08.14:22:21::SCWBDomain::"Running Make libs in ps7_cortexa9_0/libsrc/xadcps_v2_6/src"

TRACE::2024-12-08.14:22:21::SCWBDomain::make -C ps7_cortexa9_0/libsrc/xadcps_v2_6/src -s libs  "SHELL=CMD" "COMPILER=arm-none-eabi-gcc" "ASSEMBLER=arm-none-eabi-as" "A
TRACE::2024-12-08.14:22:21::SCWBDomain::RCHIVER=arm-none-eabi-ar" "COMPILER_FLAGS=  -O2 -c" "EXTRA_COMPILER_FLAGS=-mcpu=cortex-a9 -mfpu=vfpv3 -mfloat-abi=hard -nostart
TRACE::2024-12-08.14:22:21::SCWBDomain::files -g -Wall -Wextra -fno-tree-loop-distribute-patterns"

TRACE::2024-12-08.14:22:21::SCWBDomain::"Running Make libs in ps7_cortexa9_0/libsrc/xilffs_v5_0/src"

TRACE::2024-12-08.14:22:21::SCWBDomain::make -C ps7_cortexa9_0/libsrc/xilffs_v5_0/src -s libs  "SHELL=CMD" "COMPILER=arm-none-eabi-gcc" "ASSEMBLER=arm-none-eabi-as" "A
TRACE::2024-12-08.14:22:21::SCWBDomain::RCHIVER=arm-none-eabi-ar" "COMPILER_FLAGS=  -O2 -c" "EXTRA_COMPILER_FLAGS=-mcpu=cortex-a9 -mfpu=vfpv3 -mfloat-abi=hard -nostart
TRACE::2024-12-08.14:22:21::SCWBDomain::files -g -Wall -Wextra -fno-tree-loop-distribute-patterns"

TRACE::2024-12-08.14:22:23::SCWBDomain::'Finished building libraries parallelly.'

TRACE::2024-12-08.14:22:23::SCWBDomain::make --no-print-directory archive

TRACE::2024-12-08.14:22:23::SCWBDomain::arm-none-eabi-ar -r  ps7_cortexa9_0/lib/libxil.a ps7_cortexa9_0/lib/_exit.o ps7_cortexa9_0/lib/_open.o ps7_cortexa9_0/lib/_sbrk
TRACE::2024-12-08.14:22:23::SCWBDomain::.o ps7_cortexa9_0/lib/abort.o ps7_cortexa9_0/lib/asm_vectors.o ps7_cortexa9_0/lib/boot.o ps7_cortexa9_0/lib/close.o ps7_cortexa
TRACE::2024-12-08.14:22:23::SCWBDomain::9_0/lib/cpputest_time.o ps7_cortexa9_0/lib/cpu_init.o ps7_cortexa9_0/lib/errno.o ps7_cortexa9_0/lib/fcntl.o ps7_cortexa9_0/lib/
TRACE::2024-12-08.14:22:23::SCWBDomain::fstat.o ps7_cortexa9_0/lib/getentropy.o ps7_cortexa9_0/lib/getpid.o ps7_cortexa9_0/lib/inbyte.o ps7_cortexa9_0/lib/isatty.o ps7
TRACE::2024-12-08.14:22:23::SCWBDomain::_cortexa9_0/lib/kill.o ps7_cortexa9_0/lib/lseek.o ps7_cortexa9_0/lib/open.o ps7_cortexa9_0/lib/outbyte.o ps7_cortexa9_0/lib/pri
TRACE::2024-12-08.14:22:23::SCWBDomain::nt.o ps7_cortexa9_0/lib/putnum.o ps7_cortexa9_0/lib/read.o ps7_cortexa9_0/lib/sbrk.o ps7_cortexa9_0/lib/sleep.o ps7_cortexa9_0/
TRACE::2024-12-08.14:22:23::SCWBDomain::lib/time.o ps7_cortexa9_0/lib/translation_table.o ps7_cortexa9_0/lib/unlink.o ps7_cortexa9_0/lib/usleep.o ps7_cortexa9_0/lib/ve
TRACE::2024-12-08.14:22:23::SCWBDomain::ctors.o ps7_cortexa9_0/lib/write.o ps7_cortexa9_0/lib/xadcps.o ps7_cortexa9_0/lib/xadcps_g.o ps7_cortexa9_0/lib/xadcps_intr.o p
TRACE::2024-12-08.14:22:23::SCWBDomain::s7_cortexa9_0/lib/xadcps_selftest.o ps7_cortexa9_0/lib/xadcps_sinit.o ps7_cortexa9_0/lib/xcoresightpsdcc.o ps7_cortexa9_0/lib/x
TRACE::2024-12-08.14:22:23::SCWBDomain::devcfg.o ps7_cortexa9_0/lib/xdevcfg_g.o ps7_cortexa9_0/lib/xdevcfg_hw.o ps7_cortexa9_0/lib/xdevcfg_intr.o ps7_cortexa9_0/lib/xd
TRACE::2024-12-08.14:22:23::SCWBDomain::evcfg_selftest.o ps7_cortexa9_0/lib/xdevcfg_sinit.o ps7_cortexa9_0/lib/xdmaps.o ps7_cortexa9_0/lib/xdmaps_g.o ps7_cortexa9_0/li
TRACE::2024-12-08.14:22:23::SCWBDomain::b/xdmaps_hw.o ps7_cortexa9_0/lib/xdmaps_selftest.o ps7_cortexa9_0/lib/xdmaps_sinit.o ps7_cortexa9_0/lib/xfir.o ps7_cortexa9_0/l
TRACE::2024-12-08.14:22:23::SCWBDomain::ib/xfir_g.o ps7_cortexa9_0/lib/xfir_linux.o ps7_cortexa9_0/lib/xfir_sinit.o ps7_cortexa9_0/lib/xgpio.o ps7_cortexa9_0/lib/xgpio
TRACE::2024-12-08.14:22:23::SCWBDomain::_extra.o ps7_cortexa9_0/lib/xgpio_g.o ps7_cortexa9_0/lib/xgpio_intr.o ps7_cortexa9_0/lib/xgpio_selftest.o ps7_cortexa9_0/lib/xg
TRACE::2024-12-08.14:22:23::SCWBDomain::pio_sinit.o ps7_cortexa9_0/lib/xiicps.o ps7_cortexa9_0/lib/xiicps_g.o ps7_cortexa9_0/lib/xiicps_hw.o ps7_cortexa9_0/lib/xiicps_
TRACE::2024-12-08.14:22:23::SCWBDomain::intr.o ps7_cortexa9_0/lib/xiicps_master.o ps7_cortexa9_0/lib/xiicps_options.o ps7_cortexa9_0/lib/xiicps_selftest.o ps7_cortexa9
TRACE::2024-12-08.14:22:23::SCWBDomain::_0/lib/xiicps_sinit.o ps7_cortexa9_0/lib/xiicps_slave.o ps7_cortexa9_0/lib/xiicps_xfer.o ps7_cortexa9_0/lib/xil-crt0.o ps7_cort
TRACE::2024-12-08.14:22:23::SCWBDomain::exa9_0/lib/xil_assert.o ps7_cortexa9_0/lib/xil_cache.o ps7_cortexa9_0/lib/xil_clocking.o ps7_cortexa9_0/lib/xil_exception.o ps7
TRACE::2024-12-08.14:22:23::SCWBDomain::_cortexa9_0/lib/xil_mem.o ps7_cortexa9_0/lib/xil_misc_psreset_api.o ps7_cortexa9_0/lib/xil_mmu.o ps7_cortexa9_0/lib/xil_printf.
TRACE::2024-12-08.14:22:23::SCWBDomain::o ps7_cortexa9_0/lib/xil_sleepcommon.o ps7_cortexa9_0/lib/xil_sleeptimer.o ps7_cortexa9_0/lib/xil_spinlock.o ps7_cortexa9_0/lib
TRACE::2024-12-08.14:22:23::SCWBDomain::/xil_testcache.o ps7_cortexa9_0/lib/xil_testio.o ps7_cortexa9_0/lib/xil_testmem.o ps7_cortexa9_0/lib/xil_util.o ps7_cortexa9_0/
TRACE::2024-12-08.14:22:23::SCWBDomain::lib/xinterrupt_wrap.o ps7_cortexa9_0/lib/xl2cc_counter.o ps7_cortexa9_0/lib/xplatform_info.o ps7_cortexa9_0/lib/xpm_counter.o p
TRACE::2024-12-08.14:22:23::SCWBDomain::s7_cortexa9_0/lib/xqspips.o ps7_cortexa9_0/lib/xqspips_g.o ps7_cortexa9_0/lib/xqspips_hw.o ps7_cortexa9_0/lib/xqspips_options.o
TRACE::2024-12-08.14:22:23::SCWBDomain:: ps7_cortexa9_0/lib/xqspips_selftest.o ps7_cortexa9_0/lib/xqspips_sinit.o ps7_cortexa9_0/lib/xscugic.o ps7_cortexa9_0/lib/xscug
TRACE::2024-12-08.14:22:23::SCWBDomain::ic_g.o ps7_cortexa9_0/lib/xscugic_hw.o ps7_cortexa9_0/lib/xscugic_intr.o ps7_cortexa9_0/lib/xscugic_selftest.o ps7_cortexa9_0/l
TRACE::2024-12-08.14:22:23::SCWBDomain::ib/xscugic_sinit.o ps7_cortexa9_0/lib/xscutimer.o ps7_cortexa9_0/lib/xscutimer_g.o ps7_cortexa9_0/lib/xscutimer_selftest.o ps7_
TRACE::2024-12-08.14:22:23::SCWBDomain::cortexa9_0/lib/xscutimer_sinit.o ps7_cortexa9_0/lib/xscuwdt.o ps7_cortexa9_0/lib/xscuwdt_g.o ps7_cortexa9_0/lib/xscuwdt_selftes
TRACE::2024-12-08.14:22:23::SCWBDomain::t.o ps7_cortexa9_0/lib/xscuwdt_sinit.o ps7_cortexa9_0/lib/xtime_l.o ps7_cortexa9_0/lib/xuartps.o ps7_cortexa9_0/lib/xuartps_g.o
TRACE::2024-12-08.14:22:23::SCWBDomain:: ps7_cortexa9_0/lib/xuartps_hw.o ps7_cortexa9_0/lib/xuartps_intr.o ps7_cortexa9_0/lib/xuartps_options.o ps7_cortexa9_0/lib/xuar
TRACE::2024-12-08.14:22:23::SCWBDomain::tps_selftest.o ps7_cortexa9_0/lib/xuartps_sinit.o

TRACE::2024-12-08.14:22:24::SCWBDomain::'Finished building libraries'

TRACE::2024-12-08.14:22:24::SCWBDomain::make: Leaving directory 'F:/Education/FPGA_Labs/Labs_2/lab4/audio_new/audio/zynq_fsbl/zynq_fsbl_bsp'

TRACE::2024-12-08.14:22:24::SCWBDomain::arm-none-eabi-gcc  -O2 -c -MMD -MP       -mcpu=cortex-a9 -mfpu=vfpv3 -mfloat-abi=hard  -c sd.c -o sd.o -Izynq_fsbl_bsp/ps7_cort
TRACE::2024-12-08.14:22:24::SCWBDomain::exa9_0/include -I.

TRACE::2024-12-08.14:22:24::SCWBDomain::arm-none-eabi-gcc  -O2 -c -MMD -MP       -mcpu=cortex-a9 -mfpu=vfpv3 -mfloat-abi=hard  -c nand.c -o nand.o -Izynq_fsbl_bsp/ps7_
TRACE::2024-12-08.14:22:24::SCWBDomain::cortexa9_0/include -I.

TRACE::2024-12-08.14:22:24::SCWBDomain::arm-none-eabi-gcc  -O2 -c -MMD -MP       -mcpu=cortex-a9 -mfpu=vfpv3 -mfloat-abi=hard  -c nor.c -o nor.o -Izynq_fsbl_bsp/ps7_co
TRACE::2024-12-08.14:22:24::SCWBDomain::rtexa9_0/include -I.

TRACE::2024-12-08.14:22:24::SCWBDomain::arm-none-eabi-gcc  -O2 -c -MMD -MP       -mcpu=cortex-a9 -mfpu=vfpv3 -mfloat-abi=hard  -c image_mover.c -o image_mover.o -Izynq
TRACE::2024-12-08.14:22:24::SCWBDomain::_fsbl_bsp/ps7_cortexa9_0/include -I.

TRACE::2024-12-08.14:22:24::SCWBDomain::arm-none-eabi-gcc  -O2 -c -MMD -MP       -mcpu=cortex-a9 -mfpu=vfpv3 -mfloat-abi=hard  -c md5.c -o md5.o -Izynq_fsbl_bsp/ps7_co
TRACE::2024-12-08.14:22:24::SCWBDomain::rtexa9_0/include -I.

TRACE::2024-12-08.14:22:24::SCWBDomain::arm-none-eabi-gcc  -O2 -c -MMD -MP       -mcpu=cortex-a9 -mfpu=vfpv3 -mfloat-abi=hard  -c fsbl_hooks.c -o fsbl_hooks.o -Izynq_f
TRACE::2024-12-08.14:22:24::SCWBDomain::sbl_bsp/ps7_cortexa9_0/include -I.

TRACE::2024-12-08.14:22:25::SCWBDomain::arm-none-eabi-gcc  -O2 -c -MMD -MP       -mcpu=cortex-a9 -mfpu=vfpv3 -mfloat-abi=hard  -c main.c -o main.o -Izynq_fsbl_bsp/ps7_
TRACE::2024-12-08.14:22:25::SCWBDomain::cortexa9_0/include -I.

TRACE::2024-12-08.14:22:25::SCWBDomain::arm-none-eabi-gcc  -O2 -c -MMD -MP       -mcpu=cortex-a9 -mfpu=vfpv3 -mfloat-abi=hard  -c rsa.c -o rsa.o -Izynq_fsbl_bsp/ps7_co
TRACE::2024-12-08.14:22:25::SCWBDomain::rtexa9_0/include -I.

TRACE::2024-12-08.14:22:25::SCWBDomain::arm-none-eabi-gcc  -O2 -c -MMD -MP       -mcpu=cortex-a9 -mfpu=vfpv3 -mfloat-abi=hard  -c qspi.c -o qspi.o -Izynq_fsbl_bsp/ps7_
TRACE::2024-12-08.14:22:25::SCWBDomain::cortexa9_0/include -I.

TRACE::2024-12-08.14:22:25::SCWBDomain::arm-none-eabi-gcc  -O2 -c -MMD -MP       -mcpu=cortex-a9 -mfpu=vfpv3 -mfloat-abi=hard  -c ps7_init.c -o ps7_init.o -Izynq_fsbl_
TRACE::2024-12-08.14:22:25::SCWBDomain::bsp/ps7_cortexa9_0/include -I.

TRACE::2024-12-08.14:22:25::SCWBDomain::arm-none-eabi-gcc  -O2 -c -MMD -MP       -mcpu=cortex-a9 -mfpu=vfpv3 -mfloat-abi=hard  -c pcap.c -o pcap.o -Izynq_fsbl_bsp/ps7_
TRACE::2024-12-08.14:22:25::SCWBDomain::cortexa9_0/include -I.

TRACE::2024-12-08.14:22:25::SCWBDomain::arm-none-eabi-gcc  -O2 -c -MMD -MP       -mcpu=cortex-a9 -mfpu=vfpv3 -mfloat-abi=hard  -c fsbl_handoff.S -o fsbl_handoff.o -Izy
TRACE::2024-12-08.14:22:25::SCWBDomain::nq_fsbl_bsp/ps7_cortexa9_0/include -I.

TRACE::2024-12-08.14:22:25::SCWBDomain::arm-none-eabi-gcc -o fsbl.elf fsbl_handoff.o fsbl_hooks.o image_mover.o main.o md5.o nand.o nor.o pcap.o ps7_init.o qspi.o rsa.
TRACE::2024-12-08.14:22:25::SCWBDomain::o sd.o -MMD -MP       -mcpu=cortex-a9 -mfpu=vfpv3 -mfloat-abi=hard   -mcpu=cortex-a9 -mfpu=vfpv3 -mfloat-abi=hard -Wl,-build-id
TRACE::2024-12-08.14:22:25::SCWBDomain::=none -specs=Xilinx.spec  -lrsa -Wl,--start-group,-lxil,-lgcc,-lc,--end-group -Wl,--start-group,-lxilffs,-lxil,-lgcc,-lc,--end-
TRACE::2024-12-08.14:22:25::SCWBDomain::group -Wl,--start-group,-lrsa,-lxil,-lgcc,-lc,--end-group                                    -Wl,--gc-sections -Lzynq_fsbl_bsp/
TRACE::2024-12-08.14:22:25::SCWBDomain::ps7_cortexa9_0/lib -L./ -Tlscript.ld

LOG::2024-12-08.14:22:26::SCWSystem::Checking the domain standalone_domain
LOG::2024-12-08.14:22:26::SCWSystem::Not a boot domain 
LOG::2024-12-08.14:22:26::SCWSystem::Started Processing the domain standalone_domain
TRACE::2024-12-08.14:22:26::SCWDomain::Generating domain artifcats
TRACE::2024-12-08.14:22:26::SCWMssOS::Generating standalone artifcats
TRACE::2024-12-08.14:22:26::SCWMssOS::Copying the qemu file from  F:/Education/FPGA_Labs/Labs_2/lab4/audio_new/audio/resources/audio/standalone_domain/qemu_args.txt To F:/Education/FPGA_Labs/Labs_2/lab4/audio_new/audio/export/audio/sw/audio/qemu/
TRACE::2024-12-08.14:22:26::SCWMssOS::Copying the qemu file from  F:/Education/FPGA_Labs/Labs_2/lab4/audio_new/audio/resources/audio/standalone_domain/qemu_args.txt To F:/Education/FPGA_Labs/Labs_2/lab4/audio_new/audio/export/audio/sw/audio/standalone_domain/qemu/
TRACE::2024-12-08.14:22:26::SCWMssOS:: Copying the user libraries. 
TRACE::2024-12-08.14:22:26::SCWPlatform::Trying to open the hw design at F:/Education/FPGA_Labs/Labs_2/lab4/audio_new/audio/hw/design_1_wrapper.xsa
TRACE::2024-12-08.14:22:26::SCWPlatform::DSA given F:/Education/FPGA_Labs/Labs_2/lab4/audio_new/audio/hw/design_1_wrapper.xsa
TRACE::2024-12-08.14:22:26::SCWPlatform::DSA absoulate path F:/Education/FPGA_Labs/Labs_2/lab4/audio_new/audio/hw/design_1_wrapper.xsa
TRACE::2024-12-08.14:22:26::SCWPlatform::DSA directory F:/Education/FPGA_Labs/Labs_2/lab4/audio_new/audio/hw
TRACE::2024-12-08.14:22:26::SCWPlatform:: Platform Path F:/Education/FPGA_Labs/Labs_2/lab4/audio_new/audio/hw/design_1_wrapper.xsa
TRACE::2024-12-08.14:22:26::SCWPlatform:: Unique name xilinx:zedboard::0.0
TRACE::2024-12-08.14:22:26::SCWPlatform::Trying to set the existing hwdb with name design_1_wrapper
TRACE::2024-12-08.14:22:26::SCWPlatform::Opened existing hwdb design_1_wrapper
TRACE::2024-12-08.14:22:26::SCWPlatform::Found the Hw Db part of the input DSA
TRACE::2024-12-08.14:22:26::SCWMssOS::Checking the sw design at  F:/Education/FPGA_Labs/Labs_2/lab4/audio_new/audio/ps7_cortexa9_0/standalone_domain/bsp/system.mss
TRACE::2024-12-08.14:22:26::SCWMssOS::DEBUG:  swdes dump  F:/Education/FPGA_Labs/Labs_2/lab4/audio_new/audio/ps7_cortexa9_0/standalone_domain/bsp/system.mss|system_0||
F:/Education/FPGA_Labs/Labs_2/lab4/audio_new/audio/zynq_fsbl/zynq_fsbl_bsp/system.mss|system||

TRACE::2024-12-08.14:22:26::SCWMssOS::Sw design exists and opened at  F:/Education/FPGA_Labs/Labs_2/lab4/audio_new/audio/ps7_cortexa9_0/standalone_domain/bsp/system.mss
TRACE::2024-12-08.14:22:26::SCWMssOS::Completed writing the mss file at F:/Education/FPGA_Labs/Labs_2/lab4/audio_new/audio/ps7_cortexa9_0/standalone_domain/bsp
TRACE::2024-12-08.14:22:26::SCWMssOS::Mss edits present, copying mssfile into export location F:/Education/FPGA_Labs/Labs_2/lab4/audio_new/audio/ps7_cortexa9_0/standalone_domain/bsp/system.mss
TRACE::2024-12-08.14:22:26::SCWMssOS::bsp generated is upto date with the mss file. Skipping bsp generation.
TRACE::2024-12-08.14:22:26::SCWMssOS::BSP is already built. skipping the bsp build ... 
TRACE::2024-12-08.14:22:26::SCWDomain::Building the domain as part of full build :  standalone_domain
TRACE::2024-12-08.14:22:26::SCWMssOS::doing bsp build ... 
TRACE::2024-12-08.14:22:26::SCWMssOS::System Command Ran  F: & cd  F:/Education/FPGA_Labs/Labs_2/lab4/audio_new/audio/ps7_cortexa9_0/standalone_domain/bsp & make 
TRACE::2024-12-08.14:22:26::SCWMssOS::make --no-print-directory seq_libs

TRACE::2024-12-08.14:22:26::SCWMssOS::"Running Make include in ps7_cortexa9_0/libsrc/coresightps_dcc_v1_8/src"

TRACE::2024-12-08.14:22:26::SCWMssOS::make -C ps7_cortexa9_0/libsrc/coresightps_dcc_v1_8/src -s include  "SHELL=CMD" "COMPILER=arm-none-eabi-gcc" "ASSEMBLER=arm-none
TRACE::2024-12-08.14:22:26::SCWMssOS::-eabi-as" "ARCHIVER=arm-none-eabi-ar" "COMPILER_FLAGS=  -O2 -c" "EXTRA_COMPILER_FLAGS=-mcpu=cortex-a9 -mfpu=vfpv3 -mfloat-abi=h
TRACE::2024-12-08.14:22:26::SCWMssOS::ard -nostartfiles -g -Wall -Wextra -fno-tree-loop-distribute-patterns"

TRACE::2024-12-08.14:22:26::SCWMssOS::"Running Make include in ps7_cortexa9_0/libsrc/cpu_cortexa9_v2_11/src"

TRACE::2024-12-08.14:22:26::SCWMssOS::make -C ps7_cortexa9_0/libsrc/cpu_cortexa9_v2_11/src -s include  "SHELL=CMD" "COMPILER=arm-none-eabi-gcc" "ASSEMBLER=arm-none-e
TRACE::2024-12-08.14:22:26::SCWMssOS::abi-as" "ARCHIVER=arm-none-eabi-ar" "COMPILER_FLAGS=  -O2 -c" "EXTRA_COMPILER_FLAGS=-mcpu=cortex-a9 -mfpu=vfpv3 -mfloat-abi=har
TRACE::2024-12-08.14:22:26::SCWMssOS::d -nostartfiles -g -Wall -Wextra -fno-tree-loop-distribute-patterns"

TRACE::2024-12-08.14:22:26::SCWMssOS::"Running Make include in ps7_cortexa9_0/libsrc/ddrps_v1_2/src"

TRACE::2024-12-08.14:22:26::SCWMssOS::make -C ps7_cortexa9_0/libsrc/ddrps_v1_2/src -s include  "SHELL=CMD" "COMPILER=arm-none-eabi-gcc" "ASSEMBLER=arm-none-eabi-as" 
TRACE::2024-12-08.14:22:26::SCWMssOS::"ARCHIVER=arm-none-eabi-ar" "COMPILER_FLAGS=  -O2 -c" "EXTRA_COMPILER_FLAGS=-mcpu=cortex-a9 -mfpu=vfpv3 -mfloat-abi=hard -nosta
TRACE::2024-12-08.14:22:26::SCWMssOS::rtfiles -g -Wall -Wextra -fno-tree-loop-distribute-patterns"

TRACE::2024-12-08.14:22:26::SCWMssOS::"Running Make include in ps7_cortexa9_0/libsrc/devcfg_v3_7/src"

TRACE::2024-12-08.14:22:26::SCWMssOS::make -C ps7_cortexa9_0/libsrc/devcfg_v3_7/src -s include  "SHELL=CMD" "COMPILER=arm-none-eabi-gcc" "ASSEMBLER=arm-none-eabi-as"
TRACE::2024-12-08.14:22:26::SCWMssOS:: "ARCHIVER=arm-none-eabi-ar" "COMPILER_FLAGS=  -O2 -c" "EXTRA_COMPILER_FLAGS=-mcpu=cortex-a9 -mfpu=vfpv3 -mfloat-abi=hard -nost
TRACE::2024-12-08.14:22:26::SCWMssOS::artfiles -g -Wall -Wextra -fno-tree-loop-distribute-patterns"

TRACE::2024-12-08.14:22:26::SCWMssOS::"Running Make include in ps7_cortexa9_0/libsrc/dmaps_v2_8/src"

TRACE::2024-12-08.14:22:26::SCWMssOS::make -C ps7_cortexa9_0/libsrc/dmaps_v2_8/src -s include  "SHELL=CMD" "COMPILER=arm-none-eabi-gcc" "ASSEMBLER=arm-none-eabi-as" 
TRACE::2024-12-08.14:22:26::SCWMssOS::"ARCHIVER=arm-none-eabi-ar" "COMPILER_FLAGS=  -O2 -c" "EXTRA_COMPILER_FLAGS=-mcpu=cortex-a9 -mfpu=vfpv3 -mfloat-abi=hard -nosta
TRACE::2024-12-08.14:22:26::SCWMssOS::rtfiles -g -Wall -Wextra -fno-tree-loop-distribute-patterns"

TRACE::2024-12-08.14:22:27::SCWMssOS::"Running Make include in ps7_cortexa9_0/libsrc/fir_v1_0/src"

TRACE::2024-12-08.14:22:27::SCWMssOS::make -C ps7_cortexa9_0/libsrc/fir_v1_0/src -s include  "SHELL=CMD" "COMPILER=arm-none-eabi-gcc" "ASSEMBLER=arm-none-eabi-as" "A
TRACE::2024-12-08.14:22:27::SCWMssOS::RCHIVER=arm-none-eabi-ar" "COMPILER_FLAGS=  -O2 -c" "EXTRA_COMPILER_FLAGS=-mcpu=cortex-a9 -mfpu=vfpv3 -mfloat-abi=hard -nostart
TRACE::2024-12-08.14:22:27::SCWMssOS::files -g -Wall -Wextra -fno-tree-loop-distribute-patterns"

TRACE::2024-12-08.14:22:27::SCWMssOS::"Running Make include in ps7_cortexa9_0/libsrc/gpio_v4_9/src"

TRACE::2024-12-08.14:22:27::SCWMssOS::make -C ps7_cortexa9_0/libsrc/gpio_v4_9/src -s include  "SHELL=CMD" "COMPILER=arm-none-eabi-gcc" "ASSEMBLER=arm-none-eabi-as" "
TRACE::2024-12-08.14:22:27::SCWMssOS::ARCHIVER=arm-none-eabi-ar" "COMPILER_FLAGS=  -O2 -c" "EXTRA_COMPILER_FLAGS=-mcpu=cortex-a9 -mfpu=vfpv3 -mfloat-abi=hard -nostar
TRACE::2024-12-08.14:22:27::SCWMssOS::tfiles -g -Wall -Wextra -fno-tree-loop-distribute-patterns"

TRACE::2024-12-08.14:22:27::SCWMssOS::"Running Make include in ps7_cortexa9_0/libsrc/iicps_v3_17/src"

TRACE::2024-12-08.14:22:27::SCWMssOS::make -C ps7_cortexa9_0/libsrc/iicps_v3_17/src -s include  "SHELL=CMD" "COMPILER=arm-none-eabi-gcc" "ASSEMBLER=arm-none-eabi-as"
TRACE::2024-12-08.14:22:27::SCWMssOS:: "ARCHIVER=arm-none-eabi-ar" "COMPILER_FLAGS=  -O2 -c" "EXTRA_COMPILER_FLAGS=-mcpu=cortex-a9 -mfpu=vfpv3 -mfloat-abi=hard -nost
TRACE::2024-12-08.14:22:27::SCWMssOS::artfiles -g -Wall -Wextra -fno-tree-loop-distribute-patterns"

TRACE::2024-12-08.14:22:27::SCWMssOS::"Running Make include in ps7_cortexa9_0/libsrc/qspips_v3_10/src"

TRACE::2024-12-08.14:22:27::SCWMssOS::make -C ps7_cortexa9_0/libsrc/qspips_v3_10/src -s include  "SHELL=CMD" "COMPILER=arm-none-eabi-gcc" "ASSEMBLER=arm-none-eabi-as
TRACE::2024-12-08.14:22:27::SCWMssOS::" "ARCHIVER=arm-none-eabi-ar" "COMPILER_FLAGS=  -O2 -c" "EXTRA_COMPILER_FLAGS=-mcpu=cortex-a9 -mfpu=vfpv3 -mfloat-abi=hard -nos
TRACE::2024-12-08.14:22:27::SCWMssOS::tartfiles -g -Wall -Wextra -fno-tree-loop-distribute-patterns"

TRACE::2024-12-08.14:22:27::SCWMssOS::"Running Make include in ps7_cortexa9_0/libsrc/scugic_v5_1/src"

TRACE::2024-12-08.14:22:27::SCWMssOS::make -C ps7_cortexa9_0/libsrc/scugic_v5_1/src -s include  "SHELL=CMD" "COMPILER=arm-none-eabi-gcc" "ASSEMBLER=arm-none-eabi-as"
TRACE::2024-12-08.14:22:27::SCWMssOS:: "ARCHIVER=arm-none-eabi-ar" "COMPILER_FLAGS=  -O2 -c" "EXTRA_COMPILER_FLAGS=-mcpu=cortex-a9 -mfpu=vfpv3 -mfloat-abi=hard -nost
TRACE::2024-12-08.14:22:27::SCWMssOS::artfiles -g -Wall -Wextra -fno-tree-loop-distribute-patterns"

TRACE::2024-12-08.14:22:27::SCWMssOS::"Running Make include in ps7_cortexa9_0/libsrc/scutimer_v2_4/src"

TRACE::2024-12-08.14:22:27::SCWMssOS::make -C ps7_cortexa9_0/libsrc/scutimer_v2_4/src -s include  "SHELL=CMD" "COMPILER=arm-none-eabi-gcc" "ASSEMBLER=arm-none-eabi-a
TRACE::2024-12-08.14:22:27::SCWMssOS::s" "ARCHIVER=arm-none-eabi-ar" "COMPILER_FLAGS=  -O2 -c" "EXTRA_COMPILER_FLAGS=-mcpu=cortex-a9 -mfpu=vfpv3 -mfloat-abi=hard -no
TRACE::2024-12-08.14:22:27::SCWMssOS::startfiles -g -Wall -Wextra -fno-tree-loop-distribute-patterns"

TRACE::2024-12-08.14:22:27::SCWMssOS::"Running Make include in ps7_cortexa9_0/libsrc/scuwdt_v2_4/src"

TRACE::2024-12-08.14:22:27::SCWMssOS::make -C ps7_cortexa9_0/libsrc/scuwdt_v2_4/src -s include  "SHELL=CMD" "COMPILER=arm-none-eabi-gcc" "ASSEMBLER=arm-none-eabi-as"
TRACE::2024-12-08.14:22:27::SCWMssOS:: "ARCHIVER=arm-none-eabi-ar" "COMPILER_FLAGS=  -O2 -c" "EXTRA_COMPILER_FLAGS=-mcpu=cortex-a9 -mfpu=vfpv3 -mfloat-abi=hard -nost
TRACE::2024-12-08.14:22:27::SCWMssOS::artfiles -g -Wall -Wextra -fno-tree-loop-distribute-patterns"

TRACE::2024-12-08.14:22:27::SCWMssOS::"Running Make include in ps7_cortexa9_0/libsrc/standalone_v8_1/src"

TRACE::2024-12-08.14:22:27::SCWMssOS::make -C ps7_cortexa9_0/libsrc/standalone_v8_1/src -s include  "SHELL=CMD" "COMPILER=arm-none-eabi-gcc" "ASSEMBLER=arm-none-eabi
TRACE::2024-12-08.14:22:27::SCWMssOS::-as" "ARCHIVER=arm-none-eabi-ar" "COMPILER_FLAGS=  -O2 -c" "EXTRA_COMPILER_FLAGS=-mcpu=cortex-a9 -mfpu=vfpv3 -mfloat-abi=hard -
TRACE::2024-12-08.14:22:27::SCWMssOS::nostartfiles -g -Wall -Wextra -fno-tree-loop-distribute-patterns"

TRACE::2024-12-08.14:22:28::SCWMssOS::"Running Make include in ps7_cortexa9_0/libsrc/uartps_v3_12/src"

TRACE::2024-12-08.14:22:28::SCWMssOS::make -C ps7_cortexa9_0/libsrc/uartps_v3_12/src -s include  "SHELL=CMD" "COMPILER=arm-none-eabi-gcc" "ASSEMBLER=arm-none-eabi-as
TRACE::2024-12-08.14:22:28::SCWMssOS::" "ARCHIVER=arm-none-eabi-ar" "COMPILER_FLAGS=  -O2 -c" "EXTRA_COMPILER_FLAGS=-mcpu=cortex-a9 -mfpu=vfpv3 -mfloat-abi=hard -nos
TRACE::2024-12-08.14:22:28::SCWMssOS::tartfiles -g -Wall -Wextra -fno-tree-loop-distribute-patterns"

TRACE::2024-12-08.14:22:28::SCWMssOS::"Running Make include in ps7_cortexa9_0/libsrc/xadcps_v2_6/src"

TRACE::2024-12-08.14:22:28::SCWMssOS::make -C ps7_cortexa9_0/libsrc/xadcps_v2_6/src -s include  "SHELL=CMD" "COMPILER=arm-none-eabi-gcc" "ASSEMBLER=arm-none-eabi-as"
TRACE::2024-12-08.14:22:28::SCWMssOS:: "ARCHIVER=arm-none-eabi-ar" "COMPILER_FLAGS=  -O2 -c" "EXTRA_COMPILER_FLAGS=-mcpu=cortex-a9 -mfpu=vfpv3 -mfloat-abi=hard -nost
TRACE::2024-12-08.14:22:28::SCWMssOS::artfiles -g -Wall -Wextra -fno-tree-loop-distribute-patterns"

TRACE::2024-12-08.14:22:28::SCWMssOS::"Running Make libs in ps7_cortexa9_0/libsrc/fir_v1_0/src"

TRACE::2024-12-08.14:22:28::SCWMssOS::make -C ps7_cortexa9_0/libsrc/fir_v1_0/src -s libs  "SHELL=CMD" "COMPILER=arm-none-eabi-gcc" "ASSEMBLER=arm-none-eabi-as" "ARCH
TRACE::2024-12-08.14:22:28::SCWMssOS::IVER=arm-none-eabi-ar" "COMPILER_FLAGS=  -O2 -c" "EXTRA_COMPILER_FLAGS=-mcpu=cortex-a9 -mfpu=vfpv3 -mfloat-abi=hard -nostartfil
TRACE::2024-12-08.14:22:28::SCWMssOS::es -g -Wall -Wextra -fno-tree-loop-distribute-patterns"

TRACE::2024-12-08.14:22:29::SCWMssOS::"Building fir"

TRACE::2024-12-08.14:22:29::SCWMssOS::'Finished building libraries sequentially.'

TRACE::2024-12-08.14:22:29::SCWMssOS::make -j 10 --no-print-directory par_libs

TRACE::2024-12-08.14:22:29::SCWMssOS::"Running Make include in ps7_cortexa9_0/libsrc/coresightps_dcc_v1_8/src"

TRACE::2024-12-08.14:22:29::SCWMssOS::make -C ps7_cortexa9_0/libsrc/coresightps_dcc_v1_8/src -s include  "SHELL=CMD" "COMPILER=arm-none-eabi-gcc" "ASSEMBLER=arm-none
TRACE::2024-12-08.14:22:29::SCWMssOS::-eabi-as" "ARCHIVER=arm-none-eabi-ar" "COMPILER_FLAGS=  -O2 -c" "EXTRA_COMPILER_FLAGS=-mcpu=cortex-a9 -mfpu=vfpv3 -mfloat-abi=h
TRACE::2024-12-08.14:22:29::SCWMssOS::ard -nostartfiles -g -Wall -Wextra -fno-tree-loop-distribute-patterns"

TRACE::2024-12-08.14:22:29::SCWMssOS::"Running Make include in ps7_cortexa9_0/libsrc/cpu_cortexa9_v2_11/src"

TRACE::2024-12-08.14:22:29::SCWMssOS::make -C ps7_cortexa9_0/libsrc/cpu_cortexa9_v2_11/src -s include  "SHELL=CMD" "COMPILER=arm-none-eabi-gcc" "ASSEMBLER=arm-none-e
TRACE::2024-12-08.14:22:29::SCWMssOS::abi-as" "ARCHIVER=arm-none-eabi-ar" "COMPILER_FLAGS=  -O2 -c" "EXTRA_COMPILER_FLAGS=-mcpu=cortex-a9 -mfpu=vfpv3 -mfloat-abi=har
TRACE::2024-12-08.14:22:29::SCWMssOS::d -nostartfiles -g -Wall -Wextra -fno-tree-loop-distribute-patterns"

TRACE::2024-12-08.14:22:29::SCWMssOS::"Running Make include in ps7_cortexa9_0/libsrc/ddrps_v1_2/src"

TRACE::2024-12-08.14:22:29::SCWMssOS::make -C ps7_cortexa9_0/libsrc/ddrps_v1_2/src -s include  "SHELL=CMD" "COMPILER=arm-none-eabi-gcc" "ASSEMBLER=arm-none-eabi-as" 
TRACE::2024-12-08.14:22:29::SCWMssOS::"ARCHIVER=arm-none-eabi-ar" "COMPILER_FLAGS=  -O2 -c" "EXTRA_COMPILER_FLAGS=-mcpu=cortex-a9 -mfpu=vfpv3 -mfloat-abi=hard -nosta
TRACE::2024-12-08.14:22:29::SCWMssOS::rtfiles -g -Wall -Wextra -fno-tree-loop-distribute-patterns"

TRACE::2024-12-08.14:22:29::SCWMssOS::"Running Make include in ps7_cortexa9_0/libsrc/devcfg_v3_7/src"

TRACE::2024-12-08.14:22:29::SCWMssOS::make -C ps7_cortexa9_0/libsrc/devcfg_v3_7/src -s include  "SHELL=CMD" "COMPILER=arm-none-eabi-gcc" "ASSEMBLER=arm-none-eabi-as"
TRACE::2024-12-08.14:22:29::SCWMssOS:: "ARCHIVER=arm-none-eabi-ar" "COMPILER_FLAGS=  -O2 -c" "EXTRA_COMPILER_FLAGS=-mcpu=cortex-a9 -mfpu=vfpv3 -mfloat-abi=hard -nost
TRACE::2024-12-08.14:22:29::SCWMssOS::artfiles -g -Wall -Wextra -fno-tree-loop-distribute-patterns"

TRACE::2024-12-08.14:22:29::SCWMssOS::"Running Make include in ps7_cortexa9_0/libsrc/dmaps_v2_8/src"

TRACE::2024-12-08.14:22:29::SCWMssOS::make -C ps7_cortexa9_0/libsrc/dmaps_v2_8/src -s include  "SHELL=CMD" "COMPILER=arm-none-eabi-gcc" "ASSEMBLER=arm-none-eabi-as" 
TRACE::2024-12-08.14:22:29::SCWMssOS::"ARCHIVER=arm-none-eabi-ar" "COMPILER_FLAGS=  -O2 -c" "EXTRA_COMPILER_FLAGS=-mcpu=cortex-a9 -mfpu=vfpv3 -mfloat-abi=hard -nosta
TRACE::2024-12-08.14:22:29::SCWMssOS::rtfiles -g -Wall -Wextra -fno-tree-loop-distribute-patterns"

TRACE::2024-12-08.14:22:29::SCWMssOS::"Running Make include in ps7_cortexa9_0/libsrc/fir_v1_0/src"

TRACE::2024-12-08.14:22:29::SCWMssOS::make -C ps7_cortexa9_0/libsrc/fir_v1_0/src -s include  "SHELL=CMD" "COMPILER=arm-none-eabi-gcc" "ASSEMBLER=arm-none-eabi-as" "A
TRACE::2024-12-08.14:22:29::SCWMssOS::RCHIVER=arm-none-eabi-ar" "COMPILER_FLAGS=  -O2 -c" "EXTRA_COMPILER_FLAGS=-mcpu=cortex-a9 -mfpu=vfpv3 -mfloat-abi=hard -nostart
TRACE::2024-12-08.14:22:29::SCWMssOS::files -g -Wall -Wextra -fno-tree-loop-distribute-patterns"

TRACE::2024-12-08.14:22:29::SCWMssOS::"Running Make include in ps7_cortexa9_0/libsrc/gpio_v4_9/src"

TRACE::2024-12-08.14:22:29::SCWMssOS::make -C ps7_cortexa9_0/libsrc/gpio_v4_9/src -s include  "SHELL=CMD" "COMPILER=arm-none-eabi-gcc" "ASSEMBLER=arm-none-eabi-as" "
TRACE::2024-12-08.14:22:29::SCWMssOS::ARCHIVER=arm-none-eabi-ar" "COMPILER_FLAGS=  -O2 -c" "EXTRA_COMPILER_FLAGS=-mcpu=cortex-a9 -mfpu=vfpv3 -mfloat-abi=hard -nostar
TRACE::2024-12-08.14:22:29::SCWMssOS::tfiles -g -Wall -Wextra -fno-tree-loop-distribute-patterns"

TRACE::2024-12-08.14:22:29::SCWMssOS::"Running Make include in ps7_cortexa9_0/libsrc/iicps_v3_17/src"

TRACE::2024-12-08.14:22:29::SCWMssOS::make -C ps7_cortexa9_0/libsrc/iicps_v3_17/src -s include  "SHELL=CMD" "COMPILER=arm-none-eabi-gcc" "ASSEMBLER=arm-none-eabi-as"
TRACE::2024-12-08.14:22:29::SCWMssOS:: "ARCHIVER=arm-none-eabi-ar" "COMPILER_FLAGS=  -O2 -c" "EXTRA_COMPILER_FLAGS=-mcpu=cortex-a9 -mfpu=vfpv3 -mfloat-abi=hard -nost
TRACE::2024-12-08.14:22:29::SCWMssOS::artfiles -g -Wall -Wextra -fno-tree-loop-distribute-patterns"

TRACE::2024-12-08.14:22:29::SCWMssOS::"Running Make include in ps7_cortexa9_0/libsrc/qspips_v3_10/src"

TRACE::2024-12-08.14:22:29::SCWMssOS::make -C ps7_cortexa9_0/libsrc/qspips_v3_10/src -s include  "SHELL=CMD" "COMPILER=arm-none-eabi-gcc" "ASSEMBLER=arm-none-eabi-as
TRACE::2024-12-08.14:22:29::SCWMssOS::" "ARCHIVER=arm-none-eabi-ar" "COMPILER_FLAGS=  -O2 -c" "EXTRA_COMPILER_FLAGS=-mcpu=cortex-a9 -mfpu=vfpv3 -mfloat-abi=hard -nos
TRACE::2024-12-08.14:22:29::SCWMssOS::tartfiles -g -Wall -Wextra -fno-tree-loop-distribute-patterns"

TRACE::2024-12-08.14:22:29::SCWMssOS::"Running Make include in ps7_cortexa9_0/libsrc/scugic_v5_1/src"

TRACE::2024-12-08.14:22:29::SCWMssOS::make -C ps7_cortexa9_0/libsrc/scugic_v5_1/src -s include  "SHELL=CMD" "COMPILER=arm-none-eabi-gcc" "ASSEMBLER=arm-none-eabi-as"
TRACE::2024-12-08.14:22:29::SCWMssOS:: "ARCHIVER=arm-none-eabi-ar" "COMPILER_FLAGS=  -O2 -c" "EXTRA_COMPILER_FLAGS=-mcpu=cortex-a9 -mfpu=vfpv3 -mfloat-abi=hard -nost
TRACE::2024-12-08.14:22:29::SCWMssOS::artfiles -g -Wall -Wextra -fno-tree-loop-distribute-patterns"

TRACE::2024-12-08.14:22:29::SCWMssOS::"Running Make include in ps7_cortexa9_0/libsrc/scutimer_v2_4/src"

TRACE::2024-12-08.14:22:29::SCWMssOS::make -C ps7_cortexa9_0/libsrc/scutimer_v2_4/src -s include  "SHELL=CMD" "COMPILER=arm-none-eabi-gcc" "ASSEMBLER=arm-none-eabi-a
TRACE::2024-12-08.14:22:29::SCWMssOS::s" "ARCHIVER=arm-none-eabi-ar" "COMPILER_FLAGS=  -O2 -c" "EXTRA_COMPILER_FLAGS=-mcpu=cortex-a9 -mfpu=vfpv3 -mfloat-abi=hard -no
TRACE::2024-12-08.14:22:29::SCWMssOS::startfiles -g -Wall -Wextra -fno-tree-loop-distribute-patterns"

TRACE::2024-12-08.14:22:29::SCWMssOS::"Running Make include in ps7_cortexa9_0/libsrc/scuwdt_v2_4/src"

TRACE::2024-12-08.14:22:29::SCWMssOS::make -C ps7_cortexa9_0/libsrc/scuwdt_v2_4/src -s include  "SHELL=CMD" "COMPILER=arm-none-eabi-gcc" "ASSEMBLER=arm-none-eabi-as"
TRACE::2024-12-08.14:22:29::SCWMssOS:: "ARCHIVER=arm-none-eabi-ar" "COMPILER_FLAGS=  -O2 -c" "EXTRA_COMPILER_FLAGS=-mcpu=cortex-a9 -mfpu=vfpv3 -mfloat-abi=hard -nost
TRACE::2024-12-08.14:22:29::SCWMssOS::artfiles -g -Wall -Wextra -fno-tree-loop-distribute-patterns"

TRACE::2024-12-08.14:22:29::SCWMssOS::"Running Make include in ps7_cortexa9_0/libsrc/standalone_v8_1/src"

TRACE::2024-12-08.14:22:29::SCWMssOS::make -C ps7_cortexa9_0/libsrc/standalone_v8_1/src -s include  "SHELL=CMD" "COMPILER=arm-none-eabi-gcc" "ASSEMBLER=arm-none-eabi
TRACE::2024-12-08.14:22:29::SCWMssOS::-as" "ARCHIVER=arm-none-eabi-ar" "COMPILER_FLAGS=  -O2 -c" "EXTRA_COMPILER_FLAGS=-mcpu=cortex-a9 -mfpu=vfpv3 -mfloat-abi=hard -
TRACE::2024-12-08.14:22:29::SCWMssOS::nostartfiles -g -Wall -Wextra -fno-tree-loop-distribute-patterns"

TRACE::2024-12-08.14:22:29::SCWMssOS::"Running Make include in ps7_cortexa9_0/libsrc/uartps_v3_12/src"

TRACE::2024-12-08.14:22:29::SCWMssOS::make -C ps7_cortexa9_0/libsrc/uartps_v3_12/src -s include  "SHELL=CMD" "COMPILER=arm-none-eabi-gcc" "ASSEMBLER=arm-none-eabi-as
TRACE::2024-12-08.14:22:29::SCWMssOS::" "ARCHIVER=arm-none-eabi-ar" "COMPILER_FLAGS=  -O2 -c" "EXTRA_COMPILER_FLAGS=-mcpu=cortex-a9 -mfpu=vfpv3 -mfloat-abi=hard -nos
TRACE::2024-12-08.14:22:29::SCWMssOS::tartfiles -g -Wall -Wextra -fno-tree-loop-distribute-patterns"

TRACE::2024-12-08.14:22:29::SCWMssOS::"Running Make include in ps7_cortexa9_0/libsrc/xadcps_v2_6/src"

TRACE::2024-12-08.14:22:29::SCWMssOS::make -C ps7_cortexa9_0/libsrc/xadcps_v2_6/src -s include  "SHELL=CMD" "COMPILER=arm-none-eabi-gcc" "ASSEMBLER=arm-none-eabi-as"
TRACE::2024-12-08.14:22:29::SCWMssOS:: "ARCHIVER=arm-none-eabi-ar" "COMPILER_FLAGS=  -O2 -c" "EXTRA_COMPILER_FLAGS=-mcpu=cortex-a9 -mfpu=vfpv3 -mfloat-abi=hard -nost
TRACE::2024-12-08.14:22:29::SCWMssOS::artfiles -g -Wall -Wextra -fno-tree-loop-distribute-patterns"

TRACE::2024-12-08.14:22:29::SCWMssOS::"Running Make libs in ps7_cortexa9_0/libsrc/coresightps_dcc_v1_8/src"

TRACE::2024-12-08.14:22:29::SCWMssOS::make -C ps7_cortexa9_0/libsrc/coresightps_dcc_v1_8/src -s libs  "SHELL=CMD" "COMPILER=arm-none-eabi-gcc" "ASSEMBLER=arm-none-ea
TRACE::2024-12-08.14:22:29::SCWMssOS::bi-as" "ARCHIVER=arm-none-eabi-ar" "COMPILER_FLAGS=  -O2 -c" "EXTRA_COMPILER_FLAGS=-mcpu=cortex-a9 -mfpu=vfpv3 -mfloat-abi=hard
TRACE::2024-12-08.14:22:29::SCWMssOS:: -nostartfiles -g -Wall -Wextra -fno-tree-loop-distribute-patterns"

TRACE::2024-12-08.14:22:29::SCWMssOS::"Running Make libs in ps7_cortexa9_0/libsrc/cpu_cortexa9_v2_11/src"

TRACE::2024-12-08.14:22:29::SCWMssOS::make -C ps7_cortexa9_0/libsrc/cpu_cortexa9_v2_11/src -s libs  "SHELL=CMD" "COMPILER=arm-none-eabi-gcc" "ASSEMBLER=arm-none-eabi
TRACE::2024-12-08.14:22:29::SCWMssOS::-as" "ARCHIVER=arm-none-eabi-ar" "COMPILER_FLAGS=  -O2 -c" "EXTRA_COMPILER_FLAGS=-mcpu=cortex-a9 -mfpu=vfpv3 -mfloat-abi=hard -
TRACE::2024-12-08.14:22:29::SCWMssOS::nostartfiles -g -Wall -Wextra -fno-tree-loop-distribute-patterns"

TRACE::2024-12-08.14:22:29::SCWMssOS::"Running Make libs in ps7_cortexa9_0/libsrc/ddrps_v1_2/src"

TRACE::2024-12-08.14:22:29::SCWMssOS::make -C ps7_cortexa9_0/libsrc/ddrps_v1_2/src -s libs  "SHELL=CMD" "COMPILER=arm-none-eabi-gcc" "ASSEMBLER=arm-none-eabi-as" "AR
TRACE::2024-12-08.14:22:29::SCWMssOS::CHIVER=arm-none-eabi-ar" "COMPILER_FLAGS=  -O2 -c" "EXTRA_COMPILER_FLAGS=-mcpu=cortex-a9 -mfpu=vfpv3 -mfloat-abi=hard -nostartf
TRACE::2024-12-08.14:22:29::SCWMssOS::iles -g -Wall -Wextra -fno-tree-loop-distribute-patterns"

TRACE::2024-12-08.14:22:29::SCWMssOS::"Running Make libs in ps7_cortexa9_0/libsrc/devcfg_v3_7/src"

TRACE::2024-12-08.14:22:29::SCWMssOS::make -C ps7_cortexa9_0/libsrc/devcfg_v3_7/src -s libs  "SHELL=CMD" "COMPILER=arm-none-eabi-gcc" "ASSEMBLER=arm-none-eabi-as" "A
TRACE::2024-12-08.14:22:29::SCWMssOS::RCHIVER=arm-none-eabi-ar" "COMPILER_FLAGS=  -O2 -c" "EXTRA_COMPILER_FLAGS=-mcpu=cortex-a9 -mfpu=vfpv3 -mfloat-abi=hard -nostart
TRACE::2024-12-08.14:22:29::SCWMssOS::files -g -Wall -Wextra -fno-tree-loop-distribute-patterns"

TRACE::2024-12-08.14:22:29::SCWMssOS::"Running Make libs in ps7_cortexa9_0/libsrc/dmaps_v2_8/src"

TRACE::2024-12-08.14:22:29::SCWMssOS::make -C ps7_cortexa9_0/libsrc/dmaps_v2_8/src -s libs  "SHELL=CMD" "COMPILER=arm-none-eabi-gcc" "ASSEMBLER=arm-none-eabi-as" "AR
TRACE::2024-12-08.14:22:29::SCWMssOS::CHIVER=arm-none-eabi-ar" "COMPILER_FLAGS=  -O2 -c" "EXTRA_COMPILER_FLAGS=-mcpu=cortex-a9 -mfpu=vfpv3 -mfloat-abi=hard -nostartf
TRACE::2024-12-08.14:22:29::SCWMssOS::iles -g -Wall -Wextra -fno-tree-loop-distribute-patterns"

TRACE::2024-12-08.14:22:29::SCWMssOS::"Running Make libs in ps7_cortexa9_0/libsrc/gpio_v4_9/src"

TRACE::2024-12-08.14:22:29::SCWMssOS::make -C ps7_cortexa9_0/libsrc/gpio_v4_9/src -s libs  "SHELL=CMD" "COMPILER=arm-none-eabi-gcc" "ASSEMBLER=arm-none-eabi-as" "ARC
TRACE::2024-12-08.14:22:29::SCWMssOS::HIVER=arm-none-eabi-ar" "COMPILER_FLAGS=  -O2 -c" "EXTRA_COMPILER_FLAGS=-mcpu=cortex-a9 -mfpu=vfpv3 -mfloat-abi=hard -nostartfi
TRACE::2024-12-08.14:22:29::SCWMssOS::les -g -Wall -Wextra -fno-tree-loop-distribute-patterns"

TRACE::2024-12-08.14:22:29::SCWMssOS::"Running Make libs in ps7_cortexa9_0/libsrc/iicps_v3_17/src"

TRACE::2024-12-08.14:22:29::SCWMssOS::make -C ps7_cortexa9_0/libsrc/iicps_v3_17/src -s libs  "SHELL=CMD" "COMPILER=arm-none-eabi-gcc" "ASSEMBLER=arm-none-eabi-as" "A
TRACE::2024-12-08.14:22:29::SCWMssOS::RCHIVER=arm-none-eabi-ar" "COMPILER_FLAGS=  -O2 -c" "EXTRA_COMPILER_FLAGS=-mcpu=cortex-a9 -mfpu=vfpv3 -mfloat-abi=hard -nostart
TRACE::2024-12-08.14:22:29::SCWMssOS::files -g -Wall -Wextra -fno-tree-loop-distribute-patterns"

TRACE::2024-12-08.14:22:30::SCWMssOS::"Running Make libs in ps7_cortexa9_0/libsrc/qspips_v3_10/src"

TRACE::2024-12-08.14:22:30::SCWMssOS::make -C ps7_cortexa9_0/libsrc/qspips_v3_10/src -s libs  "SHELL=CMD" "COMPILER=arm-none-eabi-gcc" "ASSEMBLER=arm-none-eabi-as" "
TRACE::2024-12-08.14:22:30::SCWMssOS::ARCHIVER=arm-none-eabi-ar" "COMPILER_FLAGS=  -O2 -c" "EXTRA_COMPILER_FLAGS=-mcpu=cortex-a9 -mfpu=vfpv3 -mfloat-abi=hard -nostar
TRACE::2024-12-08.14:22:30::SCWMssOS::tfiles -g -Wall -Wextra -fno-tree-loop-distribute-patterns"

TRACE::2024-12-08.14:22:30::SCWMssOS::"Running Make libs in ps7_cortexa9_0/libsrc/scugic_v5_1/src"

TRACE::2024-12-08.14:22:30::SCWMssOS::make -C ps7_cortexa9_0/libsrc/scugic_v5_1/src -s libs  "SHELL=CMD" "COMPILER=arm-none-eabi-gcc" "ASSEMBLER=arm-none-eabi-as" "A
TRACE::2024-12-08.14:22:30::SCWMssOS::RCHIVER=arm-none-eabi-ar" "COMPILER_FLAGS=  -O2 -c" "EXTRA_COMPILER_FLAGS=-mcpu=cortex-a9 -mfpu=vfpv3 -mfloat-abi=hard -nostart
TRACE::2024-12-08.14:22:30::SCWMssOS::files -g -Wall -Wextra -fno-tree-loop-distribute-patterns"

TRACE::2024-12-08.14:22:30::SCWMssOS::"Running Make libs in ps7_cortexa9_0/libsrc/scutimer_v2_4/src"

TRACE::2024-12-08.14:22:30::SCWMssOS::make -C ps7_cortexa9_0/libsrc/scutimer_v2_4/src -s libs  "SHELL=CMD" "COMPILER=arm-none-eabi-gcc" "ASSEMBLER=arm-none-eabi-as" 
TRACE::2024-12-08.14:22:30::SCWMssOS::"ARCHIVER=arm-none-eabi-ar" "COMPILER_FLAGS=  -O2 -c" "EXTRA_COMPILER_FLAGS=-mcpu=cortex-a9 -mfpu=vfpv3 -mfloat-abi=hard -nosta
TRACE::2024-12-08.14:22:30::SCWMssOS::rtfiles -g -Wall -Wextra -fno-tree-loop-distribute-patterns"

TRACE::2024-12-08.14:22:30::SCWMssOS::"Running Make libs in ps7_cortexa9_0/libsrc/scuwdt_v2_4/src"

TRACE::2024-12-08.14:22:30::SCWMssOS::make -C ps7_cortexa9_0/libsrc/scuwdt_v2_4/src -s libs  "SHELL=CMD" "COMPILER=arm-none-eabi-gcc" "ASSEMBLER=arm-none-eabi-as" "A
TRACE::2024-12-08.14:22:30::SCWMssOS::RCHIVER=arm-none-eabi-ar" "COMPILER_FLAGS=  -O2 -c" "EXTRA_COMPILER_FLAGS=-mcpu=cortex-a9 -mfpu=vfpv3 -mfloat-abi=hard -nostart
TRACE::2024-12-08.14:22:30::SCWMssOS::files -g -Wall -Wextra -fno-tree-loop-distribute-patterns"

TRACE::2024-12-08.14:22:30::SCWMssOS::"Running Make libs in ps7_cortexa9_0/libsrc/standalone_v8_1/src"

TRACE::2024-12-08.14:22:30::SCWMssOS::make -C ps7_cortexa9_0/libsrc/standalone_v8_1/src -s libs  "SHELL=CMD" "COMPILER=arm-none-eabi-gcc" "ASSEMBLER=arm-none-eabi-as
TRACE::2024-12-08.14:22:30::SCWMssOS::" "ARCHIVER=arm-none-eabi-ar" "COMPILER_FLAGS=  -O2 -c" "EXTRA_COMPILER_FLAGS=-mcpu=cortex-a9 -mfpu=vfpv3 -mfloat-abi=hard -nos
TRACE::2024-12-08.14:22:30::SCWMssOS::tartfiles -g -Wall -Wextra -fno-tree-loop-distribute-patterns"

TRACE::2024-12-08.14:22:30::SCWMssOS::"Running Make libs in ps7_cortexa9_0/libsrc/uartps_v3_12/src"

TRACE::2024-12-08.14:22:30::SCWMssOS::make -C ps7_cortexa9_0/libsrc/uartps_v3_12/src -s libs  "SHELL=CMD" "COMPILER=arm-none-eabi-gcc" "ASSEMBLER=arm-none-eabi-as" "
TRACE::2024-12-08.14:22:30::SCWMssOS::ARCHIVER=arm-none-eabi-ar" "COMPILER_FLAGS=  -O2 -c" "EXTRA_COMPILER_FLAGS=-mcpu=cortex-a9 -mfpu=vfpv3 -mfloat-abi=hard -nostar
TRACE::2024-12-08.14:22:30::SCWMssOS::tfiles -g -Wall -Wextra -fno-tree-loop-distribute-patterns"

TRACE::2024-12-08.14:22:30::SCWMssOS::"Running Make libs in ps7_cortexa9_0/libsrc/xadcps_v2_6/src"

TRACE::2024-12-08.14:22:30::SCWMssOS::make -C ps7_cortexa9_0/libsrc/xadcps_v2_6/src -s libs  "SHELL=CMD" "COMPILER=arm-none-eabi-gcc" "ASSEMBLER=arm-none-eabi-as" "A
TRACE::2024-12-08.14:22:30::SCWMssOS::RCHIVER=arm-none-eabi-ar" "COMPILER_FLAGS=  -O2 -c" "EXTRA_COMPILER_FLAGS=-mcpu=cortex-a9 -mfpu=vfpv3 -mfloat-abi=hard -nostart
TRACE::2024-12-08.14:22:30::SCWMssOS::files -g -Wall -Wextra -fno-tree-loop-distribute-patterns"

TRACE::2024-12-08.14:22:32::SCWMssOS::'Finished building libraries parallelly.'

TRACE::2024-12-08.14:22:32::SCWMssOS::make --no-print-directory archive

TRACE::2024-12-08.14:22:32::SCWMssOS::arm-none-eabi-ar -r  ps7_cortexa9_0/lib/libxil.a ps7_cortexa9_0/lib/_exit.o ps7_cortexa9_0/lib/_open.o ps7_cortexa9_0/lib/_sbrk
TRACE::2024-12-08.14:22:32::SCWMssOS::.o ps7_cortexa9_0/lib/abort.o ps7_cortexa9_0/lib/asm_vectors.o ps7_cortexa9_0/lib/boot.o ps7_cortexa9_0/lib/close.o ps7_cortexa
TRACE::2024-12-08.14:22:32::SCWMssOS::9_0/lib/cpputest_time.o ps7_cortexa9_0/lib/cpu_init.o ps7_cortexa9_0/lib/errno.o ps7_cortexa9_0/lib/fcntl.o ps7_cortexa9_0/lib/
TRACE::2024-12-08.14:22:32::SCWMssOS::fstat.o ps7_cortexa9_0/lib/getentropy.o ps7_cortexa9_0/lib/getpid.o ps7_cortexa9_0/lib/inbyte.o ps7_cortexa9_0/lib/isatty.o ps7
TRACE::2024-12-08.14:22:32::SCWMssOS::_cortexa9_0/lib/kill.o ps7_cortexa9_0/lib/lseek.o ps7_cortexa9_0/lib/open.o ps7_cortexa9_0/lib/outbyte.o ps7_cortexa9_0/lib/pri
TRACE::2024-12-08.14:22:32::SCWMssOS::nt.o ps7_cortexa9_0/lib/putnum.o ps7_cortexa9_0/lib/read.o ps7_cortexa9_0/lib/sbrk.o ps7_cortexa9_0/lib/sleep.o ps7_cortexa9_0/
TRACE::2024-12-08.14:22:32::SCWMssOS::lib/time.o ps7_cortexa9_0/lib/translation_table.o ps7_cortexa9_0/lib/unlink.o ps7_cortexa9_0/lib/usleep.o ps7_cortexa9_0/lib/ve
TRACE::2024-12-08.14:22:32::SCWMssOS::ctors.o ps7_cortexa9_0/lib/write.o ps7_cortexa9_0/lib/xadcps.o ps7_cortexa9_0/lib/xadcps_g.o ps7_cortexa9_0/lib/xadcps_intr.o p
TRACE::2024-12-08.14:22:32::SCWMssOS::s7_cortexa9_0/lib/xadcps_selftest.o ps7_cortexa9_0/lib/xadcps_sinit.o ps7_cortexa9_0/lib/xcoresightpsdcc.o ps7_cortexa9_0/lib/x
TRACE::2024-12-08.14:22:32::SCWMssOS::devcfg.o ps7_cortexa9_0/lib/xdevcfg_g.o ps7_cortexa9_0/lib/xdevcfg_hw.o ps7_cortexa9_0/lib/xdevcfg_intr.o ps7_cortexa9_0/lib/xd
TRACE::2024-12-08.14:22:32::SCWMssOS::evcfg_selftest.o ps7_cortexa9_0/lib/xdevcfg_sinit.o ps7_cortexa9_0/lib/xdmaps.o ps7_cortexa9_0/lib/xdmaps_g.o ps7_cortexa9_0/li
TRACE::2024-12-08.14:22:32::SCWMssOS::b/xdmaps_hw.o ps7_cortexa9_0/lib/xdmaps_selftest.o ps7_cortexa9_0/lib/xdmaps_sinit.o ps7_cortexa9_0/lib/xfir.o ps7_cortexa9_0/l
TRACE::2024-12-08.14:22:32::SCWMssOS::ib/xfir_g.o ps7_cortexa9_0/lib/xfir_linux.o ps7_cortexa9_0/lib/xfir_sinit.o ps7_cortexa9_0/lib/xgpio.o ps7_cortexa9_0/lib/xgpio
TRACE::2024-12-08.14:22:32::SCWMssOS::_extra.o ps7_cortexa9_0/lib/xgpio_g.o ps7_cortexa9_0/lib/xgpio_intr.o ps7_cortexa9_0/lib/xgpio_selftest.o ps7_cortexa9_0/lib/xg
TRACE::2024-12-08.14:22:32::SCWMssOS::pio_sinit.o ps7_cortexa9_0/lib/xiicps.o ps7_cortexa9_0/lib/xiicps_g.o ps7_cortexa9_0/lib/xiicps_hw.o ps7_cortexa9_0/lib/xiicps_
TRACE::2024-12-08.14:22:32::SCWMssOS::intr.o ps7_cortexa9_0/lib/xiicps_master.o ps7_cortexa9_0/lib/xiicps_options.o ps7_cortexa9_0/lib/xiicps_selftest.o ps7_cortexa9
TRACE::2024-12-08.14:22:32::SCWMssOS::_0/lib/xiicps_sinit.o ps7_cortexa9_0/lib/xiicps_slave.o ps7_cortexa9_0/lib/xiicps_xfer.o ps7_cortexa9_0/lib/xil-crt0.o ps7_cort
TRACE::2024-12-08.14:22:32::SCWMssOS::exa9_0/lib/xil_assert.o ps7_cortexa9_0/lib/xil_cache.o ps7_cortexa9_0/lib/xil_clocking.o ps7_cortexa9_0/lib/xil_exception.o ps7
TRACE::2024-12-08.14:22:32::SCWMssOS::_cortexa9_0/lib/xil_mem.o ps7_cortexa9_0/lib/xil_misc_psreset_api.o ps7_cortexa9_0/lib/xil_mmu.o ps7_cortexa9_0/lib/xil_printf.
TRACE::2024-12-08.14:22:32::SCWMssOS::o ps7_cortexa9_0/lib/xil_sleepcommon.o ps7_cortexa9_0/lib/xil_sleeptimer.o ps7_cortexa9_0/lib/xil_spinlock.o ps7_cortexa9_0/lib
TRACE::2024-12-08.14:22:32::SCWMssOS::/xil_testcache.o ps7_cortexa9_0/lib/xil_testio.o ps7_cortexa9_0/lib/xil_testmem.o ps7_cortexa9_0/lib/xil_util.o ps7_cortexa9_0/
TRACE::2024-12-08.14:22:32::SCWMssOS::lib/xinterrupt_wrap.o ps7_cortexa9_0/lib/xl2cc_counter.o ps7_cortexa9_0/lib/xplatform_info.o ps7_cortexa9_0/lib/xpm_counter.o p
TRACE::2024-12-08.14:22:32::SCWMssOS::s7_cortexa9_0/lib/xqspips.o ps7_cortexa9_0/lib/xqspips_g.o ps7_cortexa9_0/lib/xqspips_hw.o ps7_cortexa9_0/lib/xqspips_options.o
TRACE::2024-12-08.14:22:32::SCWMssOS:: ps7_cortexa9_0/lib/xqspips_selftest.o ps7_cortexa9_0/lib/xqspips_sinit.o ps7_cortexa9_0/lib/xscugic.o ps7_cortexa9_0/lib/xscug
TRACE::2024-12-08.14:22:32::SCWMssOS::ic_g.o ps7_cortexa9_0/lib/xscugic_hw.o ps7_cortexa9_0/lib/xscugic_intr.o ps7_cortexa9_0/lib/xscugic_selftest.o ps7_cortexa9_0/l
TRACE::2024-12-08.14:22:32::SCWMssOS::ib/xscugic_sinit.o ps7_cortexa9_0/lib/xscutimer.o ps7_cortexa9_0/lib/xscutimer_g.o ps7_cortexa9_0/lib/xscutimer_selftest.o ps7_
TRACE::2024-12-08.14:22:32::SCWMssOS::cortexa9_0/lib/xscutimer_sinit.o ps7_cortexa9_0/lib/xscuwdt.o ps7_cortexa9_0/lib/xscuwdt_g.o ps7_cortexa9_0/lib/xscuwdt_selftes
TRACE::2024-12-08.14:22:32::SCWMssOS::t.o ps7_cortexa9_0/lib/xscuwdt_sinit.o ps7_cortexa9_0/lib/xtime_l.o ps7_cortexa9_0/lib/xuartps.o ps7_cortexa9_0/lib/xuartps_g.o
TRACE::2024-12-08.14:22:32::SCWMssOS:: ps7_cortexa9_0/lib/xuartps_hw.o ps7_cortexa9_0/lib/xuartps_intr.o ps7_cortexa9_0/lib/xuartps_options.o ps7_cortexa9_0/lib/xuar
TRACE::2024-12-08.14:22:32::SCWMssOS::tps_selftest.o ps7_cortexa9_0/lib/xuartps_sinit.o

TRACE::2024-12-08.14:22:32::SCWMssOS::'Finished building libraries'

TRACE::2024-12-08.14:22:32::SCWMssOS::Copying to export directory.
TRACE::2024-12-08.14:22:32::SCWMssOS:: Checking if to create the Supporting Applications
TRACE::2024-12-08.14:22:32::SCWMssOS:: No Linux domain exists, trying to generate FSBL 
LOG::2024-12-08.14:22:32::SCWSystem::Completed Processing the domain standalone_domain
LOG::2024-12-08.14:22:32::SCWSystem::Completed Processing the sysconfig audio
LOG::2024-12-08.14:22:32::SCWPlatform::Completed generating the artifacts for system configuration audio
TRACE::2024-12-08.14:22:32::SCWPlatform::Started preparing the platform 
TRACE::2024-12-08.14:22:32::SCWSystem::Writing the bif file for system config audio
TRACE::2024-12-08.14:22:32::SCWSystem::dir created 
TRACE::2024-12-08.14:22:32::SCWSystem::Writing the bif 
TRACE::2024-12-08.14:22:32::SCWPlatform::Started writing the spfm file 
TRACE::2024-12-08.14:22:32::SCWPlatform::Started writing the xpfm file 
TRACE::2024-12-08.14:22:32::SCWPlatform::Completed generating the platform
TRACE::2024-12-08.14:22:32::SCWMssOS::Saving the mss changes F:/Education/FPGA_Labs/Labs_2/lab4/audio_new/audio/zynq_fsbl/zynq_fsbl_bsp/system.mss
TRACE::2024-12-08.14:22:32::SCWMssOS::Found a swdesign opened with the mssfile.
TRACE::2024-12-08.14:22:32::SCWMssOS::Completed writemss as part of save.
TRACE::2024-12-08.14:22:32::SCWMssOS::Commit changes completed.
TRACE::2024-12-08.14:22:32::SCWMssOS::Saving the mss changes F:/Education/FPGA_Labs/Labs_2/lab4/audio_new/audio/ps7_cortexa9_0/standalone_domain/bsp/system.mss
TRACE::2024-12-08.14:22:32::SCWMssOS::Found a swdesign opened with the mssfile.
TRACE::2024-12-08.14:22:32::SCWMssOS::Completed writemss as part of save.
TRACE::2024-12-08.14:22:32::SCWMssOS::Commit changes completed.
TRACE::2024-12-08.14:22:32::SCWPlatform::Trying to open the hw design at F:/Education/FPGA_Labs/Labs_2/lab4/audio_new/audio/hw/design_1_wrapper.xsa
TRACE::2024-12-08.14:22:32::SCWPlatform::DSA given F:/Education/FPGA_Labs/Labs_2/lab4/audio_new/audio/hw/design_1_wrapper.xsa
TRACE::2024-12-08.14:22:32::SCWPlatform::DSA absoulate path F:/Education/FPGA_Labs/Labs_2/lab4/audio_new/audio/hw/design_1_wrapper.xsa
TRACE::2024-12-08.14:22:32::SCWPlatform::DSA directory F:/Education/FPGA_Labs/Labs_2/lab4/audio_new/audio/hw
TRACE::2024-12-08.14:22:32::SCWPlatform:: Platform Path F:/Education/FPGA_Labs/Labs_2/lab4/audio_new/audio/hw/design_1_wrapper.xsa
TRACE::2024-12-08.14:22:32::SCWPlatform:: Unique name xilinx:zedboard::0.0
TRACE::2024-12-08.14:22:32::SCWPlatform::Trying to set the existing hwdb with name design_1_wrapper
TRACE::2024-12-08.14:22:32::SCWPlatform::Opened existing hwdb design_1_wrapper
TRACE::2024-12-08.14:22:32::SCWPlatform::Found the Hw Db part of the input DSA
TRACE::2024-12-08.14:22:32::SCWMssOS::Checking the sw design at  F:/Education/FPGA_Labs/Labs_2/lab4/audio_new/audio/zynq_fsbl/zynq_fsbl_bsp/system.mss
TRACE::2024-12-08.14:22:32::SCWMssOS::DEBUG:  swdes dump  F:/Education/FPGA_Labs/Labs_2/lab4/audio_new/audio/ps7_cortexa9_0/standalone_domain/bsp/system.mss|system_0||
F:/Education/FPGA_Labs/Labs_2/lab4/audio_new/audio/zynq_fsbl/zynq_fsbl_bsp/system.mss|system||

TRACE::2024-12-08.14:22:32::SCWMssOS::Sw design exists and opened at  F:/Education/FPGA_Labs/Labs_2/lab4/audio_new/audio/zynq_fsbl/zynq_fsbl_bsp/system.mss
TRACE::2024-12-08.14:22:32::SCWPlatform::Trying to open the hw design at F:/Education/FPGA_Labs/Labs_2/lab4/audio_new/audio/hw/design_1_wrapper.xsa
TRACE::2024-12-08.14:22:32::SCWPlatform::DSA given F:/Education/FPGA_Labs/Labs_2/lab4/audio_new/audio/hw/design_1_wrapper.xsa
TRACE::2024-12-08.14:22:32::SCWPlatform::DSA absoulate path F:/Education/FPGA_Labs/Labs_2/lab4/audio_new/audio/hw/design_1_wrapper.xsa
TRACE::2024-12-08.14:22:32::SCWPlatform::DSA directory F:/Education/FPGA_Labs/Labs_2/lab4/audio_new/audio/hw
TRACE::2024-12-08.14:22:32::SCWPlatform:: Platform Path F:/Education/FPGA_Labs/Labs_2/lab4/audio_new/audio/hw/design_1_wrapper.xsa
TRACE::2024-12-08.14:22:32::SCWPlatform:: Unique name xilinx:zedboard::0.0
TRACE::2024-12-08.14:22:32::SCWPlatform::Trying to set the existing hwdb with name design_1_wrapper
TRACE::2024-12-08.14:22:32::SCWPlatform::Opened existing hwdb design_1_wrapper
TRACE::2024-12-08.14:22:32::SCWPlatform::Found the Hw Db part of the input DSA
TRACE::2024-12-08.14:22:32::SCWMssOS::Checking the sw design at  F:/Education/FPGA_Labs/Labs_2/lab4/audio_new/audio/ps7_cortexa9_0/standalone_domain/bsp/system.mss
TRACE::2024-12-08.14:22:32::SCWMssOS::DEBUG:  swdes dump  F:/Education/FPGA_Labs/Labs_2/lab4/audio_new/audio/ps7_cortexa9_0/standalone_domain/bsp/system.mss|system_0||
F:/Education/FPGA_Labs/Labs_2/lab4/audio_new/audio/zynq_fsbl/zynq_fsbl_bsp/system.mss|system||

TRACE::2024-12-08.14:22:32::SCWMssOS::Sw design exists and opened at  F:/Education/FPGA_Labs/Labs_2/lab4/audio_new/audio/ps7_cortexa9_0/standalone_domain/bsp/system.mss
TRACE::2024-12-08.14:22:32::SCWWriter::formatted JSON is {
	"platformName":	"audio",
	"sprVersion":	"2.0",
	"mode":	"gui",
	"dsaType":	"Fixed",
	"platformDesc":	"audio",
	"platHandOff":	"F:/Education/FPGA_Labs/Labs_2/lab4/audio_new/design_1_wrapper.xsa",
	"platIntHandOff":	"<platformDir>/hw/design_1_wrapper.xsa",
	"deviceType":	"zynq",
	"platIsPrebuiltAutogen":	"false",
	"platIsNoBootBsp":	"false",
	"hasFsblMakeHasChanges":	"false",
	"hasPmufwMakeHasChanges":	"false",
	"fsblExtraCompilerFlags":	"-MMD -MP       -mcpu=cortex-a9 -mfpu=vfpv3 -mfloat-abi=hard ",
	"platPreBuiltFlag":	false,
	"platformSamplesDir":	"",
	"platActiveSys":	"audio",
	"systems":	[{
			"systemName":	"audio",
			"systemDesc":	"audio",
			"sysIsBootAutoGen":	"true",
			"systemDispName":	"audio",
			"sysActiveDom":	"standalone_domain",
			"sysDefaultDom":	"standalone_domain",
			"domains":	[{
					"domainName":	"zynq_fsbl",
					"domainDispName":	"zynq_fsbl",
					"domainDesc":	"FSBL Application BSP - Auto Generated.",
					"processors":	"ps7_cortexa9_0",
					"os":	"standalone",
					"sdxOs":	"standalone",
					"debugEnable":	"",
					"domRuntimes":	["cpp"],
					"swRepo":	"",
					"mssOsVer":	"8.1",
					"mssFile":	"",
					"md5Digest":	"d9a34af2dee52f902a49b7b36c0ab938",
					"compatibleApp":	"zynq_fsbl",
					"domType":	"bootDomain",
					"arch":	"32-bit",
					"appSettings":	{
						"appCompilerFlags":	"",
						"appLinkerFlags":	""
					},
					"addedLibs":	["xilffs:5.0", "xilrsa:1.6"],
					"libOptions":	{
						"libsContainingOptions":	[]
					},
					"prebuiltLibs":	{
						"prebuiltIncPath":	[],
						"prebuiltLibPath":	[]
					},
					"isolation":	{
					}
				}, {
					"domainName":	"standalone_domain",
					"domainDispName":	"standalone on ps7_cortexa9_0",
					"domainDesc":	"standalone_domain",
					"processors":	"ps7_cortexa9_0",
					"os":	"standalone",
					"sdxOs":	"standalone",
					"qemuArgs":	"<platformDir>/resources/audio/standalone_domain/qemu_args.txt",
					"qemuData":	"<platformDir>/resources/audio/standalone_domain/qemu",
					"debugEnable":	"False",
					"domRuntimes":	["cpp"],
					"swRepo":	"",
					"mssOsVer":	"8.1",
					"mssFile":	"",
					"md5Digest":	"9a5c07eb3fcbf029dead828c18c1b9c0",
					"compatibleApp":	"",
					"domType":	"mssDomain",
					"appSettings":	{
						"appCompilerFlags":	"",
						"appLinkerFlags":	""
					},
					"addedLibs":	[],
					"libOptions":	{
						"libsContainingOptions":	[]
					},
					"prebuiltLibs":	{
						"prebuiltIncPath":	[],
						"prebuiltLibPath":	[]
					},
					"isolation":	{
					}
				}]
		}]
}
KEYINFO::2024-12-08.14:22:32::SCWPlatform::updated the xpfm file.
TRACE::2024-12-08.14:22:32::SCWPlatform::Clearing the existing platform
TRACE::2024-12-08.14:22:32::SCWSystem::Clearing the existing sysconfig
TRACE::2024-12-08.14:22:32::SCWBDomain::clearing the fsbl build
TRACE::2024-12-08.14:22:32::SCWMssOS::Removing the swdes entry for  F:/Education/FPGA_Labs/Labs_2/lab4/audio_new/audio/zynq_fsbl/zynq_fsbl_bsp/system.mss
TRACE::2024-12-08.14:22:32::SCWMssOS::Removing the swdes entry for  F:/Education/FPGA_Labs/Labs_2/lab4/audio_new/audio/ps7_cortexa9_0/standalone_domain/bsp/system.mss
TRACE::2024-12-08.14:22:32::SCWSystem::Clearing the domains completed.
TRACE::2024-12-08.14:22:32::SCWPlatform::Clearing the opened hw db.
TRACE::2024-12-08.14:22:32::SCWPlatform::DSA given F:/Education/FPGA_Labs/Labs_2/lab4/audio_new/audio/hw/design_1_wrapper.xsa
TRACE::2024-12-08.14:22:32::SCWPlatform::DSA absoulate path F:/Education/FPGA_Labs/Labs_2/lab4/audio_new/audio/hw/design_1_wrapper.xsa
TRACE::2024-12-08.14:22:32::SCWPlatform:: Platform location is F:/Education/FPGA_Labs/Labs_2/lab4/audio_new/audio/hw
TRACE::2024-12-08.14:22:32::SCWPlatform:: Platform Path F:/Education/FPGA_Labs/Labs_2/lab4/audio_new/audio/hw/design_1_wrapper.xsa
TRACE::2024-12-08.14:22:32::SCWPlatform:: Unique name xilinx:zedboard::0.0
TRACE::2024-12-08.14:22:32::SCWPlatform::Removing the HwDB with name F:/Education/FPGA_Labs/Labs_2/lab4/audio_new/audio/hw/design_1_wrapper.xsa
TRACE::2024-12-08.14:22:32::SCWPlatform::Trying to open the hw design at F:/Education/FPGA_Labs/Labs_2/lab4/audio_new/audio/hw/design_1_wrapper.xsa
TRACE::2024-12-08.14:22:32::SCWPlatform::DSA given F:/Education/FPGA_Labs/Labs_2/lab4/audio_new/audio/hw/design_1_wrapper.xsa
TRACE::2024-12-08.14:22:32::SCWPlatform::DSA absoulate path F:/Education/FPGA_Labs/Labs_2/lab4/audio_new/audio/hw/design_1_wrapper.xsa
TRACE::2024-12-08.14:22:32::SCWPlatform::DSA directory F:/Education/FPGA_Labs/Labs_2/lab4/audio_new/audio/hw
TRACE::2024-12-08.14:22:32::SCWPlatform:: Platform Path F:/Education/FPGA_Labs/Labs_2/lab4/audio_new/audio/hw/design_1_wrapper.xsa
TRACE::2024-12-08.14:22:32::SCWPlatform:: Unique name xilinx:zedboard::0.0
TRACE::2024-12-08.14:22:32::SCWPlatform::Do not have an existing db opened. 
TRACE::2024-12-08.14:22:34::SCWPlatform::Opened new HwDB with name design_1_wrapper_0
TRACE::2024-12-08.14:22:34::SCWReader::Active system found as  audio
TRACE::2024-12-08.14:22:34::SCWReader::Handling sysconfig audio
TRACE::2024-12-08.14:22:34::SCWDomain::checking for install qemu data   : 
TRACE::2024-12-08.14:22:34::SCWDomain:: Using the QEMU Data from install at  : F:/Xilinx/Vitis/Vitis/2023.1/data/emulation/platforms/zynq/sw/a9_standalone/qemu/
TRACE::2024-12-08.14:22:34::SCWDomain:: Using the QEMU args  from install at  : F:/Xilinx/Vitis/Vitis/2023.1/data/emulation/platforms/zynq/sw/a9_standalone/qemu/qemu_args.txt
TRACE::2024-12-08.14:22:34::SCWPlatform::Trying to open the hw design at F:/Education/FPGA_Labs/Labs_2/lab4/audio_new/audio/hw/design_1_wrapper.xsa
TRACE::2024-12-08.14:22:34::SCWPlatform::DSA given F:/Education/FPGA_Labs/Labs_2/lab4/audio_new/audio/hw/design_1_wrapper.xsa
TRACE::2024-12-08.14:22:34::SCWPlatform::DSA absoulate path F:/Education/FPGA_Labs/Labs_2/lab4/audio_new/audio/hw/design_1_wrapper.xsa
TRACE::2024-12-08.14:22:34::SCWPlatform::DSA directory F:/Education/FPGA_Labs/Labs_2/lab4/audio_new/audio/hw
TRACE::2024-12-08.14:22:34::SCWPlatform:: Platform Path F:/Education/FPGA_Labs/Labs_2/lab4/audio_new/audio/hw/design_1_wrapper.xsa
TRACE::2024-12-08.14:22:34::SCWPlatform:: Unique name xilinx:zedboard::0.0
TRACE::2024-12-08.14:22:34::SCWPlatform::Trying to set the existing hwdb with name design_1_wrapper_0
TRACE::2024-12-08.14:22:34::SCWPlatform::Opened existing hwdb design_1_wrapper_0
TRACE::2024-12-08.14:22:34::SCWPlatform::Found the Hw Db part of the input DSA
TRACE::2024-12-08.14:22:34::SCWPlatform::Trying to open the hw design at F:/Education/FPGA_Labs/Labs_2/lab4/audio_new/audio/hw/design_1_wrapper.xsa
TRACE::2024-12-08.14:22:34::SCWPlatform::DSA given F:/Education/FPGA_Labs/Labs_2/lab4/audio_new/audio/hw/design_1_wrapper.xsa
TRACE::2024-12-08.14:22:34::SCWPlatform::DSA absoulate path F:/Education/FPGA_Labs/Labs_2/lab4/audio_new/audio/hw/design_1_wrapper.xsa
TRACE::2024-12-08.14:22:34::SCWPlatform::DSA directory F:/Education/FPGA_Labs/Labs_2/lab4/audio_new/audio/hw
TRACE::2024-12-08.14:22:34::SCWPlatform:: Platform Path F:/Education/FPGA_Labs/Labs_2/lab4/audio_new/audio/hw/design_1_wrapper.xsa
TRACE::2024-12-08.14:22:34::SCWPlatform:: Unique name xilinx:zedboard::0.0
TRACE::2024-12-08.14:22:34::SCWPlatform::Trying to set the existing hwdb with name design_1_wrapper_0
TRACE::2024-12-08.14:22:34::SCWPlatform::Opened existing hwdb design_1_wrapper_0
TRACE::2024-12-08.14:22:34::SCWPlatform::Found the Hw Db part of the input DSA
TRACE::2024-12-08.14:22:34::SCWPlatform::Trying to open the hw design at F:/Education/FPGA_Labs/Labs_2/lab4/audio_new/audio/hw/design_1_wrapper.xsa
TRACE::2024-12-08.14:22:34::SCWPlatform::DSA given F:/Education/FPGA_Labs/Labs_2/lab4/audio_new/audio/hw/design_1_wrapper.xsa
TRACE::2024-12-08.14:22:34::SCWPlatform::DSA absoulate path F:/Education/FPGA_Labs/Labs_2/lab4/audio_new/audio/hw/design_1_wrapper.xsa
TRACE::2024-12-08.14:22:34::SCWPlatform::DSA directory F:/Education/FPGA_Labs/Labs_2/lab4/audio_new/audio/hw
TRACE::2024-12-08.14:22:34::SCWPlatform:: Platform Path F:/Education/FPGA_Labs/Labs_2/lab4/audio_new/audio/hw/design_1_wrapper.xsa
TRACE::2024-12-08.14:22:34::SCWPlatform:: Unique name xilinx:zedboard::0.0
TRACE::2024-12-08.14:22:34::SCWPlatform::Trying to set the existing hwdb with name design_1_wrapper_0
TRACE::2024-12-08.14:22:34::SCWPlatform::Opened existing hwdb design_1_wrapper_0
TRACE::2024-12-08.14:22:34::SCWPlatform::Found the Hw Db part of the input DSA
TRACE::2024-12-08.14:22:34::SCWReader::Boot application domain added for zynq_fsbl
TRACE::2024-12-08.14:22:34::SCWPlatform::Trying to open the hw design at F:/Education/FPGA_Labs/Labs_2/lab4/audio_new/audio/hw/design_1_wrapper.xsa
TRACE::2024-12-08.14:22:34::SCWPlatform::DSA given F:/Education/FPGA_Labs/Labs_2/lab4/audio_new/audio/hw/design_1_wrapper.xsa
TRACE::2024-12-08.14:22:34::SCWPlatform::DSA absoulate path F:/Education/FPGA_Labs/Labs_2/lab4/audio_new/audio/hw/design_1_wrapper.xsa
TRACE::2024-12-08.14:22:34::SCWPlatform::DSA directory F:/Education/FPGA_Labs/Labs_2/lab4/audio_new/audio/hw
TRACE::2024-12-08.14:22:34::SCWPlatform:: Platform Path F:/Education/FPGA_Labs/Labs_2/lab4/audio_new/audio/hw/design_1_wrapper.xsa
TRACE::2024-12-08.14:22:34::SCWPlatform:: Unique name xilinx:zedboard::0.0
TRACE::2024-12-08.14:22:34::SCWPlatform::Trying to set the existing hwdb with name design_1_wrapper_0
TRACE::2024-12-08.14:22:34::SCWPlatform::Opened existing hwdb design_1_wrapper_0
TRACE::2024-12-08.14:22:34::SCWPlatform::Found the Hw Db part of the input DSA
TRACE::2024-12-08.14:22:34::SCWMssOS::Checking the sw design at  F:/Education/FPGA_Labs/Labs_2/lab4/audio_new/audio/zynq_fsbl/zynq_fsbl_bsp/system.mss
TRACE::2024-12-08.14:22:34::SCWMssOS::DEBUG:  swdes dump  
TRACE::2024-12-08.14:22:34::SCWMssOS::No sw design opened at  F:/Education/FPGA_Labs/Labs_2/lab4/audio_new/audio/zynq_fsbl/zynq_fsbl_bsp/system.mss
TRACE::2024-12-08.14:22:34::SCWMssOS::mss exists loading the mss file  F:/Education/FPGA_Labs/Labs_2/lab4/audio_new/audio/zynq_fsbl/zynq_fsbl_bsp/system.mss
TRACE::2024-12-08.14:22:34::SCWMssOS::Opened the sw design from mss  F:/Education/FPGA_Labs/Labs_2/lab4/audio_new/audio/zynq_fsbl/zynq_fsbl_bsp/system.mss
TRACE::2024-12-08.14:22:34::SCWMssOS::Adding the swdes entry F:/Education/FPGA_Labs/Labs_2/lab4/audio_new/audio/zynq_fsbl/zynq_fsbl_bsp/system.mss with des name system
TRACE::2024-12-08.14:22:34::SCWMssOS::updating the scw layer about changes
TRACE::2024-12-08.14:22:34::SCWMssOS::Opened the sw design.  F:/Education/FPGA_Labs/Labs_2/lab4/audio_new/audio/zynq_fsbl/zynq_fsbl_bsp/system.mss
TRACE::2024-12-08.14:22:34::SCWPlatform::Trying to open the hw design at F:/Education/FPGA_Labs/Labs_2/lab4/audio_new/audio/hw/design_1_wrapper.xsa
TRACE::2024-12-08.14:22:34::SCWPlatform::DSA given F:/Education/FPGA_Labs/Labs_2/lab4/audio_new/audio/hw/design_1_wrapper.xsa
TRACE::2024-12-08.14:22:34::SCWPlatform::DSA absoulate path F:/Education/FPGA_Labs/Labs_2/lab4/audio_new/audio/hw/design_1_wrapper.xsa
TRACE::2024-12-08.14:22:34::SCWPlatform::DSA directory F:/Education/FPGA_Labs/Labs_2/lab4/audio_new/audio/hw
TRACE::2024-12-08.14:22:34::SCWPlatform:: Platform Path F:/Education/FPGA_Labs/Labs_2/lab4/audio_new/audio/hw/design_1_wrapper.xsa
TRACE::2024-12-08.14:22:34::SCWPlatform:: Unique name xilinx:zedboard::0.0
TRACE::2024-12-08.14:22:34::SCWPlatform::Trying to set the existing hwdb with name design_1_wrapper_0
TRACE::2024-12-08.14:22:34::SCWPlatform::Opened existing hwdb design_1_wrapper_0
TRACE::2024-12-08.14:22:34::SCWPlatform::Found the Hw Db part of the input DSA
TRACE::2024-12-08.14:22:34::SCWMssOS::Checking the sw design at  F:/Education/FPGA_Labs/Labs_2/lab4/audio_new/audio/zynq_fsbl/zynq_fsbl_bsp/system.mss
TRACE::2024-12-08.14:22:34::SCWMssOS::DEBUG:  swdes dump  F:/Education/FPGA_Labs/Labs_2/lab4/audio_new/audio/zynq_fsbl/zynq_fsbl_bsp/system.mss|system||

TRACE::2024-12-08.14:22:34::SCWMssOS::Sw design exists and opened at  F:/Education/FPGA_Labs/Labs_2/lab4/audio_new/audio/zynq_fsbl/zynq_fsbl_bsp/system.mss
TRACE::2024-12-08.14:22:34::SCWMssOS:: library already available in sw design:  xilffs:5.0
TRACE::2024-12-08.14:22:34::SCWPlatform::Trying to open the hw design at F:/Education/FPGA_Labs/Labs_2/lab4/audio_new/audio/hw/design_1_wrapper.xsa
TRACE::2024-12-08.14:22:34::SCWPlatform::DSA given F:/Education/FPGA_Labs/Labs_2/lab4/audio_new/audio/hw/design_1_wrapper.xsa
TRACE::2024-12-08.14:22:34::SCWPlatform::DSA absoulate path F:/Education/FPGA_Labs/Labs_2/lab4/audio_new/audio/hw/design_1_wrapper.xsa
TRACE::2024-12-08.14:22:34::SCWPlatform::DSA directory F:/Education/FPGA_Labs/Labs_2/lab4/audio_new/audio/hw
TRACE::2024-12-08.14:22:34::SCWPlatform:: Platform Path F:/Education/FPGA_Labs/Labs_2/lab4/audio_new/audio/hw/design_1_wrapper.xsa
TRACE::2024-12-08.14:22:34::SCWPlatform:: Unique name xilinx:zedboard::0.0
TRACE::2024-12-08.14:22:34::SCWPlatform::Trying to set the existing hwdb with name design_1_wrapper_0
TRACE::2024-12-08.14:22:34::SCWPlatform::Opened existing hwdb design_1_wrapper_0
TRACE::2024-12-08.14:22:34::SCWPlatform::Found the Hw Db part of the input DSA
TRACE::2024-12-08.14:22:34::SCWMssOS::Checking the sw design at  F:/Education/FPGA_Labs/Labs_2/lab4/audio_new/audio/zynq_fsbl/zynq_fsbl_bsp/system.mss
TRACE::2024-12-08.14:22:34::SCWMssOS::DEBUG:  swdes dump  F:/Education/FPGA_Labs/Labs_2/lab4/audio_new/audio/zynq_fsbl/zynq_fsbl_bsp/system.mss|system||

TRACE::2024-12-08.14:22:34::SCWMssOS::Sw design exists and opened at  F:/Education/FPGA_Labs/Labs_2/lab4/audio_new/audio/zynq_fsbl/zynq_fsbl_bsp/system.mss
TRACE::2024-12-08.14:22:34::SCWMssOS:: library already available in sw design:  xilrsa:1.6
TRACE::2024-12-08.14:22:34::SCWMssOS::Saving the mss changes F:/Education/FPGA_Labs/Labs_2/lab4/audio_new/audio/zynq_fsbl/zynq_fsbl_bsp/system.mss
TRACE::2024-12-08.14:22:34::SCWMssOS::Found a swdesign opened with the mssfile.
TRACE::2024-12-08.14:22:34::SCWMssOS::Completed writemss as part of save.
TRACE::2024-12-08.14:22:34::SCWMssOS::Commit changes completed.
TRACE::2024-12-08.14:22:34::SCWReader::Adding prebuilt librarypaths as   
TRACE::2024-12-08.14:22:34::SCWReader::Adding prebuilt incpaths  as   
TRACE::2024-12-08.14:22:34::SCWPlatform::Trying to open the hw design at F:/Education/FPGA_Labs/Labs_2/lab4/audio_new/audio/hw/design_1_wrapper.xsa
TRACE::2024-12-08.14:22:34::SCWPlatform::DSA given F:/Education/FPGA_Labs/Labs_2/lab4/audio_new/audio/hw/design_1_wrapper.xsa
TRACE::2024-12-08.14:22:34::SCWPlatform::DSA absoulate path F:/Education/FPGA_Labs/Labs_2/lab4/audio_new/audio/hw/design_1_wrapper.xsa
TRACE::2024-12-08.14:22:34::SCWPlatform::DSA directory F:/Education/FPGA_Labs/Labs_2/lab4/audio_new/audio/hw
TRACE::2024-12-08.14:22:34::SCWPlatform:: Platform Path F:/Education/FPGA_Labs/Labs_2/lab4/audio_new/audio/hw/design_1_wrapper.xsa
TRACE::2024-12-08.14:22:34::SCWPlatform:: Unique name xilinx:zedboard::0.0
TRACE::2024-12-08.14:22:34::SCWPlatform::Trying to set the existing hwdb with name design_1_wrapper_0
TRACE::2024-12-08.14:22:34::SCWPlatform::Opened existing hwdb design_1_wrapper_0
TRACE::2024-12-08.14:22:34::SCWPlatform::Found the Hw Db part of the input DSA
TRACE::2024-12-08.14:22:34::SCWMssOS::Checking the sw design at  F:/Education/FPGA_Labs/Labs_2/lab4/audio_new/audio/zynq_fsbl/zynq_fsbl_bsp/system.mss
TRACE::2024-12-08.14:22:34::SCWMssOS::DEBUG:  swdes dump  F:/Education/FPGA_Labs/Labs_2/lab4/audio_new/audio/zynq_fsbl/zynq_fsbl_bsp/system.mss|system||

TRACE::2024-12-08.14:22:34::SCWMssOS::Sw design exists and opened at  F:/Education/FPGA_Labs/Labs_2/lab4/audio_new/audio/zynq_fsbl/zynq_fsbl_bsp/system.mss
TRACE::2024-12-08.14:22:34::SCWReader::No isolation master present  
TRACE::2024-12-08.14:22:34::SCWDomain::checking for install qemu data   : 
TRACE::2024-12-08.14:22:34::SCWDomain:: Using the QEMU Data from install at  : F:/Xilinx/Vitis/Vitis/2023.1/data/emulation/platforms/zynq/sw/a9_standalone/qemu/
TRACE::2024-12-08.14:22:34::SCWDomain:: Using the QEMU args  from install at  : F:/Xilinx/Vitis/Vitis/2023.1/data/emulation/platforms/zynq/sw/a9_standalone/qemu/qemu_args.txt
TRACE::2024-12-08.14:22:34::SCWPlatform::Trying to open the hw design at F:/Education/FPGA_Labs/Labs_2/lab4/audio_new/audio/hw/design_1_wrapper.xsa
TRACE::2024-12-08.14:22:34::SCWPlatform::DSA given F:/Education/FPGA_Labs/Labs_2/lab4/audio_new/audio/hw/design_1_wrapper.xsa
TRACE::2024-12-08.14:22:34::SCWPlatform::DSA absoulate path F:/Education/FPGA_Labs/Labs_2/lab4/audio_new/audio/hw/design_1_wrapper.xsa
TRACE::2024-12-08.14:22:34::SCWPlatform::DSA directory F:/Education/FPGA_Labs/Labs_2/lab4/audio_new/audio/hw
TRACE::2024-12-08.14:22:34::SCWPlatform:: Platform Path F:/Education/FPGA_Labs/Labs_2/lab4/audio_new/audio/hw/design_1_wrapper.xsa
TRACE::2024-12-08.14:22:34::SCWPlatform:: Unique name xilinx:zedboard::0.0
TRACE::2024-12-08.14:22:34::SCWPlatform::Trying to set the existing hwdb with name design_1_wrapper_0
TRACE::2024-12-08.14:22:34::SCWPlatform::Opened existing hwdb design_1_wrapper_0
TRACE::2024-12-08.14:22:34::SCWPlatform::Found the Hw Db part of the input DSA
TRACE::2024-12-08.14:22:34::SCWPlatform::Trying to open the hw design at F:/Education/FPGA_Labs/Labs_2/lab4/audio_new/audio/hw/design_1_wrapper.xsa
TRACE::2024-12-08.14:22:34::SCWPlatform::DSA given F:/Education/FPGA_Labs/Labs_2/lab4/audio_new/audio/hw/design_1_wrapper.xsa
TRACE::2024-12-08.14:22:34::SCWPlatform::DSA absoulate path F:/Education/FPGA_Labs/Labs_2/lab4/audio_new/audio/hw/design_1_wrapper.xsa
TRACE::2024-12-08.14:22:34::SCWPlatform::DSA directory F:/Education/FPGA_Labs/Labs_2/lab4/audio_new/audio/hw
TRACE::2024-12-08.14:22:34::SCWPlatform:: Platform Path F:/Education/FPGA_Labs/Labs_2/lab4/audio_new/audio/hw/design_1_wrapper.xsa
TRACE::2024-12-08.14:22:34::SCWPlatform:: Unique name xilinx:zedboard::0.0
TRACE::2024-12-08.14:22:34::SCWPlatform::Trying to set the existing hwdb with name design_1_wrapper_0
TRACE::2024-12-08.14:22:34::SCWPlatform::Opened existing hwdb design_1_wrapper_0
TRACE::2024-12-08.14:22:34::SCWPlatform::Found the Hw Db part of the input DSA
TRACE::2024-12-08.14:22:34::SCWPlatform::Trying to open the hw design at F:/Education/FPGA_Labs/Labs_2/lab4/audio_new/audio/hw/design_1_wrapper.xsa
TRACE::2024-12-08.14:22:34::SCWPlatform::DSA given F:/Education/FPGA_Labs/Labs_2/lab4/audio_new/audio/hw/design_1_wrapper.xsa
TRACE::2024-12-08.14:22:34::SCWPlatform::DSA absoulate path F:/Education/FPGA_Labs/Labs_2/lab4/audio_new/audio/hw/design_1_wrapper.xsa
TRACE::2024-12-08.14:22:34::SCWPlatform::DSA directory F:/Education/FPGA_Labs/Labs_2/lab4/audio_new/audio/hw
TRACE::2024-12-08.14:22:34::SCWPlatform:: Platform Path F:/Education/FPGA_Labs/Labs_2/lab4/audio_new/audio/hw/design_1_wrapper.xsa
TRACE::2024-12-08.14:22:34::SCWPlatform:: Unique name xilinx:zedboard::0.0
TRACE::2024-12-08.14:22:34::SCWPlatform::Trying to set the existing hwdb with name design_1_wrapper_0
TRACE::2024-12-08.14:22:34::SCWPlatform::Opened existing hwdb design_1_wrapper_0
TRACE::2024-12-08.14:22:34::SCWPlatform::Found the Hw Db part of the input DSA
TRACE::2024-12-08.14:22:34::SCWMssOS::Checking the sw design at  F:/Education/FPGA_Labs/Labs_2/lab4/audio_new/audio/ps7_cortexa9_0/standalone_domain/bsp/system.mss
TRACE::2024-12-08.14:22:34::SCWMssOS::DEBUG:  swdes dump  F:/Education/FPGA_Labs/Labs_2/lab4/audio_new/audio/zynq_fsbl/zynq_fsbl_bsp/system.mss|system||

TRACE::2024-12-08.14:22:34::SCWMssOS::No sw design opened at  F:/Education/FPGA_Labs/Labs_2/lab4/audio_new/audio/ps7_cortexa9_0/standalone_domain/bsp/system.mss
TRACE::2024-12-08.14:22:34::SCWMssOS::mss exists loading the mss file  F:/Education/FPGA_Labs/Labs_2/lab4/audio_new/audio/ps7_cortexa9_0/standalone_domain/bsp/system.mss
TRACE::2024-12-08.14:22:34::SCWMssOS::Opened the sw design from mss  F:/Education/FPGA_Labs/Labs_2/lab4/audio_new/audio/ps7_cortexa9_0/standalone_domain/bsp/system.mss
TRACE::2024-12-08.14:22:34::SCWMssOS::Adding the swdes entry F:/Education/FPGA_Labs/Labs_2/lab4/audio_new/audio/ps7_cortexa9_0/standalone_domain/bsp/system.mss with des name system_0
TRACE::2024-12-08.14:22:34::SCWMssOS::updating the scw layer about changes
TRACE::2024-12-08.14:22:34::SCWMssOS::Opened the sw design.  F:/Education/FPGA_Labs/Labs_2/lab4/audio_new/audio/ps7_cortexa9_0/standalone_domain/bsp/system.mss
TRACE::2024-12-08.14:22:34::SCWMssOS::Saving the mss changes F:/Education/FPGA_Labs/Labs_2/lab4/audio_new/audio/ps7_cortexa9_0/standalone_domain/bsp/system.mss
TRACE::2024-12-08.14:22:34::SCWMssOS::Found a swdesign opened with the mssfile.
TRACE::2024-12-08.14:22:34::SCWMssOS::Completed writemss as part of save.
TRACE::2024-12-08.14:22:34::SCWMssOS::Commit changes completed.
TRACE::2024-12-08.14:22:34::SCWReader::Adding prebuilt librarypaths as   
TRACE::2024-12-08.14:22:34::SCWReader::Adding prebuilt incpaths  as   
TRACE::2024-12-08.14:22:34::SCWPlatform::Trying to open the hw design at F:/Education/FPGA_Labs/Labs_2/lab4/audio_new/audio/hw/design_1_wrapper.xsa
TRACE::2024-12-08.14:22:34::SCWPlatform::DSA given F:/Education/FPGA_Labs/Labs_2/lab4/audio_new/audio/hw/design_1_wrapper.xsa
TRACE::2024-12-08.14:22:34::SCWPlatform::DSA absoulate path F:/Education/FPGA_Labs/Labs_2/lab4/audio_new/audio/hw/design_1_wrapper.xsa
TRACE::2024-12-08.14:22:34::SCWPlatform::DSA directory F:/Education/FPGA_Labs/Labs_2/lab4/audio_new/audio/hw
TRACE::2024-12-08.14:22:34::SCWPlatform:: Platform Path F:/Education/FPGA_Labs/Labs_2/lab4/audio_new/audio/hw/design_1_wrapper.xsa
TRACE::2024-12-08.14:22:34::SCWPlatform:: Unique name xilinx:zedboard::0.0
TRACE::2024-12-08.14:22:34::SCWPlatform::Trying to set the existing hwdb with name design_1_wrapper_0
TRACE::2024-12-08.14:22:34::SCWPlatform::Opened existing hwdb design_1_wrapper_0
TRACE::2024-12-08.14:22:34::SCWPlatform::Found the Hw Db part of the input DSA
TRACE::2024-12-08.14:22:34::SCWMssOS::Checking the sw design at  F:/Education/FPGA_Labs/Labs_2/lab4/audio_new/audio/ps7_cortexa9_0/standalone_domain/bsp/system.mss
TRACE::2024-12-08.14:22:34::SCWMssOS::DEBUG:  swdes dump  F:/Education/FPGA_Labs/Labs_2/lab4/audio_new/audio/ps7_cortexa9_0/standalone_domain/bsp/system.mss|system_0||
F:/Education/FPGA_Labs/Labs_2/lab4/audio_new/audio/zynq_fsbl/zynq_fsbl_bsp/system.mss|system||

TRACE::2024-12-08.14:22:34::SCWMssOS::Sw design exists and opened at  F:/Education/FPGA_Labs/Labs_2/lab4/audio_new/audio/ps7_cortexa9_0/standalone_domain/bsp/system.mss
TRACE::2024-12-08.14:22:34::SCWReader::No isolation master present  
TRACE::2024-12-08.14:22:34::SCWPlatform::Trying to open the hw design at F:/Education/FPGA_Labs/Labs_2/lab4/audio_new/audio/hw/design_1_wrapper.xsa
TRACE::2024-12-08.14:22:34::SCWPlatform::DSA given F:/Education/FPGA_Labs/Labs_2/lab4/audio_new/audio/hw/design_1_wrapper.xsa
TRACE::2024-12-08.14:22:34::SCWPlatform::DSA absoulate path F:/Education/FPGA_Labs/Labs_2/lab4/audio_new/audio/hw/design_1_wrapper.xsa
TRACE::2024-12-08.14:22:34::SCWPlatform::DSA directory F:/Education/FPGA_Labs/Labs_2/lab4/audio_new/audio/hw
TRACE::2024-12-08.14:22:34::SCWPlatform:: Platform Path F:/Education/FPGA_Labs/Labs_2/lab4/audio_new/audio/hw/design_1_wrapper.xsa
TRACE::2024-12-08.14:22:34::SCWPlatform:: Unique name xilinx:zedboard::0.0
TRACE::2024-12-08.14:22:34::SCWPlatform::Trying to set the existing hwdb with name design_1_wrapper_0
TRACE::2024-12-08.14:22:34::SCWPlatform::Opened existing hwdb design_1_wrapper_0
TRACE::2024-12-08.14:22:34::SCWPlatform::Found the Hw Db part of the input DSA
TRACE::2024-12-08.14:22:34::SCWMssOS::Checking the sw design at  F:/Education/FPGA_Labs/Labs_2/lab4/audio_new/audio/ps7_cortexa9_0/standalone_domain/bsp/system.mss
TRACE::2024-12-08.14:22:34::SCWMssOS::DEBUG:  swdes dump  F:/Education/FPGA_Labs/Labs_2/lab4/audio_new/audio/ps7_cortexa9_0/standalone_domain/bsp/system.mss|system_0||
F:/Education/FPGA_Labs/Labs_2/lab4/audio_new/audio/zynq_fsbl/zynq_fsbl_bsp/system.mss|system||

TRACE::2024-12-08.14:22:34::SCWMssOS::Sw design exists and opened at  F:/Education/FPGA_Labs/Labs_2/lab4/audio_new/audio/ps7_cortexa9_0/standalone_domain/bsp/system.mss
